id,smiles,name,rxn_count,n_atoms
0,*C#N,a nitrile,4,3
1,*C(*)S,R'C(R)SH,2,4
2,*C(*)SSC(*)*,R'C(R)S-S(R)CR',2,8
3,*C(=Cc1c(*)c(*)c(*)c(*)c1*)C(=O)c1c(*)c(*)c(*)c(*)c1O,a (E)-2'-hydroxy-chalcone,2,27
4,*C(=N)C(=O)O,a 2-iminocarboxylate,2,6
5,*C(=NOS(=O)(=O)O)SC1OC(CO)C(O)C(O)C1O,a (Z)-glucosinolate,2,20
6,*C(=O)C(*)C(=O)O,an (R)-2-alkyl-3-oxoalkanoate,2,8
7,*C(=O)C(*)N,,14,6
8,*C(=O)C(*)NC(=O)C(*)NC(=O)C(*)N,,2,16
9,*C(=O)C(*)NC(=O)C(*)NC(=O)C(*)NC(C)=O,,2,19
10,*C(=O)C(*)NC(=O)C(N)CCCNC(=N)N,,4,17
11,*C(=O)C(*)NC(=O)C(N)Cc1c[nH]c2ccccc12,,2,20
12,*C(=O)C(*)NC(=O)C(N)Cc1ccccc1,,2,17
13,*C(=O)C(*)NC(=O)CCC(N)C(=O)O,,2,15
14,*C(=O)C(*)NC(C)=O,,2,9
15,*C(=O)C(*)[N+](C)(C)C,,2,9
16,*C(=O)C(=O)O,an aromatic oxo-acid,6,6
17,*C(=O)C(C)N,,4,6
18,*C(=O)C(C)N(C)C,,2,8
19,*C(=O)C(C)NC(=O)C(CCSC)NC(C)=O,,2,17
20,*C(=O)C(C)NC(=O)C(N)CCSC,,2,14
21,*C(=O)C(C)NC(C)=O,,2,9
22,*C(=O)C(CC(=O)O)NC(=O)C(CC(=O)O)NC(=O)C(CC(=O)O)NC(C)=O,,2,28
23,*C(=O)C(CC(=O)O)NC(=O)C(CC(=O)O)NC(=O)C(N)CC(=O)O,,2,25
24,*C(=O)C(CC(=O)O)NC(=O)C(CCSC)NC(C)=O,,4,20
25,*C(=O)C(CC(=O)O)NC(=O)C(CS)NC(C)=O,,2,18
26,*C(=O)C(CC(=O)O)NC(=O)C(N)CC(C)C,,2,17
27,*C(=O)C(CC(=O)O)NC(=O)C(N)CCSC,,2,17
28,*C(=O)C(CC(C)C)NC(=O)C(CCSC)NC(C)=O,,2,20
29,*C(=O)C(CC(C)C)NC(=O)C(N)CCSC,,2,17
30,*C(=O)C(CC(C)C)NC(C)=O,,2,12
31,*C(=O)C(CC(N)=O)NC(=O)C(CCSC)NC(C)=O,,2,20
32,*C(=O)C(CC(N)=O)NC(=O)C(N)CCSC,,2,17
33,*C(=O)C(CCC(=O)O)NC(=O)C(CCC(=O)O)NC(=O)C(CCC(=O)O)NC(C)=O,,2,31
34,*C(=O)C(CCC(=O)O)NC(=O)C(CCC(=O)O)NC(=O)C(N)CCC(=O)O,,2,28
35,*C(=O)C(CCC(=O)O)NC(=O)C(CCCCN)NC(=O)CN,,4,23
36,*C(=O)C(CCC(=O)O)NC(=O)C(CCCCN)NC(=O)CN(C)C,,4,25
37,*C(=O)C(CCC(=O)O)NC(=O)C(CCCCN)NC(=O)CNC,,4,24
38,*C(=O)C(CCC(=O)O)NC(=O)C(CCCCN)NC(=O)C[N+](C)(C)C,,4,26
39,*C(=O)C(CCC(=O)O)NC(=O)C(CCSC)NC(C)=O,,4,21
40,*C(=O)C(CCC(=O)O)NC(=O)C(CS)NC(C)=O,,2,19
41,*C(=O)C(CCC(=O)O)NC(=O)C(N)CC(C)C,,2,18
42,*C(=O)C(CCC(=O)O)NC(=O)C(N)CCSC,,2,18
43,*C(=O)C(CCC(N)=O)NC(=O)C(CCSC)NC(C)=O,,2,21
44,*C(=O)C(CCC(N)=O)NC(=O)C(N)CCSC,,2,18
45,*C(=O)C(CCCCN)NC(=O)C(CCSC)NC(C)=O,,2,21
46,*C(=O)C(CCCCN)NC(=O)C(N)CC(C)C,,2,18
47,*C(=O)C(CCCCN)NC(=O)C(N)CCSC,,2,18
48,*C(=O)C(CCCCN)NC(=O)C1CCCN1C(=O)C(C)N,,4,22
49,*C(=O)C(CCCCN)NC(=O)C1CCCN1C(=O)C(C)N(C)C,,4,24
50,*C(=O)C(CCCCN)NC(=O)C1CCCN1C(=O)C(C)NC,,4,23
51,*C(=O)C(CCCCN)NC(=O)C1CCCN1C(=O)C(C)[N+](C)(C)C,,4,25
52,*C(=O)C(CCCCN)NC(=O)C1CCCN1C(=O)C(CO)N(C)C,,4,25
53,*C(=O)C(CCCCN)NC(=O)C1CCCN1C(=O)C(CO)NC,,4,24
54,*C(=O)C(CCCCN)NC(=O)C1CCCN1C(=O)C(CO)[N+](C)(C)C,,4,26
55,*C(=O)C(CCCCN)NC(=O)C1CCCN1C(=O)C(N)CO,,4,23
56,*C(=O)C(CCCCN)NC(=O)C1CCCN1C(=O)C1CCCN1,,2,24
57,*C(=O)C(CCCCN)NC(=O)C1CCCN1C(=O)C1CCCN1C,,4,25
58,*C(=O)C(CCCCN)NC(=O)C1CCCN1C(=O)C1CCC[N+]1(C)C,,2,26
59,*C(=O)C(CCCCN)NC(=O)CN,,2,14
60,*C(=O)C(CCCCNC(=O)CCCCCCCCCCCCC)NC(=O)CN,,2,29
61,*C(=O)C(CCCNC(=N)N)NC(=O)C(N)CC(C)C,,2,20
62,*C(=O)C(CCSC)NC(C)=O,,2,12
63,*C(=O)C(CCSC)NC=O,,2,11
64,*C(=O)C(CO)NC(=O)C(CCSC)NC(C)=O,,2,18
65,*C(=O)C(CO)NC(=O)C(N)CCSC,,2,15
66,*C(=O)C(CO)NC(C)=O,,2,10
67,*C(=O)C(CS)NC(=O)CCCCCCCCCCCCCCC,,2,24
68,*C(=O)C(CS)NC(C)=O,,2,10
69,*C(=O)C(Cc1c[nH]c2ccccc12)NC(=O)C(CCSC)NC(C)=O,,2,26
70,*C(=O)C(Cc1c[nH]c2ccccc12)NC(=O)C(N)CCSC,,2,23
71,*C(=O)C(Cc1ccc(O)cc1)NC(=O)C(CCSC)NC(C)=O,,2,24
72,*C(=O)C(Cc1ccc(O)cc1)NC(=O)C(N)CCSC,,2,21
73,*C(=O)C(Cc1ccccc1)NC(=O)C(CCSC)NC(C)=O,,2,23
74,*C(=O)C(Cc1ccccc1)NC(=O)C(N)CCSC,,2,20
75,*C(=O)C(N)C(C)C,,2,8
76,*C(=O)C(N)C(C)O,,2,8
77,*C(=O)C(N)CC(=O)O,,8,9
78,*C(=O)C(N)CC(C)C,,2,9
79,*C(=O)C(N)CC(N)=O,,2,9
80,*C(=O)C(N)CCC(=O)O,,8,10
81,*C(=O)C(N)CCC(N)=O,,4,10
82,*C(=O)C(N)CCCCN,,2,10
83,*C(=O)C(N)CCCNC(=N)N,,2,12
84,*C(=O)C(N)CCSC,,4,9
85,*C(=O)C(N)CO,,2,7
86,*C(=O)C(N)CS,,8,7
87,*C(=O)C(N)CS(=O)O,,2,9
88,*C(=O)C(NC(=O)C(CCSC)NC(C)=O)C(C)C,,2,19
89,*C(=O)C(NC(=O)C(CCSC)NC(C)=O)C(C)CC,,2,20
90,*C(=O)C(NC(=O)C(CCSC)NC(C)=O)C(C)O,,2,19
91,*C(=O)C(NC(=O)C(N)CCSC)C(C)C,,2,16
92,*C(=O)C(NC(=O)C(N)CCSC)C(C)CC,,2,17
93,*C(=O)C(NC(=O)C(N)CCSC)C(C)O,,2,16
94,*C(=O)C(NC(C)=O)C(C)C,,2,11
95,*C(=O)C(NC(C)=O)C(C)O,,2,11
96,*C(=O)C1C(O)C(O)CN1*,,2,11
97,*C(=O)C1C(O)CCN1*,,4,10
98,*C(=O)C1CC(O)CN1*,,6,10
99,*C(=O)C1CC(OC2OC(CO)C(O)C(O)C2NC(C)=O)CN1*,,2,24
100,*C(=O)C1CC(OC2OC(CO)C(O)C2O)CN1*,,2,19
101,*C(=O)C1CCC(=O)N1,,2,9
102,*C(=O)C1CCCN1,,2,8
103,*C(=O)C1CCCN1*,,4,9
104,*C(=O)C1CCCN1C(C)=O,,2,11
105,*C(=O)CC(=O)O,a 3-oxo acid,2,7
106,*C(=O)CC(=O)OCC(=O)COP(=O)(O)O,a 2-oxo-3-(phosphooxy)propyl medium-chain 3-oxoalkanoate,2,16
107,*C(=O)CC(=O)SCCNC(=O)CCNC(=O)C(O)C(C)(C)COP(=O)(O)OP(=O)(O)OCC1OC(n2cnc3c(N)ncnc32)C(O)C1OP(=O)(O)O,a very-long-chain 3-oxoacyl-CoA,10,54
108,*C(=O)CN,,8,5
109,*C(=O)CNC(=O)CCCCCCCCCCCCC,,2,20
110,*C(=O)CNC(=O)CCCCCCCCCCCCCCC,,2,22
111,*C(=O)CNC(C)=O,,2,8
112,*C(=O)NC(C(=O)O)C(C)CC,an N-(fatty acyl)-L-isoleucine,2,12
113,*C(=O)NC(C)C(O)CCCCCCCCCCCCCCC,N-acyl-1-deoxysphinganine,2,23
114,*C(=O)NC(C=O)C(O)C(O)C(O)CO,an N-acyl-D-mannosamine,2,15
115,*C(=O)NC(C=O)C(O)C(O)C(O)COP(=O)(O)O,an N-acyl-D-mannosamine 6-phosphate,6,19
116,*C(=O)NC(CC(C)C)C(=O)O,an N-(fatty acyl)-L-leucine,2,12
117,*C(=O)NC(CC(N)=O)C(=O)O,an N-(fatty acyl)-L-asparagine,2,12
118,*C(=O)NC(CCC(=O)O)C(=O)O,an N-(long-chain-fatty-acyl)-L-glutamate,2,13
119,*C(=O)NC(CCC(N)=O)C(=O)O,an N(2)-acyl-L-glutamine,2,13
120,*C(=O)NC(CCCCN)C(=O)O,an N-(fatty acyl)-L-lysine,2,13
121,*C(=O)NC(CCSC)C(=O)O,an N-(fatty acyl)-L-methionine,2,12
122,*C(=O)NC(CO)C(=O)CCCCCCCCCCCCCCC,N-acyl-3-oxosphinganine,2,24
123,*C(=O)NC(CO)C(=O)O,an N-(fatty acyl)-L-serine,2,10
124,*C(=O)NC(CO)C(O)C(O)CCCCCCCCCCC(C)C,an N-acyl-4-hydroxy-15-methylhexadecasphinganine,2,24
125,*C(=O)NC(CO)C(O)C(O)CCCCCCCCCCCCCC,an N-acyl-(4R)-4-hydroxysphinganine,14,25
126,*C(=O)NC(CO)C(O)C(O)CCCCCCCCCCCCCCCC,N-acyl-4-hydroxyeicosasphinganine,2,27
127,*C(=O)NC(CO)C(O)C=CCCC=C(C)CCCCCCCCC,"a 9-methyl-(4E,8E)-sphinga-4,8-dienine ceramide",2,25
128,*C(=O)NC(CO)C(O)C=CCCC=CCCCCCCCCC,"a (4E,8E)-4-sphinga-4,8-dienine ceramide",2,24
129,*C(=O)NC(CO)C(O)C=CCCCCCCCCC=CCCC,"an N-acyl-sphinga-4E,14Z-dienine",2,24
130,*C(=O)NC(CO)C(O)C=CCCCCCCCCCC(C)C,an N-acyl-15-methylhexadecasphing-4-enine,16,23
131,*C(=O)NC(CO)C(O)C=CCCCCCCCCCCCC,N-tetracosenoyl-heptadecasphing-4-enine,2,23
132,*C(=O)NC(CO)C(O)C=CCCCCCCCCCCCCC,N-(tetracosenoyl)-sphing-4-enine,4,24
133,*C(=O)NC(CO)C(O)CCCCCCCCCCCC(C)C,an N-acyl-15-methylhexadecasphinganine,2,23
134,*C(=O)NC(CO)C(O)CCCCCCCCCCCCCCC,an N-tetracosenoylsphinganine,2,24
135,*C(=O)NC(COC1OC(CO)C(O)C(O)C1O)C(*)O,a beta-D-glucosylceramide,8,21
136,*C(=O)NC(COC1OC(CO)C(O)C(O)C1O)C(O)C=CCCCCCCCCCC(C)C,an N-acyl-1-beta-D-glucosyl-15-methylhexadecasphing-4-enine,4,34
137,*C(=O)NC(COC1OC(CO)C(O)C(O)C1O)C(O)C=CCCCCCCCCCCCCC,a beta-D-galactosyl-(1<->1')-N-acylsphing-4-enine,16,35
138,*C(=O)NC(COC1OC(CO)C(O)C(OC2(C(=O)O)CC(O)C(NC(C)=O)C(C(O)C(CO)OC3(C(=O)O)CC(O)C(NC(C)=O)C(C(O)C(O)CO)O3)O2)C1O)C(O)C=CCCCCCCCCCCCCC,an N-acetyl-alpha-neuraminosyl-(2->8)-N-acetyl-alpha-neuraminosyl-(2->3)-beta-D-galactosyl-(1<->1')-N-acylsphing-4-enine,2,75
139,*C(=O)NC(COC1OC(CO)C(O)C(OC2(C(=O)O)CC(O)C(NC(C)=O)C(C(O)C(O)CO)O2)C1O)C(O)C=CCCCCCCCCCCCCC,a ganglioside GM4 (d18:1(4E)),4,55
140,*C(=O)NC(COC1OC(CO)C(O)C(OS(=O)(=O)O)C1O)C(O)C=CCCCCCCCCCCCCC,an N-acyl-1-beta-D-(3-O-sulfo)-galactosyl-sphing-4-enine,4,39
141,*C(=O)NC(COC1OC(CO)C(OC2OC(CO)C(O)C(O)C2O)C(O)C1O)C(*)O,a beta-D-galactosyl-(1->4)-beta-D-glucosyl-(1<->1)-ceramide,16,32
142,*C(=O)NC(COC1OC(CO)C(OC2OC(CO)C(O)C(O)C2O)C(O)C1O)C(O)C=CCCCCCCCCCCCCC,a beta-D-Gal-(1->4)-beta-D-Glc-(1<->1)-Cer(d18:1(4E)),22,46
143,*C(=O)NC(COC1OC(CO)C(OC2OC(CO)C(O)C(OC3(C(=O)O)CC(O)C(NC(C)=O)C(C(O)C(CO)OC4(C(=O)O)CC(O)C(NC(C)=O)C(C(O)C(CO)OC(C)=O)O4)O3)C2O)C(O)C1O)C(O)C=CCCCCCCCCCCCCC,a ganglioside Ac-O-8-GD3(d18:1(4E)),4,89
144,*C(=O)NC(COC1OC(CO)C(OC2OC(CO)C(O)C(OC3(C(=O)O)CC(O)C(NC(C)=O)C(C(O)C(CO)OC4(C(=O)O)CC(O)C(NC(C)=O)C(C(O)C(CO)OC5(C(=O)O)CC(O)C(NC(C)=O)C(C(O)C(CO)OC(C)=O)O5)O4)O3)C2O)C(O)C1O)C(*)O,a ganglioside Ac-O-8-GT3,2,95
145,*C(=O)NC(COC1OC(CO)C(OC2OC(CO)C(O)C(OC3(C(=O)O)CC(O)C(NC(C)=O)C(C(O)C(CO)OC4(C(=O)O)CC(O)C(NC(C)=O)C(C(O)C(CO)OC5(C(=O)O)CC(O)C(NC(C)=O)C(C(O)C(CO)OC(C)=O)O5)O4)O3)C2O)C(O)C1O)C(O)C=CCCCCCCCCCCCCC,a ganglioside Ac-O-8-GT3(d18:1(4E)),2,109
146,*C(=O)NC(COC1OC(CO)C(OC2OC(CO)C(O)C(OC3(C(=O)O)CC(O)C(NC(C)=O)C(C(O)C(CO)OC4(C(=O)O)CC(O)C(NC(C)=O)C(C(O)C(CO)OC5(C(=O)O)CC(O)C(NC(C)=O)C(C(O)C(O)CO)O5)O4)O3)C2O)C(O)C1O)C(*)O,a ganglioside GT3,4,92
147,*C(=O)NC(COC1OC(CO)C(OC2OC(CO)C(O)C(OC3(C(=O)O)CC(O)C(NC(C)=O)C(C(O)C(CO)OC4(C(=O)O)CC(O)C(NC(C)=O)C(C(O)C(CO)OC5(C(=O)O)CC(O)C(NC(C)=O)C(C(O)C(O)CO)O5)O4)O3)C2O)C(O)C1O)C(O)C=CCCCCCCCCCCCCC,a ganglioside GT3 (d18:1(4E)),6,106
148,*C(=O)NC(COC1OC(CO)C(OC2OC(CO)C(O)C(OC3(C(=O)O)CC(O)C(NC(C)=O)C(C(O)C(CO)OC4(C(=O)O)CC(O)C(NC(C)=O)C(C(O)C(CO)OC5(C(=O)O)CC(O)C(NC(C)=O)C(C(OC(C)=O)C(O)CO)O5)O4)O3)C2O)C(O)C1O)C(*)O,a ganglioside Ac-O-7-GT3,4,95
149,*C(=O)NC(COC1OC(CO)C(OC2OC(CO)C(O)C(OC3(C(=O)O)CC(O)C(NC(C)=O)C(C(O)C(CO)OC4(C(=O)O)CC(O)C(NC(C)=O)C(C(O)C(CO)OC5(C(=O)O)CC(O)C(NC(C)=O)C(C(OC(C)=O)C(O)CO)O5)O4)O3)C2O)C(O)C1O)C(O)C=CCCCCCCCCCCCCC,a ganglioside Ac-O-7-GT3(d18:1(4E)),4,109
150,*C(=O)NC(COC1OC(CO)C(OC2OC(CO)C(O)C(OC3(C(=O)O)CC(O)C(NC(C)=O)C(C(O)C(CO)OC4(C(=O)O)CC(O)C(NC(C)=O)C(C(O)C(O)CO)O4)O3)C2O)C(O)C1O)C(*)O,a ganglioside GD3,8,72
151,*C(=O)NC(COC1OC(CO)C(OC2OC(CO)C(O)C(OC3(C(=O)O)CC(O)C(NC(C)=O)C(C(O)C(CO)OC4(C(=O)O)CC(O)C(NC(C)=O)C(C(O)C(O)CO)O4)O3)C2O)C(O)C1O)C(O)C=CCCCCCCCCCCCCC,a ganglioside GD3 (d18:1(4E)),10,86
152,*C(=O)NC(COC1OC(CO)C(OC2OC(CO)C(O)C(OC3(C(=O)O)CC(O)C(NC(C)=O)C(C(O)C(CO)OC4(C(=O)O)CC(O)C(NC(C)=O)C(C(O)C(O)COC(C)=O)O4)O3)C2O)C(O)C1O)C(O)C=CCCCCCCCCCCCCC,a ganglioside Ac-O-9-GD3(d18:1(4E)),4,89
153,*C(=O)NC(COC1OC(CO)C(OC2OC(CO)C(O)C(OC3(C(=O)O)CC(O)C(NC(C)=O)C(C(O)C(CO)OC4(C(=O)O)CC(O)C(NC(C)=O)C(C(OC(C)=O)C(O)CO)O4)O3)C2O)C(O)C1O)C(O)C=CCCCCCCCCCCCCC,a ganglioside Ac-O-7-GD3(d18:1(4E)),4,89
154,*C(=O)NC(COC1OC(CO)C(OC2OC(CO)C(O)C(OC3(C(=O)O)CC(O)C(NC(C)=O)C(C(O)C(O)CO)O3)C2O)C(O)C1O)C(*)O,a ganglioside GM3,12,52
155,*C(=O)NC(COC1OC(CO)C(OC2OC(CO)C(O)C(OC3(C(=O)O)CC(O)C(NC(C)=O)C(C(O)C(O)CO)O3)C2O)C(O)C1O)C(O)C=CCCCCCCCCCCCCC,a ganglioside GM3 (d18:1(4E)),12,66
156,*C(=O)NC(COC1OC(CO)C(OC2OC(CO)C(O)C(OC3OC(CO)C(O)C(O)C3NC(C)=O)C2O)C(O)C1O)C(O)C=CCCCCCCCCCCCCC,a beta-D-GlcNAc-(1->3)-beta-D-Gal-(1->4)-beta-D-Glc-(1<->1)-Cer(d18:1(4E)),4,60
157,*C(=O)NC(COC1OC(CO)C(OC2OC(CO)C(O)C(OC3OC(CO)C(O)C(O)C3O)C2O)C(O)C1O)C(O)C=CCCCCCCCCCCCCC,an isogloboside iGb3Cer (d18:1(4E)),2,57
158,*C(=O)NC(COC1OC(CO)C(OC2OC(CO)C(O)C(OC3OC(CO)C(O)C(OC4OC(CO)C(O)C(O)C4O)C3NC(C)=O)C2O)C(O)C1O)C(*)O,Lc4Cer,4,57
159,*C(=O)NC(COC1OC(CO)C(OC2OC(CO)C(O)C(OC3OC(CO)C(O)C(OC4OC(CO)C(O)C(O)C4O)C3NC(C)=O)C2O)C(O)C1O)C(O)C=CCCCCCCCCCCCCC,a beta-D-Gal-(1->3)-beta-D-GlcNAc-(1->3)-beta-D-Gal-(1->4)-beta-D-Glc-(1<->1')-Cer(d18:1(4E)),6,71
160,*C(=O)NC(COC1OC(CO)C(OC2OC(CO)C(O)C(OC3OC(CO)C(O)C(OC4OC(CO)C(O)C(O)C4OC4OC(C)C(O)C(O)C4O)C3NC(C)=O)C2O)C(O)C1O)C(*)O,alpha-L-fucosyl-(1->2)-beta-D-galactosyl-(1->3)-N-acetyl-beta-D-glucosaminyl-(1->3)-beta-D-galactosyl-(1->4)-beta-D-glucosyl-(1<->1')-ceramide,2,67
161,*C(=O)NC(COC1OC(CO)C(OC2OC(CO)C(O)C(OC3OC(CO)C(O)C(OC4OC(CO)C(O)C(O)C4OC4OC(C)C(O)C(O)C4O)C3NC(C)=O)C2O)C(O)C1O)C(O)C=CCCCCCCCCCCCCC,alpha-L-fucosyl-(1->2)- beta-D-galactosyl-(1->3)-N-acetyl-beta-D-glucosaminyl-(1->3)-beta-D-galactosyl-(1->4)-beta-D-glucosyl-(1<->1')-N-acylsphing-4-enine,2,81
162,*C(=O)NC(COC1OC(CO)C(OC2OC(CO)C(O)C(OC3OC(CO)C(O)C(OC4OC(CO)C(O)C(OC5(C(=O)O)CC(O)C(NC(C)=O)C(C(O)C(O)CO)O5)C4O)C3NC(C)=O)C2O)C(O)C1O)C(O)C=CCCCCCCCCCCCCC,N-acetyl-alpha-neuraminosyl-(2->3)-beta-D-galactosyl-(1->3)-N-acetyl-beta-D-glucosaminyl-(1->3)-beta-D-galactosyl-(1->4)-beta-D-glucosyl-(1<->1')-N-acyl-sphing-4-enine,4,91
163,*C(=O)NC(COC1OC(CO)C(OC2OC(CO)C(O)C(OC3OC(CO)C(OC4OC(C)C(O)C(O)C4O)C(OC4OC(CO)C(O)C(O)C4O)C3NC(C)=O)C2O)C(O)C1O)C(*)O,a lactoside III(4)-a-Fuc-Lc4Cer,2,67
164,*C(=O)NC(COC1OC(CO)C(OC2OC(CO)C(O)C(OC3OC(CO)C(OC4OC(C)C(O)C(O)C4O)C(OC4OC(CO)C(O)C(O)C4O)C3NC(C)=O)C2O)C(O)C1O)C(O)C=CCCCCCCCCCCCCC,a III(4)-a-Fuc-Lc4Cer(d18:1(4E)),4,81
165,*C(=O)NC(COC1OC(CO)C(OC2OC(CO)C(O)C(OC3OC(CO)C(OC4OC(C)C(O)C(O)C4O)C(OC4OC(CO)C(O)C(O)C4OC4OC(C)C(O)C(O)C4O)C3NC(C)=O)C2O)C(O)C1O)C(O)C=CCCCCCCCCCCCCC,"a lactoside IV(2),III(4)-a-[Fuc]2-Lc4Cer(d18:1(4E))",2,91
166,*C(=O)NC(COC1OC(CO)C(OC2OC(CO)C(O)C(OC3OC(CO)C(OC4OC(C)C(O)C(O)C4O)C(OC4OC(CO)C(O)C(OC5(C(=O)O)CC(O)C(NC(C)=O)C(C(O)C(O)CO)O5)C4O)C3NC(C)=O)C2O)C(O)C1O)C(O)C=CCCCCCCCCCCCCC,N-acetyl-alpha-neuraminosyl-(2->3)-beta-D-galactosyl-(1->3)-alpha-L-fucosyl-(1->4)-[N-acetyl-beta-D-glucosaminyl-(1->3)]-beta-D-galactosyl-(1->4)-beta-D-glucosyl-(1<->1')-N-acyl-sphing-4-enine,2,101
167,*C(=O)NC(COC1OC(CO)C(OC2OC(CO)C(O)C(OC3OC(CO)C(OC4OC(CO)C(O)C(O)C4O)C(O)C3NC(C)=O)C2O)C(O)C1O)C(*)O,a neolactoside nLc4Cer,6,57
168,*C(=O)NC(COC1OC(CO)C(OC2OC(CO)C(O)C(OC3OC(CO)C(OC4OC(CO)C(O)C(O)C4O)C(OC4OC(C)C(O)C(O)C4O)C3NC(C)=O)C2O)C(O)C1O)C(*)O,a neolactoside III(3)-alpha-Fuc-nLc4Cer,2,67
169,*C(=O)NC(COC1OC(CO)C(OC2OC(CO)C(O)C(OC3OC(CO)C(OC4OC(CO)C(O)C(O)C4OC4OC(C)C(O)C(O)C4O)C(O)C3NC(C)=O)C2O)C(O)C1O)C(*)O,a neolactoside IV(2)-alpha-Fuc-nLc4Cer,2,67
170,*C(=O)NC(COC1OC(CO)C(OC2OC(CO)C(O)C(OC3OC(CO)C(OC4OC(CO)C(O)C(O)C4OC4OC(C)C(O)C(O)C4O)C(O)C3NC(C)=O)C2O)C(O)C1O)C(O)C=CCCCCCCCCCCCCC,a neolactoside IV(2)-alpha-Fuc-nLc4Cer(d18:1(4E)),2,81
171,*C(=O)NC(COC1OC(CO)C(OC2OC(CO)C(O)C(OC3OC(CO)C(OC4OC(CO)C(O)C(O)C4OC4OC(C)C(O)C(O)C4O)C(O)C3NC(C)=O)C2O)C(O)C1O)C(O)CCCCCCCCCCCCCCC,a neolactoside IV(2)-alpha-Fuc-nLc4Cer(d18:0),2,81
172,*C(=O)NC(COC1OC(CO)C(OC2OC(CO)C(O)C(OC3OC(CO)C(OC4OC(CO)C(O)C(OC5(C(=O)O)CC(O)C(NC(=O)CO)C(C(O)C(O)CO)O5)C4O)C(O)C3NC(C)=O)C2O)C(O)C1O)C(*)O,a neolactoside IV(3)-alpha-NeuGc-nLc4Cer,2,78
173,*C(=O)NC(COC1OC(CO)C(OC2OC(CO)C(O)C(OC3OC(CO)C(OC4OC(CO)C(O)C(OC5(C(=O)O)CC(O)C(NC(=O)CO)C(C(O)C(O)CO)O5)C4O)C(O)C3NC(C)=O)C2O)C(O)C1O)C(O)C=CCCCCCCCCCCCCC,a neolactoside IV(3)-alpha-NeuGc-nLc4Cer(d18:1(4E)),2,92
174,*C(=O)NC(COC1OC(CO)C(OC2OC(CO)C(O)C(OC3OC(CO)C(OC4OC(CO)C(O)C(OC5(C(=O)O)CC(O)C(NC(C)=O)C(C(O)C(O)CO)O5)C4O)C(O)C3NC(C)=O)C2O)C(O)C1O)C(*)O,a neolactoside IV(3)-alpha-NeuAc-nLc4Cer,4,77
175,*C(=O)NC(COC1OC(CO)C(OC2OC(CO)C(O)C(OC3OC(CO)C(OC4OC(CO)C(O)C(OC5(C(=O)O)CC(O)C(NC(C)=O)C(C(O)C(O)CO)O5)C4O)C(O)C3NC(C)=O)C2O)C(O)C1O)C(O)C=CCCCCCCCCCCCCC,a neolactoside IV(3)-alpha-NeuAc-nLc4Cer(d18:1(4E)),2,91
176,*C(=O)NC(COC1OC(CO)C(OC2OC(CO)C(O)C(OC3OC(CO)C(OC4OC(CO)C(O)C(OC5(C(=O)O)CC(O)C(NC(C)=O)C(C(O)C(O)CO)O5)C4O)C(OC4OC(C)C(O)C(O)C4O)C3NC(C)=O)C2O)C(O)C1O)C(*)O,"a neolactoside IV(3)-alpha-NeuNAc,III(3)-alpha-Fuc-nLc4Cer",2,87
177,*C(=O)NC(COC1OC(CO)C(OC2OC(CO)C(O)C(OC3OC(CO)C(OC4OC(CO)C(O)C(OC5(C(=O)O)CC(O)C(NC(C)=O)C(C(O)C(O)CO)O5)C4O)C(OC4OC(C)C(O)C(O)C4O)C3NC(C)=O)C2O)C(O)C1O)C(O)C=CCCCCCCCCCCCCC,"a neolactoside IV(3)-alpha-NeuNAc,III(3)-alpha-Fuc-nLc4Cer(d18:1(4E))",2,101
178,*C(=O)NC(COC1OC(CO)C(OC2OC(CO)C(O)C(OC3OC(CO)C(OC4OC(CO)C(O)C(OC5OC(CO)C(O)C(O)C5NC(C)=O)C4O)C(O)C3NC(C)=O)C2O)C(O)C1O)C(O)C=CCCCCCCCCCCCCC,a neolactoside IV(3)-beta-GlcNAc-nLc4Cer(d18:1(4E)),2,85
179,*C(=O)NC(COC1OC(CO)C(OC2OC(CO)C(O)C(OC3OC(CO)C(OC4OC(CO)C(O)C(OC5OC(CO)C(O)C(O)C5NC(C)=O)C4OC4OC(C)C(O)C(O)C4O)C(O)C3NC(C)=O)C2O)C(O)C1O)C(O)C=CCCCCCCCCCCCCC,"a neolactoside IV(3)-alpha-GalNAc,IV(2)-alpha-Fuc-nLc4Cer(d18:1(4E))",2,95
180,*C(=O)NC(COC1OC(CO)C(OC2OC(CO)C(O)C(OC3OC(CO)C(OC4OC(CO)C(O)C(OC5OC(CO)C(O)C(O)C5NC(C)=O)C4OC4OC(C)C(O)C(O)C4O)C(O)C3NC(C)=O)C2O)C(O)C1O)C(O)CCCCCCCCCCCCCCC,"a neolactoside IV(3)-alpha-GalNAc,IV(2)-alpha-Fuc-nLc4Cer(d18:0)",2,95
181,*C(=O)NC(COC1OC(CO)C(OC2OC(CO)C(O)C(OC3OC(CO)C(OC4OC(CO)C(O)C(OC5OC(CO)C(O)C(O)C5O)C4O)C(O)C3NC(C)=O)C2O)C(O)C1O)C(*)O,alpha-D-galactosyl-(1->3)-beta-D-galactosyl-(1->4)-N-acetyl-beta-D-glucosaminyl-(1->3)-beta-D-galactosyl-(1->4)-beta-D-glucosyl-(1<->1')-ceramide,2,68
182,*C(=O)NC(COC1OC(CO)C(OC2OC(CO)C(O)C(OC3OC(CO)C(OC4OC(CO)C(O)C(OC5OC(CO)C(O)C(O)C5O)C4O)C(OC4OC(C)C(O)C(O)C4O)C3NC(C)=O)C2O)C(O)C1O)C(*)O,"a neolactoside IV(3)-alpha-Gal,III(3)-alpha-Fuc-nLc4Cer",2,78
183,*C(=O)NC(COC1OC(CO)C(OC2OC(CO)C(O)C(OC3OC(CO)C(OC4OC(CO)C(O)C(OC5OC(CO)C(O)C(OC6OC(CO)C(O)C(O)C6O)C5NC(C)=O)C4O)C(O)C3NC(C)=O)C2O)C(O)C1O)C(O)C=CCCCCCCCCCCCCC,a neolactoside IV(3)-beta-[Gal-beta-(1->3)-GlcNAc]-nLc4Cer(d18:1(4E)),2,96
184,*C(=O)NC(COC1OC(CO)C(OC2OC(CO)C(O)C(OC3OC(CO)C(OC4OC(CO)C(O)C(OC5OC(CO)C(OC6OC(CO)C(O)C(O)C6O)C(O)C5NC(C)=O)C4O)C(O)C3NC(C)=O)C2O)C(O)C1O)C(*)O,a neolactoside nLc6Cer,4,82
185,*C(=O)NC(COC1OC(CO)C(OC2OC(CO)C(O)C(OC3OC(CO)C(OC4OC(CO)C(O)C(OC5OC(CO)C(OC6OC(CO)C(O)C(O)C6O)C(O)C5NC(C)=O)C4O)C(O)C3NC(C)=O)C2O)C(O)C1O)C(O)C=CCCCCCCCCCCCCC,a neolactoside nLc6Cer(d18:1(4E)),6,96
186,*C(=O)NC(COC1OC(CO)C(OC2OC(CO)C(O)C(OC3OC(CO)C(OC4OC(CO)C(O)C(OC5OC(CO)C(OC6OC(CO)C(O)C(O)C6O)C(O)C5NC(C)=O)C4O)C(OC4OC(C)C(O)C(O)C4O)C3NC(C)=O)C2O)C(O)C1O)C(*)O,beta-D-galactosyl-(1->4)-N-acetyl-beta-D-glucosaminyl-(1->3)-beta-D-galactosyl-(1->4)-[alpha-L-fucosyl-(1->3)]-N-acetyl-beta-D-glucosaminyl-(1->3)-beta-D-galactosyl-(1->4)-beta-D-glucosyl-(1<->1')-ceramide,2,92
187,*C(=O)NC(COC1OC(CO)C(OC2OC(CO)C(O)C(OC3OC(CO)C(OC4OC(CO)C(O)C(OC5OC(CO)C(OC6OC(CO)C(O)C(O)C6O)C(O)C5NC(C)=O)C4O)C(OC4OC(C)C(O)C(O)C4O)C3NC(C)=O)C2O)C(O)C1O)C(O)C=CCCCCCCCCCCCCC,a neolactoside III(3)-alpha-Fuc-nLc6Cer(d18:1(4E)),2,106
188,*C(=O)NC(COC1OC(CO)C(OC2OC(CO)C(O)C(OC3OC(CO)C(OC4OC(CO)C(O)C(OC5OC(CO)C(OC6OC(CO)C(O)C(O)C6O)C(OC6OC(C)C(O)C(O)C6O)C5NC(C)=O)C4O)C(O)C3NC(C)=O)C2O)C(O)C1O)C(*)O,beta-D-Gal-(1->4)-[alpha-L-Fuc-(1->3)]-beta-D-GlcNAc-(1->3)-beta-D-Gal-(1->4)-beta-D-GlcNAc-(1->3)-beta-D-Gal-(1->4)-beta-D-Glc-(1<->1')-Cer,2,92
189,*C(=O)NC(COC1OC(CO)C(OC2OC(CO)C(O)C(OC3OC(CO)C(OC4OC(CO)C(O)C(OC5OC(CO)C(OC6OC(CO)C(O)C(O)C6O)C(OC6OC(C)C(O)C(O)C6O)C5NC(C)=O)C4O)C(O)C3NC(C)=O)C2O)C(O)C1O)C(O)C=CCCCCCCCCCCCCC,a neolactoside V(3)-alpha-Fuc-nLc6Cer(d18:1(4E)),2,106
190,*C(=O)NC(COC1OC(CO)C(OC2OC(CO)C(O)C(OC3OC(CO)C(OC4OC(CO)C(O)C(OC5OC(CO)C(OC6OC(CO)C(O)C(OC7(C(=O)O)CC(O)C(NC(=O)CO)C(C(O)C(O)CO)O7)C6O)C(O)C5NC(C)=O)C4O)C(O)C3NC(C)=O)C2O)C(O)C1O)C(*)O,alpha-N-glycoloylneuraminosyl-(2->3)-beta-D-galactosyl-(1->4)-N-acetyl-beta-D-glucosaminyl-(1->3)-beta-D-galactosyl-(1->4)-N-acetyl-beta-D-glucosaminyl-(1->3)-beta-D-galactosyl-(1->4)-beta-D-glucosyl-(1<->1')-ceramide,2,103
191,*C(=O)NC(COC1OC(CO)C(OC2OC(CO)C(O)C(OC3OC(CO)C(OC4OC(CO)C(O)C(OC5OC(CO)C(OC6OC(CO)C(O)C(OC7(C(=O)O)CC(O)C(NC(=O)CO)C(C(O)C(O)CO)O7)C6O)C(O)C5NC(C)=O)C4O)C(OC4OC(C)C(O)C(O)C4O)C3NC(C)=O)C2O)C(O)C1O)C(*)O,alpha-N-glycoloylneuraminosyl-(2->3)-beta-D-galactosyl-(1->4)-N-acetyl-beta-D-glucosaminyl-(1->3)-beta-D-galactosyl-(1->4)-[alpha-L-fucosyl-(1->3)]-N-acetyl-beta-D-glucosaminyl-(1->3)-beta-D-galactosyl-(1->4)-beta-D-glucosyl-(1<->1')-ceramide,2,113
192,*C(=O)NC(COC1OC(CO)C(OC2OC(CO)C(O)C(OC3OC(CO)C(OC4OC(CO)C(O)C(OC5OC(CO)C(OC6OC(CO)C(O)C(OC7(C(=O)O)CC(O)C(NC(C)=O)C(C(O)C(O)CO)O7)C6O)C(O)C5NC(C)=O)C4O)C(O)C3NC(C)=O)C2O)C(O)C1O)C(*)O,a neolactoside VI(3)-alpha-NeuNAc-nLc6Cer,4,102
193,*C(=O)NC(COC1OC(CO)C(OC2OC(CO)C(O)C(OC3OC(CO)C(OC4OC(CO)C(O)C(OC5OC(CO)C(OC6OC(CO)C(O)C(OC7(C(=O)O)CC(O)C(NC(C)=O)C(C(O)C(O)CO)O7)C6O)C(O)C5NC(C)=O)C4O)C(O)C3NC(C)=O)C2O)C(O)C1O)C(O)C=CCCCCCCCCCCCCC,a neolactoside VI(3)-alpha-NeuNAc-nLc6Cer(d18:1(4E)),2,116
194,*C(=O)NC(COC1OC(CO)C(OC2OC(CO)C(O)C(OC3OC(CO)C(OC4OC(CO)C(O)C(OC5OC(CO)C(OC6OC(CO)C(O)C(OC7(C(=O)O)CC(O)C(NC(C)=O)C(C(O)C(O)CO)O7)C6O)C(O)C5NC(C)=O)C4O)C(OC4OC(C)C(O)C(O)C4O)C3NC(C)=O)C2O)C(O)C1O)C(*)O,"a neolactoside VI(3)-alpha-NeuAc,III(3)-alphaFuc-nLc6Cer",2,112
195,*C(=O)NC(COC1OC(CO)C(OC2OC(CO)C(O)C(OC3OC(CO)C(OC4OC(CO)C(O)C(OC5OC(CO)C(OC6OC(CO)C(O)C(OC7(C(=O)O)CC(O)C(NC(C)=O)C(C(O)C(O)CO)O7)C6O)C(OC6OC(C)C(O)C(O)C6O)C5NC(C)=O)C4O)C(O)C3NC(C)=O)C2O)C(O)C1O)C(*)O,"a neolactoside VI(3)-alpha-NeuAc,V(3)-alphaFuc-nLc6Cer",2,112
196,*C(=O)NC(COC1OC(CO)C(OC2OC(CO)C(O)C(OC3OC(CO)C(OC4OC(CO)C(OC5OC(CO)C(O)C(O)C5NC(C)=O)C(OC5(C(=O)O)CC(O)C(NC(=O)CO)C(C(O)C(O)CO)O5)C4O)C(O)C3NC(C)=O)C2O)C(O)C1O)C(*)O,a neolactoside IV(4)-beta-GalNAc-IV(3)-alpha-NeuGc-nLc4Cer,2,92
197,*C(=O)NC(COC1OC(CO)C(OC2OC(CO)C(O)C(OC3OC(CO)C(OC4OC(CO)C(OC5OC(CO)C(O)C(O)C5NC(C)=O)C(OC5(C(=O)O)CC(O)C(NC(=O)CO)C(C(O)C(O)CO)O5)C4O)C(O)C3NC(C)=O)C2O)C(O)C1O)C(O)C=CCCCCCCCCCCCCC,a neolactoside IV(4)-beta-GalNAc-IV(3)-alpha-NeuGc-nLc4Cer(d18:1(4E)),2,106
198,*C(=O)NC(COC1OC(CO)C(OC2OC(CO)C(O)C(OC3OC(COC4(C(=O)O)CC(O)C(NC(C)=O)C(C(O)C(O)CO)O4)C(O)C(OC4OC(CO)C(O)C(OC5(C(=O)O)CC(O)C(NC(C)=O)C(C(O)C(O)CO)O5)C4O)C3NC(C)=O)C2O)C(O)C1O)C(O)C=CCCCCCCCCCCCCC,N-acetyl-alpha-neuraminosyl-(2->3)-beta-D-galactosyl-(1->3)-[N-acetyl-alpha-neuraminosyl-(2->6)]-N-acetyl-beta-D-glucosaminyl-(1->3)-beta-D-galactosyl-(1->4)-beta-D-glucosyl-(1<->1')-N-acyl-sphing-4-enine,4,111
199,*C(=O)NC(COC1OC(CO)C(OC2OC(CO)C(O)C(OC3OC(COC4(C(=O)O)CC(O)C(NC(C)=O)C(C(O)C(O)CO)O4)C(OC4OC(C)C(O)C(O)C4O)C(OC4OC(CO)C(O)C(OC5(C(=O)O)CC(O)C(NC(C)=O)C(C(O)C(O)CO)O5)C4O)C3NC(C)=O)C2O)C(O)C1O)C(O)C=CCCCCCCCCCCCCC,N-acetyl-alpha-neuraminosyl-(2->3)-beta-D-galactosyl-(1->3)-alpha-L-fucosyl-(1->4)-[N-acetyl-alpha-neuraminosyl-(2->6)-N-acetyl-beta-D-glucosaminyl-(1->3)]-beta-D-galactosyl-(1->4)-beta-D-glucosyl-(1<->1')-N-acyl-sphing-4-enine,2,121
200,*C(=O)NC(COC1OC(CO)C(OC2OC(CO)C(O)C(OS(=O)(=O)O)C2O)C(O)C1O)C(*)O,a beta-D-3-sulfogalactosyl-(1->4)-beta-D-glucosyl-(1<->1')-ceramide,2,36
201,*C(=O)NC(COC1OC(CO)C(OC2OC(CO)C(OC3OC(CO)C(O)C(O)C3NC(C)=O)C(O)C2O)C(O)C1O)C(*)O,a ganglioside GA2,8,46
202,*C(=O)NC(COC1OC(CO)C(OC2OC(CO)C(OC3OC(CO)C(O)C(O)C3NC(C)=O)C(O)C2O)C(O)C1O)C(O)C=CCCCCCCCCCCCCC,a ganglioside GA2 (d18:1(4E)),10,60
203,*C(=O)NC(COC1OC(CO)C(OC2OC(CO)C(OC3OC(CO)C(O)C(O)C3NC(C)=O)C(OC3(C(=O)O)CC(O)C(NC(C)=O)C(C(O)C(CO)OC4(C(=O)O)CC(O)C(NC(C)=O)C(C(O)C(CO)OC5(C(=O)O)CC(O)C(NC(C)=O)C(C(O)C(O)CO)O5)O4)O3)C2O)C(O)C1O)C(O)C=CCCCCCCCCCCCCC,a ganglioside GT2 (d18:1(4E)),4,120
204,*C(=O)NC(COC1OC(CO)C(OC2OC(CO)C(OC3OC(CO)C(O)C(O)C3NC(C)=O)C(OC3(C(=O)O)CC(O)C(NC(C)=O)C(C(O)C(CO)OC4(C(=O)O)CC(O)C(NC(C)=O)C(C(O)C(O)CO)O4)O3)C2O)C(O)C1O)C(*)O,a ganglioside GD2,4,86
205,*C(=O)NC(COC1OC(CO)C(OC2OC(CO)C(OC3OC(CO)C(O)C(O)C3NC(C)=O)C(OC3(C(=O)O)CC(O)C(NC(C)=O)C(C(O)C(CO)OC4(C(=O)O)CC(O)C(NC(C)=O)C(C(O)C(O)CO)O4)O3)C2O)C(O)C1O)C(O)C=CCCCCCCCCCCCCC,a ganglioside GD2 (d18:1(4E)),4,100
206,*C(=O)NC(COC1OC(CO)C(OC2OC(CO)C(OC3OC(CO)C(O)C(O)C3NC(C)=O)C(OC3(C(=O)O)CC(O)C(NC(C)=O)C(C(O)C(CO)OC4(C(=O)O)CC(O)C(NC(C)=O)C(C(O)C(O)COC(C)=O)O4)O3)C2O)C(O)C1O)C(O)C=CCCCCCCCCCCCCC,a ganglioside Ac-O-9-GD2(d18:1(4E)),2,103
207,*C(=O)NC(COC1OC(CO)C(OC2OC(CO)C(OC3OC(CO)C(O)C(O)C3NC(C)=O)C(OC3(C(=O)O)CC(O)C(NC(C)=O)C(C(O)C(O)CO)O3)C2O)C(O)C1O)C(*)O,a ganglioside GM2,8,66
208,*C(=O)NC(COC1OC(CO)C(OC2OC(CO)C(OC3OC(CO)C(O)C(O)C3NC(C)=O)C(OC3(C(=O)O)CC(O)C(NC(C)=O)C(C(O)C(O)CO)O3)C2O)C(O)C1O)C(O)C=CCCCCCCCCCCCCC,a ganglioside GM2 (d18:1(4E)),12,80
209,*C(=O)NC(COC1OC(CO)C(OC2OC(CO)C(OC3OC(CO)C(O)C(O)C3NC(C)=O)C(OS(=O)(=O)O)C2O)C(O)C1O)C(*)O,N-acetyl-beta-D-galactosaminyl-(1->4)-beta-D-3-sulfogalactosyl-(1->4)-beta-D-glucosyl-(1<->1')-ceramide,2,50
210,*C(=O)NC(COC1OC(CO)C(OC2OC(CO)C(OC3OC(CO)C(O)C(O)C3O)C(O)C2O)C(O)C1O)C(*)O,a globoside Gb3Cer,10,43
211,*C(=O)NC(COC1OC(CO)C(OC2OC(CO)C(OC3OC(CO)C(O)C(O)C3O)C(O)C2O)C(O)C1O)C(O)C=CCCCCCCCCCCCCC,a globoside Gb3Cer (d18:1(4E)),12,57
212,*C(=O)NC(COC1OC(CO)C(OC2OC(CO)C(OC3OC(CO)C(O)C(OC4OC(CO)C(O)C(O)C4NC(C)=O)C3O)C(O)C2O)C(O)C1O)C(*)O,a globoside Gb4Cer,8,57
213,*C(=O)NC(COC1OC(CO)C(OC2OC(CO)C(OC3OC(CO)C(O)C(OC4OC(CO)C(O)C(O)C4NC(C)=O)C3O)C(O)C2O)C(O)C1O)C(O)C=CCCCCCCCCCCCCC,a globoside Gb4Cer (d18:1(4E)),8,71
214,*C(=O)NC(COC1OC(CO)C(OC2OC(CO)C(OC3OC(CO)C(O)C(OC4OC(CO)C(O)C(O)C4O)C3NC(C)=O)C(O)C2O)C(O)C1O)C(*)O,a ganglioside GA1,8,57
215,*C(=O)NC(COC1OC(CO)C(OC2OC(CO)C(OC3OC(CO)C(O)C(OC4OC(CO)C(O)C(O)C4O)C3NC(C)=O)C(O)C2O)C(O)C1O)C(O)C=CCCCCCCCCCCCCC,a ganglioside GA1 (d18:1(4E)),14,71
216,*C(=O)NC(COC1OC(CO)C(OC2OC(CO)C(OC3OC(CO)C(O)C(OC4OC(CO)C(O)C(O)C4O)C3NC(C)=O)C(OC3(C(=O)O)CC(O)C(NC(C)=O)C(C(O)C(CO)OC4(C(=O)O)CC(O)C(NC(C)=O)C(C(O)C(CO)OC5(C(=O)O)CC(O)C(NC(C)=O)C(C(O)C(O)CO)O5)O4)O3)C2O)C(O)C1O)C(O)C=CCCCCCCCCCCCCC,a ganglioside GT1c (d18:1(4E)),6,131
217,*C(=O)NC(COC1OC(CO)C(OC2OC(CO)C(OC3OC(CO)C(O)C(OC4OC(CO)C(O)C(O)C4O)C3NC(C)=O)C(OC3(C(=O)O)CC(O)C(NC(C)=O)C(C(O)C(CO)OC4(C(=O)O)CC(O)C(NC(C)=O)C(C(O)C(O)CO)O4)O3)C2O)C(O)C1O)C(*)O,a ganglioside GD1b,10,97
218,*C(=O)NC(COC1OC(CO)C(OC2OC(CO)C(OC3OC(CO)C(O)C(OC4OC(CO)C(O)C(O)C4O)C3NC(C)=O)C(OC3(C(=O)O)CC(O)C(NC(C)=O)C(C(O)C(CO)OC4(C(=O)O)CC(O)C(NC(C)=O)C(C(O)C(O)CO)O4)O3)C2O)C(O)C1O)C(O)C=CCCCCCCCCCCCCC,a ganglioside GD1b (d18:1(4E)),14,111
219,*C(=O)NC(COC1OC(CO)C(OC2OC(CO)C(OC3OC(CO)C(O)C(OC4OC(CO)C(O)C(O)C4O)C3NC(C)=O)C(OC3(C(=O)O)CC(O)C(NC(C)=O)C(C(O)C(O)CO)O3)C2O)C(O)C1O)C(*)O,a ganglioside GM1,12,77
220,*C(=O)NC(COC1OC(CO)C(OC2OC(CO)C(OC3OC(CO)C(O)C(OC4OC(CO)C(O)C(O)C4O)C3NC(C)=O)C(OC3(C(=O)O)CC(O)C(NC(C)=O)C(C(O)C(O)CO)O3)C2O)C(O)C1O)C(O)C=CCCCCCCCCCCCCC,a ganglioside GM1 (d18:1(4E)),16,91
221,*C(=O)NC(COC1OC(CO)C(OC2OC(CO)C(OC3OC(CO)C(O)C(OC4OC(CO)C(O)C(O)C4O)C3O)C(O)C2O)C(O)C1O)C(O)C=CCCCCCCCCCCCCC,a globoside GalGb3Cer (d18:1(4E)),2,68
222,*C(=O)NC(COC1OC(CO)C(OC2OC(CO)C(OC3OC(CO)C(O)C(OC4OC(CO)C(O)C(O)C4OC4OC(C)C(O)C(O)C4O)C3NC(C)=O)C(O)C2O)C(O)C1O)C(*)O,a ganglioside Fuc-GA1,2,67
223,*C(=O)NC(COC1OC(CO)C(OC2OC(CO)C(OC3OC(CO)C(O)C(OC4OC(CO)C(O)C(O)C4OC4OC(C)C(O)C(O)C4O)C3NC(C)=O)C(O)C2O)C(O)C1O)C(O)C=CCCCCCCCCCCCCC,a ganglioside Fuc-GA1 (d18:1(4E)),2,81
224,*C(=O)NC(COC1OC(CO)C(OC2OC(CO)C(OC3OC(CO)C(O)C(OC4OC(CO)C(O)C(O)C4OC4OC(C)C(O)C(O)C4O)C3NC(C)=O)C(OC3(C(=O)O)CC(O)C(NC(C)=O)C(C(O)C(CO)OC4(C(=O)O)CC(O)C(NC(C)=O)C(C(O)C(O)CO)O4)O3)C2O)C(O)C1O)C(*)O,a ganglioside Fuc-GD1b,2,107
225,*C(=O)NC(COC1OC(CO)C(OC2OC(CO)C(OC3OC(CO)C(O)C(OC4OC(CO)C(O)C(O)C4OC4OC(C)C(O)C(O)C4O)C3NC(C)=O)C(OC3(C(=O)O)CC(O)C(NC(C)=O)C(C(O)C(CO)OC4(C(=O)O)CC(O)C(NC(C)=O)C(C(O)C(O)CO)O4)O3)C2O)C(O)C1O)C(O)C=CCCCCCCCCCCCCC,a ganglioside Fuc-GD1b (d18:1(4E)),2,121
226,*C(=O)NC(COC1OC(CO)C(OC2OC(CO)C(OC3OC(CO)C(O)C(OC4OC(CO)C(O)C(O)C4OC4OC(C)C(O)C(O)C4O)C3NC(C)=O)C(OC3(C(=O)O)CC(O)C(NC(C)=O)C(C(O)C(O)CO)O3)C2O)C(O)C1O)C(*)O,a ganglioside Fuc-GM1,2,87
227,*C(=O)NC(COC1OC(CO)C(OC2OC(CO)C(OC3OC(CO)C(O)C(OC4OC(CO)C(O)C(O)C4OC4OC(C)C(O)C(O)C4O)C3NC(C)=O)C(OC3(C(=O)O)CC(O)C(NC(C)=O)C(C(O)C(O)CO)O3)C2O)C(O)C1O)C(O)C=CCCCCCCCCCCCCC,a ganglioside Fuc-GM1 (d18:1(4E)),2,101
228,*C(=O)NC(COC1OC(CO)C(OC2OC(CO)C(OC3OC(CO)C(O)C(OC4OC(CO)C(O)C(OC5(C(=O)O)CC(O)C(NC(C)=O)C(C(O)C(CO)OC(C)=O)O5)C4O)C3NC(C)=O)C(OC3(C(=O)O)CC(O)C(NC(C)=O)C(C(O)C(O)CO)O3)C2O)C(O)C1O)C(O)C=CCCCCCCCCCCCCC,a ganglioside Ac-O-8-GD1a (d18:1(4E)),4,114
229,*C(=O)NC(COC1OC(CO)C(OC2OC(CO)C(OC3OC(CO)C(O)C(OC4OC(CO)C(O)C(OC5(C(=O)O)CC(O)C(NC(C)=O)C(C(O)C(CO)OC6(C(=O)O)CC(O)C(NC(C)=O)C(C(O)C(O)CO)O6)O5)C4O)C3NC(C)=O)C(O)C2O)C(O)C1O)C(O)C=CCCCCCCCCCCCCC,a ganglioside GD1c (d18:1(4E)),2,111
230,*C(=O)NC(COC1OC(CO)C(OC2OC(CO)C(OC3OC(CO)C(O)C(OC4OC(CO)C(O)C(OC5(C(=O)O)CC(O)C(NC(C)=O)C(C(O)C(CO)OC6(C(=O)O)CC(O)C(NC(C)=O)C(C(O)C(O)CO)O6)O5)C4O)C3NC(C)=O)C(OC3(C(=O)O)CC(O)C(NC(C)=O)C(C(O)C(CO)OC4(C(=O)O)CC(O)C(NC(C)=O)C(C(O)C(CO)OC5(C(=O)O)CC(O)C(NC(C)=O)C(C(O)C(O)CO)O5)O4)O3)C2O)C(O)C1O)C(*)O,a ganglioside GP1c,2,157
231,*C(=O)NC(COC1OC(CO)C(OC2OC(CO)C(OC3OC(CO)C(O)C(OC4OC(CO)C(O)C(OC5(C(=O)O)CC(O)C(NC(C)=O)C(C(O)C(CO)OC6(C(=O)O)CC(O)C(NC(C)=O)C(C(O)C(O)CO)O6)O5)C4O)C3NC(C)=O)C(OC3(C(=O)O)CC(O)C(NC(C)=O)C(C(O)C(CO)OC4(C(=O)O)CC(O)C(NC(C)=O)C(C(O)C(CO)OC5(C(=O)O)CC(O)C(NC(C)=O)C(C(O)C(O)CO)O5)O4)O3)C2O)C(O)C1O)C(O)C=CCCCCCCCCCCCCC,a ganglioside GP1c (d18:1(4E)),4,171
232,*C(=O)NC(COC1OC(CO)C(OC2OC(CO)C(OC3OC(CO)C(O)C(OC4OC(CO)C(O)C(OC5(C(=O)O)CC(O)C(NC(C)=O)C(C(O)C(CO)OC6(C(=O)O)CC(O)C(NC(C)=O)C(C(O)C(O)CO)O6)O5)C4O)C3NC(C)=O)C(OC3(C(=O)O)CC(O)C(NC(C)=O)C(C(O)C(CO)OC4(C(=O)O)CC(O)C(NC(C)=O)C(C(O)C(O)CO)O4)O3)C2O)C(O)C1O)C(O)C=CCCCCCCCCCCCCC,a ganglioside GQ1b (d18:1(4E)),6,151
233,*C(=O)NC(COC1OC(CO)C(OC2OC(CO)C(OC3OC(CO)C(O)C(OC4OC(CO)C(O)C(OC5(C(=O)O)CC(O)C(NC(C)=O)C(C(O)C(CO)OC6(C(=O)O)CC(O)C(NC(C)=O)C(C(O)C(O)CO)O6)O5)C4O)C3NC(C)=O)C(OC3(C(=O)O)CC(O)C(NC(C)=O)C(C(O)C(O)CO)O3)C2O)C(O)C1O)C(*)O,a ganglioside GT1a,4,117
234,*C(=O)NC(COC1OC(CO)C(OC2OC(CO)C(OC3OC(CO)C(O)C(OC4OC(CO)C(O)C(OC5(C(=O)O)CC(O)C(NC(C)=O)C(C(O)C(CO)OC6(C(=O)O)CC(O)C(NC(C)=O)C(C(O)C(O)CO)O6)O5)C4O)C3NC(C)=O)C(OC3(C(=O)O)CC(O)C(NC(C)=O)C(C(O)C(O)CO)O3)C2O)C(O)C1O)C(O)C=CCCCCCCCCCCCCC,a ganglioside GT1a (d18:1(4E)),6,131
235,*C(=O)NC(COC1OC(CO)C(OC2OC(CO)C(OC3OC(CO)C(O)C(OC4OC(CO)C(O)C(OC5(C(=O)O)CC(O)C(NC(C)=O)C(C(O)C(O)CO)O5)C4O)C3NC(C)=O)C(O)C2O)C(O)C1O)C(O)C=CCCCCCCCCCCCCC,a ganglioside GM1b (d18:1(4E)),8,91
236,*C(=O)NC(COC1OC(CO)C(OC2OC(CO)C(OC3OC(CO)C(O)C(OC4OC(CO)C(O)C(OC5(C(=O)O)CC(O)C(NC(C)=O)C(C(O)C(O)CO)O5)C4O)C3NC(C)=O)C(OC3(C(=O)O)CC(O)C(NC(C)=O)C(C(O)C(CO)OC4(C(=O)O)CC(O)C(NC(C)=O)C(C(O)C(CO)OC5(C(=O)O)CC(O)C(NC(C)=O)C(C(O)C(O)CO)O5)O4)O3)C2O)C(O)C1O)C(*)O,a ganglioside GQ1c,2,137
237,*C(=O)NC(COC1OC(CO)C(OC2OC(CO)C(OC3OC(CO)C(O)C(OC4OC(CO)C(O)C(OC5(C(=O)O)CC(O)C(NC(C)=O)C(C(O)C(O)CO)O5)C4O)C3NC(C)=O)C(OC3(C(=O)O)CC(O)C(NC(C)=O)C(C(O)C(CO)OC4(C(=O)O)CC(O)C(NC(C)=O)C(C(O)C(CO)OC5(C(=O)O)CC(O)C(NC(C)=O)C(C(O)C(O)CO)O5)O4)O3)C2O)C(O)C1O)C(O)C=CCCCCCCCCCCCCC,a ganglioside GQ1c (d18:1(4E)),10,151
238,*C(=O)NC(COC1OC(CO)C(OC2OC(CO)C(OC3OC(CO)C(O)C(OC4OC(CO)C(O)C(OC5(C(=O)O)CC(O)C(NC(C)=O)C(C(O)C(O)CO)O5)C4O)C3NC(C)=O)C(OC3(C(=O)O)CC(O)C(NC(C)=O)C(C(O)C(CO)OC4(C(=O)O)CC(O)C(NC(C)=O)C(C(O)C(O)CO)O4)O3)C2O)C(O)C1O)C(*)O,a ganglioside GT1b,4,117
239,*C(=O)NC(COC1OC(CO)C(OC2OC(CO)C(OC3OC(CO)C(O)C(OC4OC(CO)C(O)C(OC5(C(=O)O)CC(O)C(NC(C)=O)C(C(O)C(O)CO)O5)C4O)C3NC(C)=O)C(OC3(C(=O)O)CC(O)C(NC(C)=O)C(C(O)C(CO)OC4(C(=O)O)CC(O)C(NC(C)=O)C(C(O)C(O)CO)O4)O3)C2O)C(O)C1O)C(O)C=CCCCCCCCCCCCCC,a ganglioside GT1b (d18:1(4E)),10,131
240,*C(=O)NC(COC1OC(CO)C(OC2OC(CO)C(OC3OC(CO)C(O)C(OC4OC(CO)C(O)C(OC5(C(=O)O)CC(O)C(NC(C)=O)C(C(O)C(O)CO)O5)C4O)C3NC(C)=O)C(OC3(C(=O)O)CC(O)C(NC(C)=O)C(C(O)C(O)CO)O3)C2O)C(O)C1O)C(*)O,a ganglioside GD1a,10,97
241,*C(=O)NC(COC1OC(CO)C(OC2OC(CO)C(OC3OC(CO)C(O)C(OC4OC(CO)C(O)C(OC5(C(=O)O)CC(O)C(NC(C)=O)C(C(O)C(O)CO)O5)C4O)C3NC(C)=O)C(OC3(C(=O)O)CC(O)C(NC(C)=O)C(C(O)C(O)CO)O3)C2O)C(O)C1O)C(O)C=CCCCCCCCCCCCCC,a ganglioside GD1a (d18:1(4E)),14,111
242,*C(=O)NC(COC1OC(CO)C(OC2OC(CO)C(OC3OC(CO)C(O)C(OC4OC(CO)C(O)C(OC5(C(=O)O)CC(O)C(NC(C)=O)C(C(O)C(O)COC(C)=O)O5)C4O)C3NC(C)=O)C(OC3(C(=O)O)CC(O)C(NC(C)=O)C(C(O)C(O)CO)O3)C2O)C(O)C1O)C(O)C=CCCCCCCCCCCCCC,a ganglioside Ac-O-9-GD1a (d18:1(4E)),2,114
243,*C(=O)NC(COC1OC(CO)C(OC2OC(CO)C(OC3OC(CO)C(O)C(OC4OC(CO)C(O)C(OC5(C(=O)O)CC(O)C(NC(C)=O)C(C(OC(C)=O)C(O)CO)O5)C4O)C3NC(C)=O)C(OC3(C(=O)O)CC(O)C(NC(C)=O)C(C(O)C(O)CO)O3)C2O)C(O)C1O)C(O)C=CCCCCCCCCCCCCC,a ganglioside Ac-O-7-GD1a (d18:1(4E)),4,114
244,*C(=O)NC(COC1OC(CO)C(OC2OC(CO)C(OC3OC(CO)C(O)C(OC4OC(CO)C(O)C(OC5OC(CO)C(O)C(O)C5NC(C)=O)C4NC(C)=O)C3O)C(O)C2O)C(O)C1O)C(*)O,a globoside IV3GalNAc-Gb4Cer,4,71
245,*C(=O)NC(COC1OC(CO)C(OC2OC(CO)C(OC3OC(CO)C(O)C(OC4OC(CO)C(O)C(OC5OC(CO)C(O)C(O)C5NC(C)=O)C4NC(C)=O)C3O)C(O)C2O)C(O)C1O)C(O)C=CCCCCCCCCCCCCC,,2,85
246,*C(=O)NC(COC1OC(CO)C(OC2OC(CO)C(OC3OC(CO)C(O)C(OC4OC(CO)C(O)C(OC5OC(CO)C(O)C(O)C5O)C4O)C3NC(C)=O)C(OC3(C(=O)O)CC(O)C(NC(C)=O)C(C(O)C(CO)OC4(C(=O)O)CC(O)C(NC(C)=O)C(C(O)C(O)CO)O4)O3)C2O)C(O)C1O)C(O)C=CCCCCCCCCCCCCC,a ganglioside Gal-GD1b (d18:1(4E)),6,122
247,*C(=O)NC(COC1OC(CO)C(OC2OC(CO)C(OC3OC(CO)C(O)C(OC4OC(CO)C(O)C(OC5OC(CO)C(O)C(O)C5O)C4OC4OC(C)C(O)C(O)C4O)C3NC(C)=O)C(OC3(C(=O)O)CC(O)C(NC(C)=O)C(C(O)C(CO)OC4(C(=O)O)CC(O)C(NC(C)=O)C(C(O)C(O)CO)O4)O3)C2O)C(O)C1O)C(O)C=CCCCCCCCCCCCCC,a ganglioside Gal(Fuc)-GD1b (d18:1(4E)),2,132
248,*C(=O)NC(COC1OC(CO)C(OC2OC(CO)C(OC3OC(CO)C(O)C(OC4OC(CO)C(O)C(OC5OC(CO)C(O)C(OC6(C(=O)O)CC(O)C(NC(C)=O)C(C(O)C(O)CO)O6)C5O)C4NC(C)=O)C3O)C(O)C2O)C(O)C1O)C(O)C=CCCCCCCCCCCCCC,a globoside MSGG (d18:1(4E)),2,102
249,*C(=O)NC(COC1OC(CO)C(OC2OC(CO)C(OC3OC(CO)C(O)C(OC4OC(CO)C(O)C(OC5OC(CO)C(O)C(OC6OC(CO)C(O)C(O)C6O)C5O)C4O)C3NC(C)=O)C(OC3(C(=O)O)CC(O)C(NC(C)=O)C(C(O)C(CO)OC4(C(=O)O)CC(O)C(NC(C)=O)C(C(O)C(O)CO)O4)O3)C2O)C(O)C1O)C(O)C=CCCCCCCCCCCCCC,a ganglioside GalGal-GD1b (d18:1(4E)),2,133
250,*C(=O)NC(COC1OC(CO)C(OC2OC(CO)C(OC3OC(CO)C(O)C(OC4OC(CO)C(OC5OC(CO)C(O)C(O)C5NC(C)=O)C(OC5(C(=O)O)CC(O)C(NC(C)=O)C(C(O)C(O)CO)O5)C4O)C3NC(C)=O)C(OC3(C(=O)O)CC(O)C(NC(C)=O)C(C(O)C(O)CO)O3)C2O)C(O)C1O)C(*)O,a ganglioside GalNAc-GD1a,2,111
251,*C(=O)NC(COC1OC(CO)C(OC2OC(CO)C(OC3OC(CO)C(O)C(OC4OC(CO)C(OC5OC(CO)C(O)C(O)C5NC(C)=O)C(OC5(C(=O)O)CC(O)C(NC(C)=O)C(C(O)C(O)CO)O5)C4O)C3NC(C)=O)C(OC3(C(=O)O)CC(O)C(NC(C)=O)C(C(O)C(O)CO)O3)C2O)C(O)C1O)C(O)C=CCCCCCCCCCCCCC,a ganglioside GalNAc-GD1a (d18:1(4E)),2,125
252,*C(=O)NC(COC1OC(CO)C(OC2OC(CO)C(OC3OC(CO)C(O)C(OC4OC(CO)C(OC5OC(CO)C(O)C(O)C5O)C(O)C4NC(C)=O)C3O)C(O)C2O)C(O)C1O)C(O)C=CCCCCCCCCCCCCC,a globoside NOR1 (d18:1(4E)),4,82
253,*C(=O)NC(COC1OC(CO)C(OC2OC(CO)C(OC3OC(CO)C(O)C(OC4OC(CO)C(OC5OC(CO)C(O)C(OC6OC(CO)C(O)C(O)C6NC(C)=O)C5O)C(O)C4NC(C)=O)C3O)C(O)C2O)C(O)C1O)C(O)C=CCCCCCCCCCCCCC,a globoside NORint (d18:1(4E)),4,96
254,*C(=O)NC(COC1OC(CO)C(OC2OC(CO)C(OC3OC(CO)C(O)C(OC4OC(CO)C(OC5OC(CO)C(O)C(OC6OC(CO)C(O)C(OC7OC(CO)C(O)C(O)C7O)C6NC(C)=O)C5O)C(O)C4NC(C)=O)C3O)C(O)C2O)C(O)C1O)C(O)C=CCCCCCCCCCCCCC,a globoside NOR2 (d18:1(4E)),2,107
255,*C(=O)NC(COC1OC(CO)C(OC2OC(CO)C(OC3OC(CO)C(O)C(OC4OC(COC5(C(=O)O)CC(O)C(NC(C)=O)C(C(O)C(O)CO)O5)C(O)C(OC5OC(CO)C(O)C(OC6(C(=O)O)CC(O)C(NC(C)=O)C(C(O)C(O)CO)O6)C5O)C4NC(C)=O)C3O)C(O)C2O)C(O)C1O)C(O)C=CCCCCCCCCCCCCC,a globoside DSGG (d18:1(4E)),2,122
256,*C(=O)NC(COC1OC(CO)C(OC2OC(CO)C(OC3OC(COC4(C(=O)O)CC(O)C(NC(C)=O)C(C(O)C(O)CO)O4)C(O)C(OC4OC(CO)C(O)C(O)C4O)C3NC(C)=O)C(O)C2O)C(O)C1O)C(O)C=CCCCCCCCCCCCCC,a ganglioside GM1alpha (d18:1(4E)),2,91
257,*C(=O)NC(COC1OC(CO)C(OC2OC(CO)C(OC3OC(COC4(C(=O)O)CC(O)C(NC(C)=O)C(C(O)C(O)CO)O4)C(O)C(OC4OC(CO)C(O)C(O)C4O)C3NC(C)=O)C(OC3(C(=O)O)CC(O)C(NC(C)=O)C(C(O)C(CO)OC4(C(=O)O)CC(O)C(NC(C)=O)C(C(O)C(O)CO)O4)O3)C2O)C(O)C1O)C(O)C=CCCCCCCCCCCCCC,a ganglioside GT1balpha (d18:1(4E)),2,131
258,*C(=O)NC(COC1OC(CO)C(OC2OC(CO)C(OC3OC(COC4(C(=O)O)CC(O)C(NC(C)=O)C(C(O)C(O)CO)O4)C(O)C(OC4OC(CO)C(O)C(OC5(C(=O)O)CC(O)C(NC(C)=O)C(C(O)C(O)CO)O5)C4O)C3NC(C)=O)C(O)C2O)C(O)C1O)C(O)C=CCCCCCCCCCCCCC,a ganglioside GD1alpha (d18:1(4E)),4,111
259,*C(=O)NC(COC1OC(CO)C(OC2OC(CO)C(OC3OC(COC4(C(=O)O)CC(O)C(NC(C)=O)C(C(O)C(O)CO)O4)C(O)C(OC4OC(CO)C(O)C(OC5(C(=O)O)CC(O)C(NC(C)=O)C(C(O)C(O)CO)O5)C4O)C3NC(C)=O)C(OC3(C(=O)O)CC(O)C(NC(C)=O)C(C(O)C(CO)OC4(C(=O)O)CC(O)C(NC(C)=O)C(C(O)C(CO)OC5(C(=O)O)CC(O)C(NC(C)=O)C(C(O)C(O)CO)O5)O4)O3)C2O)C(O)C1O)C(O)C=CCCCCCCCCCCCCC,a ganglioside GP1calpha (d18:1(4E)),2,171
260,*C(=O)NC(COC1OC(CO)C(OC2OC(CO)C(OC3OC(COC4(C(=O)O)CC(O)C(NC(C)=O)C(C(O)C(O)CO)O4)C(O)C(OC4OC(CO)C(O)C(OC5(C(=O)O)CC(O)C(NC(C)=O)C(C(O)C(O)CO)O5)C4O)C3NC(C)=O)C(OC3(C(=O)O)CC(O)C(NC(C)=O)C(C(O)C(CO)OC4(C(=O)O)CC(O)C(NC(C)=O)C(C(O)C(O)CO)O4)O3)C2O)C(O)C1O)C(O)C=CCCCCCCCCCCCCC,a ganglioside GQ1balpha (d18:1(4E)),4,151
261,*C(=O)NC(COC1OC(CO)C(OC2OC(CO)C(OC3OC(COC4(C(=O)O)CC(O)C(NC(C)=O)C(C(O)C(O)CO)O4)C(O)C(OC4OC(CO)C(O)C(OC5(C(=O)O)CC(O)C(NC(C)=O)C(C(O)C(O)CO)O5)C4O)C3NC(C)=O)C(OC3(C(=O)O)CC(O)C(NC(C)=O)C(C(O)C(O)CO)O3)C2O)C(O)C1O)C(O)C=CCCCCCCCCCCCCC,a ganglioside GT1aalpha (d18:1(4E)),6,131
262,*C(=O)NC(COC1OC(CO)C(OC2OC(CO)C(OC3OC(COC4OC(CO)C(O)C(O)C4NC(C)=O)C(O)C(OC4OC(CO)C(O)C(O)C4O)C3NC(C)=O)C(O)C2O)C(O)C1O)C(*)O,a ganglioside beta-D-GlcNAc-(1->6)-GA1,2,71
263,*C(=O)NC(COC1OC(CO)C(OC2OC(COC3(C(=O)O)CC(O)C(NC(C)=O)C(C(O)C(O)CO)O3)C(O)C(O)C2O)C(O)C1O)C(O)C=CCCCCCCCCCCCCC,N-acetyl-alpha-neuraminyl-(2->6)-beta-D-galactosyl-(1->4)-beta-D-glucosyl-(1<->1)-ceramide,2,66
264,*C(=O)NC(COP(=O)(O)O)C(O)C(O)CCCCCCCCCCCCCC,N-acyl-4-hydroxysphinganine-1-phosphate,2,29
265,*C(=O)NC(COP(=O)(O)O)C(O)C=CCCCCCCCCCC(C)C,an N-acyl-15-methylhexadecasphing-4-enine-1-phosphate,4,27
266,*C(=O)NC(COP(=O)(O)O)C(O)C=CCCCCCCCCCCCCC,an N-acylsphing-4-enine 1-phosphate,2,28
267,*C(=O)NC(COP(=O)(O)OC1C(O)C(O)C(O)C(O)C1O)C(*)O,an inositol-1-phosphoceramide,2,25
268,*C(=O)NC(COP(=O)(O)OC1C(O)C(O)C(O)C(O)C1O)C(O)C(*)O,an inositol-1-phosphophytoceramide,4,27
269,*C(=O)NC(COP(=O)(O)OC1C(O)C(O)C(O)C(O)C1O)C(O)C(O)CCCCCCCCCCCCCC,an N-acyl-(4R)-4-hydroxysphinganine-1-phosphoinositol,4,40
270,*C(=O)NC(COP(=O)(O)OC1C(O)C(O)C(O)C(O)C1OC1OC(CO)C(O)C(O)C1O)C(*)O,a mannosylinositol-1-phospho-N-acyl-sphingoid base,2,36
271,*C(=O)NC(COP(=O)(O)OC1C(O)C(O)C(O)C(O)C1OC1OC(CO)C(O)C(O)C1O)C(O)C(*)O,a mannosylinositol-1-phosphophytoceramide,4,38
272,*C(=O)NC(COP(=O)(O)OC1C(O)C(O)C(O)C(O)C1OC1OC(CO)C(O)C(O)C1O)C(O)C(O)CCCCCCCCCCCCCC,mannosylinositol phosphorylphytoceramide,2,51
273,*C(=O)NC(COP(=O)(O)OC1C(O)C(O)C(O)C(O)C1OC1OC(COP(=O)(O)OC2C(O)C(O)C(O)C(O)C2O)C(O)C(O)C1O)C(O)C(O)CCCCCCCCCCCCCC,an inositol phosphomannosylinositol-1-phospho-N-acyl-(4R)-4-hydroxysphinganine,2,66
274,*C(=O)NC(COP(=O)(O)OCCN)C(O)C(O)CCCCCCCCCCCCCC,an N-acyl-(4R)-4-hydroxysphinganine-1-phosphoethanolamine,2,32
275,*C(=O)NC(COP(=O)(O)OCC[N+](C)(C)C)C(O)C(O)CCCCCCCCCCC(C)C,N-acyl-4-hydroxy-15-methylhexadecasphinganine-1-phosphocholine,2,34
276,*C(=O)NC(COP(=O)(O)OCC[N+](C)(C)C)C(O)C(O)CCCCCCCCCCCCCC,an N-acyl-(4R)-4-hydroxysphinganine-phosphocholine,2,35
277,*C(=O)NC(COP(=O)(O)OCC[N+](C)(C)C)C(O)C=CCCCCCCCCCC(C)C,an N-acyl-15-methylhexadecasphing-4-enine-1-phosphocholine,4,33
278,*C(=O)NC(COP(=O)(O)OCC[N+](C)(C)C)C(O)C=CCCCCCCCCCCCCC,a sphingomyelin,4,34
279,*C(=O)NC(Cc1c[nH]c2ccccc12)C(=O)O,an N-(fatty acyl)-L-tryptophan,2,18
280,*C(=O)NC(Cc1ccc(O)cc1)C(=O)O,an N-(fatty acyl)-L-tyrosine,2,16
281,*C(=O)NC(Cc1ccccc1)C(=O)O,an N-acyl-L-phenylalanine,2,15
282,*C(=O)NC1C(O)CC(O)(C(=O)O)OC1C(O)C(O)CO,an N-acylneuraminate,6,21
283,*C(=O)NC1C(O)CC(O)(C(=O)O)OC1C(O)C(O)COP(=O)(O)O,an N-acylneuraminate 9-phosphate,4,25
284,*C(=O)NC1C(O)CC(OP(=O)(O)OCC2OC(n3ccc(N)nc3=O)C(O)C2O)(C(=O)O)OC1C(O)C(O)CO,a CMP-N-acyl-beta-neuraminate,4,41
285,*C(=O)NC1C(O)OC(COP(=O)(O)O)C(O)C1O,an N-acyl-D-glucosamine 6-phosphate,2,19
286,*C(=O)NC1C(OP(=O)(O)O)OC(CO)C(O)C1OC(*)=O,"2,3-diacyl-alpha-D-glucosaminyl 1-phosphate",2,22
287,*C(=O)NC1C(OP(=O)(O)OP(=O)(O)OCC2OC(n3ccc(=O)[nH]c3=O)C(O)C2O)OC(CO)C(O)C1OC(*)=O,"UDP-2,3-diacyl-alpha-D-glucosamine",2,42
288,*C(=O)NCC(=O)O,an N-(fatty acyl)-glycine,4,8
289,*C(=O)NCCO,an N-(long-chain fatty acyl)ethanolamine,8,7
290,*C(=O)NCCOP(=O)(O)O,an N-acylethanolamine phosphate,2,11
291,*C(=O)NCCOP(=O)(O)OCC(COC([1*])=O)OC([2*])=O,"an N-acyl-1,2-diacyl-sn-glycero-3-phosphoethanolamine",2,22
292,*C(=O)NCCOP(=O)(O)OCC(O)CO,N-acyl-sn-glycero-3-phosphoethanolamine,2,16
293,*C(=O)NCCS(=O)(=O)O,an N-fatty acyl-taurine,4,10
294,*C(=O)O,a fatty acid,132,4
295,*C(=O)OC,a fatty acid methyl ester,2,5
296,*C(=O)OC(*)CC(=O)NC1C(OCC2OC(OP(=O)(O)O)C(NC(=O)CC(*)O)C(OC(=O)CC(*)O)C2O)OC(COC2(C(=O)O)CC(OC3(C(=O)O)CC(O)C(O)C(C(O)CO)O3)C(O)C(C(O)CO)O2)C(OP(=O)(O)O)C1OC(=O)CC(*)O,an alpha-Kdo-(2->4)-alpha-Kdo-(2->6)-(acyl)-lipid IVA,4,88
297,*C(=O)OC(*)CC(=O)NC1C(OCC2OC(OP(=O)(O)O)C(NC(=O)CC(*)O)C(OC(=O)CC(*)O)C2O)OC(COC2(C(=O)O)CC(OC3(C(=O)O)CC(O)C(O)C(C(O)CO)O3)C(O)C(C(O)CO)O2)C(OP(=O)(O)O)C1OC(=O)CC(*)OC(*)=O,an alpha-Kdo-(2->4)-alpha-Kdo-(2->6)-lipid A,6,91
298,*C(=O)OC(*)CC(=O)NC1C(OCC2OC(OP(=O)(O)O)C(NC(=O)CC(*)O)C(OC(=O)CC(*)O)C2O)OC(COC2(C(=O)O)CC(OC3(C(=O)O)CC(O)C(O)C(C(O)CO)O3)C(OC3OC(C(O)CO)C(O)C(O)C3O)C(C(O)CO)O2)C(OP(=O)(O)O)C1OC(=O)CC(*)OC(*)=O,an L-alpha-D-Hep-(1->5)-[alpha-Kdo-(2->4)]-alpha-Kdo-(2->6)-lipid A,4,104
299,*C(=O)OC(*)CC(=O)NC1C(OCC2OC(OP(=O)(O)O)C(NC(=O)CC(*)O)C(OC(=O)CC(*)O)C2O)OC(COC2(C(=O)O)CC(OC3(C(=O)O)CC(O)C(O)C(C(O)CO)O3)C(OC3OC(C(O)CO)C(O)C(OC4OC(C(O)CO)C(O)C(O)C4O)C3O)C(C(O)CO)O2)C(OP(=O)(O)O)C1OC(=O)CC(*)OC(*)=O,an L-alpha-D-Hep-(1->3)-L-alpha-D-Hep-(1->5)-[alpha-Kdo-(2->4)]-alpha-Kdo-(2->6)-lipid A,4,117
300,*C(=O)OC(*)CC(=O)NC1C(OCC2OC(OP(=O)(O)O)C(NC(=O)CC(*)O)C(OC(=O)CC(*)O)C2O)OC(COC2(C(=O)O)CC(OC3(C(=O)O)CC(O)C(O)C(C(O)CO)O3)C(OC3OC(C(O)CO)C(OP(=O)(O)O)C(OC4OC(C(O)CO)C(O)C(O)C4O)C3O)C(C(O)CO)O2)C(OP(=O)(O)O)C1OC(=O)CC(*)OC(*)=O,an L-alpha-D-Hep-(1->3)-4-O-phospho-L-alpha-D-Hep-(1->5)-[alpha-Kdo-(2->4)]-alpha-Kdo-(2->6)-lipid A,4,121
301,*C(=O)OC(*)CC(=O)NC1C(OCC2OC(OP(=O)(O)O)C(NC(=O)CC(*)O)C(OC(=O)CC(*)O)C2O)OC(COC2(C(=O)O)CC(OC3(C(=O)O)CC(O)C(O)C(C(O)CO)O3)C(OC3OC(C(O)COC4OC(C(O)CO)C(O)C(O)C4O)C(OP(=O)(O)O)C(OC4OC(C(O)CO)C(O)C(O)C4O)C3O)C(C(O)CO)O2)C(OP(=O)(O)O)C1OC(=O)CC(*)OC(*)=O,an L-alpha-D-Hep-(1->7)-L-alpha-D-Hep-(1->3)-4-O-phospho-L-alpha-D-Hep-(1->5)-[alpha-Kdo-(2->4)]-alpha-Kdo-(2->6)-lipid A,2,134
302,*C(=O)OC(*)CC(=O)NC1C(OCC2OC(OP(=O)(O)OP(=O)(O)O)C(NC(=O)CC(*)O)C(OC(=O)CC(*)O)C2O)OC(COC2(C(=O)O)CC(OC3(C(=O)O)CC(O)C(O)C(C(O)CO)O3)C(O)C(C(O)CO)O2)C(OP(=O)(O)O)C1OC(=O)CC(*)OC(*)=O,an alpha-D-Kdo-(2->4)-alpha-D-Kdo-(2->6)-lipid A 1-diphosphate,2,95
303,*C(=O)OC(CC(=O)O)C[N+](C)(C)C,an O-acyl-(R)-carnitine,4,14
304,*C(=O)OC(CO)COC1OC(CO)C(O)C(O)C1O,a 2-acyl-3-O-(beta-D-galactosyl)-sn-glycerol,2,20
305,*C(=O)OC(CO)COP(=O)(O)O,a 2-acyl-sn-glycerol 3-phosphate,4,13
306,*C(=O)OC(CO)COP(=O)(O)OC1C(O)C(O)C(O)C(O)C1O,a 2-acyl-sn-glycero-3-phospho-D-myo-inositol,4,24
307,*C(=O)OC(CO)COP(=O)(O)OCC(N)C(=O)O,a 2-acyl-sn-glycero-3-phospho-L-serine,6,19
308,*C(=O)OC(CO)COP(=O)(O)OCC(O)CO,2-acyl-sn-glycero-3-phospho-(1'-sn-glycerol),6,18
309,*C(=O)OC(CO)COP(=O)(O)OCCN,a 2-acyl-sn-glycero-3-phosphoethanolamine,6,16
310,*C(=O)OC(CO)CO[1*],1-O-alkyl-2-acyl-sn-glycerol,2,10
311,*C(=O)OC(COC(=O)CCCCC)COP(=O)(O)OCC[N+](C)(C)C,1-hexanoyl-2-acyl-sn-glycero-3-phosphocholine,2,26
312,*C(=O)OC(COC(=O)CCCCCCCC=CCCCCCCCC)COP(=O)(O)O,a 1-(9Z-octadecenoyl)-2-acyl-sn-glycero-3-phosphate,2,32
313,*C(=O)OC(COC(=O)CCCCCCCC=CCCCCCCCC)COP(=O)(O)OCC(O)CO,a 1-(9Z-octadecenoyl)-2-acyl-sn-glycero-3-phosphoglycerol,2,37
314,*C(=O)OC(COC(=O)CCCCCCCC=CCCCCCCCC)COP(=O)(O)OCC[N+](C)(C)C,a 1-(9Z-octadecenoyl)-2-acyl-sn-glycero-3-phosphocholine,2,38
315,*C(=O)OC(COC(=O)CCCCCCCCCCCCCCC)COP(=O)(O)OCCN,1-hexadecanoyl-2-acyl-sn-glycero-3-phosphoethanolamine,4,33
316,*C(=O)OC(COC(=O)CCCCCCCCCCCCCCC)COP(=O)(O)OCC[N+](C)(C)C,a 1-hexadecanoyl-2-acyl-sn-glycero-3-phosphocholine,2,36
317,*C(=O)OC(COC(=O)CCCCCCCCCCCCCCCCC)COP(=O)(O)OC1C(O)C(O)C(O)C(O)C1O,1-octadecanoyl-2-acyl-sn-glycero-3-phospho-1D-myo-inositol,2,43
318,*C(=O)OC(COC(=O)CCCCCCCCCCCCCCCCC)COP(=O)(O)OCCN,1-octadecanoyl-2-acyl-sn-glycero-3-phosphoethanolamine,2,35
319,*C(=O)OC(CO[1*])COP(=O)(O)OCC[N+](C)(C)C,a 1-O-alkyl-2-acyl-sn-glycero-3-phosphocholine,2,20
320,*C(=O)OC1C(OC2OC(CO)C(O)C(O)C2O)OC(CO)C(O)C1O,"a 2-O-(long-chain fatty acyl)-alpha,alpha-trehalose",4,26
321,*C(=O)OC1CCC2(C)C(=CCC3C2CCC2(C)C(C(C)CCCC(C)C)CCC32)C1,a cholesterol ester,4,31
322,*C(=O)OC1CCC2(C)C(CCC3C4CCC(*)C4(C)CCC32)C1,a 3beta-hydroxysteroid ester,4,24
323,*C(=O)OCC,a fatty acid ethyl ester,2,6
324,*C(=O)OCC(=O)COP(=O)(O)O,a 1-acylglycerone 3-phosphate,8,13
325,*C(=O)OCC(COC1OC(CO)C(O)C(O)C1O)OC(*)=O,"a 1,2-diacyl-3-O-(alpha-D-glucopyranosyl)-sn-glycerol",4,23
326,*C(=O)OCC(COC1OC(CO)C(O)C(O)C1OC1OC(CO)C(O)C(O)C1O)OC(*)=O,"a 1,2-diacyl-3-O-[alpha-D-glucosyl-(1-> 2)-alpha-D-glucosyl]-sn-glycerol",2,34
327,*C(=O)OCC(COC1OC(COC2OC(CO)C(O)C(O)C2O)C(O)C(O)C1O)OC(*)=O,"a 1,2-diacyl-3-O-(beta-D-Glc-(1->6)-beta-D-Glc)-sn-glycerol",4,34
328,*C(=O)OCC(COC1OC(COC2OC(COC3OC(CO)C(O)C(O)C3O)C(O)C(O)C2O)C(O)C(O)C1O)OC(*)=O,"a 1,2-diacyl-3-O-(beta-D-Glc-(1->6)-beta-D-Glc-(1->6)-beta-D-Glc)-sn-glycerol",2,45
329,*C(=O)OCC(COP(=O)(O)O)OC(*)=O,1-acyl-2-hexadecenoyl-sn-glycero-3-phosphate,2,16
330,*C(=O)OCC(COP(=O)(O)O)OC(=O)CCCC=CCC=CCC=CCC=CCCCCC,"a 1-acyl-2-(5Z,8Z,11Z,14Z)-eicosatetraenoyl-sn-glycero-3-phosphate",4,34
331,*C(=O)OCC(COP(=O)(O)O)OC(=O)CCCCCCCC=CCC=CCCCCC,"a 1-acyl-2-(9Z,12Z)-octadecadienoyl-sn-glycero-3-phosphate",2,32
332,*C(=O)OCC(COP(=O)(O)O)OC(=O)CCCCCCCC=CCCCCCCCC,a 1-acyl-2-(9Z-octadecenoyl)-sn-glycero-3-phosphate,4,32
333,*C(=O)OCC(COP(=O)(O)O)OC(=O)CCCCCCCCCCC,a 1-acyl-2-dodecanoyl-sn-glycero-3-phosphate,2,26
334,*C(=O)OCC(COP(=O)(O)O)OC(=O)CCCCCCCCCCCCC,a 1-acyl-2-tetradecanoyl-sn-glycero-3-phosphate,2,28
335,*C(=O)OCC(COP(=O)(O)O)OC(=O)CCCCCCCCCCCCCCC,1-acyl-2-hexadecanoyl-sn-glycero-3-phosphate,2,30
336,*C(=O)OCC(COP(=O)(O)O)OC(=O)CCCCCCCCCCCCCCCCC,a 1-acyl-2-octadecanoyl-sn-glycero-3-phosphate,2,32
337,*C(=O)OCC(COP(=O)(O)OC1C(O)C(O)C(O)C(O)C1O)OC(*)=O,"a 1,2-diacyl-sn-glycero-3-phospho-(1D-myo-inositol)",16,27
338,*C(=O)OCC(COP(=O)(O)OC1C(O)C(O)C(O)C(O)C1O)OC(=O)CCCC=CCC=CCC=CCC=CCC=CCC,"a 1-acyl-2-(5Z,8Z,11Z,14Z,17Z-eicosapentaenoyl)-sn-glycero-3-phospho-(1D-myo-inositol)",2,45
339,*C(=O)OCC(COP(=O)(O)OC1C(O)C(O)C(O)C(O)C1O)OC(=O)CCCC=CCC=CCC=CCC=CCCCCC,"a 1-acyl-2-(5Z,8Z,11Z,14Z-eicosatetraenoyl)-sn-glycero-3-phospho-(1D-myo-inositol)",4,45
340,*C(=O)OCC(COP(=O)(O)OC1C(O)C(O)C(O)C(O)C1O)OC(=O)CCCCC,a 1-acyl-2-hexanoyl-sn-glycero-3-phospho-(1D-myo-inositol),2,31
341,*C(=O)OCC(COP(=O)(O)OC1C(O)C(O)C(O)C(O)C1O)OC(=O)CCCCCCCC=CCCCCCCCC,a 1-acyl-2-(9Z-octadecenoyl)-sn-glycero-3-phospho-(1D-myo-inositol),2,43
342,*C(=O)OCC(COP(=O)(O)OC1C(O)C(O)C(O)C(O)C1O)OC(=O)CCCCCCCCCCCCCCC,a 1-acyl-2-hexadecanoyl-sn-glycero-3-phospho-(1D-myo-inositol),2,41
343,*C(=O)OCC(COP(=O)(O)OC1C(O)C(O)C(O)C(O)C1O)OC(=O)CCCCCCCCCCCCCCCCC,a 1-acyl-2-octadecanoyl-sn-glycero-3-phospho-(1D-myo-inositol),2,43
344,*C(=O)OCC(COP(=O)(O)OC1C(O)C(O)C(O)C(O)C1OC1OC(CO)C(O)C(O)C1O)OC(*)=O,"a 1,2-diacyl-sn-glycero-3-phospho-[alpha-D-mannopyranosyl-(1<->6)-D-myo-inositol]",4,38
345,*C(=O)OCC(COP(=O)(O)OC1C(O)C(O)C(O)C(OP(=O)(O)O)C1O)OC(*)=O,"a 1,2-diacyl-sn-glycero-3-phospho-(1D-myo-inositol-5-phosphate)",12,31
346,*C(=O)OCC(COP(=O)(O)OC1C(O)C(O)C(O)C(OP(=O)(O)O)C1O)OC(=O)CCCCC,a 1-acyl-2-hexanoyl-sn-glycero-3-phospho-(1D-myo-inositol-5-phosphate),2,35
347,*C(=O)OCC(COP(=O)(O)OC1C(O)C(O)C(OP(=O)(O)O)C(O)C1O)OC(*)=O,"a 1,2-diacyl-sn-glycero-3-phospho-(1D-myo-inositol 4-phosphate)",8,31
348,*C(=O)OCC(COP(=O)(O)OC1C(O)C(O)C(OP(=O)(O)O)C(OP(=O)(O)O)C1O)OC(*)=O,"a 1,2-diacyl-sn-glycero-3-phospho-(1D-myo-inositol-3,4-bisphosphate)",12,35
349,*C(=O)OCC(COP(=O)(O)OC1C(O)C(OP(=O)(O)O)C(O)C(OP(=O)(O)O)C1O)OC(*)=O,"a 1,2-diacyl-sn-glycero-3-phospho-(1D-myo-inositol-3,5-bisphosphate)",4,35
350,*C(=O)OCC(COP(=O)(O)OC1C(O)C(OP(=O)(O)O)C(OP(=O)(O)O)C(OP(=O)(O)O)C1O)OC(*)=O,"a 1,2-diacyl-sn-glycero-3-phospho-(1D-myo-inositol-3,4,5-trisphosphate)",4,39
351,*C(=O)OCC(COP(=O)(O)OC1C(OC2OC(CO)C(O)C(O)C2O)C(O)C(O)C(O)C1OC1OC(CO)C(O)C(O)C1O)OC(*)=O,"a 2,6-O-bis(alpha-D-mannopyranosyl)-1-phosphatidyl-1D-myo-inositol",2,49
352,*C(=O)OCC(COP(=O)(O)OCC(=O)CO)OC(*)=O,"a 1,2-diacyl-sn-glycero-3-phospho-(1'-sn-glycerone)",2,21
353,*C(=O)OCC(COP(=O)(O)OCC(N)C(=O)O)OC(*)=O,"a 1,2-diacyl-sn-glycero-3-phospho-L-serine",10,22
354,*C(=O)OCC(COP(=O)(O)OCC(N)C(=O)O)OC(=O)CCCC=CCC=CCC=CCC=CCCCCC,"1-acyl-2-(5Z,8Z,11Z,14Z-eicosatetraenoyl)-sn-glycero-3-phospho-L-serine",2,40
355,*C(=O)OCC(COP(=O)(O)OCC(N)C(=O)O)OC(=O)CCCCCCCC=CCC=CCCCCC,"1-acyl-2-(9Z,12Z-octadecadienoyl)-sn-glycero-3-phospho-L-serine",2,38
356,*C(=O)OCC(COP(=O)(O)OCC(N)C(=O)O)OC(=O)CCCCCCCC=CCCCCCC,1-acyl-2-(9Z)-hexadecenoyl-sn-glycero-3-phosphoserine,2,36
357,*C(=O)OCC(COP(=O)(O)OCC(N)C(=O)O)OC(=O)CCCCCCCC=CCCCCCCCC,1-acyl-2-(9Z-octadecenoyl)-sn-glycero-3-phospho-L-serine,4,38
358,*C(=O)OCC(COP(=O)(O)OCC(O)CO)OC(*)=O,"a 1,2-diacyl-sn-glycero-3-phospho-(1'-sn-glycerol)",22,21
359,*C(=O)OCC(COP(=O)(O)OCC(O)CO)OC(=O)CCCCCCCC=CCCCCCCCC,1-acyl-2-(9Z-octadecenoyl)-sn-glycero-3-phospho-(1'-sn-glycerol),2,37
360,*C(=O)OCC(COP(=O)(O)OCC(O)CO)OC(=O)CCCCCCCCCCCCCCC,1-acyl-2-hexadecanoyl-sn-glycero-3-phospho-(1'-sn-glycerol),2,35
361,*C(=O)OCC(COP(=O)(O)OCC(O)COC(=O)C(C)N)OC(*)=O,"a 1,2-diacyl-sn-glycero-3-phospho-1'-(3'-O-L-alanyl)-sn-glycerol",2,26
362,*C(=O)OCC(COP(=O)(O)OCC(O)COC(=O)C(N)CCCCN)OC(*)=O,"a 1,2-diacyl-sn-glycero-3-phospho-1'-(3'-O-L-lysyl)-sn-glycerol",2,30
363,*C(=O)OCC(COP(=O)(O)OCC(O)COP(=O)(O)O)OC(*)=O,"a 1,2-diacyl-sn-glycero-3-phospho-(1'-sn-glycero-3'-phosphate)",4,25
364,*C(=O)OCC(COP(=O)(O)OCCN)OC(=O)CCCC=CCC=CCC=CCC=CCCCCC,"1-acyl-2-(5Z,8Z,11Z,14Z)-eicosatetraenoyl-sn-glycero-3-phosphoethanolamine",2,37
365,*C(=O)OCC(COP(=O)(O)OCC[N+](C)(C)C)OC(=O)CCCC=CCC=CCC=CCC=CCCCCC,"1-acyl-2-(5Z,8Z,11Z,14Z-eicosatetraenoyl)-sn-glycero-3-phosphocholine",2,40
366,*C(=O)OCC(NC(C)=O)C(O)C=CCCCCCCCCCCCCC,1-O-acyl-N-(acetyl)-sphing-4-enine,8,27
367,*C(=O)OCC(O)CO,a 1-acylglycerol,6,9
368,*C(=O)OCC(O)COP(=O)(O)O,a 1-acyl-sn-glycero-3-phosphate,26,13
369,*C(=O)OCC(O)COP(=O)(O)OC1C(O)C(O)C(O)C(O)C1O,a 1-acyl-sn-glycero-3-phospho-(1D-myo-inositol),16,24
370,*C(=O)OCC(O)COP(=O)(O)OCC(N)C(=O)O,a 1-acyl-sn-glycero-3-phospho-L-serine,16,19
371,*C(=O)OCC(O)COP(=O)(O)OCC(O)CO,1-acyl-sn-glycero-3-phospho-(1'-sn-glycerol),8,18
372,*C(=O)OCC(O)COP(=O)(O)OCC(O)COP(=O)(O)OCC(COC(*)=O)OC(=O)CCCC=CCC=CCC=CCC=CCCCCC,"1'-[1-acyl-2-(5Z,8Z,11Z,14Z)-eicosatetraenoyl-sn-glycero-3-phospho],3'-[1-acyl,2-hydroxy-sn-glycero-3-phospho]-glycerol",2,51
373,*C(=O)OCC(O)COP(=O)(O)OCC(O)COP(=O)(O)OCC(COC(*)=O)OC(=O)CCCCCCC,"1'-[1-acyl-2-octanoyl-sn-glycero-3-phospho],3'-[1-acyl,2-hydroxy-sn-glycero-3-phospho]-glycerol",2,39
374,*C(=O)OCC(O)COP(=O)(O)OCC(O)COP(=O)(O)OCC(COC(*)=O)OC(=O)CCCCCCCC=CCC=CCCCCC,"1'-[1-acyl-2-(9Z,12Z)-octadecadienoyl-sn-glycero-3-phospho],3'-[1-acyl,2-hydroxy-sn-glycero-3-phospho]-glycerol",2,49
375,*C(=O)OCC(O)COP(=O)(O)OCC(O)COP(=O)(O)OCC(COC(*)=O)OC(=O)CCCCCCCC=CCCCCCCCC,"1'-[1-acyl-2-(9Z)-octadecenoyl-sn-glycero-3-phospho],3'-[1-acyl,2-hydroxy-sn-glycero-3-phospho]-glycerol",2,49
376,*C(=O)OCC(O)COP(=O)(O)OCC(O)COP(=O)(O)OCC(COC(*)=O)OC(=O)CCCCCCCCCCC,"1'-[1-acyl-2-dodecanoyl-sn-glycero-3-phospho],3'-[1-acyl,2-hydroxy-sn-glycero-3-phospho]-glycerol",2,43
377,*C(=O)OCC(O)COP(=O)(O)OCC(O)COP(=O)(O)OCC(COC(*)=O)OC(=O)CCCCCCCCCCCCCCCCC,"1'-[1-acyl-2-octadecanoyl-sn-glycero-3-phospho],3'-[1-acyl,2-hydroxy-sn-glycero-3-phospho]-glycerol",2,49
378,*C(=O)OCC(O)COP(=O)(O)OCC(O)COP(=O)(O)OCC(O)COC(*)=O,"1',3'-bis-[1-acyl-sn-glycero-3-phospho]-glycerol",12,30
379,*C(=O)OCC=C(C)C=CC=C(C)C=CC1=C(C)CCCC1(C)C,an all-trans-retinyl ester,4,24
380,*C(=O)OCC=C(C)CCCC(C)CCCC(C)CCCC(C)C,a fatty acid phytyl ester,2,24
381,*C(=O)OP(=O)(O)O,an acyl phosphate,6,8
382,*C(=O)OP(=O)(O)OCC1OC(n2cnc3c(N)ncnc32)C(O)C1O,a 5'-acylphosphoadenosine,4,26
383,*C(=O)SCCNC(=O)CCNC(=O)C(O)C(C)(C)COP(=O)(O)OP(=O)(O)OCC1OC(n2cnc3c(N)ncnc32)C(O)C1OP(=O)(O)O,tetracosenoyl-CoA,50,51
384,*C(=O)c1c(O)c(CC=C(C)C)c(O)c(CC=C(C)C)c1O,"a 2-acyl-4,6-diprenylphloroglucinol",2,22
385,*C(=O)c1c(O)cc(O)c(CC=C(C)C)c1O,a 2-acyl-4-prenylphloroglucinol,4,17
386,*C(=O)c1c(O)cc(O)cc1O,a 2-acylphloroglucinol,4,12
387,*C(=O)c1c(O)cc(O)cc1OC1OC(CO)C(O)C(O)C1O,a 2-acylphloroglucinol 1-O-beta-D-glucoside,2,23
388,*C(C)C(=O)O,a 2-methyl fatty acid,2,6
389,*C(C)C=O,a 2-methyl-branched fatty aldehyde,2,5
390,*C(C)CC(=O)O,3-methyl fatty acid,2,7
391,*C(C)CC(=O)SCCNC(=O)CCNC(=O)C(O)C(C)(C)COP(=O)(O)OP(=O)(O)OCC1OC(n2cnc3c(N)ncnc32)C(O)C1OP(=O)(O)O,a 3-methyl fatty acyl-CoA,2,54
392,*C(C)CCCC(C)C1CCC2C3CC=C4CC(O)CCC4(C)C3CCC12C,25-substituted-cholesterol,4,28
393,*C(C)CCCC(C)C1CCC2C3CC=C4CC(OC5OC(CO)C(O)C(O)C5O)CCC4(C)C3CCC12C,25-substituted-cholesteryl beta-D-glucoside,4,39
394,*C(CC(=O)NC(CCCN)C(=O)O)OC(=O)C(*)O,a 2-hydroxyornithine lipid,2,20
395,*C(CC(=O)O)NC(O)C(=O)O,a (3R)-3-{[carboxy(hydroxy)methyl]amino}fatty acid,2,12
396,*C(CC(=O)O)NCC(=O)O,a (3R)-3-[(carboxymethyl)amino]fatty acid,2,11
397,*C(CC(=O)O)[N+]#[C-],a (3R)-3-isocyanyl-fatty acid,4,8
398,*C(CC(=O)OP(=O)(O)OCC1OC(n2cnc3c(N)ncnc32)C(O)C1O)[N+]#[C-],a (3R)-3-isocyanyl-fatty acyl-AMP,4,30
399,*C(N)=O,an aliphatic primary amide,4,4
400,*C(N)C(=O)N1CCCC1C(=O)O,Xaa-L-Pro dipeptide,2,13
401,*C(N)C(=O)NC(*)C(=O)O,an L-aminoacyl-L-amino acid,4,11
402,*C(N)C(=O)O,an L-alpha-amino acid,34,6
403,*C(N)C(=O)OC1C(COP(*)(=O)O)OC(n2cnc3c(N)ncnc32)C1O,,2,28
404,*C(NC(=O)C(N)CCCNC(=N)N)C(=O)O,L-arginyl-L-alpha-amino acid,2,17
405,*C(NC(=O)CC1CCC(=O)C1CC=CCC)C(=O)O,a jasmonyl-L-amino acid,4,20
406,*C(NC(=O)CCC(N)C(=O)O)C(=O)O,an alpha-(gamma-L-glutamyl)-L-amino acid,4,15
407,*C(NC(N)=O)C(=O)O,an N-carbamoyl-D-amino acid,2,9
408,*C(NC)C(=O)O,an N-methyl-L-amino acid,2,7
409,*C(O)C#N,an aromatic (S)-hydroxynitrile,2,5
410,*C(O)C(*)C(*)C(=O)O,a 4-hydroxyacid,2,10
411,*C(O)C(*)C(=O)O,"a (2R,3S)-2-alkyl-3-hydroxyalkanoate",2,8
412,*C(O)C(=O)NC(CO)C(O)CCCCCCCCCCCCCCC,an N-(2-hydroxyacyl)-sphinganine,6,26
413,*C(O)C(=O)NC(COC1OC(CO)C(O)C(O)C1O)C(O)CCCCCCCCCCCCCCC,an N-(2-hydroxyacyl)-beta-D-galactosyl-sphinganine,2,37
414,*C(O)C(=O)O,a (2S)-2-hydroxycarboxylate,4,6
415,*C(O)C(=O)SCCNC(=O)CCNC(=O)C(O)C(C)(C)COP(=O)(O)OP(=O)(O)OCC1OC(n2cnc3c(N)ncnc32)C(O)C1OP(=O)(O)O,2-hydroxytetracosenoyl-CoA,4,53
416,*C(O)C(CO)NC(=O)CCCCCCCCCCCCCCCCCCCCCCC,an N-tetracosanoyl-sphingoid base,2,32
417,*C(O)C(N)CO,a sphingoid base,8,7
418,*C(O)C(N)COC1OC(CO)C(O)C(O)C1O,a beta-D-glucosyll-(1<->1')-sphingoid base,2,18
419,*C(O)C(N)COC1OC(CO)C(OC2OC(CO)C(OC3OC(CO)C(O)C(O)C3O)C(O)C2O)C(O)C1O,a lysoGb3,2,40
420,*C(O)C(N)COP(=O)(O)O,a sphingoid 1-phosphate,6,11
421,*C(O)C(N)COP(=O)(O)OCC[N+](C)(C)C,a sphingosylphosphocholine,2,17
422,*C(O)CC(=O)NC1C(O)C(CO)OC(OP(=O)(O)OP(=O)(O)OCC2OC(n3ccc(=O)[nH]c3=O)C(O)C2O)C1NC(C)=O,"a UDP-2-acetamido-3-{[(3R)-3-hydroxyacyl]amino}-2,3-dideoxy-alpha-D-glucopyranose",2,45
423,*C(O)CC(=O)NC1C(OCC2OC(OP(=O)(O)O)C(NC(=O)CC(*)O)C(OC(=O)CC(*)O)C2O)OC(CO)C(O)C1OC(=O)CC(*)O,a lipid A disaccharide,4,51
424,*C(O)CC(=O)NC1C(OP(=O)(O)O)OC(CO)C(O)C1OC(=O)CC(*)O,a lipid X,4,28
425,*C(O)CC(=O)NC1C(OP(=O)(O)O)OC(COC2OC(CO)C(OP(=O)(O)O)C(OC(=O)CC(*)O)C2NC(=O)CC(*)O)C(O)C1OC(=O)CC(*)O,a lipid IVA,4,55
426,*C(O)CC(=O)NC1C(OP(=O)(O)O)OC(COC2OC(COC3(C(=O)O)CC(O)C(O)C(C(O)CO)O3)C(OP(=O)(O)O)C(OC(=O)CC(*)O)C2NC(=O)CC(*)O)C(O)C1OC(=O)CC(*)O,an alpha-Kdo-(2->6)-lipid IVA,6,70
427,*C(O)CC(=O)NC1C(OP(=O)(O)O)OC(COC2OC(COC3(C(=O)O)CC(OC4(C(=O)O)CC(O)C(O)C(C(O)CO)O4)C(O)C(C(O)CO)O3)C(OP(=O)(O)O)C(OC(=O)CC(*)O)C2NC(=O)CC(*)O)C(O)C1OC(=O)CC(*)O,an alpha-Kdo-(2->4)-alpha-Kdo-(2->6)-lipid IVA,8,85
428,*C(O)CC(=O)NC1C(OP(=O)(O)O)OC(COC2OC(COC3(C(=O)O)CC(OC4(C(=O)O)CC(O)C(O)C(C(O)COC5(C(=O)O)CC(O)C(O)C(C(O)CO)O5)O4)C(O)C(C(O)CO)O3)C(OP(=O)(O)O)C(OC(=O)CC(*)O)C2NC(=O)CC(*)O)C(O)C1OC(=O)CC(*)O,an alpha-Kdo-(2->8)-alpha-Kdo-(2->4)-alpha-Kdo-(2->6)-lipid IVA,4,100
429,*C(O)CC(=O)NC1C(OP(=O)(O)O)OC(COC2OC(COC3(C(=O)O)CC(OC4(C(=O)O)CC(OC5(C(=O)O)CC(O)C(O)C(C(O)CO)O5)C(O)C(C(O)CO)O4)C(O)C(C(O)CO)O3)C(OP(=O)(O)O)C(OC(=O)CC(*)O)C2NC(=O)CC(*)O)C(O)C1OC(=O)CC(*)O,an alpha-Kdo-(2->4)-alpha-Kdo-(2->4)-alpha-Kdo-(2->6)-lipid IVA,2,100
430,*C(O)CC(=O)NC1C(OP(=O)(O)O)OC(COC2OC(COC3(C(=O)O)CC(OC4(C(=O)O)CC(OC5(C(=O)O)CC(O)C(O)C(C(O)CO)O5)C(O)C(C(O)COC5(C(=O)O)CC(O)C(O)C(C(O)CO)O5)O4)C(O)C(C(O)CO)O3)C(OP(=O)(O)O)C(OC(=O)CC(*)O)C2NC(=O)CC(*)O)C(O)C1OC(=O)CC(*)O,an alpha-Kdo-(2->8)-[alpha-Kdo-(2->4)]-alpha-Kdo-(2->4)-alpha-Kdo-(2->6)-lipid IVA,2,115
431,*C(O)CC(=O)NC1C(OP(=O)(O)O)OC(COC2OC(COC3(C(=O)O)CC(OP(=O)(O)O)C(O)C(C(O)CO)O3)C(OP(=O)(O)O)C(OC(=O)CC(*)O)C2NC(=O)CC(*)O)C(O)C1OC(=O)CC(*)O,a 4-O-phospho-alpha-Kdo-(2->6)-lipid IVA,2,74
432,*C(O)CC(=O)NC1C(OP(=O)(O)OP(=O)(O)OCC2OC(n3ccc(=O)[nH]c3=O)C(O)C2O)OC(CO)C(O)C1OC(=O)CC(*)O,"a UDP-2-N,3-O-bis[(3R)-3-hydroxyacyl]-alpha-D-glucosamine",6,48
433,*C(O)CC(=O)O,a 3-hydroxy fatty acid,2,7
434,*C(O)CC(=O)OC1C(N)C(OP(=O)(O)OP(=O)(O)OCC2OC(n3ccc(=O)[nH]c3=O)C(O)C2O)OC(CO)C1O,a UDP-3-O-[(3R)-3-hydroxyacyl]-alpha-D-glucosamine,4,42
435,*C(O)CC(=O)OC1C(O)C(CO)OC(OP(=O)(O)OP(=O)(O)OCC2OC(n3ccc(=O)[nH]c3=O)C(O)C2O)C1NC(C)=O,a UDP-3-O-[(3R)-3-hydroxyacyl]-N-acetyl-alpha-D-glucosamine,4,45
436,*C(O)CC(=O)SCCNC(=O)CCNC(=O)C(O)C(C)(C)COP(=O)(O)OP(=O)(O)OCC1OC(n2cnc3c(N)ncnc32)C(O)C1OP(=O)(O)O,a 3-hydroxy-fatty acyl-CoA,6,54
437,*C(O)OCC(O)CO,a 1-(1-hydroxyalkyl)-sn-glycerol,2,9
438,*C(OO)C(=O)O,a (2R)-2-hydroperoxy fatty acid,2,7
439,*C(S)=NOS(=O)(=O)O,a (Z)-N-(sulfonatooxy)alkanimidothioate,2,9
440,*C12CCCCC1CCC1C2CCC2(C)C(O)CCC12,a 17beta-hydroxy steroid,4,20
441,*C12CCCCC1CCC1C3CCC(=O)C3(C)CCC12,a 17-oxo steroid,4,20
442,*C1=NC(=*)N(C2CC(O)C(COP(=O)(O)O)O2)C(*)=C1*,a pyrimidine 2'-deoxyribonucleoside 5'-phosphate,2,22
443,*C1=NC(=*)N(C2OC(CO)C(O)C2O)C(*)=C1*,a pyrimidine ribonucleoside,2,19
444,*C1=NC(=*)N(C2OC(COP(=O)(O)O)C(O)C2O)C(*)=C1*,a pyrimidine ribonucleoside 5'-phosphate,2,23
445,*C1=NC(=*)NC(*)=C1*,a pyrimidine nucleobase,6,10
446,*C1=Nc2[nH]cnc2C(=*)N1,a purine nucleobase,4,11
447,*C1=Nc2c(ncn2C2CC(O)C(CO)O2)C(=*)N1,a purine 2'-deoxy-D-ribonucleoside,2,19
448,*C1=Nc2c(ncn2C2CC(O)C(COP(=O)(O)O)O2)C(=*)N1,a purine 2'-deoxyribonucleoside 5'-phosphate,2,23
449,*C1=Nc2c(ncn2C2OC(CO)C(O)C2O)C(=*)N1,a purine D-ribonucleoside,4,20
450,*C1=Nc2nc[nH]c2C(=*)N1,,4,11
451,*C1C(=O)CC2C3CCC4CCCCC4(C)C3CCC12C,a 16-oxosteroid,4,21
452,*C1C(=O)N(*)C1*,a beta-lactam,2,8
453,*C1C(COP(=O)(O)OC2C(COP(=O)(O)OC3C(COP(=O)(O)OC4C(COP(=O)(O)OP(=O)(O)OP(=O)(O)O)OC(n5cnc6c(N)ncnc65)C4O)OC(n4cnc5c(N)ncnc54)C3O)OC(n3cc(C)c(=O)[nH]c3=O)C2O)OC(n2cnc3c(N)ncnc32)C1O,,2,96
454,*C1C(COP(=O)(O)OC2C(COP(=O)(O)OC3C(COP(=O)(O)OC4C(COP(=O)(O)OP(=O)(O)OP(=O)(O)OCC5OC(n6c[n+](C)c7c(=O)[nH]c(N)nc76)C(O)C5O)OC(n5cnc6c(N)ncnc65)C4OC)OC(n4cnc5c(N)ncnc54)C3O)OC(n3cc(C)c(=O)[nH]c3=O)C2O)OC(n2cnc3c(N)ncnc32)C1O,,2,117
455,*C1C(COP(=O)(O)OC2C(COP(=O)(O)OC3C(COP(=O)(O)OC4C(COP(=O)(O)OP(=O)(O)OP(=O)(O)OCC5OC(n6cnc7c(=O)[nH]c(N)nc76)C(O)C5O)OC(n5cnc6c(N)ncnc65)C4O)OC(n4cnc5c(N)ncnc54)C3O)OC(n3cc(C)c(=O)[nH]c3=O)C2O)OC(n2cnc3c(N)ncnc32)C1O,,4,115
456,*C1C(COP(=O)(O)OC2C(COP(=O)(O)OC3C(COP(=O)(O)OC4C(COP(=O)(O)OP(=O)(O)OP(=O)(O)OCC5OC(n6cnc7c(=O)[nH]c(N)nc76)C(O)C5O)OC(n5cnc6c(N)ncnc65)C4OC)OC(n4cnc5c(N)ncnc54)C3O)OC(n3cc(C)c(=O)[nH]c3=O)C2O)OC(n2cnc3c(N)ncnc32)C1O,,4,116
457,*C1C(O)CC2C3CCC4CCCCC4(C)C3CCC12C,a 16alpha-hydroxysteroid,4,21
458,*C1CC(O)C(CO)O1,a 2'-deoxyribonucleoside,8,9
459,*C1CC(O)C(COP(*)(=O)O)O1,,10,13
460,*C1CC(O)C(COP(=O)(O)O)O1,a 2'-deoxyribonucleoside 5'-phosphate,20,13
461,*C1CC(O)C(COP(=O)(O)OC2CC(*)OC2COP(*)(=O)O)O1,,2,25
462,*C1CC(O)C(COP(=O)(O)OP(=O)(O)O)O1,a 2'-deoxyribonucleoside 5'-diphosphate,18,17
463,*C1CC(O)C(COP(=O)(O)OP(=O)(O)OP(=O)(O)O)O1,a 2'-deoxyribonucleoside 5'-triphosphate,16,21
464,*C1CC(OP(=O)(O)O)C(CO)O1,a 2'-deoxyribonucleoside 3'-phosphate,4,13
465,*C1CC(OP(=O)(O)O)C(COP(*)(=O)O)O1,,8,17
466,*C1CC(OP(=O)(O)OCC(=O)O)C(COP(*)(=O)O)O1,,2,21
467,*C1CC(OP(=O)(O)OCC(O)C=CC=O)C(COP(*)(=O)O)O1,,2,24
468,*C1CC(OP(=O)(O)OCC2OC(n3c(=O)[nH]c4c(=O)[nH]c(N)nc43)CC2O)C(COP(*)(=O)O)O1,,1,36
469,*C1CC(OP(=O)(O)OCC2OC(n3c(=O)[nH]c4c(=O)nc(N)[nH]c43)CC2O)C(COP(*)(=O)O)O1,,1,36
470,*C1CC(OP(=O)(O)OP(=O)(O)OCC2OC(n3cnc4c(=O)[nH]c(N)nc43)C(O)C2O)C(COP(*)(=O)O)O1,,2,40
471,*C1CC(OP(=O)(O)Oc2ccc(CC(N)C(=O)O)cc2)C(COP(*)(=O)O)O1,,2,29
472,*C1CCC2C3C(=O)CC4CCCCC4(C)C3CCC12C,a 7-oxosteroid,2,21
473,*C1CCC2C3C(O)CC4CCCCC4(C)C3CCC12C,a 7beta-hydroxysteroid,2,21
474,*C1CCC2C3CC=C4CC(=O)CCC4(C)C3CCC12C,a 3-oxo-Delta(5)-steroid,6,21
475,*C1CCC2C3CC=C4CC(O)CCC4(C)C3CCC12C,a 3beta-hydroxy-Delta(5)-steroid,4,21
476,*C1CCC2C3CCC4=CC(=O)CCC4(C)C3CCC12C,a 3-oxo-Delta(4)-steroid,4,21
477,*C1CCC2C3CCC4C(C(=O)O)C(O)CCC4(C)C3CCC12C,a 3beta-hydroxysteroid-4alpha-carboxylate,4,24
478,*C1CCC2C3CCC4C(C)(C)C(O)CCC4(C)C3CCC12C,"a 3beta-hydroxy-4,4-dimethylsteroid",2,23
479,*C1CCC2C3CCC4C(C)(C=O)C(O)CCC4(C)C3CCC12C,a 3beta-hydroxy-4beta-formyl-4alpha-methylsteroid,4,24
480,*C1CCC2C3CCC4C(C)(CCC(O)C4(C)C(=O)O)C3CCC12C,a 3beta-hydroxy-4alpha-methylsteroid-4beta-carboxylate,6,25
481,*C1CCC2C3CCC4C(C)(CO)C(O)CCC4(C)C3CCC12C,a 3beta-hydroxy-4beta-hydroxymethyl-4alpha-methylsteroid,4,24
482,*C1CCC2C3CCC4C(C)C(=O)CCC4(C)C3CCC12C,a 4alpha-methyl-3-oxosteroid,4,22
483,*C1CCC2C3CCC4CC(=O)C=CC4(C)C3CCC12C,a 3-oxo-Delta(1)-steroid,2,21
484,*C1CCC2C3CCC4CC(=O)CC(O)C4(C)C3CCC12C,a 1-hydroxy-3-oxo steroid,2,22
485,*C1CCC2C3CCC4CC(=O)CCC4(C)C3CCC12C,a 3-oxo-5beta-steroid,10,21
486,*C1CCC2C3CCC4CC(O)CCC4(C)C3CCC12C,a sterol,10,21
487,*C1CCC2C3CCC4CC(OC5OC(CO)C(O)C(O)C5O)CCC4(C)C3CCC12C,a sterol 3-beta-D-glucoside,2,32
488,*C1CCC2C3CCC4CCCCC4(C)C3C(=O)CC12C,an 11-oxosteroid,4,21
489,*C1CCC2C3CCC4CCCCC4(C)C3C(O)CC12C,an 11beta-hydroxysteroid,4,21
490,*C1CCC2C3CCc4cc(O)ccc4C3CCC12C,a phenolic steroid,2,20
491,*C1CCC2C3CCc4cc(OS(=O)(=O)O)ccc4C3CCC12C,a phenolic steroid 3-O-sulfate,2,24
492,*C1OC(=O)C(*)C1*,"a 1,4-lactone",2,9
493,*C1OC(=O)C(O)C(O)C1O,"a D-threo-aldono-1,5-lactone",4,11
494,*C1OC(CO)C(O)C1OP(=O)(O)O,a nucleoside 2'-phosphate,2,14
495,*C1OC(CO)C(OP(=O)(O)O)C1O,a nucleoside 3'-phosphate,2,14
496,*C1OC(CO)C2OP(=O)(O)OC12,"a nucleoside 2',3'-cyclic phosphate",4,13
497,*C1OC(COP(*)(=O)O)C(O)C1O,,4,14
498,*C1OC(COP(*)(=O)O)C(O)C1OC,,2,15
499,*C1OC(COP(*)(=O)O)C(O)C1OP(=O)(O)O,,2,18
500,*C1OC(COP(*)(=O)O)C(OP(=O)(O)O)C1O,,9,18
501,*C1OC(COP(*)(=O)O)C(OP(=O)(O)OCC2OC(n3ccc(N)nc3=O)C(O)C2OP(=O)(O)OCC2OC(n3ccc(N)nc3=O)C(O)C2O)C1O,,2,54
502,*C1OC(COP(*)(=O)O)C(OP(=O)(O)OCC2OC(n3ccc(N)nc3=O)C(O)C2OP(=O)(O)OCC2OC(n3ccc(N)nc3=O)C(O)C2OP(=O)(O)OCC2OC(n3cnc4c(N)ncnc43)C(O)C2O)C1O,,2,76
503,*C1OC(COP(*)(=O)O)C(OP(=O)(O)OCC2OC(n3cnc4c(=O)[nH]c(N)nc43)C(O)C2OP(=O)(O)OCC2OC(n3ccc(N)nc3=O)C(O)C2OP(=O)(O)OCC2OC(n3ccc(N)nc3=O)C(O)C2OP(=O)(O)OCC2OC(n3cnc4c(N)ncnc43)C(O)C2O)C1O,,2,99
504,*C1OC(COP(*)(=O)O)C(OP(=O)(O)OP(=O)(O)OCC2OC(n3cnc4c(=O)[nH]c(N)nc43)C(O)C2O)C1O,,3,41
505,*C1OC(COP(*)(=O)O)C2OP(=O)(O)OC12,,8,17
506,*C1OC(COP(=O)(O)OP(=O)(O)O)C(O)C1O,a ribonucleoside 5'-diphosphate,22,18
507,*C1OC(COP(=O)(O)OP(=O)(O)OC2OC(CO)C(O)C(O)C2O)C(O)C1O,an NDP-alpha-D-glucose,8,29
508,*C1OC(COP(=O)(O)OP(=O)(O)OP(=O)(O)O)C(O)C1O,a ribonucleoside 5'-triphosphate,18,22
509,*C1OC(COP(=O)(O)OP(=O)(O)OP(=O)(O)OCC2OC(n3c[n+](C)c4c(=O)[nH]c(N)nc43)C(O)C2O)C(O)C1O,a (N(7)-methyl 5'-triphosphoguanosine)-nucleoside,2,42
510,*C1OC(O)C(O)C(O)C1O,a D-threo-aldose,4,11
511,*C=C(C)C=CC=C(C)C=CC1=C(C)CCCC1(C)C,a carotenoid beta-end derivative,2,20
512,*C=C(C)C=CC=C(C)C=CC1C(C)=CCCC1(C)C,a carotenoid epsilon-end group,2,20
513,*C=C(C)C=CC=C(C)C=CC=C(C)CCC=C(C)C,a carotenoid psi-end group,4,20
514,*C=CC(=O)O,a (2E)-enoyl fatty acid,4,6
515,*C=CC(=O)OP(=O)(O)OCC1OC(n2cnc3c(N)ncnc32)C(O)C1O,a (2E)-2-fatty-enoyl-AMP,4,28
516,*C=CC(=O)SCCNC(=O)CCNC(=O)C(O)C(C)(C)COP(=O)(O)OCC(N*)C(*)=O,,10,34
517,*C=CC(=O)SCCNC(=O)CCNC(=O)C(O)C(C)(C)COP(=O)(O)OP(=O)(O)OCC1OC(n2cnc3c(N)ncnc32)C(O)C1OP(=O)(O)O,"a 2,3-dehydroacyl-CoA",6,53
518,*C=CC=CC(=O)SCCNC(=O)CCNC(=O)C(O)C(C)(C)COP(=O)(O)OP(=O)(O)OCC1OC(n2cnc3c(N)ncnc32)C(O)C1OP(=O)(O)O,"a (2E,4Z)-dienoyl-CoA",4,55
519,*C=CC=CCC(=O)SCCNC(=O)CCNC(=O)C(O)C(C)(C)COP(=O)(O)OP(=O)(O)OCC1OC(n2cnc3c(N)ncnc32)C(O)C1OP(=O)(O)O,"a (3E,5Z)-dienoyl-CoA",2,56
520,*C=CC=O,an alk-2-enal,4,5
521,*C=CCCCCCCCC(=O)OC(COC(*)=O)COP(=O)(O)O*,a 1-acyl-2-(9Z)-enoyl-sn-glycero-3-phospholipid,4,26
522,*C=COCC(CO)OC(*)=O,a 1-O-(1Z-alkenyl)-2-acyl-sn-glycerol,8,12
523,*C=COCC(COP(=O)(O)O)OC(*)=O,1-O-(1Z-alkenyl)-2-acyl-sn-glycero-3-phosphate,4,16
524,*C=COCC(COP(=O)(O)OCC(N)C(=O)O)OC(*)=O,1-O-(1Z-alkenyl)-2-acyl-sn-glycero-3-phospho-L-serine,2,22
525,*C=COCC(COP(=O)(O)OCCN)OC(*)=O,a 1-O-(1Z-alkenyl)-2-acyl-sn-glycero-3-phosphoethanolamine,10,19
526,*C=COCC(COP(=O)(O)OCCN)OC(=O)CCCC=CCC=CCC=CCC=CCCCCC,"1-O-(1Z)-alkenyl-2-(5Z,8Z,11Z,14Z)-eicosatetraenoyl-sn-glycero-3-phosphoethanolamine",4,37
527,*C=COCC(COP(=O)(O)OCCN)OC(=O)CCCCCCC,1-O-(1Z)-alkenyl-2-octanoyl-sn-glycero-3-phosphoethanolamine,2,25
528,*C=COCC(COP(=O)(O)OCCN)OC(=O)CCCCCCCC=CCC=CCCCCC,"1-O-(1Z-alkenyl)-2-(9Z,12Z-octadecadienoyl)-sn-glycero-3-phosphoethanolamine",2,35
529,*C=COCC(COP(=O)(O)OCCN)OC(=O)CCCCCCCC=CCCCCCCCC,1-O-(1Z)-alkenyl-2-(9Z)-octadecenoyl-sn-glycero-3-phosphoethanolamine,2,35
530,*C=COCC(COP(=O)(O)OCCN)OC(=O)CCCCCCCCCCCCCCC,1-O-(1Z)-alkenyl-2-hexadecanoyl-sn-glycero-3-phosphoethanolamine,4,33
531,*C=COCC(COP(=O)(O)OCCN)OC(=O)CCCCCCCCCCCCCCCCC,1-O-(1Z)-alkenyl-2-octadecanoyl-sn-glycero-3-phosphoethanolamine,2,35
532,*C=COCC(COP(=O)(O)OCCN)OC(C)=O,1-O-(1Z-alkenyl)-2-acetyl-sn-glycero-3-phosphoethanolamine,2,19
533,*C=COCC(COP(=O)(O)OCC[N+](C)(C)C)OC(*)=O,a 1-O-(1Z-alkenyl)-2-acyl-sn-glycero-3-phosphocholine,6,22
534,*C=COCC(COP(=O)(O)OCC[N+](C)(C)C)OC(=O)CCCCCCCC=CCCCCCCCC,1-O-(1Z)-alkenyl-2-(9Z)-octadecenoyl-sn-glycero-3-phosphocholine,2,38
535,*C=COCC(COP(=O)(O)OCC[N+](C)(C)C)OC(=O)CCCCCCCCCCCCCCC,1-O-(1Z)-alkenyl-2-hexadecanoyl-sn-glycero-3-phosphocholine,2,36
536,*C=COCC(COP(=O)(O)OCC[N+](C)(C)C)OC(C)=O,1-O-(1Z)-alkenyl-2-acetyl-sn-glycero-3-phosphocholine,2,22
537,*C=COCC(O)CO,1-O-(alk-1-enyl)-sn-glycerol,4,9
538,*C=COCC(O)COP(=O)(O)O,1-O-(alk-1-enyl)-sn-glycero-3-phosphate,6,13
539,*C=COCC(O)COP(=O)(O)OCCN,a 1-O-(1Z-alkenyl)-sn-glycero-3-phosphoethanolamine,24,16
540,*C=COCC(O)COP(=O)(O)OCC[N+](C)(C)C,a 1-O-(1Z-alkenyl)-sn-glycero-3-phosphocholine,12,19
541,*C=CSO,(E)-alk-1-en-1-SO-peroxol,2,5
542,*C=NO,an aliphatic aldoxime,2,4
543,*C=O,a long-chain fatty aldehyde,36,3
544,*CC(=CC(=O)SCCNC(=O)CCNC(=O)C(O)C(C)(C)COP(=O)(O)OCC(N*)C(*)=O)CC(=O)O,,4,39
545,*CC(=O)C1=C(COP(=O)(O)O)COC1=O,,2,16
546,*CC(=O)C1C(=O)OCC1CO,"a (3R,4R)-3-alkanoyl-4-(hydroxymethyl)oxolan-2-one",2,12
547,*CC(=O)C1C(=O)OCC1COP(=O)(O)O,,2,16
548,*CC(=O)NC(CO)C(O)CCCCCCCCCCCCCCC,"an N-(1,2-saturated acyl)sphinganine",2,25
549,*CC(=O)O,"a 1,2-saturated fatty acid",4,5
550,*CC(=O)OC(*)CC(=O)NC(CCCN(C)C)C(=O)O,"an N,N-dimethylornithine lipid",4,21
551,*CC(=O)OC(*)CC(=O)NC(CCCN)C(=O)O,an N(2)-[(3R)-3-(2-saturated-acyloxy)acyl]-L-ornithine lipid,6,19
552,*CC(=O)OC(*)CC(=O)NC(CCCNC)C(=O)O,an N-methylornithine lipid,4,20
553,*CC(=O)OC(*)CC(=O)NC(CCC[N+](C)(C)C)C(=O)O,"an N,N,N-trimethylornithine lipid",4,22
554,*CC(C)=CC(=O)SCCNC(=O)CCNC(=O)C(O)C(C)(C)COP(=O)(O)OCC(N*)C(*)=O,,2,36
555,*CC(C)CC(C)C=C(C)C(=O)OC1C(O)C(CO)OC(OC2OC(CO)C(O)C(O)C2O)C1OC(*)=O,a 2-O-(long-chain fatty acyl)-3-O-mycolipenoyl-trehalose,2,38
556,*CC(C)CC(C)C=C(C)C(=O)SCCNC(=O)CCNC(=O)C(O)C(C)(C)COP(=O)(O)OP(=O)(O)OCC1OC(n2cnc3c(N)ncnc32)C(O)C1OP(=O)(O)O,a mycolipenoyl-CoA,2,60
557,*CC(O)(CC(=O)O)CC(=O)SCCNC(=O)CCNC(=O)C(O)C(C)(C)COP(=O)(O)OCC(N*)C(*)=O,,2,40
558,*CC(O)C(COP(=O)(O)OC1C(O)C(O)C(O)C(O)C1O)NC(*)=O,an inositol-1-phosphodihydroceramide,2,26
559,*CC(O)C(COP(=O)(O)OC1C(O)C(O)C(O)C(O)C1OC1OC(CO)C(O)C(O)C1O)NC(*)=O,a mannosylinositol-1-phosphoceramide,2,37
560,*CC(O)C1C(=O)OCC1CO,"a (3R,4R)-3-[(1S)-1-hydroxyalkyl]-4-(hydroxymethyl)oxolan-2-one",2,12
561,*CC1=C(C(O)O)c2cc3[nH]c(c(C)c4nc(c5c6[nH]c(cc1n2)c(*)c6C(=O)C5)C(CCC(=O)O)C4C)c(C)c3C(C)O,"a 7(1),7(1)-dihydroxybacteriochlorophyllide c",4,44
562,*CC1=C(C(O)O)c2cc3[nH]c(cc4nc(c5c6[nH]c(cc1n2)c(*)c6C(=O)C5)C(CCC(=O)O)C4C)c(C)c3C(C)O,"a 7(1),7(1)-dihydroxybacteriochlorophyllide d",4,43
563,*CC1=C(C)c2cc3[nH]c(c(C)c4nc(c5c6[nH]c(cc1n2)c(*)c6C(=O)C5)C(CCC(=O)O)C4C)c(C)c3C(C)O,a bacteriochlorophyllide c,4,42
564,*CC1=C(C)c2cc3[nH]c(cc4nc(c5c6[nH]c(cc1n2)c(*)c6C(=O)C5)C(CCC(=O)O)C4C)c(C)c3C(C)O,a bacteriochlorophyllide d,6,41
565,*CC1=C(C)c2cc3[nH]c(cc4nc(c5c6[nH]c(cc1n2)c(*)c6C(=O)C5)C(CCC(=O)O)C4C)c(C)c3C=C,a 3-vinylbacteriochlorophyllide d,2,40
566,*CC1=C(C=O)c2cc3[nH]c(c(C)c4nc(c5c6[nH]c(cc1n2)c(*)c6C(=O)C5)C(CCC(=O)O)C4C)c(C)c3C(C)O,a bacteriochlorophyllide e,2,43
567,*CC1=C(C=O)c2cc3[nH]c(cc4nc(c5c6[nH]c(cc1n2)c(*)c6C(=O)C5)C(CCC(=O)O)C4C)c(C)c3C(C)O,a bacteriochlorophyllide f,2,42
568,*CC1=C(CO)c2cc3[nH]c(c(C)c4nc(c5c6[nH]c(cc1n2)c(*)c6C(=O)C5)C(CCC(=O)O)C4C)c(C)c3C(C)O,a 7(1)-hydroxybacteriochlorophyllide c,4,43
569,*CC1=C(CO)c2cc3[nH]c(cc4nc(c5c6[nH]c(cc1n2)c(*)c6C(=O)C5)C(CCC(=O)O)C4C)c(C)c3C(C)O,a 7(1)-hydroxybacteriochlorophyllide d,4,42
570,*CC1OC(OC2C(N)CC(N)C(OC3OCC(*)C(*)C3O)C2O)C(*)C(*)C1*,a gentamycin,2,31
571,*CC1OC(OC2C(N)CC(N)C(OC3OCC(*)C(*)C3OP(=O)(O)O)C2O)C(*)C(*)C1*,a gentamycin 2''-phosphate,2,35
572,*CC1OC(n2cnc3c(NCC=C(C)C)nc(SC)nc32)C(O)C1O*,,2,27
573,*CC1OC(n2cnc3c(NCC=C(C)CO)nc(SC)nc32)C(O)C1O*,,2,28
574,*CC=CC=CC(=O)SCCNC(=O)CCNC(=O)C(O)C(C)(C)COP(=O)(O)OP(=O)(O)OCC1OC(n2cnc3c(N)ncnc32)C(O)C1OP(=O)(O)O,"a (2E,4E)-(5,6-saturated)-dienoyl-CoA",2,56
575,*CC=CCC(=O)SCCNC(=O)CCNC(=O)C(O)C(C)(C)COP(=O)(O)OP(=O)(O)OCC1OC(n2cnc3c(N)ncnc32)C(O)C1OP(=O)(O)O,"a 4,5-saturated-(3E)-enoyl-CoA",2,55
576,*CC=O,"a 2,3-saturated aldehyde",4,4
577,*CC=[S+]O,(Z)-alkanethial oxide,2,5
578,*CCC(=O)O,"a 2,3-saturated fatty acid",2,6
579,*CCC(=O)SCCNC(=O)CCNC(=O)C(O)C(C)(C)COP(=O)(O)OCC(N*)C(*)=O,,4,34
580,*CCC(=O)SCCNC(=O)CCNC(=O)C(O)C(C)(C)COP(=O)(O)OP(=O)(O)OCC1OC(n2cnc3c(N)ncnc32)C(O)C1OP(=O)(O)O,"a long-chain 2,3-saturated fatty acyl-CoA",4,53
581,*CCC=CC(=O)SCCNC(=O)CCNC(=O)C(O)C(C)(C)COP(=O)(O)OP(=O)(O)OCC1OC(n2cnc3c(N)ncnc32)C(O)C1OP(=O)(O)O,"a 4,5-saturated-(2E)-enoyl-CoA",2,55
582,*CCC=O,an n-alkanal,4,5
583,*CCN,a 2-arylethylamine,2,4
584,*CCNC(C)=O,an N-acetyl-2-arylethylamine,2,7
585,*CN,an aralkylamine,4,3
586,*CN*,a secondary aliphatic amine,2,4
587,*CN=CC1(O)OCC(O)C(O)C1O,"an (E)-{[(2R,3S,4R,5R)-2,3,4,5-tetrahydroxyoxan-2-yl]methylidene}amine",2,14
588,*CNC(C)=O,an N-acetylarylalkylamine,2,6
589,*CNCC1(O)OCC(O)C(O)C1O,an N-(1-deoxy-beta-D-fructopyranos-1-yl)amine,2,14
590,*CO,a primary alcohol,12,3
591,*COS(=O)(=O)O,a primary linear alkyl sulfate ester,4,7
592,*C[N+](=O)[O-],a primary nitroalkane,2,5
593,*N,an alkylamine,14,2
594,*N(*)*,a tertiary amine,2,4
595,*N(*)C,a methylated secondary amine,2,4
596,*N*,a secondary amine,2,3
597,*NC,a methylated primary amine,2,3
598,*NC(*)C(*)C(=O)O,a substituted beta-amino acid,2,9
599,*NC(*)C(=O)NC(CCC(=O)O)C(=O)NC(CCC(=O)O)C(=O)NC(Cc1ccc(O)cc1)C(=O)O,,4,37
600,*NC(*)C(=O)NC(CCC(=O)O)C(=O)NC(CCC(=O)O)C(=O)NC(Cc1ccccc1)C(=O)O,,2,36
601,*NC(*)C(=O)NC(CCC(=O)O)C(=O)NC(CCC(=O)O)C(=O)O,,8,25
602,*NC(*)C(=O)NC(CCC(=O)O)C(=O)O,,4,16
603,*NC(*)C(=O)NC(O)C(=O)O,,2,12
604,*NC(*)C(=O)NCC(=O)NCCOP(=O)(O)OCC(COC([1*])=O)OC([2*])=O,,4,29
605,*NC(*)C(=O)NCC(=O)O,,2,11
606,*NC(*)C(=O)O,,6,7
607,*NC(*)C(N)=O,,2,7
608,*NC(*)C1CCC(N)C(OC2C(N)CC(N)C(OC3OCC(C)(O)C(NC)C3O)C2O)O1,gentamicin C,2,33
609,*NC(*)C1CCC(N)C(OC2C(NC(C)=O)CC(N)C(OC3OCC(C)(O)C(NC)C3O)C2O)O1,N(3)-acetylgentamycin C,2,36
610,*NC(=C)C(*)=O,,4,7
611,*NC(=O)CCC(N*)C(*)=O,,2,12
612,*NC(=O)c1ccccc1C(=O)O,a phtalamide,2,13
613,*NC(C(*)=O)C(C)O,,28,9
614,*NC(C(*)=O)C(C)OC(=O)CCCCCCC,,2,18
615,*NC(C(*)=O)C(C)OC(C)=O,,2,12
616,*NC(C(*)=O)C(C)OC1OC(C)C(O)C(O)C1O,,6,19
617,*NC(C(*)=O)C(C)OC1OC(C)C(O)C(OC2OC(CO)C(O)C(O)C2NC(C)=O)C1O,,4,33
618,*NC(C(*)=O)C(C)OC1OC(C)C(O)C(OC2OC(CO)C(O)C(O)C2O)C1O,,2,30
619,*NC(C(*)=O)C(C)OC1OC(C)C(O)C(OC2OC(CO)C(OC3OC(CO)C(O)C(O)C3O)C(O)C2NC(C)=O)C1O,,2,44
620,*NC(C(*)=O)C(C)OC1OC(CO)C(O)C(O)C1NC(C)=O,,10,23
621,*NC(C(*)=O)C(C)OC1OC(CO)C(O)C(O)C1O,,6,20
622,*NC(C(*)=O)C(C)OC1OC(CO)C(O)C(O)C1OC1OC(CO)C(O)C(O)C1NC(C)=O,,4,34
623,*NC(C(*)=O)C(C)OC1OC(CO)C(O)C(OC2OC(CO)C(O)C(O)C2NC(C)=O)C1NC(C)=O,,4,37
624,*NC(C(*)=O)C(C)OC1OC(CO)C(O)C(OC2OC(CO)C(O)C(O)C2O)C1NC(C)=O,,12,34
625,*NC(C(*)=O)C(C)OC1OC(CO)C(O)C(OC2OC(CO)C(O)C(OC3(C(=O)O)CC(O)C(NC(C)=O)C(C(O)C(O)CO)O3)C2O)C1NC(C)=O,,4,54
626,*NC(C(*)=O)C(C)OC1OC(CO)C(O)C(OC2OC(CO)C(O)C(OC3OC(CO)C(O)C(O)C3NC(C)=O)C2O)C1NC(C)=O,,2,48
627,*NC(C(*)=O)C(C)OC1OC(CO)C(O)C(OC2OC(CO)C(O)C(OC3OC(COS(=O)(=O)O)C(O)C(O)C3NC(C)=O)C2O)C1NC(C)=O,,2,52
628,*NC(C(*)=O)C(C)OC1OC(CO)C(O)C(OC2OC(CO)C(O)C(OS(=O)(=O)O)C2O)C1NC(C)=O,,2,38
629,*NC(C(*)=O)C(C)OC1OC(CO)C(OC2OC(CO)C(O)C(O)C2NC(C)=O)C(O)C1O,,4,34
630,*NC(C(*)=O)C(C)OC1OC(CO)C(OC2OC(CO)C(O)C(OC3OC(CO)C(O)C(O)C3NC(C)=O)C2NC(C)=O)C(O)C1O,,4,48
631,*NC(C(*)=O)C(C)OC1OC(COC2(C(=O)O)CC(O)C(NC(C)=O)C(C(O)C(O)CO)O2)C(O)C(O)C1NC(C)=O,,2,43
632,*NC(C(*)=O)C(C)OC1OC(COC2(C(=O)O)CC(O)C(NC(C)=O)C(C(O)C(O)CO)O2)C(O)C(OC2OC(CO)C(O)C(O)C2O)C1NC(C)=O,,2,54
633,*NC(C(*)=O)C(C)OC1OC(COC2(C(=O)O)CC(O)C(NC(C)=O)C(C(O)C(O)CO)O2)C(O)C(OC2OC(CO)C(O)C(OC3(C(=O)O)CC(O)C(NC(C)=O)C(C(O)C(O)CO)O3)C2O)C1NC(C)=O,,4,74
634,*NC(C(*)=O)C(C)OC1OC(COC2(C(=O)O)CC(O)C(NC(C)=O)C(C(O)C(O)CO)O2)C(O)C(OC2OC(CO)C(OC3OC(CO)C(O)C(O)C3NC(C)=O)C(OC3(C(=O)O)CC(O)C(NC(C)=O)C(C(O)C(O)CO)O3)C2O)C1NC(C)=O,,2,88
635,*NC(C(*)=O)C(C)OC1OC(COC2OC(CO)C(O)C(O)C2NC(C)=O)C(O)C(O)C1OC1OC(CO)C(O)C(O)C1NC(C)=O,,2,48
636,*NC(C(*)=O)C(C)OC1OC(COC2OC(CO)C(O)C(O)C2NC(C)=O)C(O)C(OC2OC(CO)C(O)C(O)C2NC(C)=O)C1NC(C)=O,,2,51
637,*NC(C(*)=O)C(C)OC1OC(COC2OC(CO)C(O)C(O)C2NC(C)=O)C(O)C(OC2OC(CO)C(O)C(O)C2O)C1NC(C)=O,,8,48
638,*NC(C(*)=O)C(C)OC1OC(COC2OC(CO)C(O)C(O)C2NC(C)=O)C(O)C(OC2OC(CO)C(OC3OC(CO)C(O)C(O)C3NC(C)=O)C(O)C2O)C1NC(C)=O,,2,62
639,*NC(C(*)=O)C(C)OC1OC(COC2OC(CO)C(OC3OC(CO)C(O)C(O)C3O)C(O)C2NC(C)=O)C(O)C(OC2OC(CO)C(O)C(O)C2O)C1NC(C)=O,,4,59
640,*NC(C(*)=O)C(C)OC1OC(COC2OC(CO)C(OC3OC(CO)C(O)C(OC4(C(=O)O)CC(O)C(NC(C)=O)C(C(O)C(O)CO)O4)C3O)C(O)C2NC(C)=O)C(O)C(OC2OC(CO)C(O)C(O)C2O)C1NC(C)=O,,4,79
641,*NC(C(*)=O)C(C)OC1OC(COC2OC(CO)C(OC3OC(CO)C(O)C(OC4(C(=O)O)CC(O)C(NC(C)=O)C(C(O)C(O)CO)O4)C3O)C(OC3OC(C)C(O)C(O)C3O)C2NC(C)=O)C(O)C(OC2OC(CO)C(O)C(O)C2O)C1NC(C)=O,,2,89
642,*NC(C(*)=O)C(C)OC1OC(COC2OC(COS(=O)(=O)O)C(O)C(O)C2NC(C)=O)C(O)C(OC2OC(CO)C(O)C(O)C2O)C1NC(C)=O,,4,52
643,*NC(C(*)=O)C(C)OC1OC(COC2OC(COS(=O)(=O)O)C(OC3OC(CO)C(O)C(O)C3O)C(O)C2NC(C)=O)C(O)C(OC2OC(CO)C(O)C(O)C2O)C1NC(C)=O,,2,63
644,*NC(C(*)=O)C(C)OC1OC(COP(=O)(O)O)C(OC2OC(CO)C(O)C(OC3OC(CO)C(O)C(O)C3NC(C)=O)C2NC(C)=O)C(O)C1O,,4,52
645,*NC(C(*)=O)C(C)OC1OC(COP(=O)(O)O)C(OC2OC(CO)C(O)C(OC3OC(CO)C(O)C(OP(=O)(O)OCC(O)C(O)C(O)CO)C3NC(C)=O)C2NC(C)=O)C(O)C1O,,4,65
646,*NC(C(*)=O)C(C)OC1OC(COP(=O)(O)O)C(OC2OC(CO)C(O)C(OC3OC(CO)C(O)C(OP(=O)(O)OCC(O)C(O)C(O)COP(=O)(O)OCC(O)C(O)C(O)CO)C3NC(C)=O)C2NC(C)=O)C(O)C1O,,4,78
647,*NC(C(*)=O)C(C)OC1OC(COP(=O)(O)O)C(OC2OC(CO)C(O)C(OC3OC(CO)C(O)C(OP(=O)(O)OCC(O)C(O)C(O)COP(=O)(O)OCC(OC4OCC(O)C(O)C4O)C(O)C(O)CO)C3NC(C)=O)C2NC(C)=O)C(O)C1O,,4,87
648,*NC(C(*)=O)C(C)OC1OC(COP(=O)(O)O)C(OC2OC(CO)C(O)C(OC3OC(CO)C(O)C(OP(=O)(O)OCC(O)C(O)C(O)COP(=O)(O)OCC(OC4OCC(OC5OC(C(=O)O)C(O)C(O)C5O)C(O)C4O)C(O)C(O)CO)C3NC(C)=O)C2NC(C)=O)C(O)C1O,,4,99
649,*NC(C(*)=O)C(C)OC1OC(COP(=O)(O)O)C(OC2OC(CO)C(O)C(OC3OC(CO)C(O)C(OP(=O)(O)OCC(O)C(O)C(O)COP(=O)(O)OCC(OC4OCC(OC5OC(C(=O)O)C(O)C(OC6OCC(O)C(O)C6O)C5O)C(O)C4O)C(O)C(O)CO)C3NC(C)=O)C2NC(C)=O)C(O)C1O,,2,108
650,*NC(C(*)=O)C(C)OC1OC(COP(=O)(O)OP(=O)(O)OCC2OC(n3cnc4c(N)ncnc43)C(O)C2O)C(O)C1O,,2,44
651,*NC(C(*)=O)C(C)OP(=O)(O)O,,4,13
652,*NC(C(*)=O)C(C)OP(=O)(O)OCC(O)C(O)C(O)Cn1c2nc(=O)[nH]c(=O)c-2nc2cc(C)c(C)cc21,,2,39
653,*NC(C(*)=O)C(C)OP(=O)(O)OCC1OC(n2ccc(=O)[nH]c2=O)C(O)C1O,,2,29
654,*NC(C(*)=O)C(C)OP(=O)(O)OCC1OC(n2cnc3c(N)ncnc32)C(O)C1O,,4,31
655,*NC(C(*)=O)C(O)C(=O)O,,2,11
656,*NC(C(*)=O)C(O)C(N)=O,,2,11
657,*NC(C(*)=O)C(O)CCCN,,2,12
658,*NC(C(*)=O)C(O)CCNC(=N)N,,2,14
659,*NC(C(*)=O)C(O)c1c[nH]cn1,,2,13
660,*NC(C)=O,an N-acetylarylamine,2,5
661,*NC(C=O)C(*)=O,,2,8
662,*NC(CC(*)=O)C(=O)O,,2,10
663,*NC(CC(*)=O)C(=O)OC,,2,11
664,*NC(CC(=O)N*OC1OC(CO)C(O)C(O)C1OC1OC(CO)C(O)C(O)C1O)C(*)=O,,2,34
665,*NC(CC(=O)N*OC1OC(CO)C(O)C(O)C1OC1OC(COP(=O)(O)O)C(O)C(O)C1O)C(*)=O,,2,38
666,*NC(CC(=O)N*OC1OC(CO)C(O)C(O)C1OC1OC(COP(=O)(O)OC2OC(CO)C(O)C(O)C2NC(C)=O)C(O)C(O)C1O)C(*)=O,,4,52
667,*NC(CC(=O)NC1OC(CO)C(O)C(O)C1NC(C)=O)C(*)=O,,4,24
668,*NC(CC(=O)NC1OC(CO)C(O)C(O)C1O)C(*)=O,,2,21
669,*NC(CC(=O)NC1OC(CO)C(OC2OC(CO)C(OC3OC(CO)C(O)C(OC4OC(CO)C(O)C(O)C4OC4OC(CO)C(O)C(O)C4NC(C)=O)C3O)C(O)C2NC(C)=O)C(O)C1NC(C)=O)C(*)=O,,2,74
670,*NC(CC(=O)NC1OC(CO)C(OC2OC(CO)C(OC3OC(CO)C(O)C(OC4OC(CO)C(OC5OC(CO)C(O)C(O)C5NC(C)=O)C(O)C4OC4OC(CO)C(O)C(O)C4NC(C)=O)C3O)C(O)C2NC(C)=O)C(O)C1NC(C)=O)C(*)=O,,2,88
671,*NC(CC(=O)NC1OC(CO)C(OC2OC(CO)C(OC3OC(CO*)C(O)C(O*)C3O)C(O)C2NC(C)=O)C(O)C1NC(C)=O)C(*)=O,,2,51
672,*NC(CC(=O)NC1OC(CO)C(OC2OC(CO)C(OC3OC(COC4OC(CO)C(O)C(O)C4O)C(O)C(OC4OC(CO)C(O)C(O)C4OC4OC(CO)C(O)C(O)C4NC(C)=O)C3O)C(O)C2NC(C)=O)C(O)C1NC(C)=O)C(*)=O,,6,85
673,*NC(CC(=O)NC1OC(CO)C(OC2OC(CO)C(OC3OC(COC4OC(CO)C(O)C(O)C4O)C(O)C(OC4OC(CO)C(OC5OC(CO)C(O)C(O)C5NC(C)=O)C(O)C4OC4OC(CO)C(O)C(O)C4NC(C)=O)C3O)C(O)C2NC(C)=O)C(O)C1NC(C)=O)C(*)=O,,2,99
674,*NC(CC(=O)NC1OC(CO)C(OC2OC(CO)C(OC3OC(COC4OC(CO)C(O)C(O)C4OC4OC(CO)C(O)C(O)C4NC(C)=O)C(O)C(OC4OC(CO)C(O)C(O)C4OC4OC(CO)C(O)C(O)C4NC(C)=O)C3O)C(O)C2NC(C)=O)C(O)C1NC(C)=O)C(*)=O,,12,99
675,*NC(CC(=O)NC1OC(CO)C(OC2OC(CO)C(OC3OC(COC4OC(CO)C(O)C(O)C4OC4OC(CO)C(O)C(O)C4NC(C)=O)C(O)C(OC4OC(CO)C(O)C(O)C4OC4OC(CO)C(O)C(O)C4NC(C)=O)C3O)C(O)C2NC(C)=O)C(OC2OC(C)C(O)C(O)C2O)C1NC(C)=O)C(*)=O,,2,109
676,*NC(CC(=O)NC1OC(CO)C(OC2OC(CO)C(OC3OC(COC4OC(CO)C(O)C(O)C4OC4OC(CO)C(O)C(O)C4NC(C)=O)C(O)C(OC4OC(CO)C(O)C(O)C4OC4OC(CO)C(O)C(O)C4NC(C)=O)C3OC3OCC(O)C(O)C3O)C(O)C2NC(C)=O)C(O)C1NC(C)=O)C(*)=O,,2,108
677,*NC(CC(=O)NC1OC(CO)C(OC2OC(CO)C(OC3OC(COC4OC(CO)C(O)C(O)C4OC4OC(CO)C(O)C(O)C4NC(C)=O)C(O)C(OC4OC(CO)C(OC5OC(CO)C(O)C(O)C5NC(C)=O)C(O)C4OC4OC(CO)C(O)C(O)C4NC(C)=O)C3O)C(O)C2NC(C)=O)C(O)C1NC(C)=O)C(*)=O,,4,113
678,*NC(CC(=O)NC1OC(CO)C(OC2OC(CO)C(OC3OC(COC4OC(CO)C(O)C(O)C4OC4OC(CO)C(O)C(O)C4NC(C)=O)C(OC4OC(CO)C(O)C(O)C4NC(C)=O)C(OC4OC(CO)C(O)C(O)C4OC4OC(CO)C(O)C(O)C4NC(C)=O)C3O)C(O)C2NC(C)=O)C(O)C1NC(C)=O)C(*)=O,,2,113
679,*NC(CC(=O)NC1OC(CO)C(OC2OC(CO)C(OC3OC(COC4OC(CO)C(O)C(O)C4OC4OC(CO)C(OC5OC(CO)C(O)C(O)C5O)C(O)C4NC(C)=O)C(O)C(OC4OC(CO)C(O)C(O)C4OC4OC(CO)C(O)C(O)C4NC(C)=O)C3O)C(O)C2NC(C)=O)C(O)C1NC(C)=O)C(*)=O,,2,110
680,*NC(CC(=O)NC1OC(CO)C(OC2OC(CO)C(OC3OC(COC4OC(CO)C(O)C(O)C4OC4OC(CO)C(OC5OC(CO)C(O)C(O)C5O)C(O)C4NC(C)=O)C(O)C(OC4OC(CO)C(OC5OC(CO)C(O)C(O)C5NC(C)=O)C(O)C4OC4OC(CO)C(O)C(O)C4NC(C)=O)C3O)C(O)C2NC(C)=O)C(O)C1NC(C)=O)C(*)=O,,2,124
681,*NC(CC(=O)NC1OC(CO)C(OC2OC(CO)C(OC3OC(COC4OC(COC5OC(CO)C(O)C(O)C5NC(C)=O)C(O)C(O)C4OC4OC(CO)C(O)C(O)C4NC(C)=O)C(O)C(OC4OC(CO)C(O)C(O)C4OC4OC(CO)C(O)C(O)C4NC(C)=O)C3O)C(O)C2NC(C)=O)C(O)C1NC(C)=O)C(*)=O,,2,113
682,*NC(CC(=O)NC1OC(CO)C(OC2OC(CO)C(OC3OC(COC4OC(COC5OC(CO)C(O)C(O)C5NC(C)=O)C(O)C(O)C4OC4OC(CO)C(O)C(O)C4NC(C)=O)C(O)C(OC4OC(CO)C(OC5OC(CO)C(O)C(O)C5NC(C)=O)C(O)C4OC4OC(CO)C(O)C(O)C4NC(C)=O)C3O)C(O)C2NC(C)=O)C(O)C1NC(C)=O)C(*)=O,,6,127
683,*NC(CC(=O)NC1OC(CO)C(OC2OC(CO)C(OC3OC(COC4OC(COC5OC(CO)C(O)C(O)C5NC(C)=O)C(OC5OC(CO)C(O)C(O)C5NC(C)=O)C(O)C4OC4OC(CO)C(O)C(O)C4NC(C)=O)C(O)C(OC4OC(CO)C(OC5OC(CO)C(O)C(O)C5NC(C)=O)C(O)C4OC4OC(CO)C(O)C(O)C4NC(C)=O)C3O)C(O)C2NC(C)=O)C(O)C1NC(C)=O)C(*)=O,,2,141
684,*NC(CC(=O)NC1OC(CO)C(OC2OC(CO)C(OC3OC(COC4OC(COC5OC(CO)C(O)C(O)C5O)C(O)C(OC5OC(CO)C(O)C(O)C5O)C4O)C(O)C(OC4OC(CO)C(O)C(O)C4O)C3O)C(O)C2NC(C)=O)C(O)C1NC(C)=O)C(*)=O,,6,93
685,*NC(CC(=O)NC1OC(CO)C(OC2OC(CO)C(OC3OC(COC4OC(COC5OC(CO)C(O)C(O)C5O)C(O)C(OC5OC(CO)C(O)C(O)C5O)C4O)C(O)C(OC4OC(CO)C(O)C(O)C4OC4OC(CO)C(O)C(O)C4NC(C)=O)C3O)C(O)C2NC(C)=O)C(O)C1NC(C)=O)C(*)=O,,6,107
686,*NC(CC(=O)NC1OC(CO)C(OC2OC(CO)C(OC3OC(COC4OC(COC5OC(CO)C(O)C(O)C5O)C(O)C(OC5OC(CO)C(O)C(O)C5O)C4O)C(O)C(OC4OC(CO)C(O)C(O)C4OC4OC(CO)C(O)C(O)C4O)C3O)C(O)C2NC(C)=O)C(O)C1NC(C)=O)C(*)=O,,4,104
687,*NC(CC(=O)NC1OC(CO)C(OC2OC(CO)C(OC3OC(COC4OC(COC5OC(CO)C(O)C(O)C5O)C(O)C(OC5OC(CO)C(O)C(O)C5O)C4O)C(O)C(OC4OC(CO)C(O)C(O)C4OC4OC(CO)C(O)C(O)C4OC4OC(CO)C(O)C(O)C4O)C3O)C(O)C2NC(C)=O)C(O)C1NC(C)=O)C(*)=O,,2,115
688,*NC(CC(=O)NC1OC(CO)C(OC2OC(CO)C(OC3OC(COC4OC(COC5OC(CO)C(O)C(O)C5O)C(O)C(OC5OC(CO)C(O)C(O)C5O)C4O)C(O)C(OC4OC(CO)C(OC5OC(CO)C(O)C(O)C5NC(C)=O)C(O)C4OC4OC(CO)C(O)C(O)C4NC(C)=O)C3O)C(O)C2NC(C)=O)C(O)C1NC(C)=O)C(*)=O,,2,121
689,*NC(CC(=O)NC1OC(CO)C(OC2OC(CO)C(OC3OC(COC4OC(COC5OC(CO)C(O)C(O)C5O)C(O)C(OC5OC(CO)C(O)C(O)C5OC5OC(CO)C(O)C(O)C5O)C4O)C(O)C(OC4OC(CO)C(O)C(O)C4O)C3O)C(O)C2NC(C)=O)C(O)C1NC(C)=O)C(*)=O,,4,104
690,*NC(CC(=O)NC1OC(CO)C(OC2OC(CO)C(OC3OC(COC4OC(COC5OC(CO)C(O)C(O)C5O)C(O)C(OC5OC(CO)C(O)C(O)C5OC5OC(CO)C(O)C(O)C5O)C4O)C(O)C(OC4OC(CO)C(O)C(O)C4OC4OC(CO)C(O)C(O)C4O)C3O)C(O)C2NC(C)=O)C(O)C1NC(C)=O)C(*)=O,,4,115
691,*NC(CC(=O)NC1OC(CO)C(OC2OC(CO)C(OC3OC(COC4OC(COC5OC(CO)C(O)C(O)C5OC5OC(CO)C(O)C(O)C5O)C(O)C(OC5OC(CO)C(O)C(O)C5O)C4O)C(O)C(OC4OC(CO)C(O)C(O)C4OC4OC(CO)C(O)C(O)C4O)C3O)C(O)C2NC(C)=O)C(O)C1NC(C)=O)C(*)=O,,4,115
692,*NC(CC(=O)NC1OC(CO)C(OC2OC(CO)C(OC3OC(COC4OC(COC5OC(CO)C(O)C(O)C5OC5OC(CO)C(O)C(O)C5O)C(O)C(OC5OC(CO)C(O)C(O)C5O)C4O)C(O)C(OC4OC(CO)C(O)C(O)C4OC4OC(CO)C(O)C(O)C4OC4OC(CO)C(O)C(O)C4O)C3O)C(O)C2NC(C)=O)C(O)C1NC(C)=O)C(*)=O,,6,126
693,*NC(CC(=O)NC1OC(CO)C(OC2OC(CO)C(OC3OC(COC4OC(COC5OC(CO)C(O)C(O)C5OC5OC(CO)C(O)C(O)C5O)C(O)C(OC5OC(CO)C(O)C(O)C5OC5OC(CO)C(O)C(O)C5O)C4O)C(O)C(OC4OC(CO)C(O)C(O)C4OC4OC(CO)C(O)C(O)C4O)C3O)C(O)C2NC(C)=O)C(O)C1NC(C)=O)C(*)=O,,6,126
694,*NC(CC(=O)NC1OC(CO)C(OC2OC(CO)C(OC3OC(COC4OC(COC5OC(CO)C(O)C(O)C5OC5OC(CO)C(O)C(O)C5O)C(O)C(OC5OC(CO)C(O)C(O)C5OC5OC(CO)C(O)C(O)C5O)C4O)C(O)C(OC4OC(CO)C(O)C(O)C4OC4OC(CO)C(O)C(O)C4OC4OC(CO)C(O)C(O)C4O)C3O)C(O)C2NC(C)=O)C(O)C1NC(C)=O)C(*)=O,,8,137
695,*NC(CC(=O)NC1OC(CO)C(OC2OC(CO)C(OC3OC(COC4OC(COC5OC(CO)C(O)C(O)C5OC5OC(CO)C(O)C(O)C5O)C(O)C(OC5OC(CO)C(O)C(O)C5OC5OC(CO)C(O)C(O)C5O)C4O)C(O)C(OC4OC(CO)C(O)C(O)C4OC4OC(CO)C(O)C(O)C4OC4OC(CO)C(O)C(OC5OC(CO)C(O)C(O)C5O)C4O)C3O)C(O)C2NC(C)=O)C(O)C1NC(C)=O)C(*)=O,,8,148
696,*NC(CC(=O)NC1OC(CO)C(OC2OC(CO)C(OC3OC(COC4OC(COC5OC(CO)C(O)C(O)C5OC5OC(CO)C(O)C(O)C5O)C(O)C(OC5OC(CO)C(O)C(O)C5OC5OC(CO)C(O)C(O)C5O)C4O)C(O)C(OC4OC(CO)C(O)C(O)C4OC4OC(CO)C(O)C(O)C4OC4OC(CO)C(O)C(OC5OC(CO)C(O)C(OC6OC(CO)C(O)C(O)C6O)C5O)C4O)C3O)C(O)C2NC(C)=O)C(O)C1NC(C)=O)C(*)=O,,4,159
697,*NC(CC(=O)NC1OC(CO)C(OC2OC(CO)C(OC3OC(COC4OC(COC5OC(CO)C(O)C(O)C5OC5OC(CO)C(O)C(O)C5O)C(O)C(OC5OC(CO)C(O)C(O)C5OC5OC(CO)C(O)C(O)C5O)C4O)C(O)C(OC4OC(CO)C(O)C(O)C4OC4OC(CO)C(O)C(O)C4OC4OC(CO)C(O)C(OC5OC(CO)C(O)C(OC6OC(CO)C(O)C(O)C6OC6OC(CO)C(O)C(O)C6O)C5O)C4O)C3O)C(O)C2NC(C)=O)C(O)C1NC(C)=O)C(*)=O,,2,170
698,*NC(CC(=O)NC1OC(CO)C(OC2OC(CO)C(OC3OC(COC4OC(COC5OC(CO)C(OC6OC(CO)C(O)C(O)C6O)C(O)C5NC(C)=O)C(O)C(O)C4OC4OC(CO)C(OC5OC(CO)C(O)C(O)C5O)C(O)C4NC(C)=O)C(O)C(OC4OC(CO)C(OC5OC(CO)C(OC6OC(CO)C(O)C(O)C6O)C(O)C5NC(C)=O)C(O)C4OC4OC(CO)C(OC5OC(CO)C(O)C(O)C5O)C(O)C4NC(C)=O)C3O)C(O)C2NC(C)=O)C(O)C1NC(C)=O)C(*)=O,,2,171
699,*NC(CC(=O)NC1OC(CO)C(OC2OC(CO)C(OC3OC(COC4OC(COC5OC(CO)C(OC6OC(CO)C(O)C(O)C6O)C(O)C5NC(C)=O)C(O)C(O)C4OC4OC(CO)C(OC5OC(CO)C(O)C(OC6(C(=O)O)CC(O)C(NC(C)=O)C(C(O)C(O)CO)O6)C5O)C(O)C4NC(C)=O)C(O)C(OC4OC(CO)C(OC5OC(CO)C(OC6OC(CO)C(O)C(O)C6O)C(O)C5NC(C)=O)C(O)C4OC4OC(CO)C(OC5OC(CO)C(O)C(O)C5O)C(O)C4NC(C)=O)C3O)C(O)C2NC(C)=O)C(O)C1NC(C)=O)C(*)=O,,4,191
700,*NC(CC(=O)NC1OC(CO)C(OC2OC(CO)C(OC3OC(COC4OC(COC5OC(CO)C(OC6OC(CO)C(O)C(O)C6O)C(O)C5NC(C)=O)C(O)C(O)C4OC4OC(CO)C(OC5OC(CO)C(O)C(OC6(C(=O)O)CC(O)C(NC(C)=O)C(C(O)C(O)CO)O6)C5O)C(O)C4NC(C)=O)C(O)C(OC4OC(CO)C(OC5OC(CO)C(OC6OC(CO)C(O)C(O)C6O)C(O)C5NC(C)=O)C(O)C4OC4OC(CO)C(OC5OC(COC6(C(=O)O)CC(O)C(NC(C)=O)C(C(O)C(O)CO)O6)C(O)C(O)C5O)C(O)C4NC(C)=O)C3O)C(O)C2NC(C)=O)C(O)C1NC(C)=O)C(*)=O,,2,211
701,*NC(CC(=O)NC1OC(COC2OC(C)C(O)C(O)C2O)C(OC2OC(CO)C(OC3OC(COC4OC(CO)C(O)C(O)C4OC4OC(CO)C(O)C(O)C4NC(C)=O)C(O)C(OC4OC(CO)C(O)C(O)C4OC4OC(CO)C(O)C(O)C4NC(C)=O)C3O)C(O)C2NC(C)=O)C(O)C1NC(C)=O)C(*)=O,,4,109
702,*NC(CC(=O)NC1OC(COC2OC(C)C(O)C(O)C2O)C(OC2OC(CO)C(OC3OC(COC4OC(CO)C(O)C(O)C4OC4OC(CO)C(O)C(O)C4NC(C)=O)C(O)C(OC4OC(CO)C(OC5OC(CO)C(O)C(O)C5NC(C)=O)C(O)C4OC4OC(CO)C(O)C(O)C4NC(C)=O)C3O)C(O)C2NC(C)=O)C(O)C1NC(C)=O)C(*)=O,,2,123
703,*NC(CC(=O)NC1OC(COP(=O)(O)OP(=O)(O)OCC2OC(n3cnc4c(N)ncnc43)C(O)C2O)C(O)C1O)C(*)=O,,4,45
704,*NC(CC(=O)O)C(*)=O,,12,10
705,*NC(CC(=O)OC(CCCCCCCC(=O)O)C(=O)CC=CCCCCC)C(*)=O,,2,31
706,*NC(CC(=O)OC)C(*)=O,,2,11
707,*NC(CC(=O)OC1OC(COP(=O)(O)OP(=O)(O)OCC2OC(n3cnc4c(N)ncnc43)C(O)C2O)C(O)C1O)C(*)=O,,4,45
708,*NC(CC(C(=O)O)C(=O)O)C(*)=O,,2,14
709,*NC(CC(C)C)C(=O)O,,4,10
710,*NC(CC(C)C)C(=O)OC,,4,11
711,*NC(CC(N)=O)C(*)=O,,12,10
712,*NC(CC(O)CCN)C(*)=O,,2,12
713,*NC(CCC(=O)NC(CCC(=O)O)C(=O)NC(CCC(=O)O)C(=O)O)C(*)=O,,2,29
714,*NC(CCC(=O)NC(CCC(=O)O)C(=O)O)C(*)=O,,6,20
715,*NC(CCC(=O)NC(CCC(=O)O)C(=O)O)C(=O)O,,4,20
716,*NC(CCC(=O)NC(CCC(=O)OP(=O)(O)O)C(=O)O)C(=O)O,,4,24
717,*NC(CCC(=O)NC(CCC=O)C(=O)O)C(=O)O,,4,19
718,*NC(CCC(=O)NC(CCCC(=O)O)C(=O)O)C(=O)O,,4,21
719,*NC(CCC(=O)NC(CCCC(=O)OP(=O)(O)O)C(=O)O)C(=O)O,,4,25
720,*NC(CCC(=O)NC(CCCC=O)C(=O)O)C(=O)O,,4,20
721,*NC(CCC(=O)NC(CCCCN)C(=O)O)C(=O)O,,4,20
722,*NC(CCC(=O)NC(CCCN)C(=O)O)C(=O)O,,4,19
723,*NC(CCC(=O)NC)C(*)=O,,2,12
724,*NC(CCC(=O)NCC(=O)O)C(*)=O,,2,15
725,*NC(CCC(=O)NCC(O)c1ccc(O)c(O)c1)C(*)=O,,2,22
726,*NC(CCC(=O)NCCc1c[nH]c2ccc(O)cc12)C(*)=O,,2,23
727,*NC(CCC(=O)NCCc1c[nH]cn1)C(*)=O,,2,18
728,*NC(CCC(=O)NCCc1ccc(O)c(O)c1)C(*)=O,,2,21
729,*NC(CCC(=O)O)C(*)=O,,18,11
730,*NC(CCC(=O)O)C(=O)NC(*)C(=O)NC(*)C(=O)NC(*)C(=O)NC(Cc1ccc(O)cc1)C(*)=O,,2,38
731,*NC(CCC(=O)O)C(=O)O,,10,11
732,*NC(CCC(=O)OC)C(*)=O,,4,12
733,*NC(CCC(=O)OC1OC(COP(=O)(O)OP(=O)(O)OCC2OC(n3cnc4c(N)ncnc43)C(O)C2O)C(O)C1O)C(*)=O,,4,46
734,*NC(CCC(CN)OC1OC(CO)C(O)C(O)C1O)C(*)=O,,6,23
735,*NC(CCC(CN)OC1OC(CO)C(O)C(O)C1OC1OC(CO)C(O)C(O)C1O)C(*)=O,,4,34
736,*NC(CCC(N)=O)C(*)=O,,16,11
737,*NC(CCC(N)=O)C(=O)O,,2,11
738,*NC(CCC(O)CN)C(*)=O,,4,12
739,*NC(CCCC=O)C(*)=O,,4,11
740,*NC(CCCCN(C)C(C)=O)C(*)=O,,2,15
741,*NC(CCCCN(C)C)C(*)=O,,8,13
742,*NC(CCCCN)C(*)=O,,138,11
743,*NC(CCCCN=CCCCN)C(*)=O,,2,16
744,*NC(CCCCNC(*)=O)C(*)=O,,2,14
745,*NC(CCCCNC(=O)C(C)(C)O)C(*)=O,,6,17
746,*NC(CCCCNC(=O)C(C)O)C(*)=O,,8,16
747,*NC(CCCCNC(=O)C=CC)C(*)=O,,6,16
748,*NC(CCCCNC(=O)CC(=O)O)C(*)=O,,2,17
749,*NC(CCCCNC(=O)CC)C(*)=O,,2,15
750,*NC(CCCCNC(=O)CCC(=O)O)C(*)=O,,4,18
751,*NC(CCCCNC(=O)CCC(N*)C(*)=O)C(*)=O,,2,21
752,*NC(CCCCNC(=O)CCC)C(*)=O,,2,16
753,*NC(CCCCNC(=O)CCCC(=O)O)C(*)=O,,4,19
754,*NC(CCCCNC(=O)CCCCC(S)CCS)C(*)=O,,12,22
755,*NC(CCCCNC(=O)CCCCC(S)CCSC(=O)C(C)C)C(*)=O,,4,27
756,*NC(CCCCNC(=O)CCCCC(S)CCSC(=O)CCC(=O)O)C(*)=O,,4,29
757,*NC(CCCCNC(=O)CCCCC(S)CCSC(=O)CCCC(=O)O)C(*)=O,,2,30
758,*NC(CCCCNC(=O)CCCCC(S)CCSC(C)=O)C(*)=O,,4,25
759,*NC(CCCCNC(=O)CCCCC(S)CCSCN)C(*)=O,,2,24
760,*NC(CCCCNC(=O)CCCCC)C(*)=O,,2,18
761,*NC(CCCCNC(=O)CCCCC1CCSS1)C(*)=O,,20,22
762,*NC(CCCCNC(=O)CCCCC1SCC2C1NC(=O)N2C(=O)O)C(*)=O,,2,29
763,*NC(CCCCNC(=O)CCCCC1SCC2NC(=O)NC21)C(*)=O,,8,26
764,*NC(CCCCNC(=O)CCCCCCC)C(*)=O,,4,20
765,*NC(CCCCNC(=O)CCCCCCCC=CCCCCCC)C(*)=O,,2,28
766,*NC(CCCCNC(=O)CCCCCCCCC)C(*)=O,,2,22
767,*NC(CCCCNC(=O)CCCCCCCCCCC)C(*)=O,,2,24
768,*NC(CCCCNC(=O)CCCCCCCCCCCCC)C(*)=O,,6,26
769,*NC(CCCCNC(=O)CCCCCCCCCCCCCCC)C(*)=O,,4,28
770,*NC(CCCCNC(C)=O)C(*)=O,,12,14
771,*NC(CCCCNC(CCCCCC(=O)O)C(C)N)C(*)=O,,4,23
772,*NC(CCCCNC(O)C(C)=O)C(*)=O,,4,16
773,*NC(CCCCNC(O)C=O)C(*)=O,,4,15
774,*NC(CCCCNC)C(*)=O,,10,12
775,*NC(CCCCNC1OC(COP(=O)(O)OP(=O)(O)OCC2OC(n3cnc4c(N)ncnc43)C(O)C2O)C(O)C1O)C(*)=O,,4,46
776,*NC(CCCCNCC(=O)C(CO)OP(=O)(O)O)C(*)=O,,2,22
777,*NC(CCCCNCC(=O)C(O)C(O)C(O)CO)C(*)=O,,6,22
778,*NC(CCCCNCC(=O)C(O)C(O)C(O)COP(=O)(O)O)C(*)=O,,4,26
779,*NC(CCCCNCC(=O)C(O)C(O)CO)C(*)=O,,4,20
780,*NC(CCCCNCC(=O)C(O)C(O)COP(=O)(O)O)C(*)=O,,4,24
781,*NC(CCCCNCC(=O)C(O)CO)C(*)=O,,4,18
782,*NC(CCCCNCC(=O)C(O)COP(=O)(O)O)C(*)=O,,4,22
783,*NC(CCCCNCC(=O)C(OP(=O)(O)O)C(O)C(O)CO)C(*)=O,,2,26
784,*NC(CCCCNCC(=O)C(OP(=O)(O)O)C(O)CO)C(*)=O,,2,24
785,*NC(CCCCNCCCCN)C(*)=O,,4,16
786,*NC(CCCCNP(=O)(O)OCC1OC(n2cnc3c(=O)[nH]c(N)nc32)C(O)C1O)C(*)=O,,8,34
787,*NC(CCCC[N+](C)(C)C)C(*)=O,,4,14
788,*NC(CCCN(C)C(=N)N)C(*)=O,,2,14
789,*NC(CCCNC(=N)N(C)C)C(*)=O,,6,15
790,*NC(CCCNC(=N)N)C(*)=O,,34,13
791,*NC(CCCNC(=N)NC(O)C(C)=O)C(*)=O,,4,18
792,*NC(CCCNC(=N)NC(O)C=O)C(*)=O,,4,17
793,*NC(CCCNC(=N)NC)C(*)=O,,12,14
794,*NC(CCCNC(=N)NC1OC(C)C(O)C(O)C1O)C(*)=O,,2,23
795,*NC(CCCNC(=N)NC1OC(CO)C(O)C(O)C1NC(C)=O)C(*)=O,,2,27
796,*NC(CCCNC(=N)NC1OC(COP(=O)(O)OP(=O)(O)OCC2OC(n3cnc4c(N)ncnc43)C(O)C2O)C(O)C1O)C(*)=O,,4,48
797,*NC(CCCNC(=N)NC1OC(COP(=O)(O)OP(=O)(O)OCC2OC(n3cnc4c(N)ncnc43)C(OP(=O)(O)O)C2O)C(O)C1O)C(*)=O,,2,52
798,*NC(CCCNC(=N)NP(=O)(O)O)C(*)=O,,4,17
799,*NC(CCCNC(=NC)NC)C(*)=O,,4,15
800,*NC(CCCNC(N)=O)C(*)=O,,2,13
801,*NC(CCSC)C(*)=O,,2,10
802,*NC(CC[S+](C)C)C(*)=O,,2,11
803,*NC(CO)C(*)=O,,76,8
804,*NC(COC(*)=O)C(*)=O,,2,11
805,*NC(COC(=O)CCC)C(*)=O,,2,13
806,*NC(COC(=O)CCCC)C(*)=O,,2,14
807,*NC(COC(=O)CCCCC)C(*)=O,,2,15
808,*NC(COC(=O)CCCCCC)C(*)=O,,2,16
809,*NC(COC(=O)CCCCCCC)C(*)=O,,2,17
810,*NC(COC(=O)CCCCCCCC)C(*)=O,,2,18
811,*NC(COC(=O)CCCCCCCC=CCCCCCC)C(*)=O,,4,25
812,*NC(COC(=O)CCCCCCCCC)C(*)=O,,2,19
813,*NC(COC(=O)CCCCCCCCCCC)C(*)=O,,2,21
814,*NC(COC(=O)CCCCCCCCCCCCC)C(*)=O,,2,23
815,*NC(COC(C)=O)C(*)=O,,4,11
816,*NC(COC1OC(C(O)CO)C(O)C(O)C1O)C(*)=O,,2,21
817,*NC(COC1OC(C)C(O)C(O)C1O)C(*)=O,,6,18
818,*NC(COC1OC(C)C(O)C(OC2OC(CO)C(O)C(O)C2NC(C)=O)C1O)C(*)=O,,4,32
819,*NC(COC1OC(C)C(O)C(OC2OC(CO)C(O)C(O)C2O)C1O)C(*)=O,,2,29
820,*NC(COC1OC(C)C(O)C(OC2OC(CO)C(OC3OC(CO)C(O)C(O)C3O)C(O)C2NC(C)=O)C1O)C(*)=O,,2,43
821,*NC(COC1OC(CO)C(O)C(O)C1NC(C)=O)C(*)=O,,12,22
822,*NC(COC1OC(CO)C(O)C(O)C1O)C(*)=O,,4,19
823,*NC(COC1OC(CO)C(O)C(O)C1OC1OC(CO)C(O)C(O)C1NC(C)=O)C(*)=O,,2,33
824,*NC(COC1OC(CO)C(O)C(OC2OC(CO)C(O)C(O)C2NC(C)=O)C1NC(C)=O)C(*)=O,,4,36
825,*NC(COC1OC(CO)C(O)C(OC2OC(CO)C(O)C(O)C2O)C1NC(C)=O)C(*)=O,,12,33
826,*NC(COC1OC(CO)C(O)C(OC2OC(CO)C(O)C(OC3(C(=O)O)CC(O)C(NC(C)=O)C(C(O)C(O)CO)O3)C2O)C1NC(C)=O)C(*)=O,,4,53
827,*NC(COC1OC(CO)C(O)C(OC2OC(CO)C(O)C(OC3OC(CO)C(O)C(O)C3NC(C)=O)C2O)C1NC(C)=O)C(*)=O,,2,47
828,*NC(COC1OC(CO)C(O)C(OC2OC(CO)C(O)C(OC3OC(COS(=O)(=O)O)C(O)C(O)C3NC(C)=O)C2O)C1NC(C)=O)C(*)=O,,2,51
829,*NC(COC1OC(CO)C(O)C(OC2OC(CO)C(O)C(OS(=O)(=O)O)C2O)C1NC(C)=O)C(*)=O,,2,37
830,*NC(COC1OC(CO)C(O)C(OC2OCC(O)C(O)C2O)C1O)C(*)=O,,4,28
831,*NC(COC1OC(CO)C(O)C(OC2OCC(O)C(OC3OCC(O)C(O)C3O)C2O)C1O)C(*)=O,,2,37
832,*NC(COC1OC(CO)C(OC2OC(CO)C(O)C(OC3OC(CO)C(O)C(O)C3NC(C)=O)C2NC(C)=O)C(O)C1O)C(*)=O,,2,47
833,*NC(COC1OC(COC2(C(=O)O)CC(O)C(NC(C)=O)C(C(O)C(O)CO)O2)C(O)C(O)C1NC(C)=O)C(*)=O,,2,42
834,*NC(COC1OC(COC2(C(=O)O)CC(O)C(NC(C)=O)C(C(O)C(O)CO)O2)C(O)C(OC2OC(CO)C(O)C(O)C2O)C1NC(C)=O)C(*)=O,,2,53
835,*NC(COC1OC(COC2(C(=O)O)CC(O)C(NC(C)=O)C(C(O)C(O)CO)O2)C(O)C(OC2OC(CO)C(O)C(OC3(C(=O)O)CC(O)C(NC(C)=O)C(C(O)C(O)CO)O3)C2O)C1NC(C)=O)C(*)=O,,4,73
836,*NC(COC1OC(COC2(C(=O)O)CC(O)C(NC(C)=O)C(C(O)C(O)CO)O2)C(O)C(OC2OC(CO)C(OC3OC(CO)C(O)C(O)C3NC(C)=O)C(OC3(C(=O)O)CC(O)C(NC(C)=O)C(C(O)C(O)CO)O3)C2O)C1NC(C)=O)C(*)=O,,2,87
837,*NC(COC1OC(COC2OC(CO)C(O)C(O)C2NC(C)=O)C(O)C(O)C1NC(C)=O)C(*)=O,,2,36
838,*NC(COC1OC(COC2OC(CO)C(O)C(O)C2NC(C)=O)C(O)C(O)C1OC1OC(CO)C(O)C(O)C1NC(C)=O)C(*)=O,,2,47
839,*NC(COC1OC(COC2OC(CO)C(O)C(O)C2NC(C)=O)C(O)C(OC2OC(CO)C(O)C(O)C2NC(C)=O)C1NC(C)=O)C(*)=O,,2,50
840,*NC(COC1OC(COC2OC(CO)C(O)C(O)C2NC(C)=O)C(O)C(OC2OC(CO)C(O)C(O)C2O)C1NC(C)=O)C(*)=O,,6,47
841,*NC(COC1OC(COC2OC(CO)C(O)C(O)C2NC(C)=O)C(O)C(OC2OC(CO)C(OC3OC(CO)C(O)C(O)C3NC(C)=O)C(O)C2O)C1NC(C)=O)C(*)=O,,2,61
842,*NC(COC1OC(COC2OC(COS(=O)(=O)O)C(O)C(O)C2NC(C)=O)C(O)C(OC2OC(CO)C(O)C(O)C2O)C1NC(C)=O)C(*)=O,,4,51
843,*NC(COC1OC(COC2OC(COS(=O)(=O)O)C(OC3OC(CO)C(O)C(O)C3O)C(O)C2NC(C)=O)C(O)C(OC2OC(CO)C(O)C(O)C2O)C1NC(C)=O)C(*)=O,,2,62
844,*NC(COC1OC(COP(=O)(O)O)C(OC2OC(CO)C(O)C(OC3OC(CO)C(O)C(O)C3NC(C)=O)C2NC(C)=O)C(O)C1O)C(*)=O,,2,51
845,*NC(COC1OC(COP(=O)(O)O)C(OC2OC(CO)C(O)C(OC3OC(CO)C(O)C(OP(=O)(O)OCC(O)C(O)C(O)COP(=O)(O)OCC(O)C(O)C(O)CO)C3NC(C)=O)C2NC(C)=O)C(O)C1O)C(*)=O,,2,77
846,*NC(COC1OC(COP(=O)(O)O)C(OC2OC(CO)C(O)C(OC3OC(CO)C(O)C(OP(=O)(O)OCC(O)C(O)C(O)COP(=O)(O)OCC(OC4OCC(O)C(O)C4O)C(O)C(O)CO)C3NC(C)=O)C2NC(C)=O)C(O)C1O)C(*)=O,,2,86
847,*NC(COC1OC(COP(=O)(O)OP(=O)(O)OCC2OC(n3cnc4c(N)ncnc43)C(O)C2O)C(O)C1O)C(*)=O,,4,43
848,*NC(COC1OCC(O)C(O)C1O)C(*)=O,,4,17
849,*NC(COC1OCC(OC2OC(CO)C(O)C(O)C2O)C(O)C1O)C(*)=O,,4,28
850,*NC(COC1OCC(OC2OC(CO)C(O)C(OC3OC(CO)C(O)C(O)C3O)C2O)C(O)C1O)C(*)=O,,6,39
851,*NC(COC1OCC(OC2OC(CO)C(O)C(OC3OC(CO)C(O)C(O)C3O)C2O)C(O)C1OP(=O)(O)O)C(*)=O,,4,43
852,*NC(COC1OCC(OC2OC(CO)C(O)C(OC3OC(CO)C(O)C(OC4OC(C(=O)O)C(O)C(O)C4O)C3O)C2O)C(O)C1O)C(*)=O,,6,51
853,*NC(COC1OCC(OC2OC(CO)C(O)C(OC3OC(CO)C(O)C(OC4OC(C(=O)O)C(O)C(O)C4O)C3O)C2O)C(O)C1OP(=O)(O)O)C(*)=O,,4,55
854,*NC(COC1OCC(OC2OC(CO)C(O)C(OC3OC(CO)C(O)C(OC4OC(C(=O)O)C(OC5OC(CO)C(O)C(O)C5NC(C)=O)C(O)C4O)C3O)C2O)C(O)C1O)C(*)=O,,4,65
855,*NC(COC1OCC(OC2OC(CO)C(O)C(OC3OC(CO)C(O)C(OC4OC(C(=O)O)C(OC5OC(CO)C(O)C(OC6OC(C(=O)O)C(O)C(O)C6O)C5NC(C)=O)C(O)C4O)C3O)C2O)C(O)C1O)C(*)=O,,4,77
856,*NC(COC1OCC(OC2OC(CO)C(O)C(OC3OC(CO)C(O)C(OC4OC(C(=O)O)C(OC5OC(CO)C(O)C(OC6OC(C(=O)O)C(OC7OC(CO)C(O)C(O)C7NC(C)=O)C(O)C6O)C5NC(C)=O)C(O)C4O)C3O)C2O)C(O)C1O)C(*)=O,,2,91
857,*NC(COP(=O)(O)O)C(*)=O,,14,12
858,*NC(COP(=O)(O)OCC(C)(C)C(O)C(=O)NCCC(=O)NCCS)C(*)=O,,290,29
859,*NC(COP(=O)(O)OCC(C)(C)C(O)C(=O)NCCC(=O)NCCSC(*)=O)C(*)=O,,22,32
860,*NC(COP(=O)(O)OCC(C)(C)C(O)C(=O)NCCC(=O)NCCSC(=O)C(*)N)C(*)=O,,2,34
861,*NC(COP(=O)(O)OCC(C)(C)C(O)C(=O)NCCC(=O)NCCSC(=O)C(C)CC)C(*)=O,,4,35
862,*NC(COP(=O)(O)OCC(C)(C)C(O)C(=O)NCCC(=O)NCCSC(=O)C(C)N)C(*)=O,,4,34
863,*NC(COP(=O)(O)OCC(C)(C)C(O)C(=O)NCCC(=O)NCCSC(=O)C(N)C(C)CC)C(*)=O,,2,37
864,*NC(COP(=O)(O)OCC(C)(C)C(O)C(=O)NCCC(=O)NCCSC(=O)C(N)C(C)O)C(*)=O,,4,36
865,*NC(COP(=O)(O)OCC(C)(C)C(O)C(=O)NCCC(=O)NCCSC(=O)C(N)C(C)c1ccccc1)C(*)=O,,4,41
866,*NC(COP(=O)(O)OCC(C)(C)C(O)C(=O)NCCC(=O)NCCSC(=O)C(N)CCC(=O)O)C(*)=O,,4,38
867,*NC(COP(=O)(O)OCC(C)(C)C(O)C(=O)NCCC(=O)NCCSC(=O)C(N)CCCCN)C(*)=O,,4,38
868,*NC(COP(=O)(O)OCC(C)(C)C(O)C(=O)NCCC(=O)NCCSC(=O)C(N)CCCNC(=N)N)C(*)=O,,4,40
869,*NC(COP(=O)(O)OCC(C)(C)C(O)C(=O)NCCC(=O)NCCSC(=O)C(N)CO)C(*)=O,,4,35
870,*NC(COP(=O)(O)OCC(C)(C)C(O)C(=O)NCCC(=O)NCCSC(=O)C(N)CS)C(*)=O,,4,35
871,*NC(COP(=O)(O)OCC(C)(C)C(O)C(=O)NCCC(=O)NCCSC(=O)C(N)Cc1c[nH]c2ccccc12)C(*)=O,,4,43
872,*NC(COP(=O)(O)OCC(C)(C)C(O)C(=O)NCCC(=O)NCCSC(=O)C(N)Cc1ccc(N)cc1)C(*)=O,,2,41
873,*NC(COP(=O)(O)OCC(C)(C)C(O)C(=O)NCCC(=O)NCCSC(=O)C(O)CCNC(=O)CCC(N)C(=O)O)C(*)=O,,2,45
874,*NC(COP(=O)(O)OCC(C)(C)C(O)C(=O)NCCC(=O)NCCSC(=O)C1(O)C(=O)c2c(cc3cc(O)cc(O)c3c2O)CC1(O)CC(=O)CC(C)=O)C(*)=O,,2,58
875,*NC(COP(=O)(O)OCC(C)(C)C(O)C(=O)NCCC(=O)NCCSC(=O)C1(O)C(=O)c2c(cc3cc(O)cc(O)c3c2O)CC1(O)CC(C)=O)C(*)=O,,4,55
876,*NC(COP(=O)(O)OCC(C)(C)C(O)C(=O)NCCC(=O)NCCSC(=O)C1C(=O)c2c(cc3cc(O)cc(O)c3c2O)CC1(C)O)C(*)=O,,2,51
877,*NC(COP(=O)(O)OCC(C)(C)C(O)C(=O)NCCC(=O)NCCSC(=O)C1C(=O)c2c(cc3cc(O)cc(O)c3c2O)CC1(O)CC(=O)CC(C)=O)C(*)=O,,2,57
878,*NC(COP(=O)(O)OCC(C)(C)C(O)C(=O)NCCC(=O)NCCSC(=O)C1C(=O)c2c(cc3cc(O)cc(O)c3c2O)CC1(O)CC(C)=O)C(*)=O,,2,54
879,*NC(COP(=O)(O)OCC(C)(C)C(O)C(=O)NCCC(=O)NCCSC(=O)C1CCCN1)C(*)=O,,8,36
880,*NC(COP(=O)(O)OCC(C)(C)C(O)C(=O)NCCC(=O)NCCSC(=O)C1N=C(c2ccccc2O)OC1C)C(*)=O,,2,44
881,*NC(COP(=O)(O)OCC(C)(C)C(O)C(=O)NCCC(=O)NCCSC(=O)C=C(C)C)C(*)=O,,2,35
882,*NC(COP(=O)(O)OCC(C)(C)C(O)C(=O)NCCC(=O)NCCSC(=O)C=C(C)CC(=O)O)C(*)=O,,4,38
883,*NC(COP(=O)(O)OCC(C)(C)C(O)C(=O)NCCC(=O)NCCSC(=O)C=CC)C(*)=O,,10,34
884,*NC(COP(=O)(O)OCC(C)(C)C(O)C(=O)NCCC(=O)NCCSC(=O)C=CC=CC=CC=CC=CC)C(*)=O,,2,42
885,*NC(COP(=O)(O)OCC(C)(C)C(O)C(=O)NCCC(=O)NCCSC(=O)C=CCC(C)C)C(*)=O,,4,37
886,*NC(COP(=O)(O)OCC(C)(C)C(O)C(=O)NCCC(=O)NCCSC(=O)C=CCC=CCCCCCC)C(*)=O,,2,42
887,*NC(COP(=O)(O)OCC(C)(C)C(O)C(=O)NCCC(=O)NCCSC(=O)C=CCCC)C(*)=O,,4,36
888,*NC(COP(=O)(O)OCC(C)(C)C(O)C(=O)NCCC(=O)NCCSC(=O)C=CCCCCC)C(*)=O,,6,38
889,*NC(COP(=O)(O)OCC(C)(C)C(O)C(=O)NCCC(=O)NCCSC(=O)C=CCCCCCC=CCCCCCC)C(*)=O,,4,46
890,*NC(COP(=O)(O)OCC(C)(C)C(O)C(=O)NCCC(=O)NCCSC(=O)C=CCCCCCCC)C(*)=O,,10,40
891,*NC(COP(=O)(O)OCC(C)(C)C(O)C(=O)NCCC(=O)NCCSC(=O)C=CCCCCCCCCC)C(*)=O,,4,42
892,*NC(COP(=O)(O)OCC(C)(C)C(O)C(=O)NCCC(=O)NCCSC(=O)C=CCCCCCCCCCCC)C(*)=O,,4,44
893,*NC(COP(=O)(O)OCC(C)(C)C(O)C(=O)NCCC(=O)NCCSC(=O)C=CCCCCCCCCCCCCC)C(*)=O,,6,46
894,*NC(COP(=O)(O)OCC(C)(C)C(O)C(=O)NCCC(=O)NCCSC(=O)C=CCCCCCCCCCCCCCCC)C(*)=O,,4,48
895,*NC(COP(=O)(O)OCC(C)(C)C(O)C(=O)NCCC(=O)NCCSC(=O)CC(*)(O)CC(=O)O)C(*)=O,,2,39
896,*NC(COP(=O)(O)OCC(C)(C)C(O)C(=O)NCCC(=O)NCCSC(=O)CC(*)=O)C(*)=O,,10,35
897,*NC(COP(=O)(O)OCC(C)(C)C(O)C(=O)NCCC(=O)NCCSC(=O)CC(*)O)C(*)=O,,12,35
898,*NC(COP(=O)(O)OCC(C)(C)C(O)C(=O)NCCC(=O)NCCSC(=O)CC(*)[N+]#[C-])C(*)=O,,4,36
899,*NC(COP(=O)(O)OCC(C)(C)C(O)C(=O)NCCC(=O)NCCSC(=O)CC(=O)C(C)C)C(*)=O,,4,37
900,*NC(COP(=O)(O)OCC(C)(C)C(O)C(=O)NCCC(=O)NCCSC(=O)CC(=O)C(C)CC)C(*)=O,,4,38
901,*NC(COP(=O)(O)OCC(C)(C)C(O)C(=O)NCCC(=O)NCCSC(=O)CC(=O)CC(C)C)C(*)=O,,4,38
902,*NC(COP(=O)(O)OCC(C)(C)C(O)C(=O)NCCC(=O)NCCSC(=O)CC(=O)CC)C(*)=O,,4,36
903,*NC(COP(=O)(O)OCC(C)(C)C(O)C(=O)NCCC(=O)NCCSC(=O)CC(=O)CC=CCCCCCC)C(*)=O,,4,43
904,*NC(COP(=O)(O)OCC(C)(C)C(O)C(=O)NCCC(=O)NCCSC(=O)CC(=O)CCC)C(*)=O,,6,37
905,*NC(COP(=O)(O)OCC(C)(C)C(O)C(=O)NCCC(=O)NCCSC(=O)CC(=O)CCCC(=O)O)C(*)=O,,2,40
906,*NC(COP(=O)(O)OCC(C)(C)C(O)C(=O)NCCC(=O)NCCSC(=O)CC(=O)CCCC)C(*)=O,,4,38
907,*NC(COP(=O)(O)OCC(C)(C)C(O)C(=O)NCCC(=O)NCCSC(=O)CC(=O)CCCCC)C(*)=O,,6,39
908,*NC(COP(=O)(O)OCC(C)(C)C(O)C(=O)NCCC(=O)NCCSC(=O)CC(=O)CCCCCC)C(*)=O,,4,40
909,*NC(COP(=O)(O)OCC(C)(C)C(O)C(=O)NCCC(=O)NCCSC(=O)CC(=O)CCCCCC=CCCCCCC)C(*)=O,,4,47
910,*NC(COP(=O)(O)OCC(C)(C)C(O)C(=O)NCCC(=O)NCCSC(=O)CC(=O)CCCCCCC)C(*)=O,,6,41
911,*NC(COP(=O)(O)OCC(C)(C)C(O)C(=O)NCCC(=O)NCCSC(=O)CC(=O)CCCCCCCC=CCCCCCC)C(*)=O,,2,49
912,*NC(COP(=O)(O)OCC(C)(C)C(O)C(=O)NCCC(=O)NCCSC(=O)CC(=O)CCCCCCCCC)C(*)=O,,6,43
913,*NC(COP(=O)(O)OCC(C)(C)C(O)C(=O)NCCC(=O)NCCSC(=O)CC(=O)CCCCCCCCCC=CCCCC)C(*)=O,,2,49
914,*NC(COP(=O)(O)OCC(C)(C)C(O)C(=O)NCCC(=O)NCCSC(=O)CC(=O)CCCCCCCCCCC)C(*)=O,,6,45
915,*NC(COP(=O)(O)OCC(C)(C)C(O)C(=O)NCCC(=O)NCCSC(=O)CC(=O)CCCCCCCCCCCCC)C(*)=O,,6,47
916,*NC(COP(=O)(O)OCC(C)(C)C(O)C(=O)NCCC(=O)NCCSC(=O)CC(=O)CCCCCCCCCCCCCCC)C(*)=O,,6,49
917,*NC(COP(=O)(O)OCC(C)(C)C(O)C(=O)NCCC(=O)NCCSC(=O)CC(=O)CCCCCCCCCCCCCCCCC)C(*)=O,,4,51
918,*NC(COP(=O)(O)OCC(C)(C)C(O)C(=O)NCCC(=O)NCCSC(=O)CC(=O)O)C(*)=O,,66,35
919,*NC(COP(=O)(O)OCC(C)(C)C(O)C(=O)NCCC(=O)NCCSC(=O)CC(=O)OC)C(*)=O,,2,36
920,*NC(COP(=O)(O)OCC(C)(C)C(O)C(=O)NCCC(=O)NCCSC(=O)CC(C)(O)CC(=O)O)C(*)=O,,4,39
921,*NC(COP(=O)(O)OCC(C)(C)C(O)C(=O)NCCC(=O)NCCSC(=O)CC(C)=O)C(*)=O,,8,35
922,*NC(COP(=O)(O)OCC(C)(C)C(O)C(=O)NCCC(=O)NCCSC(=O)CC(C)O)C(*)=O,,4,35
923,*NC(COP(=O)(O)OCC(C)(C)C(O)C(=O)NCCC(=O)NCCSC(=O)CC(C)[N+]#[C-])C(*)=O,,4,36
924,*NC(COP(=O)(O)OCC(C)(C)C(O)C(=O)NCCC(=O)NCCSC(=O)CC(O)C(C)C)C(*)=O,,2,37
925,*NC(COP(=O)(O)OCC(C)(C)C(O)C(=O)NCCC(=O)NCCSC(=O)CC(O)C(C)CC)C(*)=O,,2,38
926,*NC(COP(=O)(O)OCC(C)(C)C(O)C(=O)NCCC(=O)NCCSC(=O)CC(O)C=CCCCCC=CCCCCCCC)C(*)=O,,2,49
927,*NC(COP(=O)(O)OCC(C)(C)C(O)C(=O)NCCC(=O)NCCSC(=O)CC(O)CC(C)C)C(*)=O,,4,38
928,*NC(COP(=O)(O)OCC(C)(C)C(O)C(=O)NCCC(=O)NCCSC(=O)CC(O)CC(O)CCC1C(C)C=CC2CC(C)CCC21)C(*)=O,,2,51
929,*NC(COP(=O)(O)OCC(C)(C)C(O)C(=O)NCCC(=O)NCCSC(=O)CC(O)CC(O)CCC1C(C)C=CC2CCCCC21)C(*)=O,,2,50
930,*NC(COP(=O)(O)OCC(C)(C)C(O)C(=O)NCCC(=O)NCCSC(=O)CC(O)CC)C(*)=O,,2,36
931,*NC(COP(=O)(O)OCC(C)(C)C(O)C(=O)NCCC(=O)NCCSC(=O)CC(O)CC=CCCCCCC)C(*)=O,,4,43
932,*NC(COP(=O)(O)OCC(C)(C)C(O)C(=O)NCCC(=O)NCCSC(=O)CC(O)CCC)C(*)=O,,4,37
933,*NC(COP(=O)(O)OCC(C)(C)C(O)C(=O)NCCC(=O)NCCSC(=O)CC(O)CCCC)C(*)=O,,2,38
934,*NC(COP(=O)(O)OCC(C)(C)C(O)C(=O)NCCC(=O)NCCSC(=O)CC(O)CCCCC)C(*)=O,,4,39
935,*NC(COP(=O)(O)OCC(C)(C)C(O)C(=O)NCCC(=O)NCCSC(=O)CC(O)CCCCCC)C(*)=O,,2,40
936,*NC(COP(=O)(O)OCC(C)(C)C(O)C(=O)NCCC(=O)NCCSC(=O)CC(O)CCCCCC=CCCCCCC)C(*)=O,,4,47
937,*NC(COP(=O)(O)OCC(C)(C)C(O)C(=O)NCCC(=O)NCCSC(=O)CC(O)CCCCCCC)C(*)=O,,4,41
938,*NC(COP(=O)(O)OCC(C)(C)C(O)C(=O)NCCC(=O)NCCSC(=O)CC(O)CCCCCCCCC)C(*)=O,,4,43
939,*NC(COP(=O)(O)OCC(C)(C)C(O)C(=O)NCCC(=O)NCCSC(=O)CC(O)CCCCCCCCCCC)C(*)=O,,8,45
940,*NC(COP(=O)(O)OCC(C)(C)C(O)C(=O)NCCC(=O)NCCSC(=O)CC(O)CCCCCCCCCCCCC)C(*)=O,,6,47
941,*NC(COP(=O)(O)OCC(C)(C)C(O)C(=O)NCCC(=O)NCCSC(=O)CC(O)CCCCCCCCCCCCCCC)C(*)=O,,4,49
942,*NC(COP(=O)(O)OCC(C)(C)C(O)C(=O)NCCC(=O)NCCSC(=O)CC(O)CCCCCCCCCCCCCCCCC)C(*)=O,,2,51
943,*NC(COP(=O)(O)OCC(C)(C)C(O)C(=O)NCCC(=O)NCCSC(=O)CC=CCCCCCC)C(*)=O,,4,40
944,*NC(COP(=O)(O)OCC(C)(C)C(O)C(=O)NCCC(=O)NCCSC(=O)CCC(N)C(=O)O)C(*)=O,,4,38
945,*NC(COP(=O)(O)OCC(C)(C)C(O)C(=O)NCCC(=O)NCCSC(=O)CCC)C(*)=O,,6,34
946,*NC(COP(=O)(O)OCC(C)(C)C(O)C(=O)NCCC(=O)NCCSC(=O)CCCC(C)C)C(*)=O,,2,37
947,*NC(COP(=O)(O)OCC(C)(C)C(O)C(=O)NCCC(=O)NCCSC(=O)CCCC(N)C(=O)O)C(*)=O,,4,39
948,*NC(COP(=O)(O)OCC(C)(C)C(O)C(=O)NCCC(=O)NCCSC(=O)CCCCC)C(*)=O,,4,36
949,*NC(COP(=O)(O)OCC(C)(C)C(O)C(=O)NCCC(=O)NCCSC(=O)CCCCCC(=O)O)C(*)=O,,4,39
950,*NC(COP(=O)(O)OCC(C)(C)C(O)C(=O)NCCC(=O)NCCSC(=O)CCCCCC(=O)OC)C(*)=O,,2,40
951,*NC(COP(=O)(O)OCC(C)(C)C(O)C(=O)NCCC(=O)NCCSC(=O)CCCCCC=CCCCCCC)C(*)=O,,2,44
952,*NC(COP(=O)(O)OCC(C)(C)C(O)C(=O)NCCC(=O)NCCSC(=O)CCCCCCC)C(*)=O,,14,38
953,*NC(COP(=O)(O)OCC(C)(C)C(O)C(=O)NCCC(=O)NCCSC(=O)CCCCCCCC=CCCCCCC)C(*)=O,,8,46
954,*NC(COP(=O)(O)OCC(C)(C)C(O)C(=O)NCCC(=O)NCCSC(=O)CCCCCCCC=CCCCCCCCC)C(*)=O,,2,48
955,*NC(COP(=O)(O)OCC(C)(C)C(O)C(=O)NCCC(=O)NCCSC(=O)CCCCCCCCC)C(*)=O,,12,40
956,*NC(COP(=O)(O)OCC(C)(C)C(O)C(=O)NCCC(=O)NCCSC(=O)CCCCCCCCCC=CCCCC)C(*)=O,,2,46
957,*NC(COP(=O)(O)OCC(C)(C)C(O)C(=O)NCCC(=O)NCCSC(=O)CCCCCCCCCCC)C(*)=O,,12,42
958,*NC(COP(=O)(O)OCC(C)(C)C(O)C(=O)NCCC(=O)NCCSC(=O)CCCCCCCCCCCCC)C(*)=O,,16,44
959,*NC(COP(=O)(O)OCC(C)(C)C(O)C(=O)NCCC(=O)NCCSC(=O)CCCCCCCCCCCCCCC)C(*)=O,,24,46
960,*NC(COP(=O)(O)OCC(C)(C)C(O)C(=O)NCCC(=O)NCCSC(=O)CCCCCCCCCCCCCCCCC)C(*)=O,,10,48
961,*NC(COP(=O)(O)OCC(C)(C)C(O)C(=O)NCCC(=O)NCCSC(=O)CCCCCCCCCCCCCCCCCCC)C(*)=O,,4,50
962,*NC(COP(=O)(O)OCC(C)(C)C(O)C(=O)NCCC(=O)NCCSC(=O)CCCCCCCCCCCCCCCCCCCCC)C(*)=O,,4,52
963,*NC(COP(=O)(O)OCC(C)(C)C(O)C(=O)NCCC(=O)NCCSC(=O)CCCCCCCCCCCCCCCCCCc1ccc(O)cc1)C(*)=O,,4,56
964,*NC(COP(=O)(O)OCC(C)(C)C(O)C(=O)NCCC(=O)NCCSC(=O)CCCCCCCCCCCCCCCCc1ccc(O)cc1)C(*)=O,,4,54
965,*NC(COP(=O)(O)OCC(C)(C)C(O)C(=O)NCCC(=O)NCCSC(=O)CCCN)C(*)=O,,4,35
966,*NC(COP(=O)(O)OCC(C)(C)C(O)C(=O)NCCC(=O)NCCSC(=O)CCCNC(=O)CCC(N)C(=O)O)C(*)=O,,2,44
967,*NC(COP(=O)(O)OCC(C)(C)C(O)C(=O)NCCC(=O)NCCSC(=O)CCN)C(*)=O,,8,34
968,*NC(COP(=O)(O)OCC(C)(C)C(O)C(=O)NCCC(=O)NCCSC(=O)CN)C(*)=O,,4,33
969,*NC(COP(=O)(O)OCC(C)(C)C(O)C(=O)NCCC(=O)NCCSC(=O)CS(N)(=O)=O)C(*)=O,,4,36
970,*NC(COP(=O)(O)OCC(C)(C)C(O)C(=O)NCCC(=O)NCCSC(=O)c1cc(N)cc(O)c1)C(*)=O,,2,39
971,*NC(COP(=O)(O)OCC(C)(C)C(O)C(=O)NCCC(=O)NCCSC(=O)c1cc(O)c(C)c(O)c1N)C(*)=O,,2,41
972,*NC(COP(=O)(O)OCC(C)(C)C(O)C(=O)NCCC(=O)NCCSC(=O)c1ccc(C)c(O)c1N)C(*)=O,,2,40
973,*NC(COP(=O)(O)OCC(C)(C)C(O)C(=O)NCCC(=O)NCCSC(=O)c1ccc(O)c(O)c1)C(*)=O,,8,39
974,*NC(COP(=O)(O)OCC(C)(C)C(O)C(=O)NCCC(=O)NCCSC(=O)c1ccc(O)cc1)C(*)=O,,4,38
975,*NC(COP(=O)(O)OCC(C)(C)C(O)C(=O)NCCC(=O)NCCSC(=O)c1cccc(O)c1O)C(*)=O,,4,39
976,*NC(COP(=O)(O)OCC(C)(C)C(O)C(=O)NCCC(=O)NCCSC(=O)c1ccccc1O)C(*)=O,,4,38
977,*NC(COP(=O)(O)OCC(C)(C)C(O)C(=O)NCCC(=O)NCCSC(C)=O)C(*)=O,,16,32
978,*NC(COP(=O)(O)OCC1OC(OC2C(O)C(COP(=O)(O)OP(=O)(O)OCC(C)(C)C(O)C(=O)NCCC(=O)NCCS)OC2n2cnc3c(N)ncnc32)C(O)C1O)C(*)=O,,8,64
979,*NC(COP(=O)(O)OCC1OC(OC2C(O)C(COP(=O)(O)OP(=O)(O)OCC(C)(C)C(O)C(=O)NCCC(=O)NCCSC(C)=O)OC2n2cnc3c(N)ncnc32)C(O)C1O)C(*)=O,,6,67
980,*NC(COP(=O)(O)OCC1OC(n2ccc(=O)[nH]c2=O)C(O)C1O)C(*)=O,,2,28
981,*NC(COP(=O)(O)OCC1OC(n2cnc3c(N)ncnc32)C(O)C1O)C(*)=O,,2,30
982,*NC(COP(=O)(O)OCC[N+](C)(C)C)C(*)=O,,4,18
983,*NC(COP(=O)(O)OP(=O)(O)O)C(*)=O,,2,16
984,*NC(CS)C(*)=O,,88,8
985,*NC(CS)C(=O)O,,2,8
986,*NC(CSC(*)=O)C(*)=O,,2,11
987,*NC(CSC(=O)CCCC=CCC=CCC=CCC=CCCCCC)C(*)=O,,2,29
988,*NC(CSC(=O)CCCCCCC)C(*)=O,,4,17
989,*NC(CSC(=O)CCCCCCCC=CCCCCCCCC)C(*)=O,,2,27
990,*NC(CSC(=O)CCCCCCCCCCCCC)C(*)=O,,2,23
991,*NC(CSC(=O)CCCCCCCCCCCCCCC)C(*)=O,,4,25
992,*NC(CSC(=O)CCCCCCCCCCCCCCCCC)C(*)=O,,2,27
993,*NC(CSC(=O)c1cc(C(=O)O)c[n+](C2OC(COP(=O)(O)O)C(O)C2O)c1)C(*)=O,,4,32
994,*NC(CSC(=O)c1cc(C(=O)S)c[n+](C2OC(COP(=O)(O)O)C(O)C2O)c1)C(*)=O,,4,32
995,*NC(CSC(=O)c1ccccc1N)C(*)=O,,4,17
996,*NC(CSC(C)C1C(=CC2=NC(=Cc3[nH]c(C=C4NC(=O)C(CC)=C4C)c(C)c3CCC(=O)O)C(CCC(=O)O)=C2C)NC(=O)C1C)C(*)=O,,2,51
997,*NC(CSC(C)C1C(=CC2=NC(=Cc3[nH]c(CC4NC(=O)C(C=C)=C4C)c(C)c3CCC(=O)O)C(CCC(=O)O)=C2C)NC(=O)C1C)C(*)=O,,2,51
998,*NC(CSC(CC(=O)O)C(=O)O)C(*)=O,,2,16
999,*NC(CSC(N)=O)C(=O)O,,2,11
1000,*NC(CSC(O)C(C)=O)C(*)=O,,2,13
1001,*NC(CSC(O)C=O)C(*)=O,,2,12
1002,*NC(CSC)C(*)=O,,6,9
1003,*NC(CSC1OC(COP(=O)(O)OP(=O)(O)OCC2OC(n3cnc4c(N)ncnc43)C(O)C2O)C(O)C1O)C(*)=O,,4,43
1004,*NC(CSCC(CC(=O)O)C(=O)O)C(*)=O,,2,17
1005,*NC(CSCC(COC(*)=O)OC(*)=O)C(*)=O,,2,19
1006,*NC(CSCC=C(C)CCC=C(C)CCC=C(C)C)C(*)=O,,2,23
1007,*NC(CSCC=C(C)CCC=C(C)CCC=C(C)C)C(=O)O,,4,23
1008,*NC(CSCC=C(C)CCC=C(C)CCC=C(C)C)C(=O)OC,,4,24
1009,*NC(CSCC=C(C)CCC=C(C)CCC=C(C)CCC=C(C)C)C(*)=O,,2,28
1010,*NC(CSN=O)C(*)=O,,2,10
1011,*NC(CSO)C(*)=O,,2,9
1012,*NC(CSS)C(*)=O,,10,9
1013,*NC(CSSCC(N*)C(*)=O)C(*)=O,,24,16
1014,*NC(CSSS(=O)(=O)O)C(*)=O,,2,13
1015,*NC(CSSS)C(*)=O,,2,10
1016,*NC(CSSSS(=O)(=O)O)C(*)=O,,2,14
1017,*NC(CSc1nc2c(=O)[nH]c(N)nc2n1C1OC2COP(=O)(O)OC2C1O)C(*)=O,,2,31
1018,*NC(Cc1c[nH]c(CCC(C(=O)O)N(C)C)n1)C(*)=O,,4,21
1019,*NC(Cc1c[nH]c(CCC(C(=O)O)[N+](C)(C)C)n1)C(*)=O,,7,22
1020,*NC(Cc1c[nH]c(CCC(C(=O)OC)[N+](C)(C)C)n1)C(*)=O,,2,23
1021,*NC(Cc1c[nH]c(CCC(C(N)=O)[N+](C)(C)C)n1)C(*)=O,,3,22
1022,*NC(Cc1c[nH]c(CCC(N)C(=O)O)n1)C(*)=O,,3,19
1023,*NC(Cc1c[nH]c(CCC(NC)C(=O)O)n1)C(*)=O,,3,20
1024,*NC(Cc1c[nH]cn1)C(*)=O,,12,12
1025,*NC(Cc1ccc(O)cc1)C(*)=O,,26,14
1026,*NC(Cc1ccc(OC2OC(CO)C(O)C(O)C2NC(C)=O)cc1)C(*)=O,,2,28
1027,*NC(Cc1ccc(OC2OC(CO)C(O)C(O)C2O)cc1)C(*)=O,,2,25
1028,*NC(Cc1ccc(OC2OC(COP(=O)(O)OP(=O)(O)OCC3OC(n4cnc5c(N)ncnc54)C(O)C3O)C(O)C2O)cc1)C(*)=O,,4,49
1029,*NC(Cc1ccc(OP(=O)(O)O)cc1)C(*)=O,,4,18
1030,*NC(Cc1ccc(OP(=O)(O)OCC2OC(n3ccc(=O)[nH]c3=O)C(O)C2O)cc1)C(*)=O,,4,34
1031,*NC(Cc1ccc(OP(=O)(O)OCC2OC(n3cnc4c(=O)[nH]c(N)nc43)C(O)C2O)cc1)C(*)=O,,2,37
1032,*NC(Cc1ccc(OP(=O)(O)OCC2OC(n3cnc4c(N)ncnc43)C(O)C2O)cc1)C(*)=O,,8,36
1033,*NC(Cc1ccc(OP(=O)(O)OCC2OC(n3cnc4c(N)ncnc43)C(O)C2OP(=O)(O)OCC2OC(n3cnc4c(N)ncnc43)C(O)C2O)cc1)C(*)=O,,4,58
1034,*NC(Cc1ccc(OP(=O)(O)OCC2OC(n3cnc4c(N)ncnc43)C(O)C2OP(=O)(O)OCC2OC(n3cnc4c(N)ncnc43)C(O)C2OP(=O)(O)OCC2OC(n3cnc4c(N)ncnc43)C(O)C2O)cc1)C(*)=O,,2,80
1035,*NC(Cc1ccc(OS(=O)(=O)O)cc1)C(*)=O,,2,18
1036,*NC(Cc1cn(C)cn1)C(*)=O,,2,13
1037,*NC(Cc1cn(C2OC(COP(=O)(O)OP(=O)(O)OCC3OC(n4cnc5c(N)ncnc54)C(O)C3O)C(O)C2O)c(CCC(C(N)=O)[N+](C)(C)C)n1)C(*)=O,,1,57
1038,*NC(Cc1cn(C2OC(COP(=O)(O)OP(=O)(O)OCC3OC(n4cnc5c(N)ncnc54)C(O)C3O)C(O)C2O)cn1)C(*)=O,,2,47
1039,*NC(Cc1cn(P(=O)(O)O)cn1)C(*)=O,,3,16
1040,*NC(Cc1cn(P(=O)(O)OCC2OC(n3c[n+](C)c4c(=O)[nH]c(N)nc43)C(O)C2O)cn1)C(*)=O,,2,36
1041,*NC(Cc1cn(P(=O)(O)OCC2OC(n3cnc4c(=O)[nH]c(N)nc43)C(O)C2O)cn1)C(*)=O,,2,35
1042,*NC(Cc1cnc(CCC(C(=O)O)[N+](C)(C)C)[nH]1)C(*)=O,,1,22
1043,*NC(Cc1cnc(CCC(N)C(=O)O)[nH]1)C(*)=O,,3,19
1044,*NC(Cc1cnc(CCC(NC)C(=O)O)[nH]1)C(*)=O,,1,20
1045,*NC(Cc1cnc[nH]1)C(*)=O,,24,12
1046,*NC(Cc1cncn1C)C(*)=O,,2,13
1047,*NC(Cc1cncn1P(=O)(O)O)C(*)=O,,19,16
1048,*NC1C(OP(=O)(O)O)OC(COC2OC(CO)C(OP(=O)(O)O)C(O*)C2N*)C(O)C1O*,lipid A,6,35
1049,*NC1C(OP(=O)(O)O)OC(COC2OC(CO)C(OP(=O)(O)OC3OCC(N)C(O)C3O)C(O*)C2N*)C(O)C1O*,4-amino-4-deoxy-beta-L-arabinopyranosyl-lipid A,2,44
1050,*NC1C(OP(=O)(O)O)OC(COC2OC(CO)C(OP(=O)(O)OP(=O)(O)OCCN)C(O*)C2N*)C(O)C1O*,lipid A 4'-(2-aminoethyl diphosphate),2,42
1051,*NC1C(OP(=O)(O)OP(=O)(O)OCCN)OC(COC2OC(CO)C(OP(=O)(O)O)C(O*)C2N*)C(O)C1O*,lipid A 1-(2-aminoethyl diphosphate),2,42
1052,*NC1CC(C(=O)O)c2cc(ccc2O)CC(C(*)=O)NC(=O)C(*)NC(=O)C(*)NC(=O)C(*)NC1=O,,2,38
1053,*NCC(=O)NC(CS)C(*)=O,,2,12
1054,*NCC(=O)NC1C(=O)NC(Cc2ccc(O)cc2)C1(C)C,,2,22
1055,*NCC(=O)NCC(*)=O,,2,10
1056,*NCC(=O)NCC(=O)O,,4,10
1057,*NCC(=O)NCC(=O)OP(=O)(O)OCC1OC(n2cnc3c(N)ncnc32)C(O)C1O,,2,32
1058,*NCC(=O)NCC(=O)S,,2,10
1059,*NCC(=O)NCC(=O)SCC(N)C(=O)O,,4,16
1060,*NCC(=O)O,an N-alkylglycine,8,6
1061,*NCC(=O)OC1CCC2(C)C(=CCC3C2CCC2(C)C(C(C)CCCC(C)C)CCC32)C1,,2,33
1062,*NCC(=O)OC1OC(COP(=O)(O)OP(=O)(O)OCC2OC(n3cnc4c(N)ncnc43)C(O)C2O)C(O)C1O,,2,41
1063,*NCCOP(=O)(O)OCC(COC(=O)CCCCCCCCCCCCCCC)OC(=O)CCCCCCCCCCCCCCC,"an N-aryl-1,2-dihexadecanoyl-sn-glycero-3-phosphoethanolamine",2,48
1064,*NCCOP(=O)(O)OCC(O)COC(=O)CCCCCCCCCCCCCCC,an N-aryl-1-hexadecanoyl-sn-glycero-3-phosphoethanolamine,2,31
1065,*NO,an N-hydroxyarylamine,2,3
1066,*NOC(C)=O,an N-acetoxyarylamine,2,6
1067,*NS(=O)(=O)O,a sulfamate,2,6
1068,*Nc1ncnc2nc[nH]c12,,2,11
1069,*Nc1ncnc2ncn(C3OC(CO)C(O)C(O)C3O)c12,an N(6)-alkylamino-7-beta-D-glucosylpurine,2,22
1070,*O,an aliphatic alcohol,64,2
1071,*OC(*)=O,a wax ester,4,5
1072,*OC(=O)C(*)=O,an alpha-ketoester,2,7
1073,*OC(=O)C(*)N,an alpha-amino acid ester,2,7
1074,*OC(=O)C(*)O,an (R)-hydroxy ester,2,7
1075,*OC(=O)C1OC(O*)C(O)C(O)C1OC,a 4-O-methyl-alpha-D-glucuronosyl ester derivative,2,16
1076,*OC(=O)C=Cc1ccccc1,an alkyl cinnamate,2,12
1077,*OC(=O)CC,a propanoate ester,2,6
1078,*OC(=O)CCC,a butanoate ester,2,7
1079,*OC(=O)CCCC,pentanoate ester,2,8
1080,*OC(=O)CCCCC,a hexanoate ester,2,9
1081,*OC(=O)CCCCCCC,an octanoate ester,2,11
1082,*OC(=O)CCCCCCCCC,decanoate ester,2,13
1083,*OC(=O)CCCCCCCCCCC,a dodecanoate ester,2,15
1084,*OC(=O)CCCCCCCCCCCCC,a tetradecanoate ester,2,17
1085,*OC(=O)CCCCCCCCCCCCCCC,hexadecanoate ester,2,19
1086,*OC(=O)CCCCCCCCCCCCCCCCC,octadecanoate ester,2,21
1087,*OC(C)=O,an acetyl ester,4,5
1088,*OC1(C(=O)O)CC(O)C(NC(C)=O)C(C(O)C(O)CO)O1,a sialoglycoconjugate,2,22
1089,*OC1(C(=O)O)CC(O)C(NC(C)=O)C(C(O)C(O)COC(C)=O)O1,an Ac-O-9-sialoglycoconjugate,2,25
1090,*OC1C(CO)OC(*)C1O,,14,11
1091,*OC1C(CO)OC(n2ccc(=O)[nH]c2=O)C1O,,6,18
1092,*OC1C(COP(*)(=O)O)OC(*)C1O,,2,15
1093,*OC1C(COP(*)(=O)O)OC(*)C1OC,,2,16
1094,*OC1C(COP(*)(=O)O)OC(N2CCC(=O)NC2=O)C1O,,2,22
1095,*OC1C(COP(*)(=O)O)OC(c2c[nH]c(=O)[nH]c2=O)C1O,,6,22
1096,*OC1C(COP(*)(=O)O)OC(c2c[nH]c(=O)n(C)c2=O)C1O,,2,23
1097,*OC1C(COP(*)(=O)O)OC(c2cn(C)c(=O)[nH]c2=O)C1O,,3,23
1098,*OC1C(COP(*)(=O)O)OC(c2cn(C)c(=O)n(CCC(N)C(=O)O)c2=O)C1O,,1,30
1099,*OC1C(COP(*)(=O)O)OC(n2c[n+](C)c3c(=O)[nH]c(N)nc32)C1O,,2,26
1100,*OC1C(COP(*)(=O)O)OC(n2cc(C)c(=O)[nH]c2=O)C1O,,2,23
1101,*OC1C(COP(*)(=O)O)OC(n2cc(C)c(N)nc2=O)C1O,,4,23
1102,*OC1C(COP(*)(=O)O)OC(n2cc(CC(=O)O)c(=O)[nH]c2=O)C1O,,2,26
1103,*OC1C(COP(*)(=O)O)OC(n2cc(CC(=O)OC)c(=O)[nH]c2=O)C1O,,2,27
1104,*OC1C(COP(*)(=O)O)OC(n2cc(CN)c(=O)[nH]c2=S)C1O,,2,24
1105,*OC1C(COP(*)(=O)O)OC(n2cc(CNC)c(=O)[nH]c2=S)C1O,,2,25
1106,*OC1C(COP(*)(=O)O)OC(n2cc(CNC3C=CC(O)C3O)c3c(=O)[nH]c(N)nc32)C1O,,4,34
1107,*OC1C(COP(*)(=O)O)OC(n2cc(CNC3C=CC(O)C3OC3OC(CO)C(O)C(O)C3O)c3c(=O)[nH]c(N)nc32)C1O,,2,45
1108,*OC1C(COP(*)(=O)O)OC(n2cc(CNC3C=CC(OC4OC(CO)C(O)C(O)C4O)C3O)c3c(=O)[nH]c(N)nc32)C1O,,2,45
1109,*OC1C(COP(*)(=O)O)OC(n2cc(CNCC(=O)O)c(=O)[nH]c2=O)C1O,,2,28
1110,*OC1C(COP(*)(=O)O)OC(n2cc(CNCC(=O)O)c(=O)[nH]c2=O)C1OC,,2,29
1111,*OC1C(COP(*)(=O)O)OC(n2cc(CO)c(N)nc2=O)C1O,,2,24
1112,*OC1C(COP(*)(=O)O)OC(n2cc(O)c(=O)[nH]c2=O)C1O,,4,23
1113,*OC1C(COP(*)(=O)O)OC(n2cc(OC)c(=O)[nH]c2=O)C1O,,2,24
1114,*OC1C(COP(*)(=O)O)OC(n2cc(OCC(=O)O)c(=O)[nH]c2=O)C1O,,4,27
1115,*OC1C(COP(*)(=O)O)OC(n2cc(OCC(=O)OC)c(=O)[nH]c2=O)C1O,,2,28
1116,*OC1C(COP(*)(=O)O)OC(n2ccc(=N)n(C)c2=O)C1O,,4,23
1117,*OC1C(COP(*)(=O)O)OC(n2ccc(=O)[nH]c2=O)C1O,,13,22
1118,*OC1C(COP(*)(=O)O)OC(n2ccc(=O)[nH]c2=O)C1OC,,2,23
1119,*OC1C(COP(*)(=O)O)OC(n2ccc(=O)n(C)c2=O)C1O,,2,23
1120,*OC1C(COP(*)(=O)O)OC(n2ccc(=O)n(CCC(N)C(=O)O)c2=O)C1O,,1,29
1121,*OC1C(COP(*)(=O)O)OC(n2ccc(N)nc2=O)C1O,,16,22
1122,*OC1C(COP(*)(=O)O)OC(n2ccc(N)nc2=O)C1OC,,2,23
1123,*OC1C(COP(*)(=O)O)OC(n2ccc(NC(C)=O)nc2=O)C1O,,4,25
1124,*OC1C(COP(*)(=O)O)OC(n2ccc(NC)nc2=O)C1O,,2,23
1125,*OC1C(COP(*)(=O)O)OC(n2cnc3c(=N)n(C)cnc32)C1O,,4,25
1126,*OC1C(COP(*)(=O)O)OC(n2cnc3c(=O)[nH]c(N(C)C)nc32)C1O,,4,27
1127,*OC1C(COP(*)(=O)O)OC(n2cnc3c(=O)[nH]c(N)nc32)C1O,,18,25
1128,*OC1C(COP(*)(=O)O)OC(n2cnc3c(=O)[nH]c(N)nc32)C1OC,,2,26
1129,*OC1C(COP(*)(=O)O)OC(n2cnc3c(=O)[nH]c(NC(O)C(C)=O)nc32)C1O,,4,30
1130,*OC1C(COP(*)(=O)O)OC(n2cnc3c(=O)[nH]c(NC(O)C=O)nc32)C1O,,4,29
1131,*OC1C(COP(*)(=O)O)OC(n2cnc3c(=O)[nH]c(NC)nc32)C1O,,4,26
1132,*OC1C(COP(*)(=O)O)OC(n2cnc3c(=O)n(C)c(N)nc32)C1O,,2,26
1133,*OC1C(COP(*)(=O)O)OC(n2cnc3c(=O)n4c(C)c(C)[nH]c4nc32)C1O,,1,29
1134,*OC1C(COP(*)(=O)O)OC(n2cnc3c(=O)n4c(C)c(C)nc4[nH]c32)C1O,,1,29
1135,*OC1C(COP(*)(=O)O)OC(n2cnc3c(=O)n4c(CC(O)C(N)C(=O)O)c(C)nc4n(C)c32)C1O,,2,37
1136,*OC1C(COP(*)(=O)O)OC(n2cnc3c(=O)n4c(CCC(N)C(=O)O)c(C)[nH]c4nc32)C1O,,1,35
1137,*OC1C(COP(*)(=O)O)OC(n2cnc3c(=O)n4c(CCC(N)C(=O)O)c(C)nc4[nH]c32)C1O,,3,35
1138,*OC1C(COP(*)(=O)O)OC(n2cnc3c(=O)n4c(CCC(N)C(=O)O)c(C)nc4n(C)c32)C1O,,6,36
1139,*OC1C(COP(*)(=O)O)OC(n2cnc3c(=O)n4c(CCC(N)C(=O)OC)c(C)nc4n(C)c32)C1O,,4,37
1140,*OC1C(COP(*)(=O)O)OC(n2cnc3c(=O)n4c(CCC(NC(=O)OC)C(=O)OC)c(C)nc4n(C)c32)C1O,,2,41
1141,*OC1C(COP(*)(=O)O)OC(n2cnc3c(=O)n4cc(C)[nH]c4nc32)C1O,,2,28
1142,*OC1C(COP(*)(=O)O)OC(n2cnc3c(=O)n4cc(C)nc4[nH]c32)C1O,,2,28
1143,*OC1C(COP(*)(=O)O)OC(n2cnc3c(N(C)C(=O)NC(C(=O)O)C(C)O)ncnc32)C1O,,2,35
1144,*OC1C(COP(*)(=O)O)OC(n2cnc3c(N(C)C)ncnc32)C1O,,2,26
1145,*OC1C(COP(*)(=O)O)OC(n2cnc3c(N)ncnc32)C1O,,16,24
1146,*OC1C(COP(*)(=O)O)OC(n2cnc3c(N)ncnc32)C1OC,,4,25
1147,*OC1C(COP(*)(=O)O)OC(n2cnc3c(NC(=O)NC(C(=O)O)C(C)O)nc(S)nc32)C1O,,2,35
1148,*OC1C(COP(*)(=O)O)OC(n2cnc3c(NC(=O)NC(C(=O)O)C(C)O)nc(SC)nc32)C1O,,2,36
1149,*OC1C(COP(*)(=O)O)OC(n2cnc3c(NC(=O)NC(C(=O)O)C(C)O)ncnc32)C1O,,4,34
1150,*OC1C(COP(*)(=O)O)OC(n2cnc3c(NC)ncnc32)C1O,,4,25
1151,*OC1C(COP(*)(=O)O)OC(n2cnc3c(NC)ncnc32)C1OC,,2,26
1152,*OC1C(COP(*)(=O)O)OC(n2cnc3c(NCC=C(C)C)nc(S)nc32)C1O,,2,30
1153,*OC1C(COP(*)(=O)O)OC(n2cnc3c(NCC=C(C)C)nc(SC)nc32)C1O,,2,31
1154,*OC1C(COP(*)(=O)O)OC(n2cnc3c(NCC=C(C)C)ncnc32)C1O,,2,29
1155,*OC1C(COP(=O)(O)O)OC(*)C1O,,28,15
1156,*OC1C(COP(=O)(O)O)OC(n2cnc3c(=O)[nH]c(N)nc32)C1O,,4,25
1157,*OC1C(COP(=O)(O)O)OC(n2cnc3c(N)ncnc32)C1O,,4,24
1158,*OC1C(COP(=O)(O)OC)OC(*)C1O,,4,16
1159,*OC1C(COP(=O)(O)OC2C(COP(*)(=O)O)OC(*)C2O)OC(*)C1O,,10,28
1160,*OC1C(COP(=O)(O)OC2C(COP(*)(=O)O)OC(*)C2O)OC(n2ccc(=O)[nH]c2=O)C1O,,2,35
1161,*OC1C(COP(=O)(O)OC2C(COP(*)(=O)O)OC(n3cnc4c(=O)[nH]c(N)nc43)C2O)OC(n2ccc(=O)[nH]c2=O)C1O,,2,45
1162,*OC1C(COP(=O)(O)OC2C(COP(*)(=O)O)OC(n3cnc4c(N)ncnc43)C2O)OC(n2ccc(=O)[nH]c2=O)C1O,,2,44
1163,*OC1C(COP(=O)(O)OC2C(COP(=O)(O)O)OC(*)C2O)OC(*)C1O,,2,28
1164,*OC1C(COP(=O)(O)OC2C(COP(=O)(O)O)OC(n3cnc4c(=O)[nH]c(N)nc43)C2O)OC(*)C1O,,2,38
1165,*OC1C(COP(=O)(O)OC2C(COP(=O)(O)O)OC(n3cnc4c(N)ncnc43)C2O)OC(*)C1O,,6,37
1166,*OC1C(COP(=O)(O)OC2C(COP(=O)(O)OC3C(COP(*)(=O)O)OC(n4ccc(=O)[nH]c4=O)C3O)OC(n3ccc(=O)[nH]c3=O)C2O)OC(*)C1O,,2,55
1167,*OC1C(COP(=O)(O)OC2C(COP(=O)(O)OP(=O)(O)OCC(C)(C)C(O)C(=O)NCCC(=O)NCCS)OC(n3cnc4c(N)ncnc43)C2O)OC(*)C1O,,4,58
1168,*OC1C(COP(=O)(O)OC2C(COP(=O)(O)OP(=O)(O)OCC(O)C(O)C(O)Cn3c4nc(=O)[nH]c(=O)c-4nc4cc(C)c(C)cc43)OC(n3cnc4c(N)ncnc43)C2O)OC(*)C1O,,4,67
1169,*OC1C(COP(=O)(O)OC2C(COP(=O)(O)OP(=O)(O)OCC3OC([n+]4cccc(C(N)=O)c4)C(O)C3O)OC(n3cnc4c(N)ncnc43)C2O)OC(*)C1O,,4,58
1170,*OC1C(COP(=O)(O)OC2C(COP(=O)(O)OP(=O)(O)OP(=O)(O)O)OC(*)C2O)OC(*)C1O,,4,36
1171,*OC1C(COP(=O)(O)OC2C(COP(=O)(O)OP(=O)(O)OP(=O)(O)O)OC(n3cnc4c(=O)[nH]c(N)nc43)C2O)OC(*)C1O,,8,46
1172,*OC1C(COP(=O)(O)OC2C(COP(=O)(O)OP(=O)(O)OP(=O)(O)OC)OC(n3cnc4c(=O)[nH]c(N)nc43)C2O)OC(*)C1O,,4,47
1173,*OC1C(COP(=O)(O)OC2C(COP(=O)(O)OP(=O)(O)OP(=O)(O)OCC3OC(n4c[n+](C)c5c(=O)[nH]c(N)nc54)C(O)C3O)OC(*)C2O)OC(*)C1O,,2,56
1174,*OC1C(COP(=O)(O)OC2C(COP(=O)(O)OP(=O)(O)OP(=O)(O)OCC3OC(n4c[n+](C)c5c(=O)[nH]c(N)nc54)C(O)C3O)OC(*)C2OC)OC(*)C1O,,2,57
1175,*OC1C(COP(=O)(O)OC2C(COP(=O)(O)OP(=O)(O)OP(=O)(O)OCC3OC(n4c[n+](C)c5c(=O)[nH]c(N)nc54)C(O)C3O)OC(*)C2OC)OC(*)C1OC,,2,58
1176,*OC1C(COP(=O)(O)OC2C(COP(=O)(O)OP(=O)(O)OP(=O)(O)OCC3OC(n4c[n+](C)c5c(=O)[nH]c(N)nc54)C(O)C3O)OC(n3cnc4c(=O)[nH]c(N)nc43)C2O)OC(*)C1O,,2,66
1177,*OC1C(COP(=O)(O)OC2C(COP(=O)(O)OP(=O)(O)OP(=O)(O)OCC3OC(n4c[n+](C)c5c(=O)[nH]c(N)nc54)C(O)C3O)OC(n3cnc4c(N)ncnc43)C2O)OC(*)C1O,,2,65
1178,*OC1C(COP(=O)(O)OP(=O)(O)O)OC(*)C1O,,11,19
1179,*OC1C(COP(=O)(O)OP(=O)(O)O)OC(n2cnc3c(=O)[nH]c(N)nc32)C1O,,6,29
1180,*OC1C(COP(=O)(O)OP(=O)(O)O)OC(n2cnc3c(N)ncnc32)C1O,,6,28
1181,*OC1C(COP(=O)(O)OP(=O)(O)OCC2OC(n3cnc4c(N)ncnc43)C(O)C2O)OC(*)C1O,,6,37
1182,*OC1C(COP(=O)(O)OP(=O)(O)OP(=O)(O)O)OC(*)C1O,,6,23
1183,*OC1C(COP(=O)(O)OP(=O)(O)OP(=O)(O)O)OC(n2cnc3c(=O)[nH]c(N)nc32)C1O,,2,33
1184,*OC1C(COP(=O)(O)OP(=O)(O)OP(=O)(O)O)OC(n2cnc3c(N)ncnc32)C1O,,2,32
1185,*OC1C(COP(=O)(O)OP(=O)(O)OP(=O)(O)OCC2OC(n3c[n+](C)c4c(=O)[nH]c(N(C)C)nc43)C(O)C2O)OC(*)C1O,,6,45
1186,*OC1C(COP(=O)(O)OP(=O)(O)OP(=O)(O)OCC2OC(n3c[n+](C)c4c(=O)[nH]c(N(C)C)nc43)C(O)C2O)OC(n2cnc3c(=O)[nH]c(N)nc32)C1O,,2,55
1187,*OC1C(COP(=O)(O)OP(=O)(O)OP(=O)(O)OCC2OC(n3c[n+](C)c4c(=O)[nH]c(N(C)C)nc43)C(O)C2O)OC(n2cnc3c(N)ncnc32)C1O,,2,54
1188,*OC1C(COP(=O)(O)OP(=O)(O)OP(=O)(O)OCC2OC(n3c[n+](C)c4c(=O)[nH]c(N)nc43)C(O)C2O)OC(*)C1O,,11,43
1189,*OC1C(COP(=O)(O)OP(=O)(O)OP(=O)(O)OCC2OC(n3c[n+](C)c4c(=O)[nH]c(N)nc43)C(O)C2O)OC(*)C1OC,,2,44
1190,*OC1C(COP(=O)(O)OP(=O)(O)OP(=O)(O)OCC2OC(n3c[n+](C)c4c(=O)[nH]c(N)nc43)C(O)C2O)OC(n2cnc3c(=O)[nH]c(N)nc32)C1O,,6,53
1191,*OC1C(COP(=O)(O)OP(=O)(O)OP(=O)(O)OCC2OC(n3c[n+](C)c4c(=O)[nH]c(N)nc43)C(O)C2O)OC(n2cnc3c(=O)[nH]c(N)nc32)C1OC,,2,54
1192,*OC1C(COP(=O)(O)OP(=O)(O)OP(=O)(O)OCC2OC(n3c[n+](C)c4c(=O)[nH]c(N)nc43)C(O)C2O)OC(n2cnc3c(N)ncnc32)C1O,,6,52
1193,*OC1C(COP(=O)(O)OP(=O)(O)OP(=O)(O)OCC2OC(n3c[n+](C)c4c(=O)[nH]c(N)nc43)C(O)C2O)OC(n2cnc3c(N)ncnc32)C1OC,,6,53
1194,*OC1C(COP(=O)(O)OP(=O)(O)OP(=O)(O)OCC2OC(n3c[n+](C)c4c(=O)[nH]c(N)nc43)C(O)C2O)OC(n2cnc3c(NC)ncnc32)C1OC,,4,54
1195,*OC1C(COP(=O)(O)OP(=O)(O)OP(=O)(O)OCC2OC(n3c[n+](C)c4c(=O)[nH]c(NC)nc43)C(O)C2O)OC(*)C1O,,4,44
1196,*OC1C(COP(=O)(O)OP(=O)(O)OP(=O)(O)OCC2OC(n3cnc4c(=O)[nH]c(N)nc43)C(O)C2O)OC(*)C1O,,8,42
1197,*OC1C(COP(=O)(O)OP(=O)(O)OP(=O)(O)OCC2OC(n3cnc4c(=O)[nH]c(N)nc43)C(O)C2O)OC(n2cnc3c(=O)[nH]c(N)nc32)C1O,,6,52
1198,*OC1C(COP(=O)(O)OP(=O)(O)OP(=O)(O)OCC2OC(n3cnc4c(=O)[nH]c(N)nc43)C(O)C2O)OC(n2cnc3c(N)ncnc32)C1O,,6,51
1199,*OC1C(COP(=O)(OC)OC)OC(*)C1O,,2,17
1200,*OC1CC(*)OC1CO,,6,10
1201,*OC1CC(*)OC1COP(*)(=O)O,,2,14
1202,*OC1CC(*)OC1COP(*)(=O)OC,,2,15
1203,*OC1CC(*)OC1COP(=O)(O)O,,12,14
1204,*OC1CC(*)OC1COP(=O)(O)OC1C(COP(=O)(O)O)OC(*)C1O,,2,27
1205,*OC1CC(*)OC1COP(=O)(O)OC1C(COP(=O)(O)OP(=O)(O)OCC2OC(n3cnc4c(N)ncnc43)C(O)C2O)OC(*)C1O,,2,49
1206,*OC1CC(*)OC1COP(=O)(O)OC1CC(*)OC1CO,,2,22
1207,*OC1CC(*)OC1COP(=O)(O)OC1CC(O)OC1COP(=O)(O)O,,2,26
1208,*OC1CC(*)OC1COP(=O)(O)OP(=O)(O)OCC1OC(n2cnc3c(=O)[nH]c(N)nc32)C(O)C1O,,2,37
1209,*OC1CC(*)OC1COP(=O)(O)OP(=O)(O)OCC1OC(n2cnc3c(N)ncnc32)C(O)C1O,,2,36
1210,*OC1CC(*)OC1COP(=O)(O)Oc1ccc(CC(N)C(=O)O)cc1,,2,26
1211,*OC1CC(O)C(O)C(CO)O1,a 2-deoxy-alpha-D-glucoside,2,12
1212,*OC1CC(O)OC1COP(*)(=O)O,,2,14
1213,*OC1CC(O)OC1COP(=O)(O)O,,2,14
1214,*OC1CC(O)OC1COP(=O)(O)OC1CC(*)OC1COP(*)(=O)O,,2,26
1215,*OC1CC(n2cc(C(=O)O)c(N)nc2=O)OC1COP(*)(=O)O,,2,24
1216,*OC1CC(n2cc(C)c(=O)[nH]c2=O)OC1COP(*)(=O)O,,3,22
1217,*OC1CC(n2cc(C)c(=O)n(C3OC(COP(=O)(O)OP(=O)(O)OCC4OC(n5cnc6c(N)ncnc65)C(O)C4O)C(O)C3O)c2=O)OC1COP(*)(=O)O,,3,57
1218,*OC1CC(n2cc(C)c(N)nc2=O)OC1COP(*)(=O)O,,4,22
1219,*OC1CC(n2cc(C=O)c(N)nc2=O)OC1COP(*)(=O)O,,4,23
1220,*OC1CC(n2cc(CC(N)C(=O)O)c(=O)[nH]c2=O)OC1COP(*)(=O)O,,2,27
1221,*OC1CC(n2cc(CCN)c(=O)[nH]c2=O)OC1COP(*)(=O)O,,2,24
1222,*OC1CC(n2cc(CN)c(=O)[nH]c2=O)OC1COP(*)(=O)O,,2,23
1223,*OC1CC(n2cc(CNC(C)=O)c(=O)[nH]c2=O)OC1COP(*)(=O)O,,2,26
1224,*OC1CC(n2cc(CNCC(=O)O)c(=O)[nH]c2=O)OC1COP(*)(=O)O,,2,27
1225,*OC1CC(n2cc(CNCCCCN)c(=O)[nH]c2=O)OC1COP(*)(=O)O,,2,28
1226,*OC1CC(n2cc(CO)c(=O)[nH]c2=O)OC1COP(*)(=O)O,,2,23
1227,*OC1CC(n2cc(CO)c(N)nc2=O)OC1COP(*)(=O)O,,4,23
1228,*OC1CC(n2cc(COCC(N)C(=O)O)c(=O)[nH]c2=O)OC1COP(*)(=O)O,,4,29
1229,*OC1CC(n2cc(COCCN)c(=O)[nH]c2=O)OC1COP(*)(=O)O,,2,26
1230,*OC1CC(n2cc(COP(=O)(O)O)c(=O)[nH]c2=O)OC1COP(*)(=O)O,,8,27
1231,*OC1CC(n2ccc(=O)[nH]c2=O)OC1COP(*)(=O)O,,4,21
1232,*OC1CC(n2ccc(N)nc2=O)OC1COP(*)(=O)O,,6,21
1233,*OC1CC(n2ccc(NC)nc2=O)OC1COP(*)(=O)O,,2,22
1234,*OC1CC(n2cnc3c(=O)[nH]c(N)nc32)OC1COP(*)(=O)O,,10,24
1235,*OC1CC(n2cnc3c(=O)[nH]c(NC(O)C(C)=O)nc32)OC1COP(*)(=O)O,,4,29
1236,*OC1CC(n2cnc3c(=O)[nH]c(NC(O)C=O)nc32)OC1COP(*)(=O)O,,4,28
1237,*OC1CC(n2cnc3c(=O)[nH]c(NC4OC(COP(=O)(O)OP(=O)(O)OCC5OC(n6cnc7c(N)ncnc76)C(O)C5O)C(O)C4O)nc32)OC1COP(*)(=O)O,,2,59
1238,*OC1CC(n2cnc3c(=O)nc(N)[nH]c32)OC1COP(*)(=O)O,,2,24
1239,*OC1CC(n2cnc3c(N)ncnc32)OC1COP(*)(=O)O,,4,23
1240,*OC1CC(n2cnc3c(NC)ncnc32)OC1COP(*)(=O)O,,4,24
1241,*OC1CC(n2cnc3c(OC)nc(N)nc32)OC1COP(*)(=O)O,,2,25
1242,*OC1OC(C(=O)O)C(O)C(O)C1O,a beta-D-glucuronoside,6,14
1243,*OC1OC(C(=O)O)C(O)C(OC2OC(CO)C(O)C(O)C2O)C1O,a 3-O-beta-D-glucosyl-beta-D-glucuronoside,2,25
1244,*OC1OC(C(=O)O)C(OC)C(O)C1O,4-O-methyl-alpha-D-glucuronate derivative,2,15
1245,*OC1OC(CO)C(O)C(=O)C1O,a 3-dehydro-D-guloside,2,13
1246,*OC1OC(CO)C(O)C(O)C1NC(C)=O,an N-acetyl-beta-D-glucosaminyl derivative,6,16
1247,*OC1OC(CO)C(O)C(O)C1O,alpha-D-mannose derivative,6,13
1248,*OC1OC(CO)C(O)C(O)C1OC1OC(C)C(O)C(O)C1O,an alpha-L-fucosyl-(1->2)-beta-D-galactosyl derivative,8,23
1249,*OC1OC(CO)C(O)C(OC2(C(=O)O)CC(O)C(NC(C)=O)C(C(O)C(CO)OC3(C(=O)O)CC(O)C(NC(C)=O)C(C(O)C(O)CO)O3)O2)C1O,an N-acetyl-alpha-neuraminyl-(2->8)-N-acetyl-alpha-neuraminyl-(2->3)-beta-D-galactosyl derivative,2,53
1250,*OC1OC(CO)C(O)C(OC2(C(=O)O)CC(O)C(NC(C)=O)C(C(O)C(O)CO)O2)C1O,an N-acetyl-alpha-neuraminyl-(2->3)-beta-D-galactosyl derivative,4,33
1251,*OC1OC(CO)C(O)C(OC2OC(CO)C(O)C(O)C2N)C1OC1OC(C)C(O)C(O)C1O,an alpha-D-galactosaminyl-(1->3)-[alpha-L-fucosyl-(1->2)]-beta-D-galactosyl derivative,4,34
1252,*OC1OC(CO)C(O)C(OC2OC(CO)C(O)C(O)C2NC(C)=O)C1OC1OC(C)C(O)C(O)C1O,an N-acetyl-alpha-D-galactosaminyl-(1->3)-[alpha-L-fucosyl-(1->2)]-beta-D-galactosyl derivative,6,37
1253,*OC1OC(CO)C(O)C(OC2OC(CO)C(O)C(O)C2O)C1NC(C)=O,a beta-D-galactosyl-(1->3)-N-acetyl-alpha-D-galactosaminyl derivative,12,27
1254,*OC1OC(CO)C(O)C(OC2OC(CO)C(O)C(O)C2O)C1OC1OC(C)C(O)C(O)C1O,an alpha-D-galactosyl-(1->3)-[alpha-L-fucosyl-(1->2)]-beta-D-galactosyl derivative,2,34
1255,*OC1OC(CO)C(O)C(OC2OC(CO)C(O)C(O)C2OC2OC(C)C(O)C(O)C2O)C1NC(C)=O,an alpha-L-Fuc-(1->2)-beta-D-Gal-(1->3)-beta-D-GlcNAc derivative,2,37
1256,*OC1OC(CO)C(O)C(OC2OC(CO)C(O)C(OC3(C(=O)O)CC(O)C(NC(C)=O)C(C(O)C(O)CO)O3)C2O)C1NC(C)=O,an N-acetyl-alpha-neuraminyl-(2->3)-beta-D-galactosyl-(1->3)-N-acetyl-beta-D-galactosaminyl derivative,6,47
1257,*OC1OC(CO)C(OC2OC(C)C(O)C(O)C2O)C(OC2OC(CO)C(O)C(O)C2O)C1NC(C)=O,a beta-D-galactosyl-(1->3)-[alpha-L-fucosyl-(1->4)]-N-acetyl-beta-D-glucosaminyl derivative,2,37
1258,*OC1OC(CO)C(OC2OC(C)C(O)C(O)C2O)C(OC2OC(CO)C(O)C(OC3(C(=O)O)CC(O)C(NC(C)=O)C(C(O)C(O)CO)O3)C2O)C1NC(C)=O,an alpha-Neu5Ac-(2->3)-beta-D-Gal-(1->3)-[alpha-L-Fuc-(1->4)]-beta-D-GlcNAc derivative,2,57
1259,*OC1OC(CO)C(OC2OC(CO)C(O)C(O)C2NC(C)=O)C(O)C1NC(C)=O,an N-acetyl-beta-D-glucosaminyl-(1->4)-N-acetyl-beta-D-glucosaminyl derivative,2,30
1260,*OC1OC(CO)C(OC2OC(CO)C(O)C(O)C2NC(C)=O)C(OC2(C(=O)O)CC(O)C(NC(C)=O)C(C(O)C(O)CO)O2)C1O,an N-acetyl-beta-D-galactosaminyl-(1->4)-[N-acetyl-alpha-neuraminyl-(2->3)]-beta-D-galactosyl derivative,2,47
1261,*OC1OC(CO)C(OC2OC(CO)C(O)C(O)C2O)C(O)C1NC(C)=O,a beta-D-galactosyl-(1->4)-N-acetyl-beta-D-glucosaminyl derivative,12,27
1262,*OC1OC(CO)C(OC2OC(CO)C(O)C(O)C2O)C(O)C1O,a beta-D-galactosyl-(1->4)-beta-D-glucosyl derivative,2,24
1263,*OC1OC(CO)C(OC2OC(CO)C(O)C(O)C2OC2OC(C)C(O)C(O)C2O)C(O)C1NC(C)=O,an alpha-L-Fuc-(1->2)-beta-D-Gal-(1->4)-beta-D-GlcNAc derivative,4,37
1264,*OC1OC(CO)C(OC2OC(CO)C(O)C(O)C2OC2OC(C)C(O)C(O)C2O)C(OC2OC(C)C(O)C(O)C2O)C1NC(C)=O,an alpha-L-Fuc-(1->2)-beta-D-Gal-(1->4)-[alpha-L-Fuc-(1->3)]-beta-D-GlcNAc derivative,2,47
1265,*OC1OC(CO)C(OC2OC(CO)C(O)C(OC3(C(=O)O)CC(O)C(NC(C)=O)C(C(O)C(O)CO)O3)C2O)C(O)C1NC(C)=O,an N-acetyl-alpha-neuraminyl-(2->3)-beta-D-galactosyl-(1->4)-N-acetyl-beta-D-glucosaminyl derivative,4,47
1266,*OC1OC(CO)C(OC2OC(CO)C(O)C(OC3(C(=O)O)CC(O)C(NC(C)=O)C(C(O)C(O)CO)O3)C2O)C(OC2OC(C)C(O)C(O)C2O)C1NC(C)=O,an alpha-Neu5Ac-(2->3)-beta-D-Gal-(1->4)-[alpha-L-Fuc-(1->3)]-beta-D-GlcNAc derivative,2,57
1267,*OC1OC(CO)C(OC2OC(CO)C(O)C(OC3OC(CO)C(O)C(O)C3NC(C)=O)C2O)C(O)C1NC(C)=O,an N-acetyl-beta-D-glucosaminyl-(1->3)-beta-D-galactosyl-(1->4)-N-acetyl-beta-D-glucosaminyl derivative,4,41
1268,*OC1OC(CO)C(OC2OC(CO)C(O)C(OC3OC(CO)C(O)C(O)C3O)C2O)C(O)C1NC(C)=O,an alpha-D-galactosyl-(1->3)-beta-D-galactosyl-(1->4)-N-acetyl-beta-D-glucosaminyl derivative,2,38
1269,*OC1OC(CO)C(OC2OC(CO)C(O)C(OC3OC(CO)C(O)C(O)C3O)C2O)C(O)C1O,a beta-D-galactosyl-(1->3)-beta-D-galactosyl-(1->4)-beta-D-glucosaminyl derivative,2,35
1270,*OC1OC(CO)C(OC2OC(CO)C(O)C(OC3OC(CO)C(OC4OC(CO)C(O)C(O)C4O)C(O)C3NC(C)=O)C2O)C(O)C1NC(C)=O,a beta-D-Gal-(1->4)-beta-D-GlcNAc-(1->3)-beta-D-Gal-(1->4)-beta-D-GlcNAc derivative,2,52
1271,*OC1OC(CO)C(OC2OC(CO)C(O)C(OC3OC(CO)C(OC4OC(CO)C(O)C(OC5(C(=O)O)CC(O)C(NC(C)=O)C(C(O)C(O)CO)O5)C4O)C(O)C3NC(C)=O)C2O)C(O)C1NC(C)=O,an alpha-Neu5Ac-(2->3)-beta-D-Gal-(1->4)-beta-D-GlcNAc-(1->3)-beta-D-Gal-(1->4)-beta-D-GlcNAc derivative,2,72
1272,*OC1OC(CO)C(OC2OC(CO)C(O)C(OC3OC(CO)C(OC4OC(CO)C(O)C(OC5(C(=O)O)CC(O)C(NC(C)=O)C(C(O)C(O)CO)O5)C4O)C(O)C3NC(C)=O)C2O)C(OC2OC(C)C(O)C(O)C2O)C1NC(C)=O,an alpha-Neu5Ac-(2->3)-beta-D-Gal-(1->4)-beta-D-GlcNAc-(1->3)-beta-D-Gal-(1->4)-[alpha-L-Fuc-(1->3)]-beta-D-GlcNAc derivative,4,82
1273,*OC1OC(CO)C(OC2OC(CO)C(O)C(OC3OC(CO)C(OC4OC(CO)C(O)C(OC5(C(=O)O)CC(O)C(NC(C)=O)C(C(O)C(O)CO)O5)C4O)C(OC4OC(C)C(O)C(O)C4O)C3NC(C)=O)C2O)C(OC2OC(C)C(O)C(O)C2O)C1NC(C)=O,an alpha-Neu5Ac-(2->3)-beta-D-Gal-(1->4)-[alpha-L-Fuc-(1->3)]-beta-D-GlcNAc-(1->3)-beta-D-Gal-(1->4)-[alpha-L-Fuc-(1->3)]-beta-D-GlcNAc derivative,2,92
1274,*OC1OC(CO)C(OC2OC(COC3OC(CO)C(O)C(O)C3NC(C)=O)C(O)C(O)C2O)C(O)C1NC(C)=O,an N-acetyl-beta-D-glucosaminyl-(1->6)-beta-D-galactosyl-(1->4)-N-acetyl-beta-D-glucosaminyl derivative,2,41
1275,*OC1OC(CO)C(OC2OC(COC3OC(CO)C(O)C(O)C3NC(C)=O)C(O)C(OC3OC(CO)C(O)C(O)C3NC(C)=O)C2O)C(O)C1NC(C)=O,beta-D-GlcNAc-(1->3)-[beta-D-GlcNAc-(1->6)]-beta-D-Gal-(1->4)-beta-D-GlcNAc-R,2,55
1276,*OC1OC(CO)C(OC2OC(COC3OC(CO)C(O)C(O)C3NC(C)=O)C(O)C(OC3OC(CO)C(OC4OC(CO)C(O)C(O)C4O)C(O)C3NC(C)=O)C2O)C(O)C1NC(C)=O,a beta-D-Gal-(1->4)-beta-D-GlcNAc-(1->3)-[beta-D-GlcNAc-(1->6)]-beta-D-Gal-(1->4)-N-acetyl-beta-D-glucosaminyl derivative,2,66
1277,*OC1OC(COC2(C(=O)O)CC(O)C(NC(C)=O)C(C(O)C(O)CO)O2)C(O)C(OC2OC(CO)C(O)C(O)C2O)C1NC(C)=O,a beta-D-galactosyl-(1->3)-[N-acetyl-alpha-neuraminyl-(2->6)]-N-acetyl-alpha-D-galactosaminyl derivative,2,47
1278,*OC1OC(COC2(C(=O)O)CC(O)C(NC(C)=O)C(C(O)C(O)CO)O2)C(O)C(OC2OC(CO)C(O)C(OC3(C(=O)O)CC(O)C(NC(C)=O)C(C(O)C(O)CO)O3)C2O)C1NC(C)=O,an alpha-Neu5Ac-(2->3)-beta-D-Gal-(1->3)-[alpha-Neu5Ac-(2->6)]-beta-D-GalNAc derivative,2,67
1279,*OC1OC(COC2OC(CO)C(O)C(O)C2NC(C)=O)C(O)C(OC2OC(CO)C(O)C(O)C2O)C1NC(C)=O,a beta-D-galactosyl-(1->3)-[N-acetyl-beta-D-glucosaminyl-(1->6)]-N-acetyl-alpha-D-galactosaminyl derivative,2,41
1280,*OC1OC(COC2OCC(O)C(O)C2O)C(O)C(O)C1O,a 6-O-(beta-D-xylopyranosyl)-beta-D-glucopyranoside,2,22
1281,*OC1OC(COP(=O)(O)OC2OC(CO)C(O)C(O)C2O)C(O)C(O)C1O,6-(alpha-D-glucose-1-phospho)-alpha-D-mannosyl derivative,4,28
1282,*OC1OC(COS(=O)(=O)O)C(OC2OC(CO)C(O)C(O)C2O)C(O)C1NC(C)=O,a beta-D-galactosyl-(1->4)-N-acetyl-beta-D-6-sulfooxy-glucosaminyl derivative,2,31
1283,*OC1OC(COS(=O)(=O)O)C(OC2OC(CO)C(O)C(O)C2O)C(OC2OC(C)C(O)C(O)C2O)C1NC(C)=O,a beta-D-galactosyl-(1->4)-[alpha-L-fucosyl-(1->3)]-N-acetyl-beta-D-6-sulfooxy-glucosaminyl derivative,2,41
1284,*OC1OC(COS(=O)(=O)O)C(OC2OC(CO)C(O)C(OC3(C(=O)O)CC(O)C(NC(C)=O)C(C(O)C(O)CO)O3)C2O)C(O)C1NC(C)=O,an alpha-Neu5Ac-(2->3)-beta-D-Gal-(1->4)-beta-D-GlcNAc6S derivative,2,51
1285,*OC1OC(COS(=O)(=O)O)C(OC2OC(CO)C(O)C(OC3(C(=O)O)CC(O)C(NC(C)=O)C(C(O)C(O)CO)O3)C2O)C(OC2OC(C)C(O)C(O)C2O)C1NC(C)=O,an alpha-Neu5Ac-(2->3)-beta-D-Gal-(1->4)-[alpha-L-Fuc-(1->3)]-beta-D-GlcNAc6S derivative,2,61
1286,*OCC(=O)CO,O-alkylglycerone,2,7
1287,*OCC(=O)COP(=O)(O)O,a 1-O-alkylglycerone 3-phosphate,4,11
1288,*OCC(CO)O*,(9Z-octadecenoyl)-glycerol,2,8
1289,*OCC(CO)OC(C)=O,a 1-O-alkyl-2-acetyl-sn-glycerol,6,10
1290,*OCC(COC1OC(CO)C(O)C(O)C1O)OC(*)=O,a 1-O-alkyl-2-acyl-3-O-(beta-D-galactosyl)-sn-glycerol,4,21
1291,*OCC(COC1OC(CO)C(O)C(OS(=O)(=O)O)C1O)OC(*)=O,a 1-O-alkyl-2-acyl-3-(beta-D-3-sulfogalactosyl)-sn-glycerol,4,25
1292,*OCC(COP(=O)(O)O)O*,a monoacyl-sn-glycero-3-phosphate,2,12
1293,*OCC(COP(=O)(O)OC1C(O)C(O)C(O)C(O)C1O)OC(*)=O,1-O-alkyl-2-acyl-sn-glycero-3-phospho-1D-myo-inositol,2,25
1294,*OCC(COP(=O)(O)OC1C(O)C(O)C(O)C(OP(=O)(O)O)C1O)OC(*)=O,1-O-alkyl-2-acyl-sn-glycero-3-phospho-(1'-myo-inositol-5'-phosphate),2,29
1295,*OCC(COP(=O)(O)OCCN)OC(=O)CCCC=CCC=CCC=CCC=CCCCCC,"a 1-O-alkyl-2-(5Z,8Z,11Z,14Z)-eicosatetraenoyl-sn-glycero-3-phosphoethanolamine",2,35
1296,*OCC(COP(=O)(O)OCC[N+](C)(C)C)OC(=O)CCCC=CCC=CCC=CCC=CCCCCC,"a 1-alkyl-2-(5Z,8Z,11Z,14Z)-eicosatetraenoyl-sn-glycero-3-phosphocholine",4,38
1297,*OCC(COP(=O)(O)OCC[N+](C)(C)C)OC(C)=O,a 1-O-alkyl-2-acetyl-sn-glycero-3-phosphocholine,12,20
1298,*OCC(O)CO,a 1-O-alkyl-sn-glycerol,4,7
1299,*OCC(O)COP(=O)(O)OCCN,a 1-O-alkyl-sn-glycero-3-phosphoethanolamine,2,14
1300,*OCC(O)COP(=O)(O)OCC[N+](C)(C)C,a 1-O-alkyl-sn-glycero-3-phosphocholine,14,17
1301,*OCC1OC(OC2C(CO)OC(O)C(NC(C)=O)C2O)C(O)C(O*)C1O,an oligosaccharide-(1->3)-[oligosaccharide-(1->6)]-beta-D-Man-(1->4)-D-GlcNAc,2,28
1302,*OO,a hydroperoxide,8,3
1303,*OP(=O)(O)O,a phosphate monoester,10,6
1304,*OP(=O)(O)OCC(COC(*)=O)OC(=O)CCCCCCCC1CC1*,a 1-acyl-2-(9-cyclopronane)-acyl-sn-glycero-3-phospholipid,2,27
1305,*OP(=O)(O)OCC(COC(*)=O)OC(=O)CCCCCCCCC(*)=C,a 1-acyl-2-(10-methylene)-acyl-sn-glycero-3-phospholipid,2,27
1306,*OP(=O)(O)OCC(O)CO,a sn-glycero-3-phosphodiester,2,11
1307,*OP(=O)(O)OP(=O)(O)OCC1OC(n2ccc(=O)[nH]c2=O)C(O)C1O,a UDP-monosaccharide,2,26
1308,*OS(=O)(=O)O,an alkyl sulfate,2,6
1309,*Oc1cc2c(cc1O*)C1Cc3ccc(O*)c(O*)c3CN1CC2,"an (S)-7,8,13,14-tetrahydroprotoberberine",2,26
1310,*Oc1cc2c(cc1O*)C1Cc3ccc(O*)c(O*)c3C[N+]1(C)CC2,"an (S)-cis-N-methyl-7,8,13,14-tetrahydroprotoberberine",2,27
1311,*P(=O)(O)OCC1OC(n2ccc(=O)[nH]c2=O)C(O)C1OP(=O)(O)O,,2,25
1312,*P(=O)(O)OCC1OC(n2ccc(=O)[nH]c2=O)C(O)C1OP(=O)(O)OCC1OC(n2ccc(=O)[nH]c2=O)C(O)C1O,,2,41
1313,*P(=O)(O)OCC1OC(n2ccc(=O)[nH]c2=O)C(O)C1OP(=O)(O)OCC1OC(n2ccc(=O)[nH]c2=O)C2OP(=O)(O)OC12,,2,44
1314,*P(=O)(O)OCC1OC(n2ccc(=O)[nH]c2=O)C(O)C1OP(=O)(O)OCC1OC(n2cnc3c(N)ncnc32)C(O)C1O,,2,43
1315,*P(=O)(O)OCC1OC(n2ccc(=O)[nH]c2=O)C2OP(=O)(O)OC12,,6,24
1316,*P(=O)(O)OCC1OC(n2cnc3c(=O)[nH]c(N)nc32)C2OP(=O)(O)OC12,,2,27
1317,*P(=O)(O)OCC1OC(n2cnc3c(N)ncnc32)C(O)C1O,,102,23
1318,*P(=O)(O)OCC1OC(n2cnc3c(N)ncnc32)C(O)C1OC(=O)C(C)N,,10,28
1319,*P(=O)(O)OCC1OC(n2cnc3c(N)ncnc32)C(O)C1OC(=O)C(C)NC(C)=O,,2,31
1320,*P(=O)(O)OCC1OC(n2cnc3c(N)ncnc32)C(O)C1OC(=O)C(CC(C)C)NC(C)=O,,2,34
1321,*P(=O)(O)OCC1OC(n2cnc3c(N)ncnc32)C(O)C1OC(=O)C(CC(N)=O)NC(C)=O,,2,34
1322,*P(=O)(O)OCC1OC(n2cnc3c(N)ncnc32)C(O)C1OC(=O)C(CCC(N)=O)NC(C)=O,,2,35
1323,*P(=O)(O)OCC1OC(n2cnc3c(N)ncnc32)C(O)C1OC(=O)C(CCSC)NC(C)=O,,2,34
1324,*P(=O)(O)OCC1OC(n2cnc3c(N)ncnc32)C(O)C1OC(=O)C(CCSC)NC=O,,2,33
1325,*P(=O)(O)OCC1OC(n2cnc3c(N)ncnc32)C(O)C1OC(=O)C(CO)NC(C)=O,,2,32
1326,*P(=O)(O)OCC1OC(n2cnc3c(N)ncnc32)C(O)C1OC(=O)C(CS)NC(C)=O,,2,32
1327,*P(=O)(O)OCC1OC(n2cnc3c(N)ncnc32)C(O)C1OC(=O)C(Cc1c[nH]c2ccccc12)NC(C)=O,,2,40
1328,*P(=O)(O)OCC1OC(n2cnc3c(N)ncnc32)C(O)C1OC(=O)C(Cc1ccc(O)cc1)NC(C)=O,,2,38
1329,*P(=O)(O)OCC1OC(n2cnc3c(N)ncnc32)C(O)C1OC(=O)C(Cc1ccccc1)NC(C)=O,,2,37
1330,*P(=O)(O)OCC1OC(n2cnc3c(N)ncnc32)C(O)C1OC(=O)C(N)C(C)C,,4,30
1331,*P(=O)(O)OCC1OC(n2cnc3c(N)ncnc32)C(O)C1OC(=O)C(N)C(C)CC,,6,31
1332,*P(=O)(O)OCC1OC(n2cnc3c(N)ncnc32)C(O)C1OC(=O)C(N)C(C)O,,4,30
1333,*P(=O)(O)OCC1OC(n2cnc3c(N)ncnc32)C(O)C1OC(=O)C(N)CC(=O)O,,8,31
1334,*P(=O)(O)OCC1OC(n2cnc3c(N)ncnc32)C(O)C1OC(=O)C(N)CC(=O)OP(=O)(O)O,,4,35
1335,*P(=O)(O)OCC1OC(n2cnc3c(N)ncnc32)C(O)C1OC(=O)C(N)CC(C)C,,12,31
1336,*P(=O)(O)OCC1OC(n2cnc3c(N)ncnc32)C(O)C1OC(=O)C(N)CC(N)=O,,6,31
1337,*P(=O)(O)OCC1OC(n2cnc3c(N)ncnc32)C(O)C1OC(=O)C(N)CCC(=O)O,,6,32
1338,*P(=O)(O)OCC1OC(n2cnc3c(N)ncnc32)C(O)C1OC(=O)C(N)CCC(=O)OP(=O)(O)O,,4,36
1339,*P(=O)(O)OCC1OC(n2cnc3c(N)ncnc32)C(O)C1OC(=O)C(N)CCC(N)=O,,6,32
1340,*P(=O)(O)OCC1OC(n2cnc3c(N)ncnc32)C(O)C1OC(=O)C(N)CCCCN,,6,32
1341,*P(=O)(O)OCC1OC(n2cnc3c(N)ncnc32)C(O)C1OC(=O)C(N)CCCCNC(=O)C1N=CCC1C,,2,40
1342,*P(=O)(O)OCC1OC(n2cnc3c(N)ncnc32)C(O)C1OC(=O)C(N)CCCNC(=N)N,,4,34
1343,*P(=O)(O)OCC1OC(n2cnc3c(N)ncnc32)C(O)C1OC(=O)C(N)CCO,,2,30
1344,*P(=O)(O)OCC1OC(n2cnc3c(N)ncnc32)C(O)C1OC(=O)C(N)CCSC,,8,31
1345,*P(=O)(O)OCC1OC(n2cnc3c(N)ncnc32)C(O)C1OC(=O)C(N)CO,,8,29
1346,*P(=O)(O)OCC1OC(n2cnc3c(N)ncnc32)C(O)C1OC(=O)C(N)COP(=O)(O)O,,6,33
1347,*P(=O)(O)OCC1OC(n2cnc3c(N)ncnc32)C(O)C1OC(=O)C(N)CS,,8,29
1348,*P(=O)(O)OCC1OC(n2cnc3c(N)ncnc32)C(O)C1OC(=O)C(N)CSS,,2,30
1349,*P(=O)(O)OCC1OC(n2cnc3c(N)ncnc32)C(O)C1OC(=O)C(N)CSSS,,2,31
1350,*P(=O)(O)OCC1OC(n2cnc3c(N)ncnc32)C(O)C1OC(=O)C(N)Cc1c[nH]c2ccccc12,,6,37
1351,*P(=O)(O)OCC1OC(n2cnc3c(N)ncnc32)C(O)C1OC(=O)C(N)Cc1c[nH]cn1,,2,33
1352,*P(=O)(O)OCC1OC(n2cnc3c(N)ncnc32)C(O)C1OC(=O)C(N)Cc1ccc(O)cc1,,6,35
1353,*P(=O)(O)OCC1OC(n2cnc3c(N)ncnc32)C(O)C1OC(=O)C(N)Cc1ccccc1,,8,34
1354,*P(=O)(O)OCC1OC(n2cnc3c(N)ncnc32)C(O)C1OC(=O)C(NC(C)=O)C(C)C,,2,33
1355,*P(=O)(O)OCC1OC(n2cnc3c(N)ncnc32)C(O)C1OC(=O)C(NC(C)=O)C(C)CC,,2,34
1356,*P(=O)(O)OCC1OC(n2cnc3c(N)ncnc32)C(O)C1OC(=O)C([1*])N,,2,28
1357,*P(=O)(O)OCC1OC(n2cnc3c(N)ncnc32)C(O)C1OC(=O)C([1*])NC(C)=O,,2,31
1358,*P(=O)(O)OCC1OC(n2cnc3c(N)ncnc32)C(O)C1OC(=O)C1CCCN1,,2,30
1359,*P(=O)(O)OCC1OC(n2cnc3c(N)ncnc32)C(O)C1OC(=O)CN,,8,27
1360,*P(=O)(O)OCC1OC(n2cnc3c(N)ncnc32)C(O)C1OC(=O)CNC(C)=O,,4,30
1361,*P(=O)(O)OCC1OC(n2cnc3c(N)ncnc32)C2OP(=O)(O)OC12,,2,26
1362,*S,a thiol,4,2
1363,*SC,a methyl thioether,2,3
1364,*SCC(N)C(=O)NCC(=O)O,an S-substituted L-cysteinylglycine,4,12
1365,*SCC(N)C(=O)O,an S-substituted L-cysteine,4,8
1366,*SCC(NC(=O)CCC(N)C(=O)O)C(=O)NCC(=O)O,an S-substituted glutathione,6,21
1367,*SCC(NC(=O)CCC(N)C(=O)O)C(=O)O,S-substituted gamma-glutamyl-L-cysteine,2,17
1368,*[N+](*)(*)C,a methylated tertiary amine,2,5
1369,*c1c(*)c(*)c(-c2[o+]c3c(*)c(*)c(*)c(*)c3cc2O)c(*)c1*,a 4-H-anthocyanidin with a 3-hydroxy group,2,26
1370,*c1c(*)c(*)c(-c2oc3c(*)c(*)c(*)c(*)c3c(=O)c2*)c(*)c1*,a flavone,1,27
1371,*c1c(*)c(*)c(-c2oc3c(*)c(*)c(*)c(*)c3c(=O)c2O)c(*)c1*,a flavonol,3,27
1372,*c1c(*)c(*)c(-c2oc3c(*)c(*)c(*)c(*)c3c(=O)c2OC2OC(CO)C(O)C(O)C2O)c(*)c1*,a flavonol 3-O-beta-D-glucoside,8,38
1373,*c1c(*)c(*)c(-c2oc3c(*)c(*)c(*)c(*)c3c(=O)c2OC2OC(CO)C(O)C(O)C2OC2OC(CO)C(O)C(O)C2O)c(*)c1*,a flavonol 3-O-beta-D-glucosyl-(1->2)-beta-D-glucoside,4,49
1374,*c1c(*)c(*)c(-c2oc3c(*)c(*)c(*)c(*)c3c(=O)c2OC2OC(CO)C(O)C(O)C2OC2OC(CO)C(O)C(O)C2OC2OC(CO)C(O)C(O)C2O)c(*)c1*,a flavonol 3-O-beta-D-glucosyl-(1->2)-beta-D-glucosyl-(1->2)-beta-D-glucoside,4,60
1375,*c1c(*)c(*)c(-c2oc3c(*)c(*)c(*)c(*)c3c(=O)c2OC2OC(CO)C(O)C(O)C2OC2OC(CO)C(O)C(O)C2OC2OC(COC(=O)C=Cc3ccc(O)cc3)C(O)C(O)C2O)c(*)c1*,a flavonol 3-O-[6-(4-coumaroyl)-beta-D-glucosyl-(1->2)-beta-D-glucosyl-(1->2)-beta-D-glucoside],2,71
1376,*c1c(*)c(*)c(-c2oc3c(*)c(*)c(*)c(*)c3c(=O)c2OC2OC(COC(=O)CC(=O)O)C(O)C(O)C2O)c(*)c1*,a flavonol 3-O-(6-O-malonyl-beta-D-glucoside),2,44
1377,*c1c(*)c(*)c(-c2oc3c(*)c(*)c(*)c(*)c3c(=O)c2OC2OC(COC3OC(C)C(O)C(O)C3O)C(O)C(O)C2O)c(*)c1*,a flavonol 3-O-[alpha-L-rhamnosyl-(1->6)-beta-D-glucoside],2,48
1378,*c1c(*)c(*)c(-c2oc3c(O)c(*)c(*)c(*)c3c(=O)c2*)c(*)c1*,an 8-hydroxyflavone,2,27
1379,*c1c(*)c(*)c(-c2oc3c(OC)c(*)c(*)c(*)c3c(=O)c2*)c(*)c1*,an 8-methoxyflavone,2,28
1380,*c1c(*)c(*)c(C(=O)C(*)C(=O)c2c(*)c(*)c(*)c(C3OC(CO)C(O)C(O)C3O)c2O)c(*)c1*,a 3'-(beta-D-glucopyranosyl)-2'-hydroxy-beta-oxodihydrochalcone,2,38
1381,*c1c(*)c(*)c(C2(*)C(*)Oc3c(*)c(*)c(*)c(*)c3C2O)c(O)c1*,"a (3R,4R)-4,2'-dihydroxyisoflavan",2,28
1382,*c1c(*)c(*)c(C2(*)C(=O)c3c(*)c(*)c(*)c(*)c3OC2*)c(O)c1*,a (3R)-2'-hydroxyisoflavanone,2,28
1383,*c1c(*)c(*)c(C2=C(O)C(O)c3c(*)c(*)c(*)c(*)c3O2)c(*)c1*,"a (4S)-2,3-dehydroflavan-3,4-diol",4,27
1384,*c1c(*)c(*)c(C2CC(=O)c3c(*)c(*)c(*)c(*)c3O2)c(*)c1*,a (2S)-flavan-4-one,2,26
1385,*c1c(*)c(*)c(C2Oc3c(*)c(*)c(*)c(*)c3C(=O)C2*)c(*)c1*,a flavanone,3,27
1386,*c1c(*)c(*)c(C2Oc3c(*)c(*)c(*)c(*)c3C(=O)C2O)c(*)c1*,"a (2R,3R)-dihydroflavonol",5,27
1387,*c1c(*)c(*)c(C2Oc3c(*)c(*)c(*)c(*)c3C(O)C2O)c(*)c1*,"a (2R,3S,4S)-leucoanthocyanidin",4,27
1388,*c1c(*)c(*)c(O)c(*)c1*,a phenol,6,12
1389,*c1c(*)c(*)c(OC(C)=O)c(*)c1*,a phenyl acetate,2,15
1390,*c1c(*)c(*)c(OS(=O)(=O)O)c(*)c1*,an aryl sulfate,4,16
1391,*c1c(*)c(*)c2c(c1*)OC(c1c(*)c(*)c(O)c(*)c1*)C(*)C2=O,a 4'-hydroxyflavanone,2,27
1392,*c1c(*)c(*)c2c(c1*)OC(c1c(*)c(*)c(OC)c(*)c1*)C(*)C2=O,a 4'-methoxyflavanone,2,28
1393,*c1c(*)c(O)c(*)c(-c2oc3c(*)c(*)c(*)c(*)c3c(=O)c2*)c1*,a 3'-hydroxyflavone,2,27
1394,*c1c(*)c(OC)c(*)c(-c2oc3c(*)c(*)c(*)c(*)c3c(=O)c2*)c1*,a 3'-methoxyflavone,2,28
1395,*c1c(O)c(*)c(-c2oc3c(*)c(*)c(*)c(*)c3c(=O)c2*)c(*)c1OC,a 5'-hydroxy-3'-methoxyflavone,2,28
1396,*c1c(OC)c(*)c(-c2oc3c(*)c(*)c(*)c(*)c3c(=O)c2*)c(*)c1OC,"a 3',5'-dimethoxyflavone",2,29
1397,*c1cc(*)c2c(c1O)C(=O)C1(O)C(=O)C3(O)C(=O)C(C(N)=O)=C(O)C(N(C)C)C3C(*)C1C2(*)*,an 11a-hydroxytetracycline,2,36
1398,*c1cc(*)c2c(c1O)C(=O)C1=C(O)C3(O)C(=O)C(C(N)=O)=C(O)C(N(C)C)C3C(*)C1C2(*)*,a tetracycline,2,35
1399,*c1cc(-c2oc3c(*)c(O)c(*)c(*)c3c(=O)c2O)c(*)c(*)c1*,a 7-O-hydroxy-flavonol,2,26
1400,*c1cc(-c2oc3c(*)c(OC4OC(CO)C(O)C(O)C4O)c(*)c(*)c3c(=O)c2O)c(*)c(*)c1*,a flavonol 7-O-beta-D-glucoside,4,37
1401,*c1cc(-c2oc3c(*)c(OC4OC(COC(=O)CC(=O)O)C(O)C(O)C4O)c(*)c(*)c3c(=O)c2O)c(*)c(*)c1*,a flavonol 7-O-(6-O-malonyl-beta-D-glucoside),2,43
1402,*c1cc(-c2oc3cc(O)cc(=O)c-3cc2O)cc(*)c1O,an anthocyanidin,2,22
1403,*c1cc(-c2oc3cc(O)cc(=O)c-3cc2OC2OC(CO)C(O)C(O)C2O)cc(*)c1O,an anthocyanidin 3-O-beta-D-galactoside,2,33
1404,*c1cc(O)c(C(=O)C(*)C(=O)c2c(*)c(*)c(*)c(*)c2*)c(*)c1*,a 3'-hydro-2'-hydroxy-beta-oxodihydrochalcone,2,27
1405,*c1cc2c(O)c(*)c(*)cc2[o+]c1-c1cc(*)c(*)c(*)c1,a 5-hydroxy anthocyanidin,2,23
1406,*c1cc2c(OC3OC(CO)C(O)C(O)C3O)c(*)c(*)cc2[o+]c1-c1cc(*)c(*)c(*)c1,an anthocyanin 5-O-beta-D-glucoside,2,34
1407,*c1nc2nc(N)nc(O)c2nc1*,a 2-amino-4-hydroxypteridine,2,14
1408,*c1nc2nc(O)nc(O)c2nc1*,"a 2,4-dihydroxypteridine",2,14
1409,*c1oc2c(*)c(*)c(*)c(*)c2c(=O)c1-c1c(*)c(*)c(*)c(O)c1*,a 3'-hydroxyisoflavone,2,27
1410,*c1oc2c(*)c(*)c(*)c(*)c2c(=O)c1-c1c(*)c(*)c(*)c(OC)c1*,a 3'-methoxyisoflavone,2,28
1411,*c1oc2c(*)c(*)c(*)c(*)c2c(=O)c1-c1c(*)c(*)c(O)c(*)c1*,a 4'-hydroxyisoflavone,2,27
1412,*c1oc2c(*)c(*)c(*)c(*)c2c(=O)c1-c1c(*)c(*)c(OC)c(*)c1*,a 4'-methoxyisoflavone,2,28
1413,*c1oc2c(*)c(O)c(*)c(*)c2c(=O)c1-c1c(*)c(*)c(*)c(*)c1*,a 7-hydroxyisoflavone,4,27
1414,*c1oc2c(*)c(OC)c(*)c(*)c2c(=O)c1-c1c(*)c(*)c(*)c(*)c1*,a 7-methoxyisoflavone,2,28
1415,*c1oc2c(*)c(OC3OC(CO)C(O)C(O)C3O)c(*)c(*)c2c(=O)c1-c1c(*)c(*)c(*)c(*)c1*,a 7-hydroxyisoflavone 7-O-beta-D-glucoside,2,38
1416,C,methane,6,1
1417,C#C,acetylene,2,2
1418,C#CC(=O)O,propynoate,4,5
1419,C#CC(O)C(NC(=O)CCC(N)C(=O)O)C(=O)O,L-gamma-glutamyl-(3R)-L-beta-ethynylserine,2,18
1420,C#CC1(O)CCC2C3CCc4cc(O)ccc4C3CCC21C,17alpha-ethynylestradiol,2,22
1421,C#CC1(O)CCC2C3CCc4cc(OS(=O)(=O)O)ccc4C3CCC21C,17alpha-ethynylestradiol 3-sulfate,2,26
1422,C#CC=O,prop-2-ynal,4,4
1423,C#CCC(=O)O,3-butynoate,2,6
1424,C#CCC(N)C(=O)O,L-propargylglycine,2,8
1425,C#CCC(NC(=O)CCC(N)C(=O)O)C(=O)O,L-gamma-glutamyl-L-propargylglycine,4,17
1426,C#CCC=O,but-3-ynal,4,5
1427,C#CCCO,but-3-yn-1-ol,2,5
1428,C#CCO,prop-2-yn-1-ol,2,4
1429,C#N,hydrogen cyanide,74,2
1430,C1=CC2OC2CC1,"3,4-epoxy-1-cyclohexene",2,7
1431,C1=NCCC1,1-pyrroline,2,5
1432,C1=NCCCC1,1-piperideine,2,6
1433,C1CCNC1,pyrrolidine,2,5
1434,C1CCNCC1,piperidine,2,6
1435,C=C(C(=O)O)C(C)C(=O)O,2-methylene-3-methylsuccinate,4,10
1436,C=C(C(=O)O)C1C(O)C=C(C)CCC=C(C)CC1O,"6alpha,8beta-hydroxygermacra-1(10),4,11(13)-trien-12-oate",2,19
1437,C=C(C(=O)O)C1CC=C(C)CCC=C(C)CC1O,"8beta-hydroxygermacra-1(10),4,11(13)-trien-12-oate",2,18
1438,C=C(C(=O)O)C1CCC(C)=CCCC(C)=CC1O,"6alpha-hydroxygermacra-1(10),4,11(13)-trien-12-oate",2,18
1439,C=C(C(=O)O)C1CCC(C)C2CCC(C)=CC12,(+)-artemisinate,2,17
1440,C=C(C(=O)OC)c1[nH]c2ccccc2c1CCN1C=C(CC)C=CC1,dehydrosecodine,4,25
1441,C=C(C(=O)OCC1OC(O)C(O)C(O)C1O)C(O)CO,6-tuliposide B,2,20
1442,C=C(C)C#Cc1cc(O)cc(CC=C(C)C)c1O,pestalodiol,2,18
1443,C=C(C)C#Cc1cc(O)ccc1O,siccayne,2,13
1444,C=C(C)C(=O)SCCNC(=O)CCNC(=O)C(O)C(C)(C)COP(=O)(O)OP(=O)(O)OCC1OC(n2cnc3c(N)ncnc32)C(O)C1OP(=O)(O)O,2-methylpropenoyl-CoA,2,53
1445,C=C(C)C(C)CCC(C)=CCCC(C)=CCCC=C(C)CCC=C(C)CCC(C)C(=C)C,"3,22-dimethyl-1,2,23,24-tetradehydro-2,3,22,23-tetrahydrosqualene",2,32
1446,C=C(C)C(C)CCC(C)=CCCC(C)=CCCC=C(C)CCC=C(C)CCC=C(C)C,"3-methyl-1,2-didehydro-2,3-dihydrosqualene",4,31
1447,C=C(C)C(C)CCC(C)C1CCC2(C)C3CCC4C(C)(C)C(O)CCC45CC35CCC12C,cyclolaudenol,2,32
1448,C=C(C)C(CC=C(C)C)COP(=O)(O)OP(=O)(O)O,(R)-lavandulyl diphosphate,4,19
1449,C=C(C)C(CC=C(C)C)Cc1c(O)cc(O)c2c1OC(c1ccc(O)cc1O)CC2=O,sophoraflavanone G,2,31
1450,C=C(C)C(CCC(C)=O)CC(=O)O,(3S)-3-isopropenyl-6-oxoheptanoate,2,13
1451,C=C(C)C(CCC(C)O)CC(=O)O,6-hydroxy-3-isopropenylheptanoate,2,13
1452,C=C(C)C(CO)CC=C(C)C,(R)-lavandulol,2,11
1453,C=C(C)C1CC=C(C(=O)O)CC1,perillate,4,12
1454,C=C(C)C1CC=C(C)C(=O)C1,(S)-carvone,4,11
1455,C=C(C)C1CC=C(C)C(O)C1,"(1S,5S)-carveol",4,11
1456,C=C(C)C1CC=C(C)CC1,(4R)-limonene,6,10
1457,C=C(C)C1CC=C(C)CCC=C(C)CC1,germacrene A,2,15
1458,C=C(C)C1CC=C(C)CCC=C(C)CCC=C(C)CC1,(R)-cembrene A,2,20
1459,C=C(C)C1CC=C(C=O)CC1,perillyl aldehyde,6,11
1460,C=C(C)C1CC=C(CO)CC1,(4S)-perillyl alcohol,2,11
1461,C=C(C)C1CC=C2CCCC(C)C2(C)C1,(+)-5-epi-aristolochene,2,15
1462,C=C(C)C1CCC(C)(O)C(=O)C1,"(1S,4R)-1-hydroxylimonen-2-one",4,12
1463,C=C(C)C1CCC(C)(O)C(O)C1,"limonene-1,2-diol",4,12
1464,C=C(C)C1CCC(C)(O)OC(=O)C1,7-hydroxy-4-isopropenyl-7-methyloxepan-2-one,4,13
1465,C=C(C)C1CCC(C)=CC1=O,(6R)-isopiperitenone,6,11
1466,C=C(C)C1CCC(C)=CC1O,"(1S,6R)-isopiperitenol",2,11
1467,C=C(C)C1CCC(C)=CC1c1c(O)cc(CCCCC)c(C(=O)O)c1O,cannabidiolate,2,26
1468,C=C(C)C1CCC(C)C(=O)C1,"(1R,4R)-dihydrocarvone",6,11
1469,C=C(C)C1CCC(C)C(=O)OC1,6-isopropenyl-3-methyloxepan-2-one,2,12
1470,C=C(C)C1CCC(C)C(O)C1,"(1R,2R,4R)-dihydrocarveol",2,11
1471,C=C(C)C1CCC(C)C2CCC(C)=CC12,"(+)-amorpha-4,11-diene",2,15
1472,C=C(C)C1CCC(C)CC1=O,"(2R,5R)-isopulegone",2,11
1473,C=C(C)C1CCC(C)OC(=O)C1,"(4R,7R)-4-isopropenyl-7-methyloxepan-2-one",4,12
1474,C=C(C)C1CCC2(C)C1CCC1(C)C2CCC2C3(C)CCCC(C)(C)C3CCC21C,hop-22(29)-ene,2,30
1475,C=C(C)C1CCC2(C)CCC3(C)C(CCC4C5(C)CCC(O)C(C)(C)C5CCC43C)C12,lupeol,1,31
1476,C=C(C)C1CCC2(C)CCC=C(C)C2C1,alpha-selinene,2,15
1477,C=C(C)C1CCC2(C)OC2C1,"limonene 1,2-epoxide",6,11
1478,C=C(C)C1CNC(C(=O)O)C1CC(=O)O,kainate,2,15
1479,C=C(C)CCOP(=O)(O)O,isopentenyl phosphate,8,10
1480,C=C(C)CCOP(=O)(O)OP(=O)(O)O,isopentenyl diphosphate,22,14
1481,C=C(C=CC(C)C1CCC2C3=CC=C4CC(O)CCC4(C)C3CCC21C)C(C)C,"ergosta-5,7,22,24(28)-tetraen-3beta-ol",8,29
1482,C=C(C=CC(C)C1CCC2C3=CC=C4CC(OC(C)=O)CCC4(C)C3CCC21C)C(C)C,"ergosta-5,7,22,24(28)-tetraen-3beta-yl acetate",4,32
1483,C=C(C=O)C1CCC(C)C2CCC(C)=CC12,(+)-artemisinic aldehyde,6,16
1484,C=C(CC(=O)O)C(=O)O,itaconate,10,9
1485,C=C(CC(=O)SCCNC(=O)CCNC(=O)C(O)C(C)(C)COP(=O)(O)OP(=O)(O)OCC1OC(n2cnc3c(N)ncnc32)C(O)C1OP(=O)(O)O)C(=O)O,itaconyl-CoA,6,56
1486,C=C(CC(N)C(=O)O)C(=O)O,4-methylene-L-glutamate,4,11
1487,C=C(CC(N)C(=O)O)C(N)=O,4-methylene-L-glutamine,4,11
1488,C=C(CCC(=O)O)C(=O)O,2-methyleneglutarate,4,10
1489,C=C(CCC(C)C1CCC2(C)C3=C(CCC12C)C1(C)CCC(O)C(C)(C)C1CC3)C(C)C,eburicol,4,32
1490,C=C(CCC(C)C1CCC2(C)C3=C(CCC12C)C1(C)CCC(O)C(C)C1CC3)C(C)C,obtusifoliol,2,31
1491,C=C(CCC(C)C1CCC2(C)C3CCC4C(C)(C(=O)O)C(O)CCC45CC35CCC12C)C(C)C,"4alpha-carboxy-4beta,14alpha-dimethyl-9beta,19-cyclo-5alpha-ergost-24(24(1))-en-3beta-ol",2,34
1492,C=C(CCC(C)C1CCC2(C)C3CCC4C(C)(C)C(O)CCC45CC35CCC12C)C(C)C,24-methylenecycloartanol,2,32
1493,C=C(CCC(C)C1CCC2(C)C3CCC4C(C)C(=O)CCC45CC35CCC12C)C(C)C,cycloeucalenone,2,31
1494,C=C(CCC(C)C1CCC2(C)C3CCC4C(C)C(O)CCC45CC35CCC12C)C(C)C,cycloeucalenol,2,31
1495,C=C(CCC(C)C1CCC2C3=C(CCC21C)C1(C)CCC(O)CC1CC3)C(C)C,fecosterol,4,29
1496,C=C(CCC(C)C1CCC2C3=CC=C4CC(O)CCC4(C)C3CCC21C)C(C)C,5-dehydroepisterol,8,29
1497,C=C(CCC(C)C1CCC2C3=CCC4C(C)C(O)CCC4(C)C3CCC21C)C(C)C,24-methylidenelophenol,2,30
1498,C=C(CCC(C)C1CCC2C3=CCC4CC(O)CCC4(C)C3CCC21C)C(C)C,episterol,6,29
1499,C=C(CCC(C)C1CCC2C3CC=C4CC(O)CCC4(C)C3CCC12C)C(C)C,24-methylenecholesterol,2,29
1500,C=C(CCC(C)C1CCC2C3CC=C4CC(OC5OC(CO)C(O)C(O)C5O)CCC4(C)C3CCC12C)C(C)C,24-methylene cholesteryl beta-D-glucoside,2,40
1501,C=C(CCC=C(C)C)C1CC=C(C)CC1,beta-bisabolene,4,15
1502,C=C(CCC=C(C)C)C1CCC2(C)C1CCC1C3(C)CCCC(C)(C)C3CCC12C,"dammara-20,24-diene",1,30
1503,C=C(CCC=C(C)CCC=C(C)C)C1CC=C(C)CC1,(R)-axinyssene,2,20
1504,C=C(CCC=C(C)CCC=C(C)CCC=C(C)C)C1CC=C(C)CC1,(-)-somaliensene B,2,25
1505,C=C(CCO)C(=O)OCC1OC(O)C(O)C(O)C1O,6-tuliposide A,2,19
1506,C=C(CO)C1CCC(C)C2CCC(C)=CC12,(+)-artemisinic alcohol,2,16
1507,C=C(Cl)C(=O)O,2-chloroacrylate,2,6
1508,C=C(N)C(=O)O,2-aminoprop-2-enoate,31,6
1509,C=C(OC1C(O)C(CO)OC(OP(=O)(O)OP(=O)(O)OCC2OC(n3ccc(=O)[nH]c3=O)C(O)C2O)C1NC(C)=O)C(=O)O,UDP-N-acetyl-3-O-(1-carboxyvinyl)-alpha-D-glucosamine,4,44
1510,C=C(OC1C=C(C(=O)O)C=CC1N)C(=O)O,4-amino-4-deoxychorismate,10,16
1511,C=C(OC1C=C(C(=O)O)C=CC1O)C(=O)O,chorismate,14,16
1512,C=C(OC1C=CC(C(=O)CCC(=O)O)C(C(=O)O)C1O)C(=O)O,5-enolpyruvoyl-6-hydroxy-2-succinyl-cyclohex-3-ene-1-carboxylate,2,23
1513,C=C(OC1C=CC=C(C(=O)O)C1N)C(=O)O,(2S)-2-amino-4-deoxychorismate,5,16
1514,C=C(OC1C=CC=C(C(=O)O)C1O)C(=O)NC(CCC(=O)O)C(=O)O,isochorismoyl-L-glutamate,3,25
1515,C=C(OC1C=CC=C(C(=O)O)C1O)C(=O)O,isochorismate,9,16
1516,C=C(OC1CC(C(=O)O)=CC(OP(=O)(O)O)C1O)C(=O)O,5-O-(1-carboxyvinyl)-3-phosphoshikimate,4,21
1517,C=C(OP(=O)(O)O)C(=O)O,phosphoenolpyruvate,67,10
1518,C=C(OP(=O)(O)OCC(O)C(O)C(O)Cn1c2nc(=O)[nH]c(=O)c-2cc2ccc(O)cc21)C(=O)O,dehydro coenzyme F420-0,2,35
1519,C=C(OP(=O)(O)OP(=O)(O)OCC1OC(n2cnc3c(=O)[nH]c(N)nc32)C(O)C1O)C(=O)O,enolpyruvoyl-2-diphospho-5'-guanosine,4,33
1520,C=C(Oc1cccc(C(=O)O)c1)C(=O)O,3-[(1-carboxyvinyl)-oxy]benzoate,1,15
1521,C=C*C(=NOS(=O)(=O)O)SC1OC(CO)C(O)C(O)C1O,a (Z)-alkenyl glucosinolate,2,22
1522,C=C*C(S)=NOS(=O)(=O)O,a (Z)-N-(sulfonatooxy)alkenimidothioate,4,11
1523,C=C1C(=CC=C2CCCC3(C)C2CCC3C(C)CCCC(C)(C)O)CC(O)C(O)C1O,"1alpha,2beta,25-trihydroxycholecalciferol",2,31
1524,C=C1C(=CC=C2CCCC3(C)C2CCC3C(C)CCCC(C)(C)O)CC(O)C(OC(O)CCO)C1O,"1alpha,25-dihydroxy-2beta-(1,3-dihydroxypropoxy)-cholecalciferol",2,36
1525,C=C1C(=CC=C2CCCC3(C)C2CCC3C(C)CCCC(C)(C)O)CC(O)CC1O,calcitriol,2,30
1526,C=C1C(=CC=C2CCCC3(C)C2CCC3C(C)CCCC(C)(C)OC2OC(C(=O)O)C(O)C(O)C2O)CC(O)CC1O,calcitriol 25-O-(beta-D-glucuronide),2,42
1527,C=C1C(=O)CC2(C(C)C)CC12,"(1S,5S)-sabinone",2,11
1528,C=C1C(=O)Nc2ccccc21,3-methyleneoxindole,2,11
1529,C=C1C(=O)OC2C=C(C)CCC=C(C)CC(O)C12,eupatolide,2,18
1530,C=C1C(=O)OC2C=C(C)CCC=C(C)CCC12,(+)-costunolide,2,17
1531,C=C1C(=O)OC2CC(C)=CCCC(C)=CCC12,8-epi-inunolide,2,17
1532,C=C1C(=O)OCC1O,tulipalin B,2,8
1533,C=C1C(=O)OCC2C(C(=O)O)=CC3CC(C)(C)CC132,pentalenolactone E,4,19
1534,C=C1C(O)CC2(C(C)C)CC12,"(1S,3R,5S)-sabinol",4,11
1535,C=C1C(O)CCC2(C)CCC3=C(C)CCC(CC12)C3(C)C,"taxa-4(20),11-dien-5alpha-ol",2,21
1536,C=C1C(OC(C)=O)CCC2(C)CC(O)C3=C(C)CC(O)C(CC12)C3(C)C,"10beta,14beta-dihydroxytaxa-4(20),11-dien-5alpha-yl acetate",2,26
1537,C=C1C(OC(C)=O)CCC2(C)CC(O)C3=C(C)CC(OC(C)=O)C(C(OC(C)=O)C12)C3(C)C,10-deacetyltaxuyunnanin C,2,33
1538,C=C1C(OC(C)=O)CCC2(C)CC(O)C3=C(C)CCC(CC12)C3(C)C,"10beta-hydroxytaxa-4(20),11-dien-5alpha-yl acetate",2,25
1539,C=C1C(OC(C)=O)CCC2(C)CC(OC(C)=O)C3=C(C)CC(OC(C)=O)C(C(OC(C)=O)C12)C3(C)C,taxuyunnanin C,2,36
1540,C=C1C(OC(C)=O)CCC2(C)CCC3=C(C)CCC(CC12)C3(C)C,"taxa-4(20),11-dien-5alpha-yl acetate",2,24
1541,C=C1C2(C)CC3C4(C)C=CC(=O)OC(C)(C)C4CCC3(C)C1(C(=O)OC)C(=O)C(C)(O)C2=O,preaustinoid A2,2,33
1542,C=C1C2(C)CC3C4(C)CCC(=O)C(C)(C)C4CCC3(C)C1(C(=O)OC)C(=O)C(C)(O)C2=O,preaustinoid A,2,32
1543,C=C1C2(C)CC3C4(C)CCC(=O)OC(C)(C)C4=CCC3(C)C1(C(=O)OC)C(=O)C(C)(O)C2=O,berkeleyone B,2,33
1544,C=C1C2(C)CC3C4(C)CCC(=O)OC(C)(C)C4CCC3(C)C1(C(=O)OC)C(=O)C(C)(O)C2=O,preaustinoid A1,4,33
1545,C=C1C2(C)CC3C4(C)CCC(O)C(C)(C)C4CCC3(C)C1(C(=O)OC)C(=O)C(C)(O)C2=O,berkeleyone A,2,32
1546,C=C1C2CCC(C2)C1(C)C,"(1R,4S)-camphene",2,10
1547,C=C1C2CCC(C2)C1(C)CCC=C(C)C,(-)-beta-santalene,2,15
1548,C=C1C2CCC3C2C(C(C)C)CCC13C,(-)-sativene,1,15
1549,C=C1C2CCC3C2C(C)(C)CCCC13C,longifolene,1,15
1550,C=C1C=C2C(C(C)C)CCC(C)C2CC1,"cis-muurola-4(14),5-diene",2,15
1551,C=C1C=C2C(CC1)C(C)CCC2C(C)CCC=C(C)C,elisabethatriene,2,20
1552,C=C1C=C2C(CC1)C(C)CCCC2(C)C,"(6R,7S)-2,2,6-trimethyl-10-methylenebicyclo[5.4.0]undec-1(11)-ene",2,15
1553,C=C1C=CC(C(C)C)CC1,(-)-beta-phellandrene,2,10
1554,C=C1C=CC(C(C)C)CCC(C)=CCC1,(-)-germacrene D,2,15
1555,C=C1C=CC(C(C)CCC=C(C)C)CC1,beta-sesquiphellandrene,2,15
1556,C=C1C=CC(C)(C)CCCC(C)=CCC1,gamma-humulene,2,15
1557,C=C1CC23CC1(O)CCC2C1(C(=O)O)CCCC(C)(C(=O)O)C1C3C(=O)O,gibberellin A17,2,27
1558,C=C1CC23CC1(O)CCC2C1(C)CCCC(C)(C(=O)O)C1C3C(=O)O,gibberellin A53,2,25
1559,C=C1CC23CC1(O)CCC2C1(C=O)CCCC(C)(C(=O)O)C1C3C(=O)O,gibberellin A19,4,26
1560,C=C1CC23CC1(O)CCC2C1(CO)CCCC(C)(C(=O)O)C1C3C(=O)O,gibberellin A44,4,26
1561,C=C1CC23CC1(O)CCC2C12C=CC(O)C(C)(C(=O)O1)C2C3C(=O)O,gibberellin A3,4,25
1562,C=C1CC23CC1(O)CCC2C12C=CC(O)C(C)(C(=O)O1)C2C3C(=O)OC,O-methyl gibberellin A3,2,26
1563,C=C1CC23CC1(O)CCC2C12C=CC(OC4OC(CO)C(O)C(O)C4O)C(C)(C(=O)O1)C2C3C(=O)O,gibberellin A3 O-beta-D-glucoside,2,36
1564,C=C1CC23CC1(O)CCC2C12CC(O)C(O)C(C)(C(=O)O1)C2C3C(=O)O,gibberellin A8,2,26
1565,C=C1CC23CC1(O)CCC2C12CCC(O)C(C)(C(=O)O1)C2C3C(=O)O,gibberellin A1,6,25
1566,C=C1CC23CC1(O)CCC2C12CCC(O)C(C)(C(=O)O1)C2C3C(=O)OC,O-methyl gibberellin A1,2,26
1567,C=C1CC23CC1(O)CCC2C12CCCC(C)(C(=O)O1)C2C3C(=O)O,gibberellin A20,4,24
1568,C=C1CC23CC1(O)CCC2C12CCCC(C)(C(=O)O1)C2C3C(=O)OC,gibberellin A20 methyl ester,2,25
1569,C=C1CC23CC1CCC2C1(C(=O)O)CCCC(C)(C(=O)O)C1C3C(=O)O,gibberellin A25,2,26
1570,C=C1CC23CC1CCC2C1(C)CCC(O)C(C)(C(=O)O)C1C3C(=O)O,gibberellin A14,2,25
1571,C=C1CC23CC1CCC2C1(C)CCC(O)C(C)(C(=O)O)C1C3C=O,gibberellin A14 aldehyde,2,24
1572,C=C1CC23CC1CCC2C1(C)CCCC(C)(C(=O)O)C1C3C(=O)O,gibberellin A12,4,24
1573,C=C1CC23CC1CCC2C1(C)CCCC(C)(C(=O)O)C1C3C=O,gibberellin A12 aldehyde,2,23
1574,C=C1CC23CC1CCC2C1(C=O)CCCC(C)(C(=O)O)C1C3C(=O)O,gibberellin A24,4,25
1575,C=C1CC23CC1CCC2C1(CO)CCCC(C)(C(=O)O)C1C3C(=O)O,gibberellin A15,4,25
1576,C=C1CC23CC1CCC2C12CC(O)C(O)C(C)(C(=O)O1)C2C3C(=O)O,gibberellin A34,2,25
1577,C=C1CC23CC1CCC2C12CC(O)C(O)C(C)(C(=O)O1)C2C3C(=O)OC,O-methyl gibberellin A34,2,26
1578,C=C1CC23CC1CCC2C12CCC(O)C(C)(C(=O)O1)C2C3C(=O)O,gibberellin A4,4,24
1579,C=C1CC23CC1CCC2C12CCC(O)C(C)(C(=O)O1)C2C3C(=O)OC,O-methyl gibberellin A4,2,25
1580,C=C1CC23CC1CCC2C12CCCC(C)(C(=O)O1)C2C3C(=O)O,gibberellin A9,4,23
1581,C=C1CC23CC1CCC2C12CCCC(C)(C(=O)O1)C2C3C(=O)OC,O-methyl gibberellin A9,2,24
1582,C=C1CC23CCC4C(C)(C(=O)O)CCCC4(C)C2CCC1(O)C3,steviol,2,23
1583,C=C1CC23CCC4C(C)(C(=O)O)CCCC4(C)C2CCC1(OC1OC(CO)C(O)C(O)C1O)C3,steviolmonoside,6,34
1584,C=C1CC23CCC4C(C)(C(=O)O)CCCC4(C)C2CCC1(OC1OC(CO)C(O)C(O)C1OC1OC(CO)C(O)C(O)C1O)C3,steviolbioside,6,45
1585,C=C1CC23CCC4C(C)(C(=O)O)CCCC4(C)C2CCC1(OC1OC(CO)C(O)C(OC2OC(CO)C(O)C(O)C2O)C1OC1OC(CO)C(O)C(O)C1O)C3,rebaudioside B,4,56
1586,C=C1CC23CCC4C(C)(C(=O)OC5OC(CO)C(O)C(O)C5O)CCCC4(C)C2CCC1(OC1OC(CO)C(O)C(O)C1O)C3,rubusoside,4,45
1587,C=C1CC23CCC4C(C)(C(=O)OC5OC(CO)C(O)C(O)C5O)CCCC4(C)C2CCC1(OC1OC(CO)C(O)C(O)C1OC1OC(CO)C(O)C(O)C1O)C3,stevioside,8,56
1588,C=C1CC23CCC4C(C)(C(=O)OC5OC(CO)C(O)C(O)C5O)CCCC4(C)C2CCC1(OC1OC(CO)C(O)C(OC2OC(CO)C(O)C(O)C2O)C1OC1OC(CO)C(O)C(O)C1O)C3,rebaudioside A,6,67
1589,C=C1CC23CCC4C(C)(C(=O)OC5OC(CO)C(O)C(O)C5OC5OC(CO)C(O)C(O)C5O)CCCC4(C)C2CCC1(OC1OC(CO)C(O)C(O)C1OC1OC(CO)C(O)C(O)C1O)C3,rebaudioside E,4,67
1590,C=C1CC23CCC4C(C)(C(=O)OC5OC(CO)C(O)C(O)C5OC5OC(CO)C(O)C(O)C5O)CCCC4(C)C2CCC1(OC1OC(CO)C(O)C(OC2OC(CO)C(O)C(O)C2O)C1OC1OC(CO)C(O)C(O)C1O)C3,rebaudioside D,6,78
1591,C=C1CC23CCC4C(C)(C(=O)OC5OC(CO)C(O)C(OC6OC(CO)C(O)C(O)C6O)C5OC5OC(CO)C(O)C(O)C5O)CCCC4(C)C2CCC1(OC1OC(CO)C(O)C(OC2OC(CO)C(O)C(O)C2O)C1OC1OC(CO)C(O)C(O)C1O)C3,rebaudioside M,2,89
1592,C=C1CC23CCC4C(C)(C)CCCC4(C)C2CCC1C3,ent-kaur-16-ene,1,20
1593,C=C1CCC(C(C)C)C2C=C(C)CCC12,(-)-gamma-cadinene,2,15
1594,C=C1CCC(O)C(C)(C)C1CCC(C)=CCCC(C)=CCc1c(O)cc(C)oc1=O,sartorypyrone D,2,30
1595,C=C1CCC(O)CC1=CC=C1CCCC2(C)C1CCC2C(C)C=CC(C)C(C)C,vitamin D2,2,29
1596,C=C1CCC(O)CC1=CC=C1CCCC2(C)C1CCC2C(C)CCCC(C)(C)O,calcidiol,4,29
1597,C=C1CCC(O)CC1=CC=C1CCCC2(C)C1CCC2C(C)CCCC(C)(C)OC1OC(C(=O)O)C(O)C(O)C1O,calcidiol 25-O-(beta-D-glucuronide),2,41
1598,C=C1CCC(O)CC1=CC=C1CCCC2(C)C1CCC2C(C)CCCC(C)C,calciol,4,28
1599,C=C1CCC(OC(C)=O)C(C)(C)C1CCC(C)=CCCC(C)=CCc1c(O)cc(C)oc1=O,sartorypyrone A,2,33
1600,C=C1CCC(OC2OC(C(=O)O)C(O)C(O)C2O)CC1=CC=C1CCCC2(C)C1CCC2C(C)CCCC(C)(C)O,calcidiol 3-O-(beta-D-glucuronide),2,41
1601,C=C1CCC2(C(C)C)CC12,sabinene,4,10
1602,C=C1CCC2(C(C)CCC=C(C)C)CC12,sesquisabinene B,2,15
1603,C=C1CCC23C(C)CCC(C(C)C)C2C13,beta-cubebene,2,15
1604,C=C1CCC23CC1CC2CCC1C(C)(C)CCCC13C,stemod-13(17)-ene,1,20
1605,C=C1CCC2C(C)(C)C(O)CCC2(C)C1CCC(C)=CCc1c(O)cc(C)oc1=O,sartorypyrone F,2,30
1606,C=C1CCC2C(C)(C)C(OC(C)=O)CCC2(C)C1CCC(C)=CCc1c(O)cc(C)oc1=O,sartorypyrone G,2,33
1607,C=C1CCC2C(C)(C)CCCC2(C)C1CCC(C)=CCO,(+)-copalol,2,21
1608,C=C1CCC2C(C)(C)CCCC2(C)C1CCC(C)=CCOP(=O)(O)OP(=O)(O)O,ent-copalyl diphosphate,22,29
1609,C=C1CCC2C(C)(CCC3C4(C)CCCC(C)(C)C4CCC23C)C1CO,scalar-17(25)-en-19-ol,1,26
1610,C=C1CCC2C3C(C(C)C)CCC2(C)C13,beta-copaene,2,15
1611,C=C1CCC2CC1C2(C)C,"(1S,5S)-beta-pinene",2,10
1612,C=C1CCC2CC1C2(C)CCC=C(C)C,(+)-endo-beta-bergamotene,2,15
1613,C=C1CCC=C(C)CCC2C1CC2(C)C,(-)-(E)-beta-caryophyllene,4,15
1614,C=C1CCCC(C)(C)C2C=C(C)CCC12,alpha-himachalene,2,15
1615,C=C1CCCC1(C)C1(C)CC=C(C)CC1,trichodiene,2,15
1616,C=C1CCCC2(C)CCC(=C(C)C)CC12,"selina-4(15),7(11)-diene",1,15
1617,C=C1CCOC1=O,tulipalin A,2,7
1618,C=C1NC(=O)C(C(=O)C(C)=CCCCC(O)C=CC=CCC(O)C(CC)CC(C)=CC(C)=CC)=C1O,"4-[(2E,7S,8E,10E,13R,14R,16E,18E)-14-ethyl-7,13-dihydroxy-2,16,18-trimethylicosa-2,8,10,16,18-pentaenoyl]-2-methylidene-5-oxo-2,5-dihydro-1H-pyrrol-3-olate",2,36
1619,C=C1NC(=O)C(C(=O)C2(C)C(CC(O)C(CC)CC(C)=CC(C)=CC)C=CC3C(O)CCCC32)=C1O,"4-[(1R,2R,4aS,5S,8aR)-2-[(2R,3R,5E,7E)-3-ethyl-2-hydroxy-5,7-dimethylnona-5,7-dien-1-yl]-5-hydroxy-1-methyl-1,2,4a,5,6,7,8,8a-octahydronaphthalene-1-carbonyl]-2-methylidene-5-oxo-2,5-dihydro-1H-pyrrol-3-olate",4,36
1620,C=C1OC(=O)C(C(=O)C(C)CC(C)C(=O)C=CC=CC=CC)=C1O,"(2R,4S,6E,8E,10E)-1-(4-hydroxy-5-methylidene-2-oxo-2,5-dihydrofuran-3-yl)-2,4-dimethyldodeca-6,8,10-triene-1,5-dione",2,24
1621,C=C1OC(=O)C(C(=O)C(C)CC(C)C(=O)C=CC=CC=CC)=C1OC,"(2R,4S,6E,8E,10E)-1-(4-methoxy-5-methylidene-2-oxo-2,5-dihydrofuran-3-yl)-2,4-dimethyldodeca-6,8,10-triene-1,5-dione",2,25
1622,C=C1OC(C)=C(O)C1=O,4-hydroxy-5-methyl-2-methylenefuran-3(2H)-one,4,9
1623,C=CC,propene,2,3
1624,C=CC(=C)C,isoprene,2,5
1625,C=CC(=C)CC(=O)C=C(C)C,ipsdienone,4,11
1626,C=CC(=C)CC(O)C=C(C)C,(4R)-ipsdienol,4,11
1627,C=CC(=C)CCC1(C)C(C)CCC2(C)C(C)=CCCC21,terpentetriene,2,20
1628,C=CC(=C)CCC1(O)C(C)CCC2C(C)(C)CCCC21C,"labd-13(16),14-diene-9-ol",2,21
1629,C=CC(=C)CCC1C(C)=CCC2C(C)(C)CCCC12C,"labda-7,13(16),14-triene",2,20
1630,C=CC(=C)CCC=C(C)C,beta-myrcene,4,10
1631,C=CC(=C)CCC=C(C)CCC=C(C)C,(E)-beta-farnesene,2,15
1632,C=CC(=C)CCC=C(C)CCC=C(C)CCC=C(C)CCC=C(C)C,beta-geranylfarnesene,2,25
1633,C=CC(=C)CCC=C(C)CCC=C(C)CCC=C(C)CCC=C(C)CCC=C(C)C,beta-hexaprene,2,30
1634,C=CC(=C)CCC=C(C)CCC=C(C)CCC=C(C)CCC=C(C)CCC=C(C)CCC=C(C)C,beta-heptaprene,2,35
1635,C=CC(=O)CC,pent-1-en-3-one,2,6
1636,C=CC(=O)O,acrylate,8,5
1637,C=CC(=O)SCCNC(=O)CCNC(=O)C(O)C(C)(C)COP(=O)(O)OP(=O)(O)OCC1OC(n2cnc3c(N)ncnc32)C(O)C1OP(=O)(O)O,acryloyl-CoA,12,52
1638,C=CC(C)(C)C12C=C(O)C(=O)N3C(=Cc4c[nH]cn4)C(=O)NC31N(O)c1ccccc12,glandicoline B,2,31
1639,C=CC(C)(C)C12C=C(O)C(=O)N3C(=Cc4c[nH]cn4)C(=O)NC31N(OC)c1ccccc12,meleagrin,2,32
1640,C=CC(C)(C)C12CC3C(=O)Nc4ccccc4C(=O)N3C1N(C(C)=O)c1ccccc12,"(2R,3S,11R)-acetylaszonalenin",2,31
1641,C=CC(C)(C)C12CC3C(=O)Nc4ccccc4C(=O)N3C1Nc1ccccc12,"(2R,3S,11R)-aszonalenin",3,28
1642,C=CC(C)(C)C12Nc3c(ccc4c3C=CC(C)(C)O4)C1(O)CC1C(=O)N3CCCC3C(=O)N12,notoamide D,1,33
1643,C=CC(C)(C)O,3-hydroxy-3-methylbut-1-ene,2,6
1644,C=CC(C)(C)c1[nH]c2c(CC=C(C)C)c(O)ccc2c1CC1NC(=O)C2CCCN2C1=O,notoamide S,2,32
1645,C=CC(C)(C)c1[nH]c2c(CC=C(C)C)cc(CC=C(C)C)cc2c1C=C1NC(=O)C(C)NC1=O,dehydroechinulin,2,34
1646,C=CC(C)(C)c1[nH]c2c(CC=C(C)C)cc(CC=C(C)C)cc2c1CC1NC(=O)C(C)NC1=O,echinulin,2,34
1647,C=CC(C)(C)c1[nH]c2c(CC=C(C)C)cccc2c1C=C1NC(=O)C(C)NC1=O,variecolorin G,2,29
1648,C=CC(C)(C)c1[nH]c2c(CC=C(C)C)cccc2c1CC1NC(=O)C(C)NC1=O,tardioxopiperazine B,2,29
1649,C=CC(C)(C)c1[nH]c2c3c(ccc2c1CC1NC(=O)C2CCCN2C1=O)OC(C)(C)C=C3,notoamide E,1,32
1650,C=CC(C)(C)c1[nH]c2cc(O)ccc2c1CC1NC(=O)C2CCCN2C1=O,6-hydroxydeoxybrevianamide E,2,27
1651,C=CC(C)(C)c1[nH]c2ccc(CC=C(C)C)c(CC=C(C)C)c2c1CC1NC(=O)C(C)NC1=O,variecolorin L,2,34
1652,C=CC(C)(C)c1[nH]c2ccc(CC=C(C)C)cc2c1C=C1NC(=O)C(C)NC1=O,isoechinulin A,4,29
1653,C=CC(C)(C)c1[nH]c2ccc(CC=C(C)C)cc2c1C=c1[nH]c(=O)c(=C)[nH]c1=O,isoechinulin B,2,29
1654,C=CC(C)(C)c1[nH]c2ccc(CC=C(C)C)cc2c1CC1NC(=O)C(C)NC1=O,tardioxopiperazine A,6,29
1655,C=CC(C)(C)c1[nH]c2cccc3c2c1CC1C3C(OC(C)=O)C(C)CN1C,fumigaclavine C,2,27
1656,C=CC(C)(C)c1[nH]c2ccccc2c1C1=C(O)C(=O)C(c2c[nH]c3ccccc23)=C(O)C1=O,asterriquinone C1,2,33
1657,C=CC(C)(C)c1[nH]c2ccccc2c1C=C1NC(=O)C(C)NC1=O,neoechinulin A,4,24
1658,C=CC(C)(C)c1[nH]c2ccccc2c1C=c1[nH]c(=O)c(=C)[nH]c1=O,neoechinulin B,2,24
1659,C=CC(C)(C)c1[nH]c2ccccc2c1CC1=CN2CCCC2C(=O)N1,"(S)-3-{[2-(1,1-dimethylallyl)-indol-3-yl]methyl}-6,7,8,8a-tetrahydropyrrolo[1,2-a]pyrazin-1-one",2,25
1660,C=CC(C)(C)c1[nH]c2ccccc2c1CC1NC(=O)C(C)NC1=O,preechinulin,6,24
1661,C=CC(C)(C)c1[nH]c2ccccc2c1CC1NC(=O)C2CCCN2C1=O,deoxybrevianamide E,2,26
1662,C=CC(C)(C)c1[nH]c2ccccc2c1Cc1c[n+]2c(c(O)n1)CCC2,"1-hydroxy-3-{[2-(1,1-dimethylallyl)-indol-3-yl]methyl}-6H,7H,8H-5lambda(5)-pyrrolo[1,2-a]pyrazine",2,25
1663,C=CC(C)(C)c1c(O)c2c3c(c(O)cc(C)c3c1O)C(O)=C(O)C2=O,"2,4,7,9-tetrahydroxy-6-methyl-8-(2-methylbut-3-en-2-yl)-1-oxo-1H-phenalen-3-ol",4,25
1664,C=CC(C)(C=CC(C)CCC=C(C)CCC(C)C(=C)C)CCC=C(C)CCC(C)C(=C)C,"3,20-dimethyl-1,2,21,22-tetradehydro-2,3,20,21-tetrahydrobotryococcene",4,32
1665,C=CC(C)(C=CC(C)CCC=C(C)CCC(C)C(=C)C)CCC=C(C)CCC=C(C)C,"20-methyl-21,22-didehydro-20,21-dihydrobotryococcene",4,31
1666,C=CC(C)(C=CC(C)CCC=C(C)CCC=C(C)C)CCC=C(C)CCC(C)C(=C)C,"3-methyl-1,2-didehydro-2,3-dihydrobotryococcene",4,31
1667,C=CC(C)(C=CC(C)CCC=C(C)CCC=C(C)C)CCC=C(C)CCC=C(C)C,C30 botryococcene,4,30
1668,C=CC(C)(C=O)SCC(NC(=O)CCC(N)C(=O)O)C(=O)NCC(=O)O,2-glutathionyl-2-methylbut-3-enal,4,26
1669,C=CC(C)(CCC1(C)C(C)CCC2(C)C(C)=CCCC21)OC,(+)-O-methylkolavelool,2,22
1670,C=CC(C)(CCC=C(C)C)C1=C(O)C(=O)c2cc(O)cc(O)c2C1=O,3-linalylflaviolin,2,25
1671,C=CC(C)(CCC=C(C)C)c1c(O)cc2c(c1O)C(=O)C(C)=C(OC)C2=O,"6-linalyl-2-O,3-dimethylflaviolin",2,27
1672,C=CC(C)(CO)SCC(NC(=O)CCC(N)C(=O)O)C(=O)NCC(=O)O,2-glutathionyl-2-methylbut-3-en-1-ol,6,26
1673,C=CC(C)(O)CCC1(C)C(C)CC=C2C1CCCC2(C)C,(13R)-edaxadiene,2,21
1674,C=CC(C)(O)CCC1(C)C(C)CCC2(C)C(C)=CCCC21,(+)-kolavelool,4,21
1675,C=CC(C)(O)CCC1(O)C(C)CCC2C(C)(C)CCCC21C,viteagnusin D,2,22
1676,C=CC(C)(O)CCC1C(=C)CCC2C(C)(C)CCCC12C,13-epi-manool,2,21
1677,C=CC(C)(O)CCC1C(C)(O)CCC2C(C)(C)CCCC21C,sclareol,2,22
1678,C=CC(C)(O)CCC=C(C)C,(R)-linalool,6,11
1679,C=CC(C)(O)CCC=C(C)CCC=C(C)C,"(3S,6E)-nerolidol",2,16
1680,C=CC(C)(O)CCC=C(C)CCC=C(C)CCC=C(C)C,"(6E,10E)-geranyllinalool",2,21
1681,C=CC(C)(SCC(NC(=O)CCC(N)C(=O)O)C(=O)NCC(=O)O)C(=O)O,2-glutathionyl-2-methylbut-3-enoate,4,27
1682,C=CC(C)=CCC1C(=C)CCC2C(C)(C)CCCC12C,"(12E)-9alpha-labda-8(17),12,14-triene",2,20
1683,C=CC(C)=CCC1C(C)(O)CCC2C(C)(C)CCCC21C,cis-abienol,2,21
1684,C=CC(C)=CCC=C(C)C,(E)-beta-ocimene,2,10
1685,C=CC(C)=CCC=C(C)CCC=C(C)C,"(3E,6E)-alpha-farnesene",2,15
1686,C=CC(C)=CCC=C(C)CCC=C(C)CCC=C(C)C,"(E,E,E)-alpha-springene",2,20
1687,C=CC(C)=O,but-3-en-2-one,2,5
1688,C=CC(N)=O,acrylamide,2,5
1689,C=CC(O)C#N,(2S)-2-hydroxybut-3-enenitrile,2,6
1690,C=CC(O)CC(=NOS(=O)(=O)O)SC1OC(CO)C(O)C(O)C1O,progoitrin,2,24
1691,C=CC(O)CC(S)=NOS(=O)(=O)O,(Z)-(2R)-2-hydroxy-3-butenyl-N-(sulfonatooxy)methanimidothioate,4,13
1692,C=CC1(C)C=C2CCC3C(C)(C)CCCC3(C)C2CC1,"(-)-pimara-8(14),15-diene",2,20
1693,C=CC1(C)CC=C2C(CCC3C(C)(C)CCCC23C)C1,"ent-pimara-9(11),15-diene",2,20
1694,C=CC1(C)CCC2(O1)C(C)CCC1C(C)(C)CCCC12C,"(13R)-9,13-epoxylabd-14-ene",2,21
1695,C=CC1(C)CCC2C(=CC3OC(=O)C4(C)C(=O)CCC2(C)C34)C1,momilactone A,4,23
1696,C=CC1(C)CCC2C(=CC3OC(=O)C4(C)C(O)CCC2(C)C34)C1,"3beta-hydroxy-9beta-pimara-7,15-dien-19,6beta-olide",4,23
1697,C=CC1(C)CCC2C(=CCC3C(C)(C(=O)O)CCCC23C)C1,isopimarate,2,22
1698,C=CC1(C)CCC2C(=CCC3C(C)(C)CCCC23C)C1,"9beta-pimara-7,15-diene",2,20
1699,C=CC1(C)CCC2C(=CCC3C(C)(C=O)CCCC23C)C1,"isopimara-7,15-dienal",4,21
1700,C=CC1(C)CCC2C(=CCC3C(C)(CO)CCCC23C)C1,"isopimara-7,15-dienol",2,21
1701,C=CC1(C)CCC2C(C)(CCC3C(C)(C)CCCC32C)O1,ent-13-epi-manoyl oxide,2,21
1702,C=CC1(C)CO1,"(3R)-3,4-epoxy-3-methylbut-1-ene",2,6
1703,C=CC1=C(C)C(=CC2=NC(=Cc3[nH]c(C=C4NC(=O)C(C)=C4C=C)c(C)c3CCC(=O)O)C(CCC(=O)O)=C2C)NC1=O,biliverdin IXalpha,6,43
1704,C=CC1=C(C)C(=Cc2[nH]c(C=C3N=C(C=C4NC(=O)C(C)=C4CCC(=O)O)C(CCC(=O)O)=C3C)c(C)c2C=C)NC1=O,biliverdin IXbeta,2,43
1705,C=CC1=C(C)C(=Cc2[nH]c(Cc3[nH]c(C=C4NC(=O)C(C)=C4C=C)c(C)c3CCC(=O)O)c(CCC(=O)O)c2C)NC1=O,"(4Z,15Z)-bilirubin IXalpha",14,43
1706,C=CC1=C(C)C(=Cc2[nH]c(Cc3[nH]c(C=C4NC(=O)C(C)=C4C=C)c(C)c3CCC(=O)O)c(CCC(=O)OC3OC(C(=O)O)C(O)C(O)C3O)c2C)NC1=O,"(4Z,15Z)-bilirubin IXalpha C12-beta-D-glucuronoside",10,55
1707,C=CC1=C(C)C(=Cc2[nH]c(Cc3[nH]c(C=C4NC(=O)C(C)=C4C=C)c(C)c3CCC(=O)OC3OC(C(=O)O)C(O)C(O)C3O)c(CCC(=O)O)c2C)NC1=O,"(4E,15E)-bilirubin IXalpha C8-beta-D-glucuronoside",12,55
1708,C=CC1=C(C)C(=Cc2[nH]c(Cc3[nH]c(C=C4NC(=O)C(C)=C4C=C)c(C)c3CCC(=O)OC3OC(C(=O)O)C(O)C(O)C3O)c(CCC(=O)OC3OC(C(=O)O)C(O)C(O)C3O)c2C)NC1=O,bilirubin IXalpha bis-beta-D-glucuronoside,12,67
1709,C=CC1=C(C)C(=Cc2[nH]c(Cc3[nH]c(C=C4NC(=O)C(C)=C4CCC(=O)O)c(CCC(=O)O)c3C)c(C)c2C=C)NC1=O,bilirubin IXbeta,2,43
1710,C=CC1=C(C)C(=O)NC1Cc1[nH]c(Cc2[nH]c3c(c2C)C(=O)C(=O)C3=C2NC(C(=O)O)C(C)C2CCC(=O)O)c(CC)c1C,oxidized dinoflagellate luciferin,2,44
1711,C=CC1=C(C)C(=O)NC1Cc1[nH]c(Cc2[nH]c3c(c2C)C(=O)CC3=C2NC(C(=O)O)C(C)C2CCC(=O)O)c(CC)c1C,dinoflagellate luciferin,2,43
1712,C=CC1=C(C)C(CC2=NC(=C3c4[nH]c(CC5NC(=O)C(C)=C5CC)c(C)c4C(=O)C3C(=O)O)C(CCC(=O)O)C2C)NC1=O,O13(4)-desmethyl pFDCC,2,44
1713,C=CC1=C(C)C(CC2=NC(=C3c4[nH]c(CC5NC(=O)C(C)=C5CC)c(C)c4C(=O)C3C(=O)OC)C(CCC(=O)O)C2C)NC1=O,primary fluorescent dioxobilin-type chlorophyll catabolite,2,45
1714,C=CC1=C(C)C(Cc2[nH]c(C=C3N=C(C=C4NC(=O)C(C)C4=CC)C(C)=C3CCC(=O)O)c(CCC(=O)O)c2C)NC1=O,(3Z)-phycoerythrobilin,2,43
1715,C=CC1=C(C)c2cc3[nH]c(cc4nc(c5c6[nH]c(cc1n2)c(C)c6C(=O)C5C(=O)OC)C(CCC(=O)O)=C4C)c(C)c3C=C,,5,44
1716,C=CC1=C(C)c2cc3[nH]c(cc4nc(c5c6[nH]c(cc1n2)c(C)c6C(=O)C5C(=O)OC)C(CCC(=O)O)C4C)c(C)c3C=C,,2,44
1717,C=CC1=C(C)c2cc3[nH]c(cc4nc(cc5[nH]c(cc1n2)c(C)c5C(=O)CC(=O)OC)C(CCC(=O)O)=C4C)c(C)c3C=C,Mg-13(1)-oxoprotoporphyrin 13-monomethyl ester,7,44
1718,C=CC1=C(C)c2cc3[nH]c(cc4nc(cc5[nH]c(cc1n2)c(C)c5C(O)CC(=O)OC)C(CCC(=O)O)=C4C)c(C)c3C=C,Mg-13(1)-hydroxyprotoporphyrin 13-monomethyl ester,8,44
1719,C=CC1=C(C)c2cc3[nH]c(cc4nc(cc5[nH]c(cc1n2)c(C)c5CCC(=O)O)C(CCC(=O)O)=C4C(O)O)c(C)c3C(O)CCC=C(C)CCC=C(C)CCC=C(C)C,Fe(II)-hydroxyheme i,2,60
1720,C=CC1=C(C)c2cc3[nH]c(cc4nc(cc5[nH]c(cc1n2)c(C)c5CCC(=O)O)C(CCC(=O)O)=C4C)c(C)c3C=C,Fe(III)-heme b,4,42
1721,C=CC1=C(C)c2cc3[nH]c(cc4nc(cc5[nH]c(cc1n2)c(C)c5CCC(=O)O)C(CCC(=O)O)=C4C=O)c(C)c3C(O)CCC=C(C)CCC=C(C)CCC=C(C)C,,2,59
1722,C=CC1=C(C)c2cc3[nH]c(cc4nc(cc5[nH]c(cc1n2)c(C)c5CCC(=O)OC)C(CCC(=O)O)=C4C)c(C)c3C=C,Mg-protoporphyrin IX 13-monomethyl ester,6,43
1723,C=CC1C(O)OC=C(C(=O)OC)C1CC1NCCc2c1[nH]c1ccccc21,strictosidine aglycone,2,27
1724,C=CC1C(O)OC=C(C(=O)OC)C1CC1NCCc2cc(O)c(O)cc21,deacetylipecoside aglycone,2,26
1725,C=CC1C(O)OC=C(C(=O)OC)C1CC1NCCc2cc(OC)c(O)cc21,6-O-methyldeacetylisoipecoside aglycone,2,27
1726,C=CC1C(O)OC=C(C(=O)OC)C1CC1c2cc(O)c(O)cc2CCN1C(C)=O,ipecoside aglycone,2,29
1727,C=CC1C(OC2OC(CO)C(O)C(O)C2O)OC=C(C(=O)OC)C1CC1NCCc2c1[nH]c1ccccc21,3alpha(S)-strictosidine,4,38
1728,C=CC1C(OC2OC(CO)C(O)C(O)C2O)OC=C(C(=O)OC)C1CC1NCCc2cc(O)c(O)cc21,deacetylisoipecoside,6,37
1729,C=CC1C(OC2OC(CO)C(O)C(O)C2O)OC=C(C(=O)OC)C1CC1NCCc2cc(O)c(OC)cc21,7-O-methyldeacetylisoipecoside,2,38
1730,C=CC1C(OC2OC(CO)C(O)C(O)C2O)OC=C(C(=O)OC)C1CC1NCCc2cc(OC)c(O)cc21,6-O-methyldeacetylisoipecoside,4,38
1731,C=CC1C(OC2OC(CO)C(O)C(O)C2O)OC=C(C(=O)OC)C1CC1NCCc2cc(OC)c(OC)cc21,"6,7-O,O-dimethyldeacetylisoipecoside",2,39
1732,C=CC1C(OC2OC(CO)C(O)C(O)C2O)OC=C(C(=O)OC)C1CC1c2cc(O)c(O)cc2CCN1C(C)=O,ipecoside,2,40
1733,C=CC1C(OC2OC(CO)C(O)C(O)C2O)OC=C(C(=O)OC)C1CC=O,secologanin,4,27
1734,C=CC=C(O)C(=O)O,"(2E)-2-hydroxypenta-2,4-dienoate",12,8
1735,C=CC=CC,"(E)-1,3-pentadiene",2,5
1736,C=CC=CCC1=C(C)C(O)CC1=O,"(Z,S)-pyrethrolone",4,13
1737,C=CC=CCC1=C(C)C(OC(=O)C2C(C=C(C)C(=O)OC)C2(C)C)CC1=O,pyrethrin II,2,27
1738,C=CC=CCC1=C(C)C(OC(=O)C2C(C=C(C)C)C2(C)C)CC1=O,pyrethrin I,2,24
1739,C=CC=O,acrolein,16,4
1740,C=CCC(=NOS(=O)(=O)O)SC1OC(CO)C(O)C(O)C1O,sinigrin,2,22
1741,C=CCC(=O)C(=O)O,2-oxopent-4-enoate,6,8
1742,C=CCC(=O)SCCNC(=O)CCNC(=O)C(O)C(C)(C)COP(=O)(O)OP(=O)(O)OCC1OC(n2cnc3c(N)ncnc32)C(O)C1OP(=O)(O)O,vinylacetyl-CoA,2,53
1743,C=CCC(S)=NOS(=O)(=O)O,(Z)-N-(sulfonatooxy)prop-2-enimidothioate,6,11
1744,C=CCC=CCC=CCCCCCCCc1cc(O)cc(O)c1,"(8Z,11Z)-5-(pentadeca-8,11,14-trien-1-yl)resorcinol",2,23
1745,C=CCC=CCC=CCCCCCCCc1cc(O)cc(OC)c1,"(8Z,11Z)-5-(pentadeca- 8,11,14-trien-1-yl)resorcinol-3-methyl ether",2,24
1746,C=CCCCCCCC(O)CO,"dec-9-ene-1,2-diol",2,12
1747,C=CCCCCCCC1CO1,"1,2-epoxy-9-decene",2,11
1748,C=CCCCCCCCC(=O)O,9-decenoate,2,12
1749,C=CCCCCCCCC(=O)SCCNC(=O)CCNC(=O)C(O)C(C)(C)COP(=O)(O)OP(=O)(O)OCC1OC(n2cnc3c(N)ncnc32)C(O)C1OP(=O)(O)O,9-decenoyl-CoA,2,59
1750,C=CCN=C=S,allyl isothiocyanate,2,6
1751,C=CCO,allyl alcohol,2,4
1752,C=CCc1ccc(O)c(OC)c1,eugenol,4,12
1753,C=CCc1ccc(O)cc1,chavicol,2,10
1754,C=CCc1ccc(OC)c(OC)c1,O-methyleugenol,2,13
1755,C=CCc1ccc(OC)cc1,O-methylchavicol,2,11
1756,C=Cc1c(C)c2cc3nc(c4c5[nH]c(cc6nc(cc1[nH]2)C(C)=C6CC(C)C)c(CC)c5C(=O)C4)C(CCC(=O)O)C3C,12-ethyl-8-isobutyl-3-vinylbacteriochlorophyllide d,2,43
1757,C=Cc1c(C)c2cc3nc(c4c5[nH]c(cc6nc(cc1[nH]2)C(C)=C6CC)c(C)c5C(=O)C4)C(CCC(=O)O)C3C,pyropheophorbide a,6,40
1758,C=Cc1c(C)c2cc3nc(c4c5[nH]c(cc6nc(cc1[nH]2)C(C)=C6CC)c(C)c5C(=O)C4C(=O)O)C(CCC(=O)O)C3C,C-13(2)-carboxypyropheophorbide a,4,43
1759,C=Cc1c(C)c2cc3nc(c4c5[nH]c(cc6nc(cc1[nH]2)C(C)=C6CC)c(C)c5C(=O)C4C(=O)OC)C(CCC(=O)O)=C3C,,4,44
1760,C=Cc1c(C)c2cc3nc(c4c5[nH]c(cc6nc(cc1[nH]2)C(C)=C6CC)c(C)c5C(=O)C4C(=O)OC)C(CCC(=O)O)C3C,,14,44
1761,C=Cc1c(C)c2cc3nc(c4c5[nH]c(cc6nc(cc1[nH]2)C(C)=C6CC)c(CC)c5C(=O)C4)C(CCC(=O)O)C3C,"8,12-diethyl-3-vinylbacteriochlorophyllide d",4,41
1762,C=Cc1c(C)c2cc3nc(c4c5[nH]c(cc6nc(cc1[nH]2)C(C)=C6CCC)c(CC)c5C(=O)C4)C(CCC(=O)O)C3C,12-ethyl-8-propyl-3-vinylbacteriochlorophyllide d,4,42
1763,C=Cc1c(C)c2cc3nc(c4c5[nH]c(cc6nc(cc1[nH]2)C(C)C6CC)c(C)c5C(=O)C4C(=O)OC)C(CCC(=O)O)C3C,,2,44
1764,C=Cc1c(C)c2cc3nc(c4c5[nH]c(cc6nc(cc1[nH]2)C(C=O)=C6CC)c(C)c5C(=O)C4C(=O)OC)C(CCC(=O)O)C3C,,6,45
1765,C=Cc1c(C)c2cc3nc(c4c5[nH]c(cc6nc(cc1[nH]2)C(CO)=C6CC)c(C)c5C(=O)C4C(=O)OC)C(CCC(=O)O)C3C,7(1)-hydroxychlorophyllide a,8,45
1766,C=Cc1ccc(O)c(O)c1,"3,4-dihydroxystyrene",2,10
1767,C=Cc1ccc(O)c(OC)c1,2-methoxy-4-vinylphenol,6,11
1768,C=Cc1ccc(O)cc1,4-vinylphenol,6,9
1769,C=Cc1ccccc1,styrene,2,8
1770,C=O,formaldehyde,116,2
1771,CC(=CC(=O)O)C(=O)O,2-methylmaleate,8,9
1772,CC(=CC(=O)O)C(=O)SCCNC(=O)CCNC(=O)C(O)C(C)(C)COP(=O)(O)OP(=O)(O)OCC1OC(n2cnc3c(N)ncnc32)C(O)C1OP(=O)(O)O,2-methylfumaryl-CoA,6,56
1773,CC(=CC(=O)O)CCC=C(C)CCC1OC1(C)C,juvenile hormone III carboxylate,4,18
1774,CC(=CC(=O)O)CCOP(=O)(O)O,(2E)-3-methyl-5-phosphooxypent-2-enoate,4,13
1775,CC(=CC(=O)OCCCCCCCC(=O)Nc1c2sscc-2[nH]c1=O)CC1OCC(CC=CC(C)C(C)O)C(O)C1O,thiomarinol C,2,42
1776,CC(=CC(=O)OCCCCCCCC(=O)O)CC1OCC(CC=CC(C)C(C)O)C(O)C1O,marinolate C,2,33
1777,CC(=CC(=O)OCCCCCCCC(=O)SCCNC(=O)CCNC(=O)C(O)C(C)(C)COP(=O)(O)OP(=O)(O)OCC1OC(n2cnc3c(N)ncnc32)C(O)C1OP(=O)(O)O)CC1OCC(CC=CC(C)C(C)O)C(O)C1O,marinoloyl-CoA C,4,80
1778,CC(=CC(=O)OCCCCCCCCC(=O)Nc1c2sscc-2[nH]c1=O)CC1OCC(CC=CC(C)C(C)O)C(O)C1O,pseudomonic acid C--holothin,2,43
1779,CC(=CC(=O)OCCCCCCCCC(=O)O)CC1OCC(CC=CC(C)C(C)O)C(O)C1O,pseudomonate C,2,34
1780,CC(=CC(=O)OCCCCCCCCC(=O)SCCNC(=O)CCNC(=O)C(O)C(C)(C)COP(=O)(O)OP(=O)(O)OCC1OC(n2cnc3c(N)ncnc32)C(O)C1OP(=O)(O)O)CC1OCC(CC=CC(C)C(C)O)C(O)C1O,pseudomonoyl-CoA C,4,81
1781,CC(=CC(=O)SCCNC(=O)CCNC(=O)C(O)C(C)(C)COP(=O)(O)OP(=O)(O)OCC1OC(n2cnc3c(N)ncnc32)C(O)C1OP(=O)(O)O)C(=O)O,3-methylfumaryl-CoA,4,56
1782,CC(=CC(=O)SCCNC(=O)CCNC(=O)C(O)C(C)(C)COP(=O)(O)OP(=O)(O)OCC1OC(n2cnc3c(N)ncnc32)C(O)C1OP(=O)(O)O)CC(=O)O,3-methyl-(2E)-glutaconyl-CoA,4,57
1783,CC(=CC(C)=Cc1ccc([N+](=O)[O-])cc1)C=C(C)C=C(C)CCc1oc(O)c(C)c(=O)c1C,demethyldeoxyspectinabilin,2,33
1784,CC(=CC=C(O)C(=O)O)C(=O)CCC1C(=O)CCC2(C)C(=O)CCC12,"(1E,2Z)-3-hydroxy-5,9,17-trioxo-4,5:9,10-disecoandrosta-1(10),2-dien-4-oate",4,25
1785,CC(=CC=CC(C)C(=O)O)C1CNC(C(=O)O)C1CC(=O)O,domoate,2,22
1786,CC(=CCC1(C)C(=O)C(C)=C(O)C(C(=O)O)=C1C)CCC=C(C)CCC1OC1(C)C,"(3R)-[(10S)-11-epoxyfarnesyl]-2,3,5-trimethyl-6-oxido-4-oxocyclohexa-1,5-diene-1-carboxylate",2,30
1787,CC(=CCC1(O)C(=O)c2ccccc2C(=O)C1C)CCCC(C)CCCC(C)CCCC(C)C,"3-hydroxy-2-methyl-3-phytyl-2,3-dihydro-1,4-naphthoquinone",2,34
1788,CC(=CCC12OC1(C)C(=O)c1ccccc1C2=O)CCCC(C)CCCC(C)CCCC(C)C,"2,3-epoxyphylloquinone",4,34
1789,CC(=CCC1=C(C)C(=O)c2ccccc2C1=O)CCCC(C)CCCC(C)CCCC(C)C,phylloquinone,2,33
1790,CC(=CCC1=CC(=O)c2ccccc2C1=O)CCCC(C)CCCC(C)CCCC(C)C,demethylphylloquinone,4,32
1791,CC(=CCCC(C)=CC=O)CO,(6E)-8-hydroxygeranial,8,12
1792,CC(=CCCC(C)=CCCC(C)=CCCC(C)=CCCC(C)=CCCC(C)=CCCC(C)=CCCC(C)CCCC(C)=CCC1=C(C)C(=O)c2ccccc2C1=O)CO,omega-hydroxy-beta-dihydromenaquinone-9,2,59
1793,CC(=CCCC(C)=CCCC(C)=CCCC(C)=CCCC(C)CCCC(C)=CCC1=C(C)C(=O)c2ccccc2C1=O)CCC=C(C)CCC=C(C)CCC=C(C)COS(=O)(=O)O,omega-sulfo-beta-dihydromenaquinone-9,2,63
1794,CC(=CCCC(C)=CCCC(C)=CCCC(C)=CCO)CO,"16-hydroxy-(2E,6E,10E)-geranylgeraniol",2,22
1795,CC(=CCCC(C)=CCCC(C)=CCO)CO,"(2E,6E)-omega-hydroxy-farnesol",2,17
1796,CC(=CCCC(C)=CCCC(C)=CCOP(=O)(O)OP(=O)(O)O)CO,"(2E,6E)-omega-hydroxy-farnesyl diphosphate",2,25
1797,CC(=CCCC(C)=CCO)CO,(6E)-8-hydroxygeraniol,8,12
1798,CC(=CCCC(C)C1CCC2C3C(O)CC4CC(O)CCC4(C)C3CC(O)C12C)C(=O)SCCNC(=O)CCNC(=O)C(O)C(C)(C)COP(=O)(O)OP(=O)(O)OCC1OC(n2cnc3c(N)ncnc32)C(O)C1OP(=O)(O)O,"(24E)-3alpha,7alpha,12alpha-trihydroxy-5beta-cholest-24-en-26-oyl-CoA",4,79
1799,CC(=CCCC(C)C1CCC2C3C(O)CC4CC(O)CCC4(C)C3CCC12C)C(=O)SCCNC(=O)CCNC(=O)C(O)C(C)(C)COP(=O)(O)OP(=O)(O)OCC1OC(n2cnc3c(N)ncnc32)C(O)C1OP(=O)(O)O,"(24E)-3alpha,7alpha-dihydroxy-5beta-cholest-24-en-26-oyl-CoA",2,78
1800,CC(=CCCC(C)CCCC(C)CCCC(C)C)C(=O)SCCNC(=O)CCNC(=O)C(O)C(C)(C)COP(=O)(O)OP(=O)(O)OCC1OC(n2cnc3c(N)ncnc32)C(O)C1OP(=O)(O)O,(2E)-pristenoyl-CoA,2,68
1801,CC(=CCNc1ncnc2[nH]cnc12)CO,zeatin,6,16
1802,CC(=CCNc1ncnc2[nH]cnc12)COC1OC(CO)C(O)C(O)C1O,O-beta-D-glucosyl-cis-zeatin,2,27
1803,CC(=CCNc1ncnc2[nH]cnc12)COC1OCC(O)C(O)C1O,O-beta-D-xylosylzeatin,2,25
1804,CC(=CCNc1ncnc2c1ncn2C1OC(COP(=O)(O)O)C(O)C1O)CO,9-ribosyl-trans-zeatin 5'-phosphate,4,29
1805,CC(=CCNc1ncnc2c1ncn2C1OC(COP(=O)(O)OP(=O)(O)O)C(O)C1O)CO,9-ribosyl-trans-zeatin 5'-diphosphate,2,33
1806,CC(=CCNc1ncnc2c1ncn2C1OC(COP(=O)(O)OP(=O)(O)OP(=O)(O)O)C(O)C1O)CO,9-ribosyl-trans-zeatin 5'-triphosphate,2,37
1807,CC(=CCNc1ncnc2c1ncn2CC(N)C(=O)O)CO,L-lupinate,1,22
1808,CC(=CCNc1ncnc2nc[nH]c12)CO,,3,16
1809,CC(=CCO)CCC1(C)C(C)CC=C2C1CCCC2(C)C,tuberculosinol,2,21
1810,CC(=CCO)CCC1C(C)=CCC2C(C)(C)CCCC12C,"(13E)-labda-7,13-dien-15-ol",4,21
1811,CC(=CCO)CCC=C(C)CCC=C(C)CCC1C(C)(C)CCCC1(C)O,preluffariellolide A,2,27
1812,CC(=CCO)CCCC(C)CCCC(C)CCCC(C)C,phytol,14,21
1813,CC(=CCOP(=O)(O)O)CCCC(C)CCCC(C)CCCC(C)C,phytyl phosphate,6,25
1814,CC(=CCOP(=O)(O)OP(=O)(O)O)CCC1(C)C(C)CC=C2C1CCCC2(C)C,tuberculosinyl diphosphate,6,29
1815,CC(=CCOP(=O)(O)OP(=O)(O)O)CCC1(C)C(C)CCC2(C)C(C)=CCCC21,terpentedienyl diphosphate,4,29
1816,CC(=CCOP(=O)(O)OP(=O)(O)O)CCC1(O)C(C)CCC2C(C)(C)CCCC21C,peregrinol diphosphate,6,30
1817,CC(=CCOP(=O)(O)OP(=O)(O)O)CCC1C(C)(O)CCC2C(C)(C)CCCC21C,8-hydroxycopalyl diphosphate,8,30
1818,CC(=CCOP(=O)(O)OP(=O)(O)O)CCC1C(C)=CCC2C(C)(C)CCCC12C,"(13E)-labda-7,13-dien-15-yl diphosphate",6,29
1819,CC(=CCOP(=O)(O)OP(=O)(O)O)CCCC(C)CCCC(C)CCCC(C)C,phytyl diphosphate,6,29
1820,CC(=CC[n+]1cnc2c(ncn2C2OC(CO)C(O)C2O)c1N)CCC1(C)C(C)CC=C2C1CCCC2(C)C,1-tuberculosinyladenosine,2,39
1821,CC(=CCc1c(C)c(O)c2ccccc2c1O)CCCC(C)CCCC(C)CCCC(C)C,phylloquinol,6,33
1822,CC(=CCc1c(O)c(C)c2c(c1O)C(=O)OC2)CCC(=O)O,6-O-desmethylmycophenolate,2,22
1823,CC(=CCc1c(O)c(C)c2c(c1O)C(=O)OC2)CCC=C(C)CCC(=O)O,"(4E,8E)-10-(4,6-dihydroxy-7-methyl-3-oxo-1,3-dihydro-2-benzofuran-5-yl)-4,8-dimethyldeca-4,8-dienoate",2,27
1824,CC(=CCc1c(O)c(Cl)c(C)c(C=O)c1O)CCC1(C)C(C)CCC(=O)C1C,ilicicolin C,2,28
1825,CC(=CCc1c(O)c(Cl)c(C)c(C=O)c1O)CCC=C(C)C(O)CC1OC1(C)C,16-hydroxy-ilicicolin A epoxide,4,29
1826,CC(=CCc1c(O)c(Cl)c(C)c(C=O)c1O)CCC=C(C)C1CC(O)C(C)(C)O1,ascofuranol,2,29
1827,CC(=CCc1c(O)c(Cl)c(C)c(C=O)c1O)CCC=C(C)CCC1OC1(C)C,ilicicolin A epoxide,4,28
1828,CC(=CCc1c(O)cc(-c2cccnc2)oc1=O)CCC=C(C)CCC1OC1(C)C,"2-oxo-3-[(8S)-epoxy-(2E,6E)-farnesyl]-6-(pyridin-3-yl)-2H-pyran-4-olate",2,30
1829,CC(=CCc1cc(O)c(C)c(C)c1O)CCCC(C)CCCC(C)CCCC(C)C,"2,3-dimethyl-6-phytylbenzene-1,4-diol",4,30
1830,CC(=CCc1cc(O)c2ccccc2c1O)CCCC(C)CCCC(C)CCCC(C)C,demethylphylloquinol,4,32
1831,CC(=CCc1cc(O)cc(C)c1O)CCCC(C)CCCC(C)CCCC(C)C,"2-methyl-6-phytyl-1,4-benzene-1,4-diol",4,29
1832,CC(=CN)C(=O)O,(Z)-2-methylaminoacrylate,4,7
1833,CC(=CNC(N)=O)C(=O)O,(Z)-2-methylureidoacrylate,4,10
1834,CC(=Cc1ccc([N+](=O)[O-])cc1)C=C(C)CCc1oc(O)c(C)c(=O)c1C,demethylluteothin,2,27
1835,CC(=N)C(=O)O,2-iminopropanoate,4,6
1836,CC(=NO)C(=O)O,2-(hydroxyimino)propanoate,2,7
1837,CC(=O)C(=O)C(O)CO,"(S)-4,5-dihydroxypentane-2,3-dione",6,9
1838,CC(=O)C(=O)C(O)COP(=O)(O)O,"(2S)-2-hydroxy-3,4-dioxopentyl phosphate",4,13
1839,CC(=O)C(=O)C1CNc2nc(N)[nH]c(=O)c2N1,"6-pyruvoyl-5,6,7,8-tetrahydropterin",4,17
1840,CC(=O)C(=O)NC(CCC(=O)O)C(=O)O,N-pyruvoyl-L-glutamate,1,15
1841,CC(=O)C(=O)O,pyruvate,285,6
1842,CC(=O)C(=O)c1ccccc1,"1-phenyl-1,2-propanedione",4,11
1843,CC(=O)C(C)(C)C,"3,3-dimethylbutan-2-one",2,7
1844,CC(=O)C(C)(O)C(=O)O,2-acetolactate,12,9
1845,CC(=O)C(C)=O,diacetyl,4,6
1846,CC(=O)C(C)C,3-methylbutan-2-one,2,6
1847,CC(=O)C(C)C(=O)OCc1ccccc1,benzyl 2-methyl-3-oxobutanoate,2,15
1848,CC(=O)C(C)C(=O)SCCNC(=O)CCNC(=O)C(O)C(C)(C)COP(=O)(O)OP(=O)(O)OCC1OC(n2cnc3c(N)ncnc32)C(O)C1OP(=O)(O)O,2-methyl-3-oxobutanoyl-CoA,4,55
1849,CC(=O)C(C)O,(R)-acetoin,20,6
1850,CC(=O)C(N)C(=O)O,(2S)-2-amino-3-oxobutanoate,8,8
1851,CC(=O)C(O)C(=O)COP(=O)(O)O,"3-hydroxy-2,4-dioxopentyl phosphate",4,13
1852,CC(=O)C(O)C(O)C(=O)COP(=O)(O)O,"1-deoxy-D-threo-hexo-2,5-diulose 6-phosphate",6,15
1853,CC(=O)C(O)C(O)C(O)C(O)COP(=O)(O)O,1-deoxy-D-altro-heptulose 7-phosphate,2,17
1854,CC(=O)C(O)C(O)CC(=O)C(=O)O,"3,7-dideoxy-D-threo-hepto-2,6-diuolosonate",4,13
1855,CC(=O)C(O)C(O)CC(N)C(=O)O,"2-amino-2,3,7-trideoxy-D-lyxo-hept-6-ulosonate",4,13
1856,CC(=O)C(O)C(O)CO,1-deoxy-D-xylulose,2,9
1857,CC(=O)C(O)C(O)COP(=O)(O)O,1-deoxy-D-xylulose 5-phosphate,8,13
1858,CC(=O)C(O)Nc1nc2c(ncn2C2CC(O)C(COP(=O)(O)OP(=O)(O)OP(=O)(O)O)O2)c(=O)[nH]1,N(2)-(1-hydroxy-2-oxopropyl)-dGTP,4,36
1859,CC(=O)C(O)Nc1nc2c(ncn2C2OC(COP(=O)(O)O)C(O)C2O)c(=O)[nH]1,N(2)-(1-hydroxy-2-oxopropyl)-GMP,4,29
1860,CC(=O)C(O)Nc1nc2c(ncn2C2OC(COP(=O)(O)OP(=O)(O)O)C(O)C2O)c(=O)[nH]1,N(2)-(1-hydroxy-2-oxopropyl)-GDP,4,33
1861,CC(=O)C(O)Nc1nc2c(ncn2C2OC(COP(=O)(O)OP(=O)(O)OP(=O)(O)O)C(O)C2O)c(=O)[nH]1,N(2)-(1-hydroxy-2-oxopropyl)-GTP,4,37
1862,CC(=O)C(O)c1ccccc1,(S)-phenylacetylcarbinol,2,11
1863,CC(=O)C1(O)CCC2C3CCC4=CC(=O)CCC4(C)C3CCC21C,17alpha-hydroxyprogesterone,6,24
1864,CC(=O)C1(O)Cc2c(O)c3c(c(O)c2C(OC2CC(N)C(O)C(C)O2)C1)C(=O)c1c(O)cccc1C3=O,carminomycin,4,37
1865,CC(=O)C12OC1CC1C3CC=C4CC(O)CCC4(C)C3CCC12C,"3beta-hydroxy-16alpha,17alpha-epoxypregnenolone",2,24
1866,CC(=O)C12OC1CC1C3CC=C4CC(OC5OC(CO)C(O)C(O)C5O)CCC4(C)C3CCC12C,"3beta-hydroxy-16alpha,17alpha-epoxypregnenolone 3-beta-D-glucoside",2,35
1867,CC(=O)C1=C(O)C=C2Oc3c(C(C)=O)c(O)c(C)c(O)c3C2(C)C1=O,(S)-usnate,2,25
1868,CC(=O)C1=C(O)C=CC(C)(c2c(O)c(C)c(O)c(C(C)=O)c2O)C1=O,"(6R)-2-acetyl-6-(3-acetyl-2,4,6-trihydroxy-5-methylphenyl)-3-hydroxy-6-methylcyclohexa-2,4-dien-1-one",2,25
1869,CC(=O)C1=C(O)CC2(O)Cc3cc4cc(O)cc(O)c4c(O)c3C(=O)C2(O)C1=O,"2-acetyl-3,4a,8,10,11,12a-hexahydroxy-1,4,4a,5,12,12a-hexahydrotetracene-1,12-dione",2,29
1870,CC(=O)C1=CCC2C3CC=C4CC(O)CCC4(C)C3CCC12C,"16,17-didehydropregnenolone",2,23
1871,CC(=O)C1=CCC2C3CC=C4CC(OC5OC(CO)C(O)C(O)C5O)CCC4(C)C3CCC12C,"16,17-didehydropregnenolone 3-beta-D-glucoside",2,34
1872,CC(=O)C1=CCC2C3CCC4=CC(=O)CCC4(C)C3CCC12C,"16,17-didehydroprogesterone",2,23
1873,CC(=O)C1C(O)CC2C3CCC4=CC(=O)CCC4(C)C3CCC21C,16alpha-hydroxyprogesterone,2,24
1874,CC(=O)C1CCC2C3C(=O)C=C4CC(O)CCC4(C)C3CCC12C,7-oxopregnenolone,2,24
1875,CC(=O)C1CCC2C3C(O)C=C4CC(O)CCC4(C)C3CCC12C,7alpha-hydroxypregnenolone,2,24
1876,CC(=O)C1CCC2C3CC=C4CC(=O)CCC4(C)C3CCC12C,"pregn-5-ene-3,20-dione",4,23
1877,CC(=O)C1CCC2C3CC=C4CC(O)CCC4(C)C3CCC12C,pregnenolone,6,23
1878,CC(=O)C1CCC2C3CC=C4CC(OC5OC(CO)C(O)C(O)C5O)CCC4(C)C3CCC12C,pregnenolone 3-beta-D-glucoside,2,34
1879,CC(=O)C1CCC2C3CC=C4CC(OS(=O)(=O)O)CCC4(C)C3CCC12C,pregnenolone sulfate,2,27
1880,CC(=O)C1CCC2C3CCC4=CC(=O)CCC4(C)C3CCC12C,progesterone,12,23
1881,CC(=O)C1CCC2C3CCC4=CC(O)CCC4(C)C3CCC12C,3beta-hydroxypregn-4-ene-20-one,2,23
1882,CC(=O)C1CCC2C3CCC4CC(=O)CCC4(C)C3CCC12C,"5alpha-pregnane-3,20-dione",10,23
1883,CC(=O)C1CCC2C3CCC4CC(O)CCC4(C)C3CCC12C,3alpha-hydroxy-5beta-pregnan-20-one,6,23
1884,CC(=O)C1CCCCC1,1-cyclohexylethanone,2,9
1885,CC(=O)C=CC1(O)C(C)=CC(=O)CC1(C)C,(6S)-6-hydroxy-3-oxo-alpha-ionone,2,16
1886,CC(=O)C=CC1=C(C)CC(O)CC1(C)C,(3R)-hydroxy-beta-ionone,10,15
1887,CC(=O)C=CC1=C(C)CCCC1(C)C,beta-ionone,4,14
1888,CC(=O)C=CC1C(C)=CC(O)CC1(C)C,"(3R,6R)-hydroxy-alpha-ionone",4,15
1889,CC(=O)C=CC=C(C)C=CC1=C(C)CCCC1(C)C,13-apo-beta-carotenone,4,19
1890,CC(=O)C=CC=C(C)CCC=C(C)C,"(3E,5E)-6,10-dimethylundeca-3,5,9-trien-2-one",2,14
1891,CC(=O)C=CC=C(O)C(=O)O,"2-hydroxy-6-oxo-2,4-heptadienoate",4,11
1892,CC(=O)C=Nc1c(NCC(O)C(O)C(O)CO)[nH]c(=O)[nH]c1=O,5-(2-oxopropylideneamino)-6-(D-ribitylamino)uracil,2,23
1893,CC(=O)C=O,methylglyoxal,48,5
1894,CC(=O)CC(=O)C(=O)O,acetylpyruvate,2,9
1895,CC(=O)CC(=O)CC(=O)O,"3,5-dioxohexanoate",2,10
1896,CC(=O)CC(=O)O,acetoacetate,32,7
1897,CC(=O)CC(=O)OC(CC(=O)O)C[N+](C)(C)C,O-3-oxobutanoyl-(R)-carnitine,2,17
1898,CC(=O)CC(=O)SCCNC(=O)CCNC(=O)C(O)C(C)(C)COP(=O)(O)OP(=O)(O)OCC1OC(n2cnc3c(N)ncnc32)C(O)C1OP(=O)(O)O,acetoacetyl-CoA,26,54
1899,CC(=O)CC(=O)c1c(CC(=O)O)cc2c(c1O)C(=O)c1c(O)cccc1C2,deoxynogalonate,2,27
1900,CC(=O)CC(=O)c1c(CC(=O)O)cc2c(c1O)C(=O)c1c(O)cccc1C2=O,nogalonate,2,28
1901,CC(=O)CC(C)=O,acetylacetone,2,7
1902,CC(=O)CC(C)C,4-methylpentan-2-one,2,7
1903,CC(=O)CC(N)C(=O)O,(2R)-2-amino-4-oxopentanoate,6,9
1904,CC(=O)CC(O)C(C)=O,"3-hydroxyhexane-2,5-dione",2,9
1905,CC(=O)CC(O)CC(=O)O,(S)-3-hydroxy-5-oxohexanoate,3,10
1906,CC(=O)CC1(O)Cc2cc3cc(O)cc(O)c3c(O)c2C(=O)C1(O)C(=O)O,"2,3,6,8,9-pentahydroxy-1-oxo-3-(2-oxopropyl)-1,2,3,4-tetrahydroanthracene-2-carboxylate",4,27
1907,CC(=O)CC1(O)Cc2cc3cc(O)cc(O)c3c(O)c2C(=O)C1O,"2,3,6,8,9-pentahydroxy-3-(2-oxopropyl)-1,2,3,4-tetrahydroanthracen-1-one",2,24
1908,CC(=O)CCC(=O)O,4-oxopentanoate,2,8
1909,CC(=O)CCC(CO)c1c(O)cc2c(c1O)C(=O)c1c(O)cc(O)cc1C2=O,(2S)-versicolorone,4,28
1910,CC(=O)CCC1c2c(cc3c(c2O)C(=O)c2c(O)cc(O)cc2C3=O)OC1O,1'-hydroxyversicolorone,4,28
1911,CC(=O)CCC=C(C)C,sulcatone,4,9
1912,CC(=O)CCCC(=O)O,5-oxohexanoate,2,9
1913,CC(=O)CCCC(O)c1c(O)cc2c(c1O)C(=O)c1c(O)cc(O)cc1C2=O,(S)-5'-oxoaverantin,2,28
1914,CC(=O)CCCO,5-hydroxypentan-2-one,2,7
1915,CC(=O)CCO,4-hydroxybutan-2-one,2,6
1916,CC(=O)CCc1ccccc1,4-phenylbutan-2-one,2,11
1917,CC(=O)CN,aminoacetone,10,5
1918,CC(=O)CO,hydroxyacetone,12,5
1919,CC(=O)COP(=O)(O)O,hydroxyacetone phosphate,2,9
1920,CC(=O)CSCCS(=O)(=O)O,2-oxopropyl-coenzyme M,4,11
1921,CC(=O)Cc1cc2cc3cc(O)cc(O)c3c(O)c2c(=O)o1,"7,9,10-trihydroxy-3-(2-oxopropyl)-1H-benzo[g]isochromen-1-one",2,22
1922,CC(=O)Cc1ccccc1,phenylacetone,2,10
1923,CC(=O)N(O)CC(O)CP(=O)(O)O,(R)-(3-(acetylhydroxyamino)-2-hydroxypropyl)phosphonate,2,13
1924,CC(=O)N(O)CCCCC(N)C(=O)O,N(6)-acetyl-N(6)-hydroxy-L-lysine,6,14
1925,CC(=O)N(O)CCCCC(NC(=O)CC(O)(CC(=O)NC(CCCCN(O)C(C)=O)C(=O)O)C(=O)O)C(=O)O,aerobactin,2,39
1926,CC(=O)N(O)CCCCC(NC(=O)CC(O)(CC(=O)O)C(=O)O)C(=O)O,N(2)-citryl-N(6)-acetyl-N(6)-hydroxy-L-lysine,4,26
1927,CC(=O)N(O)CCCCN,N(1)-acetyl-N(1)-hydroxyputrescine,2,10
1928,CC(=O)N(O)CCCP(=O)(O)O,3-(N-acetyl-N-hydroxy)aminopropylphosphonate,4,12
1929,CC(=O)N(O)CCCP(=O)(O)OP(=O)(O)OCC1OC(n2ccc(N)nc2=O)C(O)C1O,CMP-5'-(N-acetyl-N-hydroxy-3-aminopropyl)phosphonate,4,32
1930,CC(=O)N(O)c1ccc2c(c1)Cc1ccccc1-2,N-hydroxy-2-acetamidofluorene,4,18
1931,CC(=O)N1CCC1C(=O)O,(2S)-N-acetylazetidine-2-carboxylate,2,10
1932,CC(=O)N1c2ccccc2C23CCN4CC5=CCOC(O)C(C5CC42)C13,diaboline,2,26
1933,CC(=O)NC(C(=O)O)C(C)C,N-acetyl-L-valine,2,11
1934,CC(=O)NC(C(=O)O)C(O)C(O)C(O)CO,N-acetyl-D-galactosaminate,6,16
1935,CC(=O)NC(C(=O)O)C(O)C(OC1OC(CO)C(O)C(O)C1NC(C)=O)C(O)CO,"N,N'-diacetylchitobionate",2,30
1936,CC(=O)NC(C(=O)O)C(O)C(OC1OC(CO)C(OC2OC(CO)C(O)C(O)C2NC(C)=O)C(O)C1NC(C)=O)C(O)CO,"N,N',N''-triacetylchitotrionate",2,44
1937,CC(=O)NC(C(=O)O)C(O)C(OC1OC(CO)C(OC2OC(CO)C(OC3OC(CO)C(O)C(O)C3NC(C)=O)C(O)C2NC(C)=O)C(O)C1NC(C)=O)C(O)CO,"N,N',N'',N'''-tetraacetylchitotetraonate",2,58
1938,CC(=O)NC(C(=O)O)c1ccccc1,N-acetyl-L-alpha-phenylglycine,2,14
1939,CC(=O)NC(C(C)O)C1OC(O)(C(=O)O)CC(O)C1NC(C)=O,pseudaminate,4,23
1940,CC(=O)NC(C(C)O)C1OC(OP(=O)(O)OCC2OC(n3ccc(N)nc3=O)C(O)C2O)(C(=O)O)CC(O)C1NC(C)=O,CMP-pseudaminate,2,43
1941,CC(=O)NC(C(O)CC(=O)C(=O)O)C(O)C(O)C(O)CO,aceneuramate,4,21
1942,CC(=O)NC(C)P(=O)(O)O,[(1S)-1-acetamidoethyl]phosphonate,2,10
1943,CC(=O)NC(C)c1ccccc1,(S)-N-acetyl-1-phenylethylamine,2,12
1944,CC(=O)NC(C=O)C(O)C(O)C(O)CO,aldehydo-N-acetyl-D-mannosamine,6,15
1945,CC(=O)NC(C=O)C(O)C(O)C(O)COP(=O)(O)O,aldehydo-N-acetyl-D-mannosamine 6-phosphate,6,19
1946,CC(=O)NC(CC(=O)O)C(=O)NC(CCC(=O)O)C(=O)NC(CCC(=O)O)C(=O)O,N-acetyl-L-aspartyl-L-glutamyl-L-glutamate,2,30
1947,CC(=O)NC(CC(=O)O)C(=O)NC(CCC(=O)O)C(=O)O,N-acetyl-L-aspartyl-L-glutamate,6,21
1948,CC(=O)NC(CC(=O)O)C(=O)O,N-acetyl-L-aspartate,10,12
1949,CC(=O)NC(CC(C)C)C(=O)O,N-acetyl-L-leucine,4,12
1950,CC(=O)NC(CCC(=O)C=[N+]=[N-])C(=O)O,N(alpha)-acetyl-6-diazo-5-oxo-L-norleucine,2,15
1951,CC(=O)NC(CCC(=O)O)C(=O)O,N-acetyl-L-glutamate,8,13
1952,CC(=O)NC(CCC(=O)OP(=O)(O)O)C(=O)O,N-acetyl-L-glutamyl 5-phosphate,4,17
1953,CC(=O)NC(CCC(N)=O)C(=O)O,N-acetyl-L-glutamine,4,13
1954,CC(=O)NC(CCC=O)C(=O)O,N-acetyl-L-glutamate 5-semialdehyde,8,12
1955,CC(=O)NC(CCCC(=O)C(=O)O)C(=O)O,L-2-acetamido-6-oxoheptanedioate,2,16
1956,CC(=O)NC(CCCC(N)C(=O)O)C(=O)O,"N-acetyl-(2S,6S)-2,6-diaminopimelate",4,16
1957,CC(=O)NC(CCCCN)C(=O)O,N-acetyl-L-lysine,2,13
1958,CC(=O)NC(CCCN)C(=O)O,N(2)-acetyl-L-ornithine,8,12
1959,CC(=O)NC(CCCN)CC(=O)NC1C(N=C2NC3C(=O)NCC(O)C3N2)OC(CO)C(OC(N)=O)C1O,N(beta)-acetylstreptothricin F,2,38
1960,CC(=O)NC(CCCNC(=O)CC(N)CCCNC(=O)CC(N)CCCN)CC(=O)NC1C(N=C2NC3C(=O)NCC(O)C3N2)OC(CO)C(OC(N)=O)C1O,N(beta)-acetylstreptothricin D,2,56
1961,CC(=O)NC(CCCNC(N)=O)C(=O)O,N(2)-acetyl-L-citrulline,4,15
1962,CC(=O)NC(CCN)C(=O)O,(2S)-2-acetamido-4-aminobutanoate,2,11
1963,CC(=O)NC(CCP(C)(=O)O)C(=O)O,N-acetylphosphinothricin,2,14
1964,CC(=O)NC(CCS(C)(=N)=O)C(=O)O,N-acetyl-L-methionine sulfoximine,2,14
1965,CC(=O)NC(CCS(C)(=O)=O)C(=O)O,N-acetyl-L-methionine sulfone,2,14
1966,CC(=O)NC(CO)C(=O)NC(CC(=O)O)C(=O)NC(CCCCN)C(=O)N1CCCC1C(=O)O,goralatide,2,34
1967,CC(=O)NC(CO)C(=O)NC(CC(=O)O)C(=O)O,N-acetyl-L-seryl-L-aspartate,2,18
1968,CC(=O)NC(CS)C(=O)NC1C(OC2C(O)C(O)C(O)C(O)C2O)OC(CO)C(O)C1O,mycothiol,8,32
1969,CC(=O)NC(CS)C(=O)O,N-acetyl-L-cysteine,10,10
1970,CC(=O)NC(CSC(CC(=O)O)C(=O)O)C(=O)O,N-acetyl-S-(2-succino)-L-cysteine,6,18
1971,CC(=O)NC(CSC=O)C(=O)NC1C(OC2C(O)C(O)C(O)C(O)C2O)OC(CO)C(O)C1O,S-formylmycothiol,2,34
1972,CC(=O)NC(CSCO)C(=O)NC1C(OC2C(O)C(O)C(O)C(O)C2O)OC(CO)C(O)C1O,S-(hydroxymethyl)mycothiol,4,34
1973,CC(=O)NC(CSCc1ccccc1)C(=O)O,N-acetyl-S-benzyl-L-cysteine,2,17
1974,CC(=O)NC(CSSCC(NC(C)=O)C(=O)NC1C(OC2C(O)C(O)C(O)C(O)C2O)OC(CO)C(O)C1O)C(=O)NC1C(OC2C(O)C(O)C(O)C(O)C2O)OC(CO)C(O)C1O,mycothione,4,64
1975,CC(=O)NC(Cc1c[nH]c2ccccc12)C(=O)O,N-acetyl-D-tryptophan,2,18
1976,CC(=O)NC(Cc1c[nH]cn1)C(=O)O,,1,14
1977,CC(=O)NC(Cc1ccccc1)C(=O)O,N-acetyl-L-phenylalanine,4,15
1978,CC(=O)NC(Cc1cnc[nH]1)C(=O)O,N(alpha)-acetyl-L-histidine,1,14
1979,CC(=O)NC1C(=O)C(O)C(C(=O)O)OC1OP(=O)(O)OP(=O)(O)OCC1OC(n2ccc(=O)[nH]c2=O)C(O)C1O,UDP-2-acetamido-2-deoxy-alpha-D-ribo-hex-3-uluronate,4,40
1980,CC(=O)NC1C(=O)C(O)C(CO)OC1OP(=O)(O)OP(=O)(O)OCC1OC(n2ccc(=O)[nH]c2=O)C(O)C1O,UDP-2-acetamido-3-dehydro-2-deoxy-alpha-D-glucopyranose,4,39
1981,CC(=O)NC1C(=O)OC(CO)C(O)C1O,"N-acetyl-D-glucosamino-1,5-lactone",4,15
1982,CC(=O)NC1C(=O)OC(CO)C(OC2OC(CO)C(O)C(O)C2NC(C)=O)C1O,"N,N'-diacetylchitobiono-1,5-lactone",4,29
1983,CC(=O)NC1C(=O)OC(CO)C(OC2OC(CO)C(OC3OC(CO)C(O)C(O)C3NC(C)=O)C(O)C2NC(C)=O)C1O,"N,N',N''-triacetylchitotriono-1,5-lactone",4,43
1984,CC(=O)NC1C(=O)OC(CO)C(OC2OC(CO)C(OC3OC(CO)C(OC4OC(CO)C(O)C(O)C4NC(C)=O)C(O)C3NC(C)=O)C(O)C2NC(C)=O)C1O,"N,N',N'',N'''-tetraacetylchitotetraono-1,5-lactone",4,57
1985,CC(=O)NC1C(C)OC(O)C(NC(C)=O)C1O,"2,4-diacetamido-2,4,6-trideoxy-beta-L-altrose",6,17
1986,CC(=O)NC1C(C)OC(OC2C(C(=O)O)OC(OC3C(CO)OC(OP(=O)(O)OP(=O)(O)OCC=C(C)CCC=C(C)CCC=C(C)CCC=C(C)CCC=C(C)CCC=C(C)CCC=C(C)CCC=C(C)CCC=C(C)CCC=C(C)CCC=C(C)C)C(NC(C)=O)C3O)C(NC(C)=O)C2O)C(O)C1O,alpha-D-FucNAc4-(1->4)-beta-D-ManNAcA-(1->4)-D-GlcNAc-undecaprenyl diphosphate,2,106
1987,CC(=O)NC1C(C)OC(OP(=O)(O)OP(=O)(O)OCC2OC(n3cc(C)c(=O)[nH]c3=O)CC2O)C(O)C1O,"dTDP-4-acetamido-4,6-dideoxy-alpha-D-galactose",4,38
1988,CC(=O)NC1C(C)OC(OP(=O)(O)OP(=O)(O)OCC2OC(n3ccc(=O)[nH]c3=O)C(O)C2O)C(NC(C)=O)C1O,"UDP-2,4-diacetamido-2,4,6-trideoxy-beta-L-altrose",6,41
1989,CC(=O)NC1C(C)OC(OP(=O)(O)OP(=O)(O)OCC2OC(n3cnc4c(=O)[nH]c(N)nc43)C(O)C2O)C(NC(C)=O)C1O,"GDP-N,N'-diacetylbacillosamine",2,44
1990,CC(=O)NC1C(C)OC(OP(=O)(O)OP(=O)(O)OCC2OC(n3cnc4c(=O)[nH]c(N)nc43)C(O)C2O)C(O)C1O,GDP-N-acetyl-alpha-D-perosamine,2,41
1991,CC(=O)NC1C(C)OC(OP(=O)(O)OP(=O)(O)OCC=C(C)CCC=C(C)CCC=C(C)CCC=C(C)CCC=C(C)CCC=C(C)CCC=C(C)CCC=C(C)CCC=C(C)CCC=C(C)CCC=C(C)C)C(NC(C)=O)C1O,"N,N'-diacetyl-alpha-D-bacillosaminyl-tri-trans,hepta-cis-undecaprenyl diphosphate",4,80
1992,CC(=O)NC1C(N)OC(CO)C(O)C1O,N-acetyl-beta-D-glucosaminylamine,2,15
1993,CC(=O)NC1C(NC(=O)CC(N)C(=O)O)OC(CO)C(O)C1O,N(4)-(beta-N-acetyl-D-glucosaminyl)-L-asparagine,4,23
1994,CC(=O)NC1C(O)C(C)OC(OP(=O)(O)OP(=O)(O)OCC2OC(n3cc(C)c(=O)[nH]c3=O)CC2O)C1O,"dTDP-3-acetamido-3,6-dideoxy-alpha-D-galactopyranose",2,38
1995,CC(=O)NC1C(O)C=C(C(=O)O)OC1C(O)C(O)CO,"2-deoxy-2,3-dehydro-N-acetylneuraminate",2,20
1996,CC(=O)NC1C(O)CC(O)(C(=O)O)OC1C(O)C(O)CO,N-acetylneuraminate,76,21
1997,CC(=O)NC1C(O)CC(O)(C(=O)O)OC1C(O)C(O)COC(C)=O,N-acetyl-9-O-acetylneuraminate,4,24
1998,CC(=O)NC1C(O)CC(O)(C(=O)O)OC1C(O)C(O)COP(=O)(O)O,N-acetylneuraminate 9-phosphate,4,25
1999,CC(=O)NC1C(O)CC(O)(C(=O)O)OC1C(OC(C)=O)C(O)CO,,2,24
2000,CC(=O)NC1C(O)CC(OC2C(O)C(CO)OC(OC3C(CO)OC(O)C(NC(C)=O)C3OC3OC(C)C(O)C(O)C3O)C2O)(C(=O)O)OC1C(O)C(O)CO,N-acetyl-alpha-neuraminosyl-(2->3)-beta-D-galactosyl-(1->4)-[alpha-L-fucosyl-(1->3)]-N-acetyl-beta-D-glucosamine,2,56
2001,CC(=O)NC1C(O)CC(OC2C(O)C(CO)OC(OC3C(CO)OC(O)C(O)C3O)C2O)(C(=O)O)OC1C(O)C(O)CO,N-acetyl-alpha-neuraminosyl-(2->3)-beta-D-galactosyl-(1->4)-D-glucose,2,43
2002,CC(=O)NC1C(O)CC(OC2C(O)C(CO)OC(OC3C(CO)OC(OC4C(O)C(CO)OC(OC5C(CO)OC(O)C(O)C5O)C4O)C(NC(C)=O)C3OC3OC(C)C(O)C(O)C3O)C2O)(C(=O)O)OC1C(O)C(O)CO,alpha-Neu5Ac-(2->3)-beta-D-Gal-(1->4)-[alpha-L-Fuc-(1->3)]-beta-D-GlcNAc-(1->3)-beta-D-Gal-(1->4)-D-Glc,2,78
2003,CC(=O)NC1C(O)CC(OC2C(O)C(CO)OC(OC3C(O)C(CO)OC(O)C3NC(C)=O)C2O)(C(=O)O)OC1C(O)C(O)CO,N-acetyl-alpha-neuraminosyl-(2->3)-beta-D-galactosyl-(1->3)-N-acetyl-D-galactosamine,2,46
2004,CC(=O)NC1C(O)CC(OC2C(O)C(CO)OC(OC3C(O)C(CO)OC(OC4C(O)C(CO)OC(OC5C(CO)OC(O)C(O)C5O)C4O)C3NC(C)=O)C2O)(C(=O)O)OC1C(O)C(O)CO,alpha-Neu5Ac-(2->3)-beta-D-Gal-(1->3)-beta-D-GlcNAc-(1->3)-beta-D-Gal-(1->4)-D-Glc,2,68
2005,CC(=O)NC1C(O)CC(OCC2OC(O)C(NC(C)=O)C(OC3OC(CO)C(O)C(OC4(C(=O)O)CC(O)C(NC(C)=O)C(C(O)C(O)CO)O4)C3O)C2O)(C(=O)O)OC1C(O)C(O)CO,N-acetyl-alpha-neuraminosyl-(2->3)-beta-D-galactosyl-(1->3)-[N-acetyl-alpha-neuraminosyl-(2->6)]-N-acetyl-D-galactosamine,2,66
2006,CC(=O)NC1C(O)CC(OCC2OC(OC3C(O)C(CO)OC(OC4C(CO)OC(O)C(O)C4O)C3O)C(NC(C)=O)C(OC3OC(CO)C(O)C(OC4(C(=O)O)CC(O)C(NC(C)=O)C(C(O)C(O)CO)O4)C3O)C2O)(C(=O)O)OC1C(O)C(O)CO,alpha-Neu5Ac-(2->3)-beta-D-Gal-(1->3)-[alpha-Neu5Ac-(2->6)]-beta-D-GlcNAc-(1->3)-beta-D-Gal-(1->4)-D-Glc,2,88
2007,CC(=O)NC1C(O)CC(OP(=O)(O)OCC2OC(n3ccc(N)nc3=O)C(O)C2O)(C(=O)O)OC1C(O)C(CO)OC(C)=O,CMP-N-acetyl-8-O-acetyl-beta-neuraminate,4,44
2008,CC(=O)NC1C(O)CC(OP(=O)(O)OCC2OC(n3ccc(N)nc3=O)C(O)C2O)(C(=O)O)OC1C(O)C(O)CO,CMP-N-acetyl-beta-neuraminate,134,41
2009,CC(=O)NC1C(O)CC(OP(=O)(O)OCC2OC(n3ccc(N)nc3=O)C(O)C2O)(C(=O)O)OC1C(O)C(O)COC(C)=O,CMP-N-acetyl-9-O-acetyl-beta-neuraminate,4,44
2010,CC(=O)NC1C(O)CC(OP(=O)(O)OCC2OC(n3ccc(N)nc3=O)C(O)C2O)(C(=O)O)OC1C(OC(C)=O)C(O)CO,CMP-N-acetyl-7-O-acetyl-beta-neuraminate,4,44
2011,CC(=O)NC1C(O)CC2(C(=O)O)OC(C(O)CO)C1O2,"N-acetyl-2,7-anhydro-alpha-neuraminate",2,20
2012,CC(=O)NC1C(O)OC(CO)C(O)C1O,N-acetyl-D-hexosamine,75,15
2013,CC(=O)NC1C(O)OC(CO)C(O)C1OC(C)C(=O)NC(C)C(=O)NC(CCC(=O)O)C(N)=O,N-acetyl-D-muramoyl-L-alanyl-D-isoglutamine,2,34
2014,CC(=O)NC1C(O)OC(CO)C(O)C1OC(C)C(=O)NC(C)C(=O)O,N-acetyl-D-muramoyl-L-alanine,2,25
2015,CC(=O)NC1C(O)OC(CO)C(O)C1OC(C)C(=O)O,N-acetyl-D-muramate,9,20
2016,CC(=O)NC1C(O)OC(CO)C(O)C1OC1OC(C(=O)O)=CC(O)C1O,4-deoxy-beta-D-gluc-4-enuronosyl-(1->3)-N-acetyl-D-galactosamine,6,26
2017,CC(=O)NC1C(O)OC(CO)C(O)C1OC1OC(C(=O)O)=CC(O)C1OS(=O)(=O)O,4-deoxy-Delta(4)-beta-D-GlcpA2S-(1->3)-beta-D-GalpNAc,2,30
2018,CC(=O)NC1C(O)OC(CO)C(O)C1OC1OC(CO)C(O)C(O)C1O,beta-D-galactosyl-(1->3)-N-acetyl-D-glucosamine,14,26
2019,CC(=O)NC1C(O)OC(CO)C(O)C1OC1OC(CO)C(O)C(O)C1OC1OC(C)C(O)C(O)C1O,alpha-L-Fuc-(1->2)-beta-D-Gal-(1->3)-D-GlcNAc,4,36
2020,CC(=O)NC1C(O)OC(CO)C(O)C1OC1OC(CO)C(O)C(O)C1OC1OC(C)C(O)CC1O,alpha-L-colitosyl-(1->2)-beta-D-galactosyl-(1->3)-N-acetyl-D-glucosamine,2,35
2021,CC(=O)NC1C(O)OC(CO)C(OC2OC(C)C(O)C(O)C2O)C1OC1OC(CO)C(O)C(O)C1O,beta-D-galactosyl-(1->3)-[alpha-L-fucosyl-(1->4)]-N-acetyl-D-glucosamine,2,36
2022,CC(=O)NC1C(O)OC(CO)C(OC2OC(C)C(O)C(O)C2O)C1OC1OC(CO)C(O)C(O)C1OC1OC(C)C(O)C(O)C1O,alpha-L-Fuc-(1->2)-beta-D-Gal-(1->3)-[alpha-L-Fuc-(1->4)]-D-GlcNAc,2,46
2023,CC(=O)NC1C(O)OC(CO)C(OC2OC(CO)C(O)C(O)C2N)C1O,beta-D-glucosaminyl-(1->4)-N-acetyl-D-glucosamine,4,26
2024,CC(=O)NC1C(O)OC(CO)C(OC2OC(CO)C(O)C(O)C2NC(C)=O)C1O,"N,N'-diacetylchitobiose",11,29
2025,CC(=O)NC1C(O)OC(CO)C(OC2OC(CO)C(O)C(O)C2O)C1O,N-acetyllactosamine,8,26
2026,CC(=O)NC1C(O)OC(CO)C(OC2OC(CO)C(O)C(O)C2O)C1OC1OC(C)C(O)C(O)C1O,beta-D-galactosyl-(1->4)-[alpha-L-fucosyl-(1->3)]-N-acetyl-D-glucosamine,2,36
2027,CC(=O)NC1C(O)OC(CO)C(OC2OC(CO)C(O)C(O)C2OC2OC(C)C(O)C(O)C2O)C1O,alpha-L-Fuc-(1->2)-beta-D-Gal-(1->4)-D-GlcNAc,2,36
2028,CC(=O)NC1C(O)OC(CO)C(OC2OC(CO)C(O)C(O)C2OC2OC(C)C(O)C(O)C2O)C1OC1OC(C)C(O)C(O)C1O,alpha-L-Fuc-(1->2)-beta-D-Gal-(1->4)-[alpha-L-Fuc-(1->3)]-D-GlcNAc,2,46
2029,CC(=O)NC1C(O)OC(CO)C(OC2OC(CO)C(O)C(OC(C)C(=O)O)C2NC(C)=O)C1O,N-acetyl-beta-D-muramate-(1->4)-N-acetyl-D-glucosamine,1,34
2030,CC(=O)NC1C(O)OC(CO)C(OC2OC(CO)C(O)C(OC3(C(=O)O)CC(O)C(NC(C)=O)C(C(O)C(O)CO)O3)C2O)C1O,N-acetyl-alpha-neuraminosyl-(2->3)-beta-D-galactosyl-(1->4)-N-acetyl-beta-D-glucosamine,2,46
2031,CC(=O)NC1C(O)OC(CO)C(OC2OC(CO)C(O)C(OC3OC(CO)C(OC4OC(CO)C(O)C(OC5OC(CO)C(OC6OC(CO)C(O)C(OC7(C(=O)O)CC(O)C(NC(C)=O)C(C(O)C(O)CO)O7)C6O)C(O)C5NC(C)=O)C4O)C(O)C3NC(C)=O)C2O)C1O,alpha-Neu5Ac-(2->3)-beta-D-Gal-(1->4)-beta-D-GlcNAc-(1->3)-beta-D-Gal-(1->4)-beta-D-GlcNAc-(1->3)-beta-D-Gal-(1->4)-beta-D-GlcNAc,2,96
2032,CC(=O)NC1C(O)OC(CO)C(OC2OC(CO)C(O)C(OC3OC(CO)C(OC4OC(CO)C(O)C(OC5OC(CO)C(OC6OC(CO)C(O)C(OC7(C(=O)O)CC(O)C(NC(C)=O)C(C(O)C(O)CO)O7)C6O)C(O)C5NC(C)=O)C4O)C(OC4OC(C)C(O)C(O)C4O)C3NC(C)=O)C2O)C1O,alpha-Neu5Ac-(2->3)-beta-D-Gal-(1->4)-beta-D-GlcNAc-(1->3)-beta-D-Gal-(1->4)-[alpha-L-Fuc-(1->3)]-beta-D-GlcNAc-(1->3)-beta-D-Gal-(1->4)-beta-D-GlcNAc,2,106
2033,CC(=O)NC1C(O)OC(CO)C(OC2OC(CO)C(O)C(OC3OC(CO)C(OC4OC(CO)C(O)C(OC5OC(CO)C(OC6OC(CO)C(O)C(OC7(C(=O)O)CC(O)C(NC(C)=O)C(C(O)C(O)CO)O7)C6O)C(OC6OC(C)C(O)C(O)C6O)C5NC(C)=O)C4O)C(O)C3NC(C)=O)C2O)C1O,alpha-Neu5Ac-(2->3)-beta-D-Gal-(1->4)-[alpha-L-Fuc-(1->3)]-beta-D-GlcNAc-(1->3)-beta-D-Gal-(1->4)-beta-D-GlcNAc-(1->3)-beta-D-Gal-(1->4)-beta-D-GlcNAc,2,106
2034,CC(=O)NC1C(O)OC(CO)C(OC2OC(CO)C(O)C(OC3OC(CO)C(OC4OC(CO)C(O)C(OC5OC(CO)C(OC6OC(CO)C(O)C(OC7(C(=O)O)CC(O)C(NC(C)=O)C(C(O)C(O)CO)O7)C6O)C(OC6OC(C)C(O)C(O)C6O)C5NC(C)=O)C4O)C(OC4OC(C)C(O)C(O)C4O)C3NC(C)=O)C2O)C1O,alpha-Neu5Ac-(2->3)-beta-D-Gal-(1->4)-[alpha-L-Fuc-(1->3)]-beta-D-GlcNAc-(1->3)-beta-D-Gal-(1->4)-[alpha-L-Fuc-(1->3)]-beta-D-GlcNAc-(1->3)-beta-D-Gal-(1->4)-beta-D-GlcNAc,2,116
2035,CC(=O)NC1C(O)OC(CO)C(OC2OC(CO)C(OC3OC(CO)C(O)C(O)C3NC(C)=O)C(O)C2NC(C)=O)C1O,"N,N',N''-triacetylchitotriose",2,43
2036,CC(=O)NC1C(O)OC(CO)C(OC2OC(CO)C(OC3OC(CO)C(OC4OC(CO)C(O)C(O)C4NC(C)=O)C(O)C3NC(C)=O)C(O)C2NC(C)=O)C1O,"N,N',N'',N'''-tetraacetylchitotetraose",2,57
2037,CC(=O)NC1C(O)OC(CO)C(OC2OC(COC3(C(=O)O)CC(O)C(NC(C)=O)C(C(O)C(O)CO)O3)C(O)C(O)C2O)C1O,N-acetyl-alpha-neuraminyl-(2->6)-beta-D-galactosyl-(1->4)-N-acetyl-beta-D-glucosamine,2,46
2038,CC(=O)NC1C(O)OC(CO)C(OC2OC(COP(=O)(O)O)C(O)C(O)C2NC(C)=O)C1O,diacetylchitobiose-6'-phosphate,3,33
2039,CC(=O)NC1C(O)OC(CO)C(OC2OC(COP(=O)(O)O)C(O)C(OC(C)C(=O)O)C2NC(C)=O)C1O,6-phospho-N-acetyl-beta-D-muramate-(1->4)-N-acetyl-D-glucosamine,3,38
2040,CC(=O)NC1C(O)OC(CO)C(OS(=O)(=O)O)C1OC1OC(C(=O)O)=CC(O)C1O,4-deoxy-beta-D-gluc-4-enuronosyl-(1->3)-N-acetyl-D-galactosamine 4-sulfate,2,30
2041,CC(=O)NC1C(O)OC(CO)C(OS(=O)(=O)O)C1OC1OC(C(=O)O)C(OC2OC(CO)C(OS(=O)(=O)O)C(OC3OC(C(=O)O)C(O)C(O)C3O)C2NC(C)=O)C(O)C1O,alpha-L-IdoA-(1->3)-beta-D-GalNAc-4-sulfate-(1->4)-alpha-L-IdoA-(1->3)-D-GalNAc-4-sulfate,2,61
2042,CC(=O)NC1C(O)OC(COP(=O)(O)O)C(O)C1O,N-acetyl-D-glucosamine 6-phosphate,23,19
2043,CC(=O)NC1C(O)OC(COP(=O)(O)O)C(O)C1OC(C)C(=O)NC(C)C(=O)NC(CCC(=O)O)C(N)=O,6-O-phospho-N-acetyl-D-muramoyl-L-alanyl-D-isoglutamine,2,38
2044,CC(=O)NC1C(O)OC(COP(=O)(O)O)C(O)C1OC(C)C(=O)O,N-acetyl-beta-D-muramate 6-phosphate,11,24
2045,CC(=O)NC1C(O)OC(COS(=O)(=O)O)C(O)C1O,N-acetyl-beta-D-galactosamine 6-sulfate,4,19
2046,CC(=O)NC1C(O)OC(COS(=O)(=O)O)C(O)C1OC1OC(C(=O)O)=CC(O)C1O,4-deoxy-beta-D-gluc-4-enuronosyl-(1->3)-N-acetyl-D-galactosamine 6-sulfate,4,30
2047,CC(=O)NC1C(O)OC(COS(=O)(=O)O)C(O)C1OC1OC(C(=O)O)C(O)C(O)C1O,alpha-L-iduronyl-(1->3)-N-acetyl-D-6-sulfogalactosamine,2,31
2048,CC(=O)NC1C(O)OC(COS(=O)(=O)O)C(OC2OC(CO)C(OC3(C(=O)O)CC(O)C(NC(C)=O)C(C(O)C(CO)OC4(C(=O)O)CC(O)C(NC(C)=O)C(C(O)C(O)CO)O4)O3)C(O)C2O)C1O,alpha-Neu5Ac-(2->8)-alpha-Neu5Ac-(2->3)-beta-D-Gal-(1->4)-6S-D-GlcNAc,2,70
2049,CC(=O)NC1C(O)OC(COS(=O)(=O)O)C(OC2OC(CO)C(OC3(C(=O)O)CC(O)C(NC(C)=O)C(C(O)C(O)CO)O3)C(O)C2O)C1O,alpha-Neu5Ac-(2->3)-beta-D-Gal-(1->4)-6S-D-GlcNAc,2,50
2050,CC(=O)NC1C(OC(C)=O)CC(O)(C(=O)O)OC1C(O)C(O)CO,N-acetyl-4-O-acetylneuraminate,4,24
2051,CC(=O)NC1C(OC(CC(=O)O)C(=O)O)OC(CO)C(O)C1O,(S)-malyl N-acetyl-alpha-D-glucosaminide,4,23
2052,CC(=O)NC1C(OC2C(C(=O)O)OC(OC3C(NC(C)=O)C(OC4C(C(=O)O)OC(OC5C(NC(C)=O)C(O)OC(CO)C5OS(=O)(=O)O)C(O)C4O)OC(CO)C3OS(=O)(=O)O)C(O)C2O)OC(CO)C(O)C1O,beta-D-GalNAc-(1->4)-alpha-L-IdoA-(1->3)-beta-D-GalNAc-4-sulfate-(1->4)-alpha-L-IdoA-(1->3)-D-GalNAc-4-sulfate,2,75
2053,CC(=O)NC1C(OC2C(C(=O)O)OC(OC3C(O)C(COS(=O)(=O)O)OC(O)C3NC(C)=O)C(O)C2O)OC(COS(=O)(=O)O)C(O)C1O,N-acetyl-beta-D-6-sulfogalactosaminyl-(1->4)-alpha-L-iduronyl-(1->3)-N-acetyl-D-6-sulfogalactosamine,2,49
2054,CC(=O)NC1C(OC2C(CO)OC(O)C(N)C2O)OC(CO)C(O)C1O,N-acetyl-beta-D-glucosaminyl-(1->4)-D-glucosamine,2,26
2055,CC(=O)NC1C(OC2C(CO)OC(O)C(N)C2O)OC(COP(=O)(O)O)C(O)C1O,N'-monoacetylchitobiose-6'-phosphate,4,30
2056,CC(=O)NC1C(OC2C(CO)OC(O)C(NC(C)=O)C2OC(C)C(=O)NC(C)C(=O)NC(CCC(=O)NC(CCCC(N)C(=O)O)C(=O)NC(C)C(=O)O)C(=O)O)OC(CO)C(O)C1O,"N-acetyl-D-glucosaminyl-N-acetylmuramoyl-L-alanyl-meso-2,6-diaminoheptanedioyl-D-alanine",2,65
2057,CC(=O)NC1C(OC2C(CO)OC(O)C(NC(C)=O)C2OC(C)C(=O)NC(C)C(=O)NC(CCC(=O)NC(CCCC(N)C(=O)O)C(=O)O)C(=O)O)OC(CO)C(O)C1O,"N-acetyl-D-glucosaminyl-N-acetylmuramoyl-L-alanyl-meso-2,6-diaminoheptanedioate",2,60
2058,CC(=O)NC1C(OC2C(CO)OC(OC3C(CO)OC(OC4C(CO)OC(OC5C(CO)OC(OC6C(NC(C)=O)C(C)OC(OP(=O)(O)OP(=O)(O)OCC=C(C)CCC=C(C)CCC=C(C)CCC=C(C)CCC=C(C)CCC=C(C)CCC=C(C)CCC=C(C)CCC=C(C)CCC=C(C)CCC=C(C)C)C6NC(C)=O)C(NC(C)=O)C5O)C(NC(C)=O)C4O)C(NC(C)=O)C3O)C(NC(C)=O)C2O)OC(CO)C(O)C1O,"[alpha-D-GalNAc-(1->4)]4-alpha-D-GalNAc-(1->3)-alpha-D-diNAcBac-tri-trans,hepta-cis-undecaprenyl diphosphate",2,150
2059,CC(=O)NC1C(OC2C(CO)OC(OC3C(CO)OC(OC4C(CO)OC(OC5C(CO)OC(OC6C(NC(C)=O)C(C)OC(OP(=O)(O)OP(=O)(O)OCC=C(C)CCC=C(C)CCC=C(C)CCC=C(C)CCC=C(C)CCC=C(C)CCC=C(C)CCC=C(C)CCC=C(C)CCC=C(C)CCC=C(C)C)C6NC(C)=O)C(NC(C)=O)C5O)C(NC(C)=O)C4O)C(NC(C)=O)C3OC3OC(CO)C(O)C(O)C3O)C(NC(C)=O)C2O)OC(CO)C(O)C1O,"[alpha-D-GalNAc-(1->4)]2-[beta-D-Glc-(1->3)]-[alpha-D-GalNAc-(1->4)]2-alpha-D-GalNAc-(1->3)-alpha-D-diNAcBac-tri-trans,hepta-cis-undecaprenyl diphosphate",2,161
2060,CC(=O)NC1C(OC2C(CO)OC(OC3C(NC(C)=O)C(C)OC(OP(=O)(O)OP(=O)(O)OCC=C(C)CCC=C(C)CCC=C(C)CCC=C(C)CCC=C(C)CCC=C(C)CCC=C(C)CCC=C(C)CCC=C(C)CCC=C(C)CCC=C(C)C)C3NC(C)=O)C(NC(C)=O)C2O)OC(CO)C(O)C1O,"N-acetyl-alpha-D-galactosaminyl-(1->4)-N-acetyl-alpha-D-galactosaminyl-(1->3)-N,N'-diacetyl-alpha-D-bacillosaminyl-tri-trans,heptacis-undecaprenyl diphosphate",2,108
2061,CC(=O)NC1C(OC2C(CO)OC(OC3C(O)C(N)CC(N)C3OC3OC(CN)C(O)C(O)C3N)C2O)OC(CO)C(O)C1O,2'''-acetyl-6'''-hydroxyneomycin C,4,45
2062,CC(=O)NC1C(OC2C(CO)OC(OP(=O)(O)OP(=O)(O)OCC=C(C)CCC=C(C)CCC=C(C)CCC=C(C)CCC=C(C)CCC=C(C)CCC=C(C)CCC=C(C)CCC=C(C)CCC=C(C)CCC=C(C)C)C(NC(C)=O)C2O)OC(C(=O)O)C(O)C1O,"beta-D-ManNAcA-(1->4)-alpha-D-GlcNAc-di-trans,octa-cis-undecaprenyl diphosphate",4,93
2063,CC(=O)NC1C(OC2C(CO)OC(OP(=O)(O)OP(=O)(O)OCC=C(C)CCC=C(C)CCC=C(C)CCC=C(C)CCC=C(C)CCC=C(C)CCC=C(C)CCC=C(C)CCC=C(C)CCC=C(C)CCC=C(C)C)C(NC(C)=O)C2O)OC(CO)C(O)C1O,"N-acetyl-beta-D-mannosaminyl-(1->4)-N-acetyl-alpha-D-glucosaminyl di-trans,octa-cis-undecaprenyl diphosphate",4,92
2064,CC(=O)NC1C(OC2C(CO)OC(OP(=O)(O)OP(=O)(O)OCC=C(C)CCC=C(C)CCC=C(C)CCC=C(C)CCC=C(C)CCC=C(C)CCC=C(C)CCC=C(C)CCC=C(C)CCC=C(C)CCC=C(C)C)C(NC(C)=O)C2OC(C)C(=O)NC(C)C(=O)NC(CCC(=O)NC(CCCC(N)C(=O)O)C(=O)NC(C)C(=O)NC(C)C(=O)O)C(=O)O)OC(CO)C(O)C1O,"di-trans,octa-cis-undecaprenyl diphospho-[N-acetyl-alpha-D-glucosaminyl-(1->4)]-N-acetyl-alpha-D-muramoyl-L-alanyl-D-glutamyl-meso-2,6-diaminopimeloyl-D-alanyl-D-alanine",2,133
2065,CC(=O)NC1C(OC2C(CO)OC(OP(=O)(O)OP(=O)(O)OCC=C(C)CCC=C(C)CCC=C(C)CCC=C(C)CCC=C(C)CCC=C(C)CCC=C(C)CCC=C(C)CCC=C(C)CCC=C(C)CCC=C(C)C)C(NC(C)=O)C2OC(C)C(=O)NC(C)C(=O)NC(CCC(=O)NC(CCCCN)C(=O)NC(C)C(=O)NC(C)C(=O)O)C(=O)O)OC(CO)C(O)C1O,"beta-D-GlcNAc-(1->4)-Mur2Ac(oyl-L-Ala-gamma-D-Glu-L-Lys-D-Ala-D-Ala)-di-trans,octa-cis-undecaprenyl diphosphate",4,130
2066,CC(=O)NC1C(OC2C(CO)OC(OP(=O)(O)OP(=O)(O)OCC=C(C)CCC=C(C)CCC=C(C)CCC=C(C)CCC=C(C)CCC=C(C)CCC=C(C)CCC=C(C)CCC=C(C)CCC=C(C)CCC=C(C)C)C(NC(C)=O)C2OC(C)C(=O)NC(C)C(=O)NC(CCC(=O)NC(CCCCN)C(=O)NC(C)C(=O)NC(C)C(=O)O)C(=O)OP(=O)(O)O)OC(CO)C(O)C1O,"beta-D-GlcNAc-(1->4)-Mur2Ac(oyl-L-Ala-gamma-D-O-P-Glu-L-Lys-D-Ala-D-Ala)-di-trans,octa-cis-undecaprenyl diphosphate",4,134
2067,CC(=O)NC1C(OC2C(CO)OC(OP(=O)(O)OP(=O)(O)OCC=C(C)CCC=C(C)CCC=C(C)CCC=C(C)CCC=C(C)CCC=C(C)CCC=C(C)CCC=C(C)CCC=C(C)CCC=C(C)CCC=C(C)C)C(NC(C)=O)C2OC(C)C(=O)NC(C)C(=O)NC(CCC(=O)NC(CCCCN)C(=O)NC(C)C(=O)NC(C)C(=O)O)C(N)=O)OC(CO)C(O)C1O,"beta-D-GlcNAc-(1->4)-Mur2Ac(oyl-L-Ala-D-isoglutaminyl-L-Lys-D-Ala-D-Ala)-di-trans,octa-cis-undecaprenyl diphosphate",4,130
2068,CC(=O)NC1C(OC2C(CO)OC(OP(=O)(O)OP(=O)(O)OCC=C(C)CCC=C(C)CCC=C(C)CCC=C(C)CCC=C(C)CCC=C(C)CCC=C(C)CCC=C(C)CCC=C(C)CCC=C(C)CCC=C(C)C)C(NC(C)=O)C2OC(C)C(=O)NC(C)C(=O)NC(CCC(=O)NC(CCCCNC(=O)CN)C(=O)NC(C)C(=O)NC(C)C(=O)O)C(N)=O)OC(CO)C(O)C1O,"beta-D-GlcNAc-(1->4)-Mur2Ac(oyl-L-Ala-D-isoglutaminyl-L-Lys-(N(6)-Gly)-D-Ala-D-Ala)-di-trans,octa-cis-undecaprenyl diphosphate",2,134
2069,CC(=O)NC1C(OC2C(N)CC(N)C(O)C2O)OC(CO)C(O)C1O,2'-N-acetylparomamine,4,25
2070,CC(=O)NC1C(OC2C(NC(C)=O)C(C)OC(OP(=O)(O)OP(=O)(O)OCC=C(C)CCC=C(C)CCC=C(C)CCC=C(C)CCC=C(C)CCC=C(C)CCC=C(C)CCC=C(C)CCC=C(C)CCC=C(C)CCC=C(C)C)C2NC(C)=O)OC(CO)C(O)C1O,"N-acetyl-alpha-D-galactosaminyl-(1->3)-N,N'-diacetyl-alpha-D-bacillosaminyl-tri-trans,hepta-cis-undecaprenyl diphosphate",4,94
2071,CC(=O)NC1C(OC2C(O)C(CO)OC(OC3C(CO)OC(O)C(O)C3O)C2O)OC(CO)C(O)C1OC1OC(CO)C(O)C(O)C1O,beta-D-Gal-(1->3)-beta-D-GlcNAc-(1->3)-beta-D-Gal-(1->4)-D-Glc,2,48
2072,CC(=O)NC1C(OC2C(O)C(CO)OC(OC3C(CO)OC(O)C(O)C3O)C2O)OC(CO)C(OC2OC(CO)C(O)C(O)C2O)C1O,beta-D-Gal-(1->4)-beta-D-GlcNAc-(1->3)-beta-D-Gal-(1->4)-D-Glc,2,48
2073,CC(=O)NC1C(OC2C(O)C(CO)OC(OC3C(CO)OC(O)C(O)C3O)C2O)OC(CO)C(OC2OC(CO)C(O)C(O)C2O)C1OC1OC(C)C(O)C(O)C1O,beta-D-Gal-(1->4)-[alpha-L-Fuc-(1->3)]-beta-D-GlcNAc-(1->3)-beta-D-Gal-(1->4)-D-Glc,2,58
2074,CC(=O)NC1C(OC2C(O)C(CO)OC(OC3C(CO)OC(O)C(O)C3O)C2O)OC(CO)C(OC2OC(CO)C(O)C(OC3(C(=O)O)CC(O)C(NC(C)=O)C(C(O)C(O)CO)O3)C2O)C1O,alpha-Neu5Ac-(2->3)-beta-D-Gal-(1->4)-beta-D-GlcNAc-(1->3)-beta-D-Gal-(1->4)-D-Glc,2,68
2075,CC(=O)NC1C(OC2C(O)C(CO)OC(OC3C(CO)OC(OC4C(CO)OC(O)C(O)C4O)C(O)C3O)C2O)OC(CO)C(O)C1OC1OC(CO)C(O)C(O)C1O,beta-D-Gal-(1->3)-beta-D-GalNAc-(1->3)-alpha-D-Gal-(1->4)-beta-D-Gal-(1->4)-D-Glc,4,59
2076,CC(=O)NC1C(OC2C(O)C(CO)OC(OP(=O)(O)OP(=O)(O)OCC=C(C)CCC=C(C)CCC=C(C)CCC=C(C)CCC=C(C)CCC=C(C)CCC=C(C)CCC=C(C)CCC=C(C)CCC=C(C)CCC=C(C)C)C2NC(C)=O)OC(CO)C(O)C1O,"alpha-D-GalNAc-(1->3)-alpha-D-GalNAc-di-trans,octa-cis-undecaprenyl diphosphate",4,92
2077,CC(=O)NC1C(OC2C(O)C(CO)OC(OP(=O)(O)OP(=O)(O)OCC=C(C)CCC=C(C)CCC=C(C)CCC=C(C)CCC=C(C)CCC=C(C)CCC=C(C)CCC=C(C)CCC=C(C)CCC=C(C)CCC=C(C)C)C2NC(C)=O)OC(CO)C(O)C1OC1OC(CO)C(O)C(O)C1O,"beta-D-Gal-(1->3)-alpha-D-GalNAc-(1->3)-alpha-D-GalNAc-di-trans,octa-cis-undecaprenyl diphosphate",4,103
2078,CC(=O)NC1C(OC2C(O)C(O)C(O)C(O)C2O)OC(CO)C(O)C1O,1D-myo-inositol 2-acetamido-2-deoxy-alpha-D-glucopyranoside,4,26
2079,CC(=O)NC1C(OC2C(O)C(O)C(O)C(OP(=O)(O)O)C2O)OC(CO)C(O)C1O,1D-myo-inositol 2-acetamido-2-deoxy-alpha-D-glucopyranoside 3-phosphate,4,30
2080,CC(=O)NC1C(OC2C(OC3C(OC4C(O)OC(CO)C(O)C4O)OC(CO)C(O)C3O)OC(CO)C(O)C2OC2OC(CO)C(O)C(O)C2O)OC(CO)C(O)C1O,alpha-D-Man-(1->3)-[alpha-D-GlcNAc-(1->2)]-alpha-D-Man-(1->2)-alpha-D-Man-(1->2)-D-Man,2,59
2081,CC(=O)NC1C(OC2CCC3C4CCc5cc(OC6OC(C(=O)O)C(O)C(O)C6O)ccc5C4CCC23C)OC(CO)C(O)C1O,17alpha-(N-acetyl-alpha-D-glucosaminyl)estradiol 3-glucosiduronate,2,46
2082,CC(=O)NC1C(OP(=O)(O)O)OC(CO)C(O)C1O,N-acetyl-alpha-D-glucosamine 1-phosphate,12,19
2083,CC(=O)NC1C(OP(=O)(O)O)OC(CO)C(O)C1OC(C)C(=O)O,N-acetyl-alpha-D-muramate 1-phosphate,4,24
2084,CC(=O)NC1C(OP(=O)(O)OP(=O)(O)OCC2OC(n3ccc(=O)[nH]c3=O)C(O)C2O)OC(C(=O)O)C(O)C1N,"UDP-2-acetamido-3-amino-2,3-dideoxy-alpha-D-glucuronate",4,40
2085,CC(=O)NC1C(OP(=O)(O)OP(=O)(O)OCC2OC(n3ccc(=O)[nH]c3=O)C(O)C2O)OC(C(=O)O)C(O)C1NC(C)=O,"UDP-2,3-diacetamido-2,3-dideoxy-alpha-D-glucuronate",2,43
2086,CC(=O)NC1C(OP(=O)(O)OP(=O)(O)OCC2OC(n3ccc(=O)[nH]c3=O)C(O)C2O)OC(C(=O)O)C(O)C1O,UDP-2-acetamido-2-deoxy-alpha-D-glucuronate,8,40
2087,CC(=O)NC1C(OP(=O)(O)OP(=O)(O)OCC2OC(n3ccc(=O)[nH]c3=O)C(O)C2O)OC(C)C(=O)C1O,"UDP-2-acetamido-2,6-dideoxy-beta-L-arabino-hex-4-ulose",8,38
2088,CC(=O)NC1C(OP(=O)(O)OP(=O)(O)OCC2OC(n3ccc(=O)[nH]c3=O)C(O)C2O)OC(C)C(N)C1O,UDP-N-acetylbacillosamine,6,38
2089,CC(=O)NC1C(OP(=O)(O)OP(=O)(O)OCC2OC(n3ccc(=O)[nH]c3=O)C(O)C2O)OC(C)C(NC(=O)CCC(=O)C(=O)O)C1O,UDP-yelosamine,2,47
2090,CC(=O)NC1C(OP(=O)(O)OP(=O)(O)OCC2OC(n3ccc(=O)[nH]c3=O)C(O)C2O)OC(C)C(O)C1O,UDP-N-acetyl-beta-L-fucosamine,4,38
2091,CC(=O)NC1C(OP(=O)(O)OP(=O)(O)OCC2OC(n3ccc(=O)[nH]c3=O)C(O)C2O)OC(CO)C(O)C1N,"UDP-2-acetamido-3-amino-2,3-dideoxy-alpha-D-glucopyranose",4,39
2092,CC(=O)NC1C(OP(=O)(O)OP(=O)(O)OCC2OC(n3ccc(=O)[nH]c3=O)C(O)C2O)OC(CO)C(O)C1O,UDP-N-acetyl-alpha-D-glucosamine,192,39
2093,CC(=O)NC1C(OP(=O)(O)OP(=O)(O)OCC2OC(n3ccc(=O)[nH]c3=O)C(O)C2O)OC(CO)C(O)C1OC(C)C(=O)NC(C)C(=O)NC(CCC(=O)NC(CCCC(N)C(=O)O)C(=O)NC(C)C(=O)NC(C)C(=O)O)C(=O)O,"UDP-N-acetyl-alpha-D-muramoyl-L-alanyl-gamma-D-glutamyl-meso-2,6-diaminopimeloyl-D-alanyl-D-alanine",4,80
2094,CC(=O)NC1C(OP(=O)(O)OP(=O)(O)OCC2OC(n3ccc(=O)[nH]c3=O)C(O)C2O)OC(CO)C(O)C1OC(C)C(=O)NC(C)C(=O)NC(CCC(=O)NC(CCCC(N)C(=O)O)C(=O)O)C(=O)O,"UDP-N-acetyl-alpha-D-muramoyl-L-alanyl-gamma-D-glutamyl-meso-2,6-diaminopimelate",6,70
2095,CC(=O)NC1C(OP(=O)(O)OP(=O)(O)OCC2OC(n3ccc(=O)[nH]c3=O)C(O)C2O)OC(CO)C(O)C1OC(C)C(=O)NC(C)C(=O)NC(CCC(=O)NC(CCCCN)C(=O)NC(C)C(=O)NC(C)C(=O)O)C(=O)O,UDP-N-acetyl-alpha-D-muramoyl-L-alanyl-gamma-D-glutamyl-L-lysyl-D-alanyl-D-alanine,6,77
2096,CC(=O)NC1C(OP(=O)(O)OP(=O)(O)OCC2OC(n3ccc(=O)[nH]c3=O)C(O)C2O)OC(CO)C(O)C1OC(C)C(=O)NC(C)C(=O)NC(CCC(=O)NC(CCCCN)C(=O)O)C(=O)O,UDP-N-acetyl-alpha-D-muramoyl-L-alanyl-gamma-D-glutamyl-L-lysine,4,67
2097,CC(=O)NC1C(OP(=O)(O)OP(=O)(O)OCC2OC(n3ccc(=O)[nH]c3=O)C(O)C2O)OC(CO)C(O)C1OC(C)C(=O)NC(C)C(=O)NC(CCC(=O)NC(CCCCNC(=O)C(C)N)C(=O)NC(C)C(=O)NC(C)C(=O)O)C(=O)O,UDP-N-acetyl-alpha-D-muramoyl-L-alanyl-gamma-D-glutamyl-N(6)-(L-alanyl)-L-lysyl-D-alanyl-D-alanine,2,82
2098,CC(=O)NC1C(OP(=O)(O)OP(=O)(O)OCC2OC(n3ccc(=O)[nH]c3=O)C(O)C2O)OC(CO)C(O)C1OC(C)C(=O)NC(C)C(=O)NC(CCC(=O)NCCCCC(N)C(=O)O)C(=O)O,N(6)-(UDP-N-acetyl-alpha-D-muramoyl-L-alanyl-gamma-D-glutamyl)-D-lysine,2,67
2099,CC(=O)NC1C(OP(=O)(O)OP(=O)(O)OCC2OC(n3ccc(=O)[nH]c3=O)C(O)C2O)OC(CO)C(O)C1OC(C)C(=O)NC(C)C(=O)NC(CCC(=O)O)C(=O)O,UDP-N-acetyl-alpha-D-muramoyl-L-alanyl-D-glutamate,10,58
2100,CC(=O)NC1C(OP(=O)(O)OP(=O)(O)OCC2OC(n3ccc(=O)[nH]c3=O)C(O)C2O)OC(CO)C(O)C1OC(C)C(=O)NC(C)C(=O)O,UDP-N-acetyl-alpha-D-muramoyl-L-alanine,4,49
2101,CC(=O)NC1C(OP(=O)(O)OP(=O)(O)OCC2OC(n3ccc(=O)[nH]c3=O)C(O)C2O)OC(CO)C(O)C1OC(C)C(=O)O,UDP-N-acetyl-alpha-D-muramate,8,44
2102,CC(=O)NC1C(OP(=O)(O)OP(=O)(O)OCC2OC(n3ccc(=O)[nH]c3=O)C(O)C2O)OC(CO)C(O)C1OP(=O)(O)O,UDP-N-acetyl-alpha-D-glucosamine 3'-phosphate,2,43
2103,CC(=O)NC1C(OP(=O)(O)OP(=O)(O)OCC2OC(n3ccc(=O)[nH]c3=O)C(O)C2O)OC(CO)C(OS(=O)(=O)O)C1O,UDP-N-acetyl-alpha-D-galactosamine 4-sulfate,2,43
2104,CC(=O)NC1C(OP(=O)(O)OP(=O)(O)OCC2OC(n3ccc(=O)[nH]c3=O)C(O)C2O)OC(COP(=O)(O)OC2OC(CO)C(O)C(O)C2O)C(O)C1O,UDP-N-acetyl-6-(alpha-D-galactose-1-phospho)-alpha-D-glucosamine,2,54
2105,CC(=O)NC1C(OP(=O)(O)OP(=O)(O)OCC2OC(n3ccc(=O)[nH]c3=O)C(O)C2O)OC(COS(=O)(=O)O)C(OS(=O)(=O)O)C1O,"UDP-N-acetyl-alpha-D-galactosamine 4,6-bissulfate",2,47
2106,CC(=O)NC1C(OP(=O)(O)OP(=O)(O)OCC2OC(n3ccc(=O)[nH]c3=O)C(O)C2O)OCC(O)C1O,UDP-N-acetyl-alpha-D-xylosamine,2,37
2107,CC(=O)NC1C(OP(=O)(O)OP(=O)(O)OCC=C(C)CCC=C(C)CCC=C(C)CCC=C(C)CCC=C(C)CCC=C(C)CCC=C(C)CCC=C(C)CCC=C(C)CCC=C(C)C)OC(CO)C(O)C1O,"N-acetyl-alpha-D-glucosaminyl-1-diphospho-trans,octa-cis-decaprenol",4,73
2108,CC(=O)NC1C(OP(=O)(O)OP(=O)(O)OCC=C(C)CCC=C(C)CCC=C(C)CCC=C(C)CCC=C(C)CCC=C(C)CCC=C(C)CCC=C(C)CCC=C(C)CCC=C(C)C)OC(CO)C(O)C1OC1OC(C)C(O)C(O)C1O,"alpha-L-rhamnosyl-(1->3)-N-acetyl-alpha-D-glucosaminyl-diphospho-trans,octa-cis-decaprenol",4,83
2109,CC(=O)NC1C(OP(=O)(O)OP(=O)(O)OCC=C(C)CCC=C(C)CCC=C(C)CCC=C(C)CCC=C(C)CCC=C(C)CCC=C(C)CCC=C(C)CCC=C(C)CCC=C(C)C)OC(CO)C(O)C1OC1OC(C)C(OC2OC(C(CO)OC3OC(C(O)CO)C(O)C3O)C(O)C2O)C(O)C1O,"beta-D-galactofuranosyl-(1->5)-beta-D-galactofuranosyl-(1->4)-alpha-L-rhamnosyl-(1->3)-N-acetyl-alpha-D-glucosaminyl-diphospho-trans,octa-cis-decaprenol",2,105
2110,CC(=O)NC1C(OP(=O)(O)OP(=O)(O)OCC=C(C)CCC=C(C)CCC=C(C)CCC=C(C)CCC=C(C)CCC=C(C)CCC=C(C)CCC=C(C)CCC=C(C)CCC=C(C)C)OC(CO)C(O)C1OC1OC(C)C(OC2OC(C(O)CO)C(O)C2O)C(O)C1O,beta-D-galactofuranosyl-(1->4)-alpha-L-rhamnosyl-(1->3)-N-acetyl-alpha-D-glucosaminyl-diphospho-trans-octa-cis-decaprenol,4,94
2111,CC(=O)NC1C(OP(=O)(O)OP(=O)(O)OCC=C(C)CCC=C(C)CCC=C(C)CCC=C(C)CCC=C(C)CCC=C(C)CCC=C(C)CCC=C(C)CCC=C(C)CCC=C(C)CCC=C(C)C)OC(CO)C(O)C1O,"N-acetyl-alpha-D-glucosaminyl-di-trans,octa-cis-undecaprenyl diphosphate",16,78
2112,CC(=O)NC1C(OP(=O)(O)OP(=O)(O)OCC=C(C)CCC=C(C)CCC=C(C)CCC=C(C)CCC=C(C)CCC=C(C)CCC=C(C)CCC=C(C)CCC=C(C)CCC=C(C)CCC=C(C)C)OC(CO)C(O)C1OC(C)C(=O)NC(C)C(=O)NC(CCC(=O)NC(CCCC(N)C(=O)O)C(=O)NC(C)C(=O)NC(C)C(=O)O)C(=O)O,"di-trans,octa-cis-undecaprenyl diphospho-N-acetyl-alpha-D-muramoyl-L-alanyl-D-glutamyl-meso-2,6-diaminopimeloyl-D-alanyl-D-alanine",4,119
2113,CC(=O)NC1C(OP(=O)(O)OP(=O)(O)OCC=C(C)CCC=C(C)CCC=C(C)CCC=C(C)CCC=C(C)CCC=C(C)CCC=C(C)CCC=C(C)CCC=C(C)CCC=C(C)CCC=C(C)C)OC(CO)C(O)C1OC(C)C(=O)NC(C)C(=O)NC(CCC(=O)NC(CCCCN)C(=O)NC(C)C(=O)NC(C)C(=O)O)C(=O)O,"Mur2Ac(oyl-L-Ala-gamma-D-Glu-L-Lys-D-Ala-D-Ala)-di-trans,octa-cis-undecaprenyl diphosphate",4,116
2114,CC(=O)NC1C(OP(=O)(O)OP(=O)(O)OCC=C(C)CCC=C(C)CCC=C(C)CCC=C(C)CCC=C(C)CCC=C(C)CCC=C(C)CCC=C(C)CCC=C(C)CCC=C(C)CCC=C(C)C)OC(CO)C(O)C1OC1OC(C)C(O)C(O)C1O,"alpha-D-rhamnosyl-(1->3)-N-acetyl-alpha-D-glucosaminyl-1-diphospho-di-trans,octa-cis-undecaprenol",2,88
2115,CC(=O)NC1C(OP(=O)(O)OP(=O)(O)OCC=C(C)CCC=C(C)CCC=C(C)CCC=C(C)CCC=C(C)CCC=C(C)CCC=C(C)CCC=C(C)CCC=C(C)CCC=C(C)CCC=C(C)C)OC(CO)C(O)C1OC1OC(CO)C(O)C(O)C1O,"beta-D-Gal-(1->3)-alpha-D-GlcNAc-di-trans,octa-cis-undecaprenyl diphosphate",4,89
2116,CC(=O)NC1C(OP(=O)(O)OP(=O)(O)OCC=C(C)CCC=C(C)CCC=C(C)CCC=C(C)CCC=C(C)CCC=C(C)CCC=C(C)CCC=C(C)CCC=C(C)CCC=C(C)CCC=C(C)C)OC(CO)C(O)C1OC1OC(CO)C(O)C(OC2OC(CO)C(O)C(O)C2OC2OC(C)C(O)C(O)C2O)C1NC(C)=O,"alpha-L-Fuc-(1->2)-beta-D-Gal-(1->3)-alpha-D-GalNAc-(1->3)-alpha-D-GalNAc-di-trans,octa-cis-undecaprenyl diphosphate",4,113
2117,CC(=O)NC1C(OP(=O)(O)OP(=O)(O)OCC=C(C)CCC=C(C)CCC=C(C)CCC=C(C)CCC=C(C)CCC=C(C)CCC=C(C)CCC=C(C)CCC=C(C)CCC=C(C)CCC=C(C)C)OC(CO)C(O)C1OC1OC(CO)C(O)C(OC2OC(CO)C(O)C(OC3OC(CO)C(O)C(O)C3O)C2OC2OC(C)C(O)C(O)C2O)C1NC(C)=O,"alpha-L-Fuc-(1->2)-[alpha-D-Gal-(1->3)]-beta-D-Gal-(1->3)-alpha-D-GalNAc-(1->3)-alpha-D-GalNAc-di-trans,octa-cis-undecaprenyl diphosphate",2,124
2118,CC(=O)NC1C(OP(=O)(O)OP(=O)(O)OCC=C(C)CCC=C(C)CCC=C(C)CCC=C(C)CCC=C(C)CCC=C(C)CCC=C(C)CCC=C(C)CCC=C(C)CCC=C(C)CCC=C(C)C)OC(CO)C(OC2OC(CO)C(O)C(O)C2O)C1O,"beta-D-Gal-(1->4)-alpha-D-GlcNAc-di-trans,octa-cis-undecaprenyl diphosphate",2,89
2119,CC(=O)NC1C(OP(=O)(O)OP(=O)(O)OCC=C(C)CCC=C(C)CCC=C(C)CCC=C(C)CCC=C(C)CCC=C(C)CCC=C(C)CCC=C(C)CCC=C(C)CCC=C(C)CCC=C(C)C)OC(CO)C(OC2OC(CO)C(OP(=O)(O)OCC(O)CO)C(O)C2NC(C)=O)C1O,"4-O-[(2R)-glycerylphospho]-N-acetyl-beta-D-mannosaminyl-(1->4)-N-acetyl-alpha-D-glucosaminyl di-trans,octa-cis-undecaprenyl diphosphate",6,101
2120,CC(=O)NC1C(OP(=O)(O)OP(=O)(O)OCC=C(C)CCC=C(C)CCC=C(C)CCC=C(C)CCC=C(C)CCC=C(C)CCC=C(C)CCC=C(C)CCC=C(C)CCC=C(C)CCC=C(C)C)OC(CO)C(OC2OC(CO)C(OP(=O)(O)OCC(O)COP(=O)(O)OCC(O)C(O)C(O)CO)C(O)C2NC(C)=O)C1O,"4-O-[1-D-ribitylphospho-(2R)-1-glycerylphospho]-N-acetyl-beta-D-mannosaminyl-(1->4)-N-acetyl-alpha-D-glucosaminyl di-trans,octa-cis-undecaprenyl diphosphate",2,114
2121,CC(=O)NC1C(OP(=O)(O)OP(=O)(O)OCC=C(C)CCC=C(C)CCC=C(C)CCC=C(C)CCC=C(C)CCC=C(C)CCC=C(C)CCC=C(C)CCC=C(C)CCC=C(C)CCC=C(C)C)OC(CO)C(OC2OC(CO)C(OP(=O)(O)OCC(O)COP(=O)(O)OCC(O)CO)C(O)C2NC(C)=O)C1O,"4-O-[di(2R)-glycerylphospho]-N-acetyl-beta-D-mannosaminyl-(1->4)-N-acetyl-alpha-D-glucosaminyl di-trans,octa-cis-undecaprenyl diphosphate",2,110
2122,CC(=O)NC1C2OCC(O2)C(O)C1OC(C)C(=O)O,"1,6-anhydro-N-acetyl-beta-muramate",2,19
2123,CC(=O)NC=C(C(=O)O)C(CO)C(=O)O,2-(acetamidomethylene)-3-(hydroxymethyl)succinate,4,15
2124,CC(=O)NC=C(CC(=O)O)C(=O)O,2-(acetamidomethylene)succinate,6,13
2125,CC(=O)NCC(=O)O,N-acetylglycine,2,8
2126,CC(=O)NCC(O)c1ccc(O)c(O)c1,N-acetylnoradrenaline,2,15
2127,CC(=O)NCC(O)c1ccc(O)cc1,N-acetyloctopamine,2,14
2128,CC(=O)NCC1OC(OC2C(N)CC(N)C(OC3OC(CO)C(O)C(N)C3O)C2O)C(N)C(O)C1O,N(6')-acetylkanamycin B,2,36
2129,CC(=O)NCCC(=O)O,N-acetyl-beta-alanine,2,9
2130,CC(=O)NCCC(N)C(=O)O,(2S)-4-acetamido-2-aminobutanoate,4,11
2131,CC(=O)NCCC=O,3-acetamidopropanal,6,8
2132,CC(=O)NCCCC(=O)CC(=O)O,6-acetamido-3-oxohexanoate,2,13
2133,CC(=O)NCCCC(=O)O,4-acetamidobutanoate,4,10
2134,CC(=O)NCCCC(=O)SCCNC(=O)CCNC(=O)C(O)C(C)(C)COP(=O)(O)OP(=O)(O)OCC1OC(n2cnc3c(N)ncnc32)C(O)C1OP(=O)(O)O,4-acetamidobutanoyl-CoA,2,57
2135,CC(=O)NCCCC(N)CC(=O)O,6-acetamido-3-aminohexanoate,4,13
2136,CC(=O)NCCCC=O,4-acetamidobutanal,6,9
2137,CC(=O)NCCCCC(=O)C(=O)O,6-acetamido-2-oxohexanoate,2,13
2138,CC(=O)NCCCCC(=O)O,5-acetamidopentanoate,2,11
2139,CC(=O)NCCCCC(N)C(=O)O,N(6)-acetyl-L-lysine,6,13
2140,CC(=O)NCCCCCN,N-acetylcadaverine,4,10
2141,CC(=O)NCCCCN,N-acetylputrescine,6,9
2142,CC(=O)NCCCCNCCCCN,N(1)-acetyl-sym-homospermidine,2,14
2143,CC(=O)NCCCCNCCCN,N(8)-acetylspermidine,6,13
2144,CC(=O)NCCCNCCCC=O,N-(3-acetamidopropyl)-4-aminobutanal,2,13
2145,CC(=O)NCCCNCCCCN,N(1)-acetylspermidine,10,13
2146,CC(=O)NCCCNCCCCNCCCN,N(1)-acetylspermine,10,17
2147,CC(=O)NCCCNCCCCNCCCNC(C)=O,"N(1),N(12)-diacetylspermine",2,20
2148,CC(=O)NCCOCC(N)C(=O)O,O-(2-acetamidoethyl)-L-serine,2,13
2149,CC(=O)NCCP(=O)(O)O,(2-acetamidoethyl)phosphonate,2,10
2150,CC(=O)NCCS(=O)(=O)O,N-acetyltaurine,2,10
2151,CC(=O)NCCSCC(N)C(=O)O,S-(2-acetamidoethyl)-L-cysteine,2,13
2152,CC(=O)NCCSCCC(N)C(=O)O,S-(2-acetamidoethyl)-homocysteine,2,14
2153,CC(=O)NCCc1c[nH]c2ccc(O)cc12,N-acetylserotonin,6,16
2154,CC(=O)NCCc1c[nH]c2ccccc12,N-acetyltryptamine,4,15
2155,CC(=O)NCCc1ccc(O)c(O)c1,N-acetyldopamine,2,14
2156,CC(=O)NCCc1ccc(O)cc1,N-acetyltyramine,4,13
2157,CC(=O)NCCc1ccccc1,N-(2-phenylethyl)acetamide,4,12
2158,CC(=O)NCP(=O)(O)O,2-N-acetamidomethylphosphonate,2,9
2159,CC(=O)Nc1cc(C(=O)O)ccc1O,3-acetylamino-4-hydroxybenzoate,2,14
2160,CC(=O)Nc1cc(C=O)ccc1O,3-acetylamino-4-hydroxybenzaldehyde,2,13
2161,CC(=O)Nc1cc[nH]c(=O)n1,N(4)-acetylcytosine,2,11
2162,CC(=O)Nc1ccc2c(c1)Cc1ccccc1-2,2-acetamidofluorene,4,17
2163,CC(=O)Nc1ccccc1C(=O)O,N-acetylanthranilate,2,13
2164,CC(=O)Nc1ccn(C2CC(O)C(CO)O2)c(=O)n1,N(4)-acetyl-2'-deoxycytidine,2,19
2165,CC(=O)Nc1ccn(C2OC(CO)C(O)C2O)c(=O)n1,N(4)-acetylcytidine,4,20
2166,CC(=O)Nc1ccn(C2OC(COP(=O)(O)O)C(O)C2O)c(=O)n1,N(4)-acetylcytidine 5'-phosphate,2,24
2167,CC(=O)O,acetate,300,4
2168,CC(=O)OC(C)(C)C=CC(=O)C(C)(O)C1C(O)CC2(C)C3CC=C4C(CC(O)C(=O)C4(C)C)C3(C)C(=O)CC12C,cucurbitacin B,4,40
2169,CC(=O)OC(C)(C)CCC(=O)C(C)(O)C1C(O)CC2(C)C3CC=C4C(CC(O)C(=O)C4(C)C)C3(C)C(=O)CC12C,"23,24-dihydrocucurbitacin B",4,40
2170,CC(=O)OC(CC(=O)O)C[N+](C)(C)C,O-acetyl-(R)-carnitine,2,14
2171,CC(=O)OC(CO)COP(=O)(O)OCC[N+](C)(C)C,2-acetyl-sn-glycero-3-phosphocholine,2,19
2172,CC(=O)OC12COC1CC(O)C1(C)C(=O)C(O)C3=C(C)C(O)CC(O)(C(O)C21)C3(C)C,10-deacetyl-2-debenzoylbaccatin III,2,31
2173,CC(=O)OC12COC1CC(O)C1(C)C(=O)C(O)C3=C(C)C(O)CC(O)(C(OC(=O)c4ccccc4)C21)C3(C)C,10-deacetylbaccatin III,4,39
2174,CC(=O)OC1C(=O)C2(C)C(O)CC3OCC3(OC(C)=O)C2C(OC(=O)c2ccccc2)C2(O)CC(O)C(C)=C1C2(C)C,baccatin III,4,42
2175,CC(=O)OC1C(=O)C2(C)C(O)CC3OCC3(OC(C)=O)C2C(OC(=O)c2ccccc2)C2(O)CC(OC(=O)C(O)C(N)c3ccccc3)C(C)=C1C2(C)C,3'-N-debenzoyltaxol,2,54
2176,CC(=O)OC1C(=O)C2(C)C(O)CC3OCC3(OC(C)=O)C2C(OC(=O)c2ccccc2)C2(O)CC(OC(=O)C(O)C(NC(=O)c3ccccc3)c3ccccc3)C(C)=C1C2(C)C,paclitaxel,2,62
2177,CC(=O)OC1C(=O)C2(C)C(O)CC3OCC3(OC(C)=O)C2C(OC(=O)c2ccccc2)C2(O)CC(OC(=O)CC(N)c3ccccc3)C(C)=C1C2(C)C,3'-N-debenzoyl-2'-deoxytaxol,2,53
2178,CC(=O)OC1C(C)C(O)C=COC2(C)Oc3c(C)c(O)c4c(O)c(cc(O)c4c3C2=O)NC(=O)C(C)=CC=CC(C)C(O)C(C)C(O)C1C,27-O-demethylrifamycin SV,2,49
2179,CC(=O)OC1C(C)CN(C)C2Cc3c[nH]c4cccc(c34)C12,fumigaclavine A,4,22
2180,CC(=O)OC1C(COP(=O)(O)OP(=O)(O)OCC2OC(n3cnc4c(N)ncnc43)C(O)C2O)OC(O)C1O,3''-O-acetyl-ADP-D-ribose,2,39
2181,CC(=O)OC1C(O)OC(COP(=O)(O)OP(=O)(O)OCC2OC(n3cnc4c(N)ncnc43)C(O)C2O)C1O,2''-O-acetyl-ADP-D-ribose,4,39
2182,CC(=O)OC1C(OC2C(OC3C(OC4C(O)C(CO)OC(OP(=O)(O)OP(=O)(O)OCC=C(C)CCC=C(C)CCC=C(C)CCC=C(C)CCC=C(C)CCC=C(C)CCC=C(C)CCC=C(C)CCC=C(C)CCC=C(C)CCC=C(C)C)C4O)OC(CO)C(O)C3O)OC(CO)C(O)C2O)OC(C)C(O)C1O,"alpha-L-2OAcRha-(1->2)-alpha-D-Man-(1->2)-alpha-D-Man-(1->3)-alpha-D-Gal-di-trans,octa-cis-undecaprenyl diphosphate",4,110
2183,CC(=O)OC1C(OC2C(OC3C(OC4C(O)C(CO)OC(OP(=O)(O)OP(=O)(O)OCC=C(C)CCC=C(C)CCC=C(C)CCC=C(C)CCC=C(C)CCC=C(C)CCC=C(C)CCC=C(C)CCC=C(C)CCC=C(C)CCC=C(C)C)C4O)OC(CO)C(O)C3O)OC(CO)C(O)C2O)OC(C)C(O)C1OC1OC(C)C(O)CC1O,"alpha-D-Abe-(1->3)-alpha-L-Rha2OAc-(1->2)-alpha-D-Man-(1->2)-alpha-D-Man-(1->3)-alpha-D-Gal-di-trans,octa-cis-undecaprenyl diphosphate",2,119
2184,CC(=O)OC1C2C3CC4C5=Nc6ccccc6C51CC2N4C(C)C3C=O,perakine,2,26
2185,CC(=O)OC1C2C3CC4C5=Nc6ccccc6C51CC2N4C(C)C3CO,raucaffrinoline,2,26
2186,CC(=O)OC1CC2C3=C(C(C)C)CCC3(C)CCC2(C)C(=O)C=C1CO,11-O-acetylcyathin A3,2,26
2187,CC(=O)OC1CC2C3=C(C(C)C)CCC3(C)CCC2(C)C(O)C=C1CO,11-O-acetylcyathatriol,6,26
2188,CC(=O)OC1CC2C3=C(C(C)C)CCC3(C)CCC2(C)C(OC2OC(CO)C(O)C(O)C2O)C=C1CO,erinacine Q2,2,37
2189,CC(=O)OC1CC2C3=C(C(C)C)CCC3(C)CCC2(C)C(OC2OCC(O)C(O)C2O)C=C1CO,erinacine Q,2,35
2190,CC(=O)OC1CCC2C3CCC4=CC(=O)CCC4(C)C3CCC12C,testosterone acetate,2,24
2191,CC(=O)OC1OC(C2OC2(C)C)CC1C1CC=C2C1(C)CCC1C2(C)C(O)CC2C(C)(C)OC(=O)CC(O)C21C,(1S)-1-hydroxy-luvungin A,2,40
2192,CC(=O)OC1OC(C2OC2(C)C)CC1C1CC=C2C1(C)CCC1C2(C)C(O)CC2C(C)(C)OC(=O)CC(OC(C)=O)C21C,(1S)-1-acetoxy-luvungin A,4,43
2193,CC(=O)OC1OC(C2OC2(C)C)CC1C1CC=C2C1(C)CCC1C2(C)C(OC(C)=O)CC2C(C)(C)OC(=O)CC(OC(C)=O)C21C,"(1S)-1,7-diacetoxy-luvungin A",2,46
2194,CC(=O)OC1OC(C2OC2(C)C)CC1C1CC=C2C1(C)CCC1C3(C)C=CC(=O)C(C)(C)C3CC(O)C21C,epi-neemfruitin B,2,38
2195,CC(=O)OC1OC(C2OC2(C)C)CC1C1CC=C2C1(C)CCC1C3(C)C=CC(=O)C(C)(C)C3CC(OC(C)=O)C21C,7-acetyl-epi-neemfruitin B,2,41
2196,CC(=O)OC1OC(C2OC2(C)C)CC1C1CC=C2C1(C)CCC1C3(C)CCC(O)C(C)(C)C3CC(O)C21C,21-O-acetyl-isomeliandiol,2,38
2197,CC(=O)OC1OC(CO)C(OC2OC(CO)C(O)C(O)C2O)C(O)C1O,1-O-acetylmaltose,2,26
2198,CC(=O)OC1OC(COP(=O)(O)OP(=O)(O)OCC2OC(n3cnc4c(N)ncnc43)C(O)C2O)C(O)C1O,1''-O-acetyl-ADP-alpha-D-ribose,2,39
2199,CC(=O)OC1c2c3c(cc(O)c2C(=O)OC1C)OC1(C)C(O)CC2C(C)(C)C(=O)C=CC2(C)C1C3,chrodrimanin B,2,35
2200,CC(=O)OCC(=O)C1(O)CCC2C3CCC4=CC(=O)CCC4(C)C3C(O)CC21C,cortisol 21-acetate,2,29
2201,CC(=O)OCC(C#Cc1ccc(-c2cccs2)s1)OC(C)=O,"5-(3,4-diacetoxybut-1-ynyl)-2,2'-bithiophene",2,22
2202,CC(=O)OCC(N)C(=O)O,O-acetyl-L-serine,18,10
2203,CC(=O)OCC(NC(=O)C(Cl)Cl)C(O)c1ccc([N+](=O)[O-])cc1,chloramphenicol 3-acetate,2,23
2204,CC(=O)OCC(O)C#Cc1ccc(-c2cccs2)s1,"5-(3-hydroxy-4-acetoxybut-1-ynyl)-2,2'-bithiophene",2,19
2205,CC(=O)OCC12CCCC(C)(CO)C1C(OC(=O)c1ccc(O)cc1)CC1=C2COC1=O,14-deacetyl astellolide B,2,32
2206,CC(=O)OCC12CCCC(C)(CO)C1C(OC(=O)c1ccccc1)CC1=C2COC1=O,14-deacetyl astellolide A,2,31
2207,CC(=O)OCC1=C(C(=O)O)N2C(=O)C(N)C2SC1,(7R)-7-aminocephalosporanate,2,18
2208,CC(=O)OCC1=C(C(=O)O)N2C(=O)C(NC(=O)CCCC(=O)C(=O)O)C2SC1,(7R)-7-(5-carboxy-5-oxopentanamido)deacetylcephalosporanate,2,28
2209,CC(=O)OCC1=C(C(=O)O)N2C(=O)C(NC(=O)CCCC(=O)O)C2SC1,(7R)-7-(4-carboxybutanamido)cephalosporanate,2,26
2210,CC(=O)OCC1=C(C(=O)O)N2C(=O)C(NC(=O)CCCC(N)C(=O)O)C2SC1,cephalosporin C,6,28
2211,CC(=O)OCC1OC(O)C(O)C(O)C1O,6-acetyl-D-glucose,4,15
2212,CC(=O)OCC1OC(OC2C(Oc3c(-c4cc(O)c(O)c(O)c4)oc4cc(O)cc(O)c4c3=O)OC(C)C(O)C2O)C(O)C(O)C1O,myricetin 3-O-[(6-O-acetyl-beta-D-glucosyl)-(1->2)-alpha-L-rhamnoside],2,47
2213,CC(=O)OCC=C(C)CCC=C(C)C,(2E)-geranyl acetate,2,14
2214,CC(=O)OCC=Cc1ccc(O)cc1,(E)-coumaryl acetate,2,14
2215,CC(=O)OCC=Cc1ccccc1,(E)-cinnamyl acetate,2,13
2216,CC(=O)OCCC#Cc1ccc(-c2cccs2)s1,"5-(4-acetoxybut-1-ynyl)-2,2'-bithiophene",2,18
2217,CC(=O)OCCC(C)C,3-methylbutyl acetate,4,9
2218,CC(=O)OCCC(CO)c1c(O)cc2c(c1O)C(=O)c1c(O)cc(O)cc1C2=O,(3S)-versiconol acetate,6,29
2219,CC(=O)OCCC(N)C(=O)O,O-acetyl-L-homoserine,12,11
2220,CC(=O)OCCC1c2c(cc3c(c2O)C(=O)c2c(O)cc(O)cc2C3=O)OC1O,"(2S,3S)-versiconal hemiacetal acetate",6,29
2221,CC(=O)OCCC=C(C)C,4-methylpent-3-en-1-yl acetate,2,10
2222,CC(=O)OCC[N+](C)(C)C,acetylcholine,4,10
2223,CC(=O)OCCc1ccccc1,phenethyl acetate,2,12
2224,CC(=O)OCc1cccc(O)c1,3-hydroxy-benzyl acetate,2,12
2225,CC(=O)OCc1ccccc1,benzyl acetate,4,11
2226,CC(=O)OO,peracetic acid,2,5
2227,CC(=O)OP(=O)(O)O,acetyl phosphate,14,8
2228,CC(=O)OP(=O)(O)OCC1OC(n2cnc3c(N)ncnc32)C(O)C1O,acetyl-AMP,4,26
2229,CC(=O)Oc1ccc(C=O)cc1,4-acetoxybenzaldehyde,2,12
2230,CC(=O)Oc1ccc(CO)cc1,4-acetoxybenzyl alcohol,2,12
2231,CC(=O)Oc1ccc(O)cc1,4-acetoxyphenol,4,11
2232,CC(=O)Oc1ccc2c(C)cc(=O)oc2c1,4-methylumbelliferyl acetate,2,16
2233,CC(=O)Oc1ccccc1C(=O)O,acetylsalicylate,6,13
2234,CC(=O)S,thioacetate,2,4
2235,CC(=O)SC(CCS)CCCCC(N)=O,(R)-S(6)-acetyldihydrolipoamide,2,15
2236,CC(=O)SCCN,S-acetylcysteamine,2,7
2237,CC(=O)SCCNC(=O)CCNC(=O)C(O)C(C)(C)COP(=O)(O)O,S-acetylphosphopantotheine,4,25
2238,CC(=O)SCCNC(=O)CCNC(=O)C(O)C(C)(C)COP(=O)(O)OP(=O)(O)OCC1OC(n2cnc3c(N)ncnc32)C(O)C1OP(=O)(O)O,acetyl-CoA,555,51
2239,CC(=O)c1c(O)cc(O)c(C(C)=O)c1O,"2,4-diacetylphloroglucinol",4,15
2240,CC(=O)c1c(O)cc(O)cc1O,2-acetylphloroglucinol,4,12
2241,CC(=O)c1cc(C)c(O)c(C)c1O,clavatol,2,13
2242,CC(=O)c1cc(C)c(O)c(CO)c1O,hydroxyclavatol,2,14
2243,CC(=O)c1ccc(O)cc1,4'-hydroxyacetophenone,2,10
2244,CC(=O)c1ccccc1,acetophenone,10,9
2245,CC(=O)n1ccnc1,N-acetylimidazole,1,8
2246,CC(C(=O)C(=O)O)c1c[nH]c2ccccc12,(R)-3-(indol-3-yl)-2-oxobutanoate,4,16
2247,CC(C(=O)C(=O)O)c1ccccc1,(3S)-2-oxo-3-phenylbutanoate,4,13
2248,CC(C(=O)CC(=O)SCCNC(=O)CCNC(=O)C(O)C(C)(C)COP(=O)(O)OP(=O)(O)OCC1OC(n2cnc3c(N)ncnc32)C(O)C1OP(=O)(O)O)C1CCC2C3CCC4=CC(=O)CCC4(C)C3CCC12C,"3,22-dioxochol-4-en-24-oyl-CoA",4,75
2249,CC(C(=O)CCC(C)C1CCC2C3C(O)CC4CC(O)CCC4(C)C3CC(O)C12C)C(=O)SCCNC(=O)CCNC(=O)C(O)C(C)(C)COP(=O)(O)OP(=O)(O)OCC1OC(n2cnc3c(N)ncnc32)C(O)C1OP(=O)(O)O,"3alpha,7alpha,12alpha-trihydroxy-24-oxo-5beta-cholestan-26-oyl-CoA",4,80
2250,CC(C(=O)CCC(C)C1CCC2C3C(O)CC4CC(O)CCC4(C)C3CCC12C)C(=O)SCCNC(=O)CCNC(=O)C(O)C(C)(C)COP(=O)(O)OP(=O)(O)OCC1OC(n2cnc3c(N)ncnc32)C(O)C1OP(=O)(O)O,"3alpha,7alpha-dihydroxy-24-oxo-5beta-cholestan-26-oyl-CoA",2,79
2251,CC(C(=O)O)=C(C)C(=O)O,dimethylmaleate,4,10
2252,CC(C(=O)O)=C(CC(=O)O)C(=O)O,2-methyl-cis-aconitate,4,13
2253,CC(C(=O)O)C(=O)C(=O)O,3-carboxy-2-oxobutanoate,4,10
2254,CC(C(=O)O)C(=O)O,methylmalonate,4,8
2255,CC(C(=O)O)C(=O)SCCNC(=O)CCNC(=O)C(O)C(C)(C)COP(=O)(O)OP(=O)(O)OCC1OC(n2cnc3c(N)ncnc32)C(O)C1OP(=O)(O)O,(R)-methylmalonyl-CoA,12,55
2256,CC(C(=O)O)C(C)(O)C(=O)O,"(2R,3S)-2,3-dimethylmalate",4,11
2257,CC(C(=O)O)C(N)C(=O)O,"(2S,3S)-3-methyl-L-aspartate",4,10
2258,CC(C(=O)O)C(O)(CC(=O)O)C(=O)O,2-methylcitrate,4,14
2259,CC(C(=O)O)C(O)C(=O)O,"(2R,3S)-3-methylmalate",8,10
2260,CC(C(=O)O)C1CCC2C3CCC4=CC(=O)C=CC4(C)C3(O)CCC12C,"9alpha-hydroxy-3-oxochola-1,4-dien-22-oate",2,26
2261,CC(C(=O)O)C1CCC2C3CCC4=CC(=O)C=CC4(C)C3CCC12C,"3-oxochola-1,4-dien-22-oate",2,25
2262,CC(C(=O)O)C1CCC2C3CCC4=CC(=O)CCC4(C)C3(O)CCC12C,9alpha-hydroxy-3-oxochol-4-en-22-oate,2,26
2263,CC(C(=O)O)C1CCC2C3CCC4=CC(=O)CCC4(C)C3CCC12C,3-oxochol-4-en-22-oate,4,25
2264,CC(C(=O)SCCNC(=O)CCNC(=O)C(O)C(C)(C)COP(=O)(O)OP(=O)(O)OCC1OC(n2cnc3c(N)ncnc32)C(O)C1OP(=O)(O)O)=C1CCC2C3CCC4=CC(=O)CCC4(C)C3CCC12C,"3-oxochola-4,17-dien-22-oyl-CoA",2,72
2265,CC(C(=O)SCCNC(=O)CCNC(=O)C(O)C(C)(C)COP(=O)(O)OP(=O)(O)OCC1OC(n2cnc3c(N)ncnc32)C(O)C1OP(=O)(O)O)C(O)C(=O)O,"(2R,3S)-beta-methylmalyl-CoA",4,57
2266,CC(C(=O)SCCNC(=O)CCNC(=O)C(O)C(C)(C)COP(=O)(O)OP(=O)(O)OCC1OC(n2cnc3c(N)ncnc32)C(O)C1OP(=O)(O)O)C1(O)CCC2C3CCC4=CC(=O)CCC4(C)C3CCC21C,17-hydroxy-3-oxochol-4-en-22-oyl-CoA,4,73
2267,CC(C(=O)SCCNC(=O)CCNC(=O)C(O)C(C)(C)COP(=O)(O)OP(=O)(O)OCC1OC(n2cnc3c(N)ncnc32)C(O)C1OP(=O)(O)O)C1CCC2C3CCC4=CC(=O)C=CC4(C)C3(O)CCC12C,"9alpha-hydroxy-3-oxochola-1,4-dien-22-oyl-CoA",2,73
2268,CC(C(=O)SCCNC(=O)CCNC(=O)C(O)C(C)(C)COP(=O)(O)OP(=O)(O)OCC1OC(n2cnc3c(N)ncnc32)C(O)C1OP(=O)(O)O)C1CCC2C3CCC4=CC(=O)C=CC4(C)C3CCC12C,"3-oxochola-1,4-dien-22-oyl-CoA",4,72
2269,CC(C(=O)SCCNC(=O)CCNC(=O)C(O)C(C)(C)COP(=O)(O)OP(=O)(O)OCC1OC(n2cnc3c(N)ncnc32)C(O)C1OP(=O)(O)O)C1CCC2C3CCC4=CC(=O)CCC4(C)C3(O)CCC12C,9alpha-hydroxy-3-oxochol-4-en-22-oyl-CoA,2,73
2270,CC(C(=O)SCCNC(=O)CCNC(=O)C(O)C(C)(C)COP(=O)(O)OP(=O)(O)OCC1OC(n2cnc3c(N)ncnc32)C(O)C1OP(=O)(O)O)C1CCC2C3CCC4=CC(=O)CCC4(C)C3CCC12C,3-oxochol-4-en-22-oyl-CoA,8,72
2271,CC(C(CCC(C)(C)O)OP(=O)(O)O)C1CCC2(O)C3=CC(=O)C4CC(O)C(O)CC4(C)C3CCC12C,ecdysone 22-phosphate,4,37
2272,CC(C(CCC(C)(C)O)OP(=O)(O)O)C1CCC2(O)C3=CC(=O)C4CC(O)CCC4(C)C3CCC12C,2-deoxyecdysone 22-phosphate,2,36
2273,CC(C(O)CC(=O)SCCNC(=O)CCNC(=O)C(O)C(C)(C)COP(=O)(O)OP(=O)(O)OCC1OC(n2cnc3c(N)ncnc32)C(O)C1OP(=O)(O)O)C1CCC2C3CCC4=CC(=O)CCC4(C)C3CCC12C,(22R)-hydroxy-3-oxo-chol-4-ene-24-oyl-CoA,4,75
2274,CC(C(O)CCC(C)(C)O)C1CCC2(O)C3=CC(=O)C4CC(=O)C(O)CC4(C)C3CCC12C,3-dehydroecdysone,2,33
2275,CC(C(O)CCC(C)(C)O)C1CCC2(O)C3=CC(=O)C4CC(O)C(O)CC4(C)C3CCC12C,ecdysone,8,33
2276,CC(C(O)CCC(C)(C)O)C1CCC2(O)C3=CC(=O)C4CC(O)CCC4(C)C3CCC12C,2-deoxyecdysone,2,32
2277,CC(C)(C#N)OC1OC(CO)C(O)C(O)C1O,linamarin,2,17
2278,CC(C)(C(=O)O)C(O)C(=O)O,"(R)-3,3-dimethylmalate",4,11
2279,CC(C)(C)C(=O)SCCNC(=O)CCNC(=O)C(O)C(C)(C)COP(=O)(O)OP(=O)(O)OCC1OC(n2cnc3c(N)ncnc32)C(O)C1OP(=O)(O)O,"2,2-dimethylpropanoyl-CoA",2,54
2280,CC(C)(C)C(C)(O)C#N,"(2S)-2-hydroxy-2-methyl-3,3-dimethylbutanenitrile",2,9
2281,CC(C)(C)C(O)C#N,"(2S)-2-hydroxy-3,3-dimethylbutanenitrile",2,8
2282,CC(C)(C)C=O,"2,2-dimethylpropanal",2,6
2283,CC(C)(C)N,tert-butylamine,2,5
2284,CC(C)(C)NC(=O)C1CNCCN1,(R)-N-tert-butylpiperazine-2-carboxamide,2,13
2285,CC(C)(C)NCC(O)COc1cccc2c1CCCC2=O,bunolol,2,21
2286,CC(C)(C)NCC(O)COc1cccc2c1CCCC2O,dihydrobunolol,2,21
2287,CC(C)(C)O,tert-butanol,6,5
2288,CC(C)(C)OO,tert-butyl hydroperoxide,4,6
2289,CC(C)(C=O)C(O)C(=O)O,(R)-4-dehydropantoate,4,10
2290,CC(C)(CCC(N)C(=O)O)C(=O)C(=O)O,"(6S)-6-amino-3,3-dimethyl-2-oxoheptanedioate",4,15
2291,CC(C)(CO)C(=O)C(=O)O,2-dehydropantoate,8,10
2292,CC(C)(CO)C(O)C(=O)NCCC(=O)NC(CS)C(=O)O,N-[(R)-pantothenoyl]-L-cysteine,2,21
2293,CC(C)(CO)C(O)C(=O)NCCC(=O)NCCS,(R)-pantetheine,8,18
2294,CC(C)(CO)C(O)C(=O)NCCC(=O)NCCS(=O)(=O)O,(R)-pantetheine sulfonate,2,21
2295,CC(C)(CO)C(O)C(=O)NCCC(=O)NCCSS(=O)(=O)O,(R)-S-sulfopantetheine,2,22
2296,CC(C)(CO)C(O)C(=O)NCCC(=O)O,(R)-pantothenate,12,15
2297,CC(C)(CO)C(O)C(=O)O,(R)-pantoate,14,10
2298,CC(C)(COP(=O)(O)O)C(O)C(=O)NCCC(=O)NC(CS)C(=O)O,N-[(R)-4-phosphopantothenoyl]-L-cysteine,6,25
2299,CC(C)(COP(=O)(O)O)C(O)C(=O)NCCC(=O)NCCS,(R)-4'-phosphopantetheine,16,22
2300,CC(C)(COP(=O)(O)O)C(O)C(=O)NCCC(=O)NCCS(=O)(=O)O,(R)-4'-phosphopantetheine sulfonate,2,25
2301,CC(C)(COP(=O)(O)O)C(O)C(=O)NCCC(=O)NCCSC(=O)CC(=O)O,malonyl-4'-phosphopantetheine,2,28
2302,CC(C)(COP(=O)(O)O)C(O)C(=O)NCCC(=O)NCCSC(=O)CCC(=O)O,succinyl-4'-phosphopantetheine,2,29
2303,CC(C)(COP(=O)(O)O)C(O)C(=O)NCCC(=O)NCCSS(=O)(=O)O,(R)-4'-phospho-S-sulfopantetheine,2,26
2304,CC(C)(COP(=O)(O)O)C(O)C(=O)NCCC(=O)NCCSSCCNC(=O)CCNC(=O)C(O)C(C)(C)COP(=O)(O)OP(=O)(O)OCC1OC(n2cnc3c(N)ncnc32)C(O)C1OP(=O)(O)O,4'-phosphopantetheinyl-CoA disulfide,2,70
2305,CC(C)(COP(=O)(O)O)C(O)C(=O)NCCC(=O)O,(R)-4'-phosphopantothenate,10,19
2306,CC(C)(COP(=O)(O)O)C(O)C(=O)O,(R)-4-phosphopantoate,4,14
2307,CC(C)(COP(=O)(O)OP(=O)(O)OCC1OC(n2cnc3c(N)ncnc32)C(O)C1O)C(O)C(=O)NCCC(=O)NCCS,3'-dephospho-CoA,10,44
2308,CC(C)(COP(=O)(O)OP(=O)(O)OCC1OC(n2cnc3c(N)ncnc32)C(O)C1OP(=O)(O)O)C(O)C(=O)NCCC(=O)NCCS,CoA,2327,48
2309,CC(C)(COP(=O)(O)OP(=O)(O)OCC1OC(n2cnc3c(N)ncnc32)C(O)C1OP(=O)(O)O)C(O)C(=O)NCCC(=O)NCCSC(=O)*C(=O)O,omega-dicarboxyl-CoA,4,54
2310,CC(C)(COP(=O)(O)OP(=O)(O)OCC1OC(n2cnc3c(N)ncnc32)C(O)C1OP(=O)(O)O)C(O)C(=O)NCCC(=O)NCCSC(=O)C(=Cc1ccccc1)CC(=O)O,(E)-2-benzylidenesuccinyl-CoA,2,62
2311,CC(C)(COP(=O)(O)OP(=O)(O)OCC1OC(n2cnc3c(N)ncnc32)C(O)C1OP(=O)(O)O)C(O)C(=O)NCCC(=O)NCCSC(=O)C(=O)O,oxalyl-CoA,14,53
2312,CC(C)(COP(=O)(O)OP(=O)(O)OCC1OC(n2cnc3c(N)ncnc32)C(O)C1OP(=O)(O)O)C(O)C(=O)NCCC(=O)NCCSC(=O)C(=O)c1ccccc1,phenylglyoxylyl-CoA,2,58
2313,CC(C)(COP(=O)(O)OP(=O)(O)OCC1OC(n2cnc3c(N)ncnc32)C(O)C1OP(=O)(O)O)C(O)C(=O)NCCC(=O)NCCSC(=O)C(CC(=O)O)C(=O)c1ccccc1,(S)-2-benzoylsuccinyl-CoA,4,63
2314,CC(C)(COP(=O)(O)OP(=O)(O)OCC1OC(n2cnc3c(N)ncnc32)C(O)C1OP(=O)(O)O)C(O)C(=O)NCCC(=O)NCCSC(=O)C(CC(=O)O)C(O)c1ccccc1,(2S)-[(R)-hydroxy(phenyl)methyl]succinyl-CoA,4,63
2315,CC(C)(COP(=O)(O)OP(=O)(O)OCC1OC(n2cnc3c(N)ncnc32)C(O)C1OP(=O)(O)O)C(O)C(=O)NCCC(=O)NCCSC(=O)C(CC(=O)O)Cc1ccccc1,(R)-2-benzylsuccinyl-CoA,2,62
2316,CC(C)(COP(=O)(O)OP(=O)(O)OCC1OC(n2cnc3c(N)ncnc32)C(O)C1OP(=O)(O)O)C(O)C(=O)NCCC(=O)NCCSC(=O)C(CC(=O)O)c1ccccc1,2-phenylsuccinyl-CoA,2,61
2317,CC(C)(COP(=O)(O)OP(=O)(O)OCC1OC(n2cnc3c(N)ncnc32)C(O)C1OP(=O)(O)O)C(O)C(=O)NCCC(=O)NCCSC(=O)C(CC(=O)O)c1ccccc1N,2-(2-aminophenyl)succinyl-CoA,2,62
2318,CC(C)(COP(=O)(O)OP(=O)(O)OCC1OC(n2cnc3c(N)ncnc32)C(O)C1OP(=O)(O)O)C(O)C(=O)NCCC(=O)NCCSC(=O)C(O)CCC(=O)O,2-hydroxyglutaryl-CoA,4,57
2319,CC(C)(COP(=O)(O)OP(=O)(O)OCC1OC(n2cnc3c(N)ncnc32)C(O)C1OP(=O)(O)O)C(O)C(=O)NCCC(=O)NCCSC(=O)C(O)Cc1c[nH]c2ccccc12,(R)-3-(indol-3-yl)lactoyl-CoA,4,62
2320,CC(C)(COP(=O)(O)OP(=O)(O)OCC1OC(n2cnc3c(N)ncnc32)C(O)C1OP(=O)(O)O)C(O)C(=O)NCCC(=O)NCCSC(=O)C(O)Cc1ccc(O)cc1,(R)-3-(4-hydroxyphenyl)lactoyl-CoA,4,60
2321,CC(C)(COP(=O)(O)OP(=O)(O)OCC1OC(n2cnc3c(N)ncnc32)C(O)C1OP(=O)(O)O)C(O)C(=O)NCCC(=O)NCCSC(=O)C(O)Cc1ccccc1,(R)-3-phenyllactoyl-CoA,4,59
2322,CC(C)(COP(=O)(O)OP(=O)(O)OCC1OC(n2cnc3c(N)ncnc32)C(O)C1OP(=O)(O)O)C(O)C(=O)NCCC(=O)NCCSC(=O)C1=CC(O)C(O)C=C1,"(3R,4R)-3,4-dihydroxycyclohexa-1,5-diene-1-carbonyl-CoA",2,58
2323,CC(C)(COP(=O)(O)OP(=O)(O)OCC1OC(n2cnc3c(N)ncnc32)C(O)C1OP(=O)(O)O)C(O)C(=O)NCCC(=O)NCCSC(=O)C1=CC=CC2OC12,"2,3-epoxy-2,3-dihydrobenzoyl-CoA",1,57
2324,CC(C)(COP(=O)(O)OP(=O)(O)OCC1OC(n2cnc3c(N)ncnc32)C(O)C1OP(=O)(O)O)C(O)C(=O)NCCC(=O)NCCSC(=O)C1=CCCC(O)C1,(5S)-5-hydroxycyclohex-1-ene-1-carbonyl-CoA,2,57
2325,CC(C)(COP(=O)(O)OP(=O)(O)OCC1OC(n2cnc3c(N)ncnc32)C(O)C1OP(=O)(O)O)C(O)C(=O)NCCC(=O)NCCSC(=O)C1=CCCC=C1,"cyclohexa-1,5-diene-1-carbonyl-CoA",2,56
2326,CC(C)(COP(=O)(O)OP(=O)(O)OCC1OC(n2cnc3c(N)ncnc32)C(O)C1OP(=O)(O)O)C(O)C(=O)NCCC(=O)NCCSC(=O)C1=CCCCC1,cyclohex-1-ene-1-carbonyl-CoA,2,56
2327,CC(C)(COP(=O)(O)OP(=O)(O)OCC1OC(n2cnc3c(N)ncnc32)C(O)C1OP(=O)(O)O)C(O)C(=O)NCCC(=O)NCCSC(=O)C1=CCCCC1=O,6-oxocyclohex-1-ene-1-carbonyl-CoA,4,57
2328,CC(C)(COP(=O)(O)OP(=O)(O)OCC1OC(n2cnc3c(N)ncnc32)C(O)C1OP(=O)(O)O)C(O)C(=O)NCCC(=O)NCCSC(=O)C1=CCCCC1O,6-hydroxycyclohex-1-ene-1-carbonyl-CoA,4,57
2329,CC(C)(COP(=O)(O)OP(=O)(O)OCC1OC(n2cnc3c(N)ncnc32)C(O)C1OP(=O)(O)O)C(O)C(=O)NCCC(=O)NCCSC(=O)C1C(=O)CCCC1O,2-hydroxy-6-oxocyclohexane-1-carbonyl-CoA,4,58
2330,CC(C)(COP(=O)(O)OP(=O)(O)OCC1OC(n2cnc3c(N)ncnc32)C(O)C1OP(=O)(O)O)C(O)C(=O)NCCC(=O)NCCSC(=O)C1C(O)CCC2(C)C(=O)CCC12,"(3aS,4S,5R,7aS)-5-hydroxy-7a-methyl-1-oxo-octahydro-1H-indene-4-carboxyl-CoA",2,62
2331,CC(C)(COP(=O)(O)OP(=O)(O)OCC1OC(n2cnc3c(N)ncnc32)C(O)C1OP(=O)(O)O)C(O)C(=O)NCCC(=O)NCCSC(=O)C1C=CC(O)C(O)C1,"(4R,5R)-4,5-dihydroxycyclohex-2-ene-1-carbonyl-CoA",2,58
2332,CC(C)(COP(=O)(O)OP(=O)(O)OCC1OC(n2cnc3c(N)ncnc32)C(O)C1OP(=O)(O)O)C(O)C(=O)NCCC(=O)NCCSC(=O)C1CCCC(O)C1,(3S)-3-hydroxycyclohexane-1-carbonyl-CoA,2,57
2333,CC(C)(COP(=O)(O)OP(=O)(O)OCC1OC(n2cnc3c(N)ncnc32)C(O)C1OP(=O)(O)O)C(O)C(=O)NCCC(=O)NCCSC(=O)C1CCCCC1,cyclohexane-1-carbonyl-CoA,6,56
2334,CC(C)(COP(=O)(O)OP(=O)(O)OCC1OC(n2cnc3c(N)ncnc32)C(O)C1OP(=O)(O)O)C(O)C(=O)NCCC(=O)NCCSC(=O)C1CSC(c2nc3ccc(O)cc3s2)=N1,L-firefly luciferyl-CoA,2,65
2335,CC(C)(COP(=O)(O)OP(=O)(O)OCC1OC(n2cnc3c(N)ncnc32)C(O)C1OP(=O)(O)O)C(O)C(=O)NCCC(=O)NCCSC(=O)C=C1CC=CC=CO1,2-oxepin-2(3H)-ylideneacetyl-CoA,1,58
2336,CC(C)(COP(=O)(O)OP(=O)(O)OCC1OC(n2cnc3c(N)ncnc32)C(O)C1OP(=O)(O)O)C(O)C(=O)NCCC(=O)NCCSC(=O)C=CC=Cc1ccc2c(c1)OCO2,"(E,E)-piperoyl-CoA",10,63
2337,CC(C)(COP(=O)(O)OP(=O)(O)OCC1OC(n2cnc3c(N)ncnc32)C(O)C1OP(=O)(O)O)C(O)C(=O)NCCC(=O)NCCSC(=O)C=CCC(=O)O,(2E)-glutaconyl-CoA,8,56
2338,CC(C)(COP(=O)(O)OP(=O)(O)OCC1OC(n2cnc3c(N)ncnc32)C(O)C1OP(=O)(O)O)C(O)C(=O)NCCC(=O)NCCSC(=O)C=CCCC(=O)O,"2,3-didehydroadipoyl-CoA",2,57
2339,CC(C)(COP(=O)(O)OP(=O)(O)OCC1OC(n2cnc3c(N)ncnc32)C(O)C1OP(=O)(O)O)C(O)C(=O)NCCC(=O)NCCSC(=O)C=CCCCC(=O)O,6-carboxyhex-2-enoyl-CoA,2,58
2340,CC(C)(COP(=O)(O)OP(=O)(O)OCC1OC(n2cnc3c(N)ncnc32)C(O)C1OP(=O)(O)O)C(O)C(=O)NCCC(=O)NCCSC(=O)C=CCCCCC(=O)O,(2E)-octenedioyl-CoA,4,59
2341,CC(C)(COP(=O)(O)OP(=O)(O)OCC1OC(n2cnc3c(N)ncnc32)C(O)C1OP(=O)(O)O)C(O)C(=O)NCCC(=O)NCCSC(=O)C=CCCCCCCC(=O)O,(2E)-decenedioyl-CoA,4,61
2342,CC(C)(COP(=O)(O)OP(=O)(O)OCC1OC(n2cnc3c(N)ncnc32)C(O)C1OP(=O)(O)O)C(O)C(=O)NCCC(=O)NCCSC(=O)C=CCCCCCCCCC(=O)O,(2E)-dodecenedioyl-CoA,4,63
2343,CC(C)(COP(=O)(O)OP(=O)(O)OCC1OC(n2cnc3c(N)ncnc32)C(O)C1OP(=O)(O)O)C(O)C(=O)NCCC(=O)NCCSC(=O)C=CCCCCCCCCCCC(=O)O,(2E)-tetradecenedioyl-CoA,4,65
2344,CC(C)(COP(=O)(O)OP(=O)(O)OCC1OC(n2cnc3c(N)ncnc32)C(O)C1OP(=O)(O)O)C(O)C(=O)NCCC(=O)NCCSC(=O)C=CCCCCCCCCCCCCC(=O)O,(2E)-hexadecenedioyl-CoA,4,67
2345,CC(C)(COP(=O)(O)OP(=O)(O)OCC1OC(n2cnc3c(N)ncnc32)C(O)C1OP(=O)(O)O)C(O)C(=O)NCCC(=O)NCCSC(=O)C=CC[N+](C)(C)C,crotonobetainyl-CoA,6,57
2346,CC(C)(COP(=O)(O)OP(=O)(O)OCC1OC(n2cnc3c(N)ncnc32)C(O)C1OP(=O)(O)O)C(O)C(=O)NCCC(=O)NCCSC(=O)C=Cc1c[nH]c2ccccc12,(E)-3-(indol-3-yl)acryloyl-CoA,4,61
2347,CC(C)(COP(=O)(O)OP(=O)(O)OCC1OC(n2cnc3c(N)ncnc32)C(O)C1OP(=O)(O)O)C(O)C(=O)NCCC(=O)NCCSC(=O)C=Cc1ccc(O)c(O)c1,(E)-caffeoyl-CoA,30,60
2348,CC(C)(COP(=O)(O)OP(=O)(O)OCC1OC(n2cnc3c(N)ncnc32)C(O)C1OP(=O)(O)O)C(O)C(=O)NCCC(=O)NCCSC(=O)C=Cc1ccc(O)cc1,4-coumaroyl-CoA,32,59
2349,CC(C)(COP(=O)(O)OP(=O)(O)OCC1OC(n2cnc3c(N)ncnc32)C(O)C1OP(=O)(O)O)C(O)C(=O)NCCC(=O)NCCSC(=O)C=Cc1ccc(O)cc1O,"(E)-2,4-dihydroxycinnamoyl-CoA",4,60
2350,CC(C)(COP(=O)(O)OP(=O)(O)OCC1OC(n2cnc3c(N)ncnc32)C(O)C1OP(=O)(O)O)C(O)C(=O)NCCC(=O)NCCSC(=O)C=Cc1ccccc1,(E)-cinnamoyl-CoA,10,58
2351,CC(C)(COP(=O)(O)OP(=O)(O)OCC1OC(n2cnc3c(N)ncnc32)C(O)C1OP(=O)(O)O)C(O)C(=O)NCCC(=O)NCCSC(=O)CC(=O)C=Cc1ccc(O)cc1,(4-coumaroyl)acetyl-CoA,2,62
2352,CC(C)(COP(=O)(O)OP(=O)(O)OCC1OC(n2cnc3c(N)ncnc32)C(O)C1OP(=O)(O)O)C(O)C(=O)NCCC(=O)NCCSC(=O)CC(=O)CC=CCC(=O)O,"3-oxo-5,6-didehydrosuberyl-CoA",2,60
2353,CC(C)(COP(=O)(O)OP(=O)(O)OCC1OC(n2cnc3c(N)ncnc32)C(O)C1OP(=O)(O)O)C(O)C(=O)NCCC(=O)NCCSC(=O)CC(=O)CC=CCC=O,"3-oxo-5,6-dehydrosuberyl-CoA semialdehyde",3,59
2354,CC(C)(COP(=O)(O)OP(=O)(O)OCC1OC(n2cnc3c(N)ncnc32)C(O)C1OP(=O)(O)O)C(O)C(=O)NCCC(=O)NCCSC(=O)CC(=O)CCC(=O)O,3-oxoadipyl-CoA,6,58
2355,CC(C)(COP(=O)(O)OP(=O)(O)OCC1OC(n2cnc3c(N)ncnc32)C(O)C1OP(=O)(O)O)C(O)C(=O)NCCC(=O)NCCSC(=O)CC(=O)CCCC(=O)O,3-oxo-6-carboxyhexanoyl-CoA,2,59
2356,CC(C)(COP(=O)(O)OP(=O)(O)OCC1OC(n2cnc3c(N)ncnc32)C(O)C1OP(=O)(O)O)C(O)C(=O)NCCC(=O)NCCSC(=O)CC(=O)CCCCC(=O)O,3-oxooctanedioyl-CoA,4,60
2357,CC(C)(COP(=O)(O)OP(=O)(O)OCC1OC(n2cnc3c(N)ncnc32)C(O)C1OP(=O)(O)O)C(O)C(=O)NCCC(=O)NCCSC(=O)CC(=O)CCCCCCC(=O)O,3-oxodecanedioyl-CoA,4,62
2358,CC(C)(COP(=O)(O)OP(=O)(O)OCC1OC(n2cnc3c(N)ncnc32)C(O)C1OP(=O)(O)O)C(O)C(=O)NCCC(=O)NCCSC(=O)CC(=O)CCCCCCCCC(=O)O,3-oxododecanedioyl-CoA,4,64
2359,CC(C)(COP(=O)(O)OP(=O)(O)OCC1OC(n2cnc3c(N)ncnc32)C(O)C1OP(=O)(O)O)C(O)C(=O)NCCC(=O)NCCSC(=O)CC(=O)CCCCCCCCCCC(=O)O,3-oxotetradecanedioyl-CoA,4,66
2360,CC(C)(COP(=O)(O)OP(=O)(O)OCC1OC(n2cnc3c(N)ncnc32)C(O)C1OP(=O)(O)O)C(O)C(=O)NCCC(=O)NCCSC(=O)CC(=O)CCCCCCCCCCCCC(=O)O,3-oxohexadecanedioyl-CoA,4,68
2361,CC(C)(COP(=O)(O)OP(=O)(O)OCC1OC(n2cnc3c(N)ncnc32)C(O)C1OP(=O)(O)O)C(O)C(=O)NCCC(=O)NCCSC(=O)CC(=O)C[N+](C)(C)C,3-dehydrocarnityl-CoA,4,58
2362,CC(C)(COP(=O)(O)OP(=O)(O)OCC1OC(n2cnc3c(N)ncnc32)C(O)C1OP(=O)(O)O)C(O)C(=O)NCCC(=O)NCCSC(=O)CC(=O)O,malonyl-CoA,172,54
2363,CC(C)(COP(=O)(O)OP(=O)(O)OCC1OC(n2cnc3c(N)ncnc32)C(O)C1OP(=O)(O)O)C(O)C(=O)NCCC(=O)NCCSC(=O)CC(=O)c1ccccc1N,(2-aminobenzoyl)acetyl-CoA,6,60
2364,CC(C)(COP(=O)(O)OP(=O)(O)OCC1OC(n2cnc3c(N)ncnc32)C(O)C1OP(=O)(O)O)C(O)C(=O)NCCC(=O)NCCSC(=O)CC(C(=O)O)c1ccccc1,3-phenylsuccinyl-CoA,2,61
2365,CC(C)(COP(=O)(O)OP(=O)(O)OCC1OC(n2cnc3c(N)ncnc32)C(O)C1OP(=O)(O)O)C(O)C(=O)NCCC(=O)NCCSC(=O)CC(C(=O)O)c1ccccc1N,3-(2-aminophenyl)succinyl-CoA,2,62
2366,CC(C)(COP(=O)(O)OP(=O)(O)OCC1OC(n2cnc3c(N)ncnc32)C(O)C1OP(=O)(O)O)C(O)C(=O)NCCC(=O)NCCSC(=O)CC(N)c1ccccc1,(3R)-3-amino-3-phenylpropanoyl-CoA,2,59
2367,CC(C)(COP(=O)(O)OP(=O)(O)OCC1OC(n2cnc3c(N)ncnc32)C(O)C1OP(=O)(O)O)C(O)C(=O)NCCC(=O)NCCSC(=O)CC(O)(CC(=O)O)C(=O)O,(3S)-citryl-CoA,6,60
2368,CC(C)(COP(=O)(O)OP(=O)(O)OCC1OC(n2cnc3c(N)ncnc32)C(O)C1OP(=O)(O)O)C(O)C(=O)NCCC(=O)NCCSC(=O)CC(O)C(=O)O,(S)-malyl-CoA,8,56
2369,CC(C)(COP(=O)(O)OP(=O)(O)OCC1OC(n2cnc3c(N)ncnc32)C(O)C1OP(=O)(O)O)C(O)C(=O)NCCC(=O)NCCSC(=O)CC(O)CC(=O)O,(S)-3-hydroxyglutaryl-CoA,2,57
2370,CC(C)(COP(=O)(O)OP(=O)(O)OCC1OC(n2cnc3c(N)ncnc32)C(O)C1OP(=O)(O)O)C(O)C(=O)NCCC(=O)NCCSC(=O)CC(O)CCC(=O)O,(3S)-3-hydroxyadipyl-CoA,4,58
2371,CC(C)(COP(=O)(O)OP(=O)(O)OCC1OC(n2cnc3c(N)ncnc32)C(O)C1OP(=O)(O)O)C(O)C(=O)NCCC(=O)NCCSC(=O)CC(O)CCCC(=O)O,3-hydroxy-6-carboxyhexanoyl-CoA,4,59
2372,CC(C)(COP(=O)(O)OP(=O)(O)OCC1OC(n2cnc3c(N)ncnc32)C(O)C1OP(=O)(O)O)C(O)C(=O)NCCC(=O)NCCSC(=O)CC(O)CCCCC(=O)O,(3S)-hydroxyoctanedioyl-CoA,4,60
2373,CC(C)(COP(=O)(O)OP(=O)(O)OCC1OC(n2cnc3c(N)ncnc32)C(O)C1OP(=O)(O)O)C(O)C(=O)NCCC(=O)NCCSC(=O)CC(O)CCCCCCC(=O)O,(3S)-hydroxydecanedioyl-CoA,4,62
2374,CC(C)(COP(=O)(O)OP(=O)(O)OCC1OC(n2cnc3c(N)ncnc32)C(O)C1OP(=O)(O)O)C(O)C(=O)NCCC(=O)NCCSC(=O)CC(O)CCCCCCCCC(=O)O,(3S)-hydroxydodecanedioyl-CoA,4,64
2375,CC(C)(COP(=O)(O)OP(=O)(O)OCC1OC(n2cnc3c(N)ncnc32)C(O)C1OP(=O)(O)O)C(O)C(=O)NCCC(=O)NCCSC(=O)CC(O)CCCCCCCCCCC(=O)O,(3S)-hydroxytetradecanedioyl-CoA,4,66
2376,CC(C)(COP(=O)(O)OP(=O)(O)OCC1OC(n2cnc3c(N)ncnc32)C(O)C1OP(=O)(O)O)C(O)C(=O)NCCC(=O)NCCSC(=O)CC(O)CCCCCCCCCCCCC(=O)O,(3R)-hydroxyhexadecanedioyl-CoA,4,68
2377,CC(C)(COP(=O)(O)OP(=O)(O)OCC1OC(n2cnc3c(N)ncnc32)C(O)C1OP(=O)(O)O)C(O)C(=O)NCCC(=O)NCCSC(=O)CC(O)C[N+](C)(C)C,(R)-carnitinyl-CoA,10,58
2378,CC(C)(COP(=O)(O)OP(=O)(O)OCC1OC(n2cnc3c(N)ncnc32)C(O)C1OP(=O)(O)O)C(O)C(=O)NCCC(=O)NCCSC(=O)CC(O)c1ccc(O)c(O)c1,"3-hydroxy-3-(3,4-dihydroxyphenyl)propanoyl-CoA",4,61
2379,CC(C)(COP(=O)(O)OP(=O)(O)OCC1OC(n2cnc3c(N)ncnc32)C(O)C1OP(=O)(O)O)C(O)C(=O)NCCC(=O)NCCSC(=O)CC(O)c1ccc(O)cc1,3-hydroxy-3-(4-hydroxyphenyl)propanoyl-CoA,4,60
2380,CC(C)(COP(=O)(O)OP(=O)(O)OCC1OC(n2cnc3c(N)ncnc32)C(O)C1OP(=O)(O)O)C(O)C(=O)NCCC(=O)NCCSC(=O)CC1(O)CCCCC1,(1-hydroxycyclohexan-1-yl)acetyl-CoA,2,58
2381,CC(C)(COP(=O)(O)OP(=O)(O)OCC1OC(n2cnc3c(N)ncnc32)C(O)C1OP(=O)(O)O)C(O)C(=O)NCCC(=O)NCCSC(=O)CC12C=CC=CC1O2,"2-(1,2-epoxy-1,2-dihydrophenyl)acetyl-CoA",1,58
2382,CC(C)(COP(=O)(O)OP(=O)(O)OCC1OC(n2cnc3c(N)ncnc32)C(O)C1OP(=O)(O)O)C(O)C(=O)NCCC(=O)NCCSC(=O)CC1C(=O)Nc2ccccc21,(2-oxoindol-3-yl)acetyl-CoA,2,61
2383,CC(C)(COP(=O)(O)OP(=O)(O)OCC1OC(n2cnc3c(N)ncnc32)C(O)C1OP(=O)(O)O)C(O)C(=O)NCCC(=O)NCCSC(=O)CC=CCC(=O)O,"cis-3,4-dehydroadipyl-CoA",2,57
2384,CC(C)(COP(=O)(O)OP(=O)(O)OCC1OC(n2cnc3c(N)ncnc32)C(O)C1OP(=O)(O)O)C(O)C(=O)NCCC(=O)NCCSC(=O)CC=CCC=O,(3Z)-6-oxohex-3-enoyl-CoA,2,56
2385,CC(C)(COP(=O)(O)OP(=O)(O)OCC1OC(n2cnc3c(N)ncnc32)C(O)C1OP(=O)(O)O)C(O)C(=O)NCCC(=O)NCCSC(=O)CC=O,3-oxopropanoyl-CoA,4,53
2386,CC(C)(COP(=O)(O)OP(=O)(O)OCC1OC(n2cnc3c(N)ncnc32)C(O)C1OP(=O)(O)O)C(O)C(=O)NCCC(=O)NCCSC(=O)CCC(=O)O,succinyl-CoA,78,55
2387,CC(C)(COP(=O)(O)OP(=O)(O)OCC1OC(n2cnc3c(N)ncnc32)C(O)C1OP(=O)(O)O)C(O)C(=O)NCCC(=O)NCCSC(=O)CCC(=O)c1ccccc1C(=O)O,2-succinylbenzoyl-CoA,4,63
2388,CC(C)(COP(=O)(O)OP(=O)(O)OCC1OC(n2cnc3c(N)ncnc32)C(O)C1OP(=O)(O)O)C(O)C(=O)NCCC(=O)NCCSC(=O)CCC1C(=O)CCC2(C)C(=O)CCC12,"3-[(3aS,4S,7aS)-7a-methyl-1,5-dioxo-octahydro-1H-inden-4-yl]propanoyl-CoA",2,64
2389,CC(C)(COP(=O)(O)OP(=O)(O)OCC1OC(n2cnc3c(N)ncnc32)C(O)C1OP(=O)(O)O)C(O)C(=O)NCCC(=O)NCCSC(=O)CCC1C(O)CCC2(C)C(=O)CCC12,"3-[(3aS,4S,5R,7aS)-5-hydroxy-7a-methyl-1-oxo-octahydro-1H-inden-4-yl]propanoyl-CoA",2,64
2390,CC(C)(COP(=O)(O)OP(=O)(O)OCC1OC(n2cnc3c(N)ncnc32)C(O)C1OP(=O)(O)O)C(O)C(=O)NCCC(=O)NCCSC(=O)CCCC(=O)O,glutaryl-CoA,20,56
2391,CC(C)(COP(=O)(O)OP(=O)(O)OCC1OC(n2cnc3c(N)ncnc32)C(O)C1OP(=O)(O)O)C(O)C(=O)NCCC(=O)NCCSC(=O)CCCCC(=O)O,hexanedioyl-CoA,6,57
2392,CC(C)(COP(=O)(O)OP(=O)(O)OCC1OC(n2cnc3c(N)ncnc32)C(O)C1OP(=O)(O)O)C(O)C(=O)NCCC(=O)NCCSC(=O)CCCCC1SCC2NC(=O)NC21,biotinyl-CoA,2,63
2393,CC(C)(COP(=O)(O)OP(=O)(O)OCC1OC(n2cnc3c(N)ncnc32)C(O)C1OP(=O)(O)O)C(O)C(=O)NCCC(=O)NCCSC(=O)CCCCCC(=O)O,6-carboxyhexanoyl-CoA,6,58
2394,CC(C)(COP(=O)(O)OP(=O)(O)OCC1OC(n2cnc3c(N)ncnc32)C(O)C1OP(=O)(O)O)C(O)C(=O)NCCC(=O)NCCSC(=O)CCCCCCC(=O)O,octanedioyl-CoA,8,59
2395,CC(C)(COP(=O)(O)OP(=O)(O)OCC1OC(n2cnc3c(N)ncnc32)C(O)C1OP(=O)(O)O)C(O)C(=O)NCCC(=O)NCCSC(=O)CCCCCCCCC(=O)O,decanedioyl-CoA,8,61
2396,CC(C)(COP(=O)(O)OP(=O)(O)OCC1OC(n2cnc3c(N)ncnc32)C(O)C1OP(=O)(O)O)C(O)C(=O)NCCC(=O)NCCSC(=O)CCCCCCCCCCC(=O)O,dodecanedioyl-CoA,8,63
2397,CC(C)(COP(=O)(O)OP(=O)(O)OCC1OC(n2cnc3c(N)ncnc32)C(O)C1OP(=O)(O)O)C(O)C(=O)NCCC(=O)NCCSC(=O)CCCCCCCCCCCCC(=O)O,tetradecanedioyl-CoA,6,65
2398,CC(C)(COP(=O)(O)OP(=O)(O)OCC1OC(n2cnc3c(N)ncnc32)C(O)C1OP(=O)(O)O)C(O)C(=O)NCCC(=O)NCCSC(=O)CCCCCCCCCCCCCCC(=O)O,hexadecanedioyl-CoA,8,67
2399,CC(C)(COP(=O)(O)OP(=O)(O)OCC1OC(n2cnc3c(N)ncnc32)C(O)C1OP(=O)(O)O)C(O)C(=O)NCCC(=O)NCCSC(=O)CCCCCCCCCCCCCCCO,16-hydroxyhexadecanoyl-CoA,2,66
2400,CC(C)(COP(=O)(O)OP(=O)(O)OCC1OC(n2cnc3c(N)ncnc32)C(O)C1OP(=O)(O)O)C(O)C(=O)NCCC(=O)NCCSC(=O)CCCCCCCCCCCCCCO,15-hydroxypentadecanoyl-CoA,2,65
2401,CC(C)(COP(=O)(O)OP(=O)(O)OCC1OC(n2cnc3c(N)ncnc32)C(O)C1OP(=O)(O)O)C(O)C(=O)NCCC(=O)NCCSC(=O)CCCCO,5-hydroxy-pentanoyl-CoA,2,55
2402,CC(C)(COP(=O)(O)OP(=O)(O)OCC1OC(n2cnc3c(N)ncnc32)C(O)C1OP(=O)(O)O)C(O)C(=O)NCCC(=O)NCCSC(=O)CCCN,4-aminobutanoyl-CoA,2,54
2403,CC(C)(COP(=O)(O)OP(=O)(O)OCC1OC(n2cnc3c(N)ncnc32)C(O)C1OP(=O)(O)O)C(O)C(=O)NCCC(=O)NCCSC(=O)CCCO,4-hydroxybutanoyl-CoA,6,54
2404,CC(C)(COP(=O)(O)OP(=O)(O)OCC1OC(n2cnc3c(N)ncnc32)C(O)C1OP(=O)(O)O)C(O)C(=O)NCCC(=O)NCCSC(=O)CCC[N+](C)(C)C,4-(trimethylamino)butanoyl-CoA,4,57
2405,CC(C)(COP(=O)(O)OP(=O)(O)OCC1OC(n2cnc3c(N)ncnc32)C(O)C1OP(=O)(O)O)C(O)C(=O)NCCC(=O)NCCSC(=O)CCN,beta-alanyl-CoA,2,53
2406,CC(C)(COP(=O)(O)OP(=O)(O)OCC1OC(n2cnc3c(N)ncnc32)C(O)C1OP(=O)(O)O)C(O)C(=O)NCCC(=O)NCCSC(=O)CCO,3-hydroxypropanoyl-CoA,6,53
2407,CC(C)(COP(=O)(O)OP(=O)(O)OCC1OC(n2cnc3c(N)ncnc32)C(O)C1OP(=O)(O)O)C(O)C(=O)NCCC(=O)NCCSC(=O)CCS(=O)O,3-sulfinopropanoyl-CoA,2,55
2408,CC(C)(COP(=O)(O)OP(=O)(O)OCC1OC(n2cnc3c(N)ncnc32)C(O)C1OP(=O)(O)O)C(O)C(=O)NCCC(=O)NCCSC(=O)CCc1ccc(O)c(O)c1,hydrocaffeoyl-CoA,2,60
2409,CC(C)(COP(=O)(O)OP(=O)(O)OCC1OC(n2cnc3c(N)ncnc32)C(O)C1OP(=O)(O)O)C(O)C(=O)NCCC(=O)NCCSC(=O)CCc1ccc(O)cc1,dihydro-4-coumaroyl-CoA,2,59
2410,CC(C)(COP(=O)(O)OP(=O)(O)OCC1OC(n2cnc3c(N)ncnc32)C(O)C1OP(=O)(O)O)C(O)C(=O)NCCC(=O)NCCSC(=O)CF,fluoroacetyl-CoA,2,52
2411,CC(C)(COP(=O)(O)OP(=O)(O)OCC1OC(n2cnc3c(N)ncnc32)C(O)C1OP(=O)(O)O)C(O)C(=O)NCCC(=O)NCCSC(=O)CS(=O)(=O)O,sulfoacetyl-CoA,8,55
2412,CC(C)(COP(=O)(O)OP(=O)(O)OCC1OC(n2cnc3c(N)ncnc32)C(O)C1OP(=O)(O)O)C(O)C(=O)NCCC(=O)NCCSC(=O)C[N+](C)(C)C,"N,N,N-trimethylglycyl-CoA",4,55
2413,CC(C)(COP(=O)(O)OP(=O)(O)OCC1OC(n2cnc3c(N)ncnc32)C(O)C1OP(=O)(O)O)C(O)C(=O)NCCC(=O)NCCSC(=O)Cc1c[nH]c2ccccc12,(indol-3-yl)acetyl-CoA,6,60
2414,CC(C)(COP(=O)(O)OP(=O)(O)OCC1OC(n2cnc3c(N)ncnc32)C(O)C1OP(=O)(O)O)C(O)C(=O)NCCC(=O)NCCSC(=O)Cc1cc(O)cc(O)c1,"(3,5-dihydroxyphenyl)acetyl-CoA",2,59
2415,CC(C)(COP(=O)(O)OP(=O)(O)OCC1OC(n2cnc3c(N)ncnc32)C(O)C1OP(=O)(O)O)C(O)C(=O)NCCC(=O)NCCSC(=O)Cc1ccc(O)c(O)c1,"3,4-dihydroxyphenylacetyl-CoA",2,59
2416,CC(C)(COP(=O)(O)OP(=O)(O)OCC1OC(n2cnc3c(N)ncnc32)C(O)C1OP(=O)(O)O)C(O)C(=O)NCCC(=O)NCCSC(=O)Cc1ccc(O)cc1,4-hydroxyphenylacetyl-CoA,2,58
2417,CC(C)(COP(=O)(O)OP(=O)(O)OCC1OC(n2cnc3c(N)ncnc32)C(O)C1OP(=O)(O)O)C(O)C(=O)NCCC(=O)NCCSC(=O)Cc1cccc(O)c1,3-hydroxyphenylacetyl-CoA,2,58
2418,CC(C)(COP(=O)(O)OP(=O)(O)OCC1OC(n2cnc3c(N)ncnc32)C(O)C1OP(=O)(O)O)C(O)C(=O)NCCC(=O)NCCSC(=O)Cc1ccccc1,phenylacetyl-CoA,13,57
2419,CC(C)(COP(=O)(O)OP(=O)(O)OCC1OC(n2cnc3c(N)ncnc32)C(O)C1OP(=O)(O)O)C(O)C(=O)NCCC(=O)NCCSC(=O)c1cc(O)c2ccccc2c1O,"1,4-dihydroxy-2-naphthoyl-CoA",4,62
2420,CC(C)(COP(=O)(O)OP(=O)(O)OCC1OC(n2cnc3c(N)ncnc32)C(O)C1OP(=O)(O)O)C(O)C(=O)NCCC(=O)NCCSC(=O)c1cc(O)ccc1O,"2,5-dihydroxybenzoyl-CoA",4,58
2421,CC(C)(COP(=O)(O)OP(=O)(O)OCC1OC(n2cnc3c(N)ncnc32)C(O)C1OP(=O)(O)O)C(O)C(=O)NCCC(=O)NCCSC(=O)c1ccc(Cl)cc1,4-chlorobenzoyl-CoA,2,57
2422,CC(C)(COP(=O)(O)OP(=O)(O)OCC1OC(n2cnc3c(N)ncnc32)C(O)C1OP(=O)(O)O)C(O)C(=O)NCCC(=O)NCCSC(=O)c1ccc(O)cc1,4-hydroxybenzoyl-CoA,4,57
2423,CC(C)(COP(=O)(O)OP(=O)(O)OCC1OC(n2cnc3c(N)ncnc32)C(O)C1OP(=O)(O)O)C(O)C(=O)NCCC(=O)NCCSC(=O)c1cccc(C(=O)O)c1,isophthalyl-CoA,4,59
2424,CC(C)(COP(=O)(O)OP(=O)(O)OCC1OC(n2cnc3c(N)ncnc32)C(O)C1OP(=O)(O)O)C(O)C(=O)NCCC(=O)NCCSC(=O)c1cccc(O)c1,3-hydroxybenzoyl-CoA,4,57
2425,CC(C)(COP(=O)(O)OP(=O)(O)OCC1OC(n2cnc3c(N)ncnc32)C(O)C1OP(=O)(O)O)C(O)C(=O)NCCC(=O)NCCSC(=O)c1ccccc1,benzoyl-CoA,43,56
2426,CC(C)(COP(=O)(O)OP(=O)(O)OCC1OC(n2cnc3c(N)ncnc32)C(O)C1OP(=O)(O)O)C(O)C(=O)NCCC(=O)NCCSC(=O)c1ccccc1N,anthraniloyl-CoA,10,57
2427,CC(C)(COP(=O)(O)OP(=O)(O)OCC1OC(n2cnc3c(N)ncnc32)C(O)C1OP(=O)(O)O)C(O)C(=O)NCCC(=O)NCCSC(=O)c1ccccc1O,2-hydroxybenzoyl-CoA,6,57
2428,CC(C)(COP(=O)(O)OP(=O)(O)OCC1OC(n2cnc3c(N)ncnc32)C(O)C1OP(=O)(O)O)C(O)C(=O)NCCC(=O)NCCSC(=O)c1cccnc1,nicotinyl-CoA,2,56
2429,CC(C)(COP(=O)(O)OP(=O)(O)OCC1OC(n2cnc3c(N)ncnc32)C(O)C1OP(=O)(O)O)C(O)C(=O)NCCC(=O)NCCSC(=O)c1ccco1,2-furoyl-CoA,2,55
2430,CC(C)(COP(=O)(O)OP(=O)(O)OCC1OC(n2cnc3c(N)ncnc32)C(O)C1OP(=O)(O)O)C(O)C(=O)NCCC(=O)NCCSC(=O)c1cccs1,thiophene-2-carbonyl-CoA,2,55
2431,CC(C)(COP(=O)(O)OP(=O)(O)OCC1OC(n2cnc3c(N)ncnc32)C(O)C1OP(=O)(O)O)C(O)C(=O)NCCC(=O)NCCSC=O,formyl-CoA,20,50
2432,CC(C)(COP(=O)(O)OP(=O)(O)OCC1OC(n2cnc3c(N)ncnc32)C(O)C1OP(=O)(O)O)C(O)C(=O)NCCC(=O)NCCSN=O,S-nitroso-CoA,2,50
2433,CC(C)(COP(=O)(O)OP(=O)(O)OCC1OC(n2cnc3c(N)ncnc32)C(O)C1OP(=O)(O)O)C(O)C(=O)NCCC(=O)NCCSSCC(NC(=O)CCC(N)C(=O)O)C(=O)NCC(=O)O,CoA-glutathione,4,68
2434,CC(C)(COP(=O)(O)OP(=O)(O)OCC1OC(n2cnc3c(N)ncnc32)C(O)C1OP(=O)(O)O)C(O)C(=O)NCCC(=O)NCCSSCCNC(=O)CCNC(=O)C(O)C(C)(C)COP(=O)(O)OP(=O)(O)OCC1OC(n2cnc3c(N)ncnc32)C(O)C1OP(=O)(O)O,CoA-disulfide,6,96
2435,CC(C)(COP(=O)(O)OP(=O)(O)OCC1OC(n2cnc3c(N)ncnc32)C(OC2OC(COP(=O)(O)OP(=O)(O)OP(=O)(O)O)C(O)C2O)C1O)C(O)C(=O)NCCC(=O)NCCS,2'-(5''-triphospho-alpha-D-ribosyl)-3'-dephospho-CoA,4,65
2436,CC(C)(O)C#N,2-hydroxy-2-methylpropanenitrile,4,6
2437,CC(C)(O)C(=O)C(=O)O,3-hydroxy-3-methyl-2-oxobutanoate,4,9
2438,CC(C)(O)C(=O)O,2-hydroxy-2-methylpropanoate,4,7
2439,CC(C)(O)C(=O)OC1C(O)OC(COP(=O)(O)OP(=O)(O)OCC2OC(n3cnc4c(N)ncnc43)C(O)C2O)C1O,2''-O-(2-hydroxyisobutanoyl)-ADP-D-ribose,2,42
2440,CC(C)(O)C(=O)SCCNC(=O)CCNC(=O)C(O)C(C)(C)COP(=O)(O)OP(=O)(O)OCC1OC(n2cnc3c(N)ncnc32)C(O)C1OP(=O)(O)O,2-hydroxyisobutanoyl-CoA,6,54
2441,CC(C)(O)C(O)C(=O)O,"2,3-dihydroxy-3-methylbutanoate",8,9
2442,CC(C)(O)C1CCC2(C)C1CCC1(C)C2CCC2C3(C)CCCC(C)(C)C3CCC21C,hopan-22-ol,1,31
2443,CC(C)(O)C=O,2-hydroxy-2-methylpropanal,4,6
2444,CC(C)(O)CC(=O)SCCNC(=O)CCNC(=O)C(O)C(C)(C)COP(=O)(O)OP(=O)(O)OCC1OC(n2cnc3c(N)ncnc32)C(O)C1OP(=O)(O)O,3-hydroxyisovaleryl-CoA,2,55
2445,CC(C)(O)CCC(O)C(C)(O)C1CCC2(O)C3=CC(=O)C4CC(O)C(O)CC4(C)C3CCC12C,20-hydroxyecdysone,2,34
2446,CC(C)(O)CCC(OP(=O)(O)O)C(C)(O)C1CCC2(O)C3=CC(=O)C4CC(O)C(O)CC4(C)C3CCC12C,20-hydroxyecdysone 22-phosphate,2,38
2447,CC(C)(O)CCc1c(O)cc(O)c2c1OCC(c1ccc(O)cc1O)C2=O,kievitone hydrate,2,27
2448,CC(C)(O)CCc1c(O)ccc2c1OC1c3ccc(O)cc3OCC21,phaseollidin hydrate,2,25
2449,CC(C)(O)CO,"2-methylpropane-1,2-diol",4,6
2450,CC(C)(O)c1ccccc1,2-phenylpropan-2-ol,4,10
2451,CC(C)(OO)c1ccccc1,cumene hydroperoxide,4,11
2452,CC(C)(c1ccc(O)cc1)c1ccc(O)cc1,bisphenol A,4,17
2453,CC(C)(c1ccc(O)cc1)c1ccc(OS(=O)(=O)O)cc1,bisphenyl A sulfate,2,21
2454,CC(C)*CC(=O)CC(=O)SCCNC(=O)CCNC(=O)C(O)C(C)(C)COP(=O)(O)OP(=O)(O)OCC1OC(n2cnc3c(N)ncnc32)C(O)C1OP(=O)(O)O,(omega-1)-methyl-3-oxo-fatty acyl-CoA,2,58
2455,CC(C)*CC(O)CC(=O)SCCNC(=O)CCNC(=O)C(O)C(C)(C)COP(=O)(O)OP(=O)(O)OCC1OC(n2cnc3c(N)ncnc32)C(O)C1OP(=O)(O)O,(omega-1)-methyl-(3R)-hydroxy-fatty acyl-CoA,2,58
2456,CC(C)=C1CCC(C)CC1=O,(R)-pulegone,2,11
2457,CC(C)=CC(=O)SCCNC(=O)CCNC(=O)C(O)C(C)(C)COP(=O)(O)OP(=O)(O)OCC1OC(n2cnc3c(N)ncnc32)C(O)C1OP(=O)(O)O,3-methylbut-2-enoyl-CoA,4,54
2458,CC(C)=CC1C(C(=O)O)C1(C)C,"(1R,3R)-chrysanthemate",4,12
2459,CC(C)=CC1C(C(=O)SCCNC(=O)CCNC(=O)C(O)C(C)(C)COP(=O)(O)OP(=O)(O)OCC2OC(n3cnc4c(N)ncnc43)C(O)C2OP(=O)(O)O)C1(C)C,"(1R,3R)-chrysanthemoyl-CoA",6,59
2460,CC(C)=CC1C(C=O)C1(C)C,"(1R,3R)-chrysanthemal",6,11
2461,CC(C)=CC1C(CO)C1(C)C,"(R,R)-chrysanthemol",4,11
2462,CC(C)=CC1C(COP(=O)(O)OP(=O)(O)O)C1(C)C,"(R,R)-chrysanthemyl diphosphate",4,19
2463,CC(C)=CC1c2[nH]c3ccccc3c2CC2C(=O)N3CCCC3C(=O)N21,demethoxyfumitremorgin C,2,26
2464,CC(C)=CC=CC(C)=CC=CC(C)=CC=CC(C)=CC=CC=C(C)C=CC=C(C)C=CC1=C(C)CCCC1(C)C,torulene,2,40
2465,CC(C)=CC=CC(C)=CC=CC(C)=CC=CC=C(C)C=CC=C(C)C=CC=C(C)C,"all-trans-4,4'-diapolycopene",2,30
2466,CC(C)=CC=O,3-methyl-2-butenal,4,6
2467,CC(C)=CCC(C=CC(C)=CC=CC(C)=CC=CC(C)=CC=CC=C(C)C=CC=C(C)C=CC=C(C)C=CC(CC=C(C)C)C(C)(C)O)C(C)(C)O,bisanhydrobacterioruberin,2,52
2468,CC(C)=CCC(C=CC(C)=CC=CC(C)=CC=CC(C)=CC=CC=C(C)C=CC=C(C)C=CC=C(C)C=CC(CCC(C)(C)O)C(C)(C)O)C(C)(C)O,monoanhydrobacterioruberin,4,53
2469,CC(C)=CCC1OC1(C)C1C(O)C(=O)CCC12CO2,5-dehydro-6-demethoxy-6-hydroxyfumagillol,4,19
2470,CC(C)=CCC1OC1(C)C1CC(=O)CCC12CO2,5-dehydro-6-demethoxyfumagillol,2,18
2471,CC(C)=CCC=C(C)C1CC=C(C)CC1,(Z)-alpha-bisabolene,2,15
2472,CC(C)=CCC=C(C)C1CC=C(C)CCC=C(C)CCC=C(C)CC1,"(R,2E)-alpha-cericerene",2,25
2473,CC(C)=CCCC(=CC(=O)SCCNC(=O)CCNC(=O)C(O)C(C)(C)COP(=O)(O)OP(=O)(O)OCC1OC(n2cnc3c(N)ncnc32)C(O)C1OP(=O)(O)O)CC(=O)O,3-(4-methylpent-3-en-1-yl)pent-2-enedioyl-CoA,4,62
2474,CC(C)=CCCC(=O)CC(=O)SCCNC(=O)CCNC(=O)C(O)C(C)(C)COP(=O)(O)OP(=O)(O)OCC1OC(n2cnc3c(N)ncnc32)C(O)C1OP(=O)(O)O,7-methyl-3-oxooct-6-enoyl-CoA,2,59
2475,CC(C)=CCCC(C)(O)C1CC=C(C)CC1,(+)-epi-alpha-bisabolol,2,16
2476,CC(C)=CCCC(C)(O)C1CCC2(C)C1C(O)CC1C3(C)CCC(O)C(C)(C)C3C(O)CC12C,(20S)-protopanaxatriol,4,34
2477,CC(C)=CCCC(C)(O)C1CCC2(C)C1C(O)CC1C3(C)CCC(O)C(C)(C)C3C(OC3OC(CO)C(O)C(O)C3O)CC12C,(20S)-ginsenoside Rh1,2,45
2478,CC(C)=CCCC(C)(O)C1CCC2(C)C1C(O)CC1C3(C)CCC(O)C(C)(C)C3CCC12C,(20S)-protopanaxadiol,4,33
2479,CC(C)=CCCC(C)(O)C1CCC2(C)C1C(O)CC1C3(C)CCC(OC4OC(CO)C(O)C(O)C4O)C(C)(C)C3CCC12C,(20S)-ginsenoside Rh2,8,44
2480,CC(C)=CCCC(C)(O)C1CCC2(C)C1C(O)CC1C3(C)CCC(OC4OC(CO)C(O)C(O)C4OC4OC(CO)C(O)C(O)C4O)C(C)(C)C3CCC12C,(20S)-ginsenoside Rg3,8,55
2481,CC(C)=CCCC(C)(O)C1CCC2(C)C1CCC1C3(C)CCC(O)C(C)(C)C3CCC12C,dammarenediol-II,2,32
2482,CC(C)=CCCC(C)(OC1OC(CO)C(O)C(O)C1O)C1CCC2(C)C1C(O)CC1C3(C)CCC(O)C(C)(C)C3C(O)CC12C,(20S)-ginsenoside F1,6,45
2483,CC(C)=CCCC(C)(OC1OC(CO)C(O)C(O)C1O)C1CCC2(C)C1C(O)CC1C3(C)CCC(O)C(C)(C)C3C(OC3OC(CO)C(O)C(O)C3O)CC12C,(20S)-ginsenoside Rg1,8,56
2484,CC(C)=CCCC(C)(OC1OC(CO)C(O)C(O)C1O)C1CCC2(C)C1C(O)CC1C3(C)CCC(O)C(C)(C)C3C(OC3OC(CO)C(O)C(O)C3OC3OC(C)C(O)C(O)C3O)CC12C,(20S)-ginsenoside Re,2,66
2485,CC(C)=CCCC(C)(OC1OC(CO)C(O)C(O)C1O)C1CCC2(C)C1C(O)CC1C3(C)CCC(O)C(C)(C)C3C(OC3OC(CO)C(O)C(O)C3OC3OCC(O)C(O)C3O)CC12C,(20S)-ginsenoside R1,2,65
2486,CC(C)=CCCC(C)(OC1OC(CO)C(O)C(O)C1O)C1CCC2(C)C1C(O)CC1C3(C)CCC(O)C(C)(C)C3CCC12C,(20S)-ginsenoside C-K,4,44
2487,CC(C)=CCCC(C)(OC1OC(CO)C(O)C(O)C1O)C1CCC2(C)C1C(O)CC1C3(C)CCC(OC4OC(CO)C(O)C(O)C4O)C(C)(C)C3CCC12C,(20S)-ginsenoside F2,6,55
2488,CC(C)=CCCC(C)(OC1OC(CO)C(O)C(O)C1O)C1CCC2(C)C1C(O)CC1C3(C)CCC(OC4OC(CO)C(O)C(O)C4OC4OC(CO)C(O)C(O)C4O)C(C)(C)C3CCC12C,(20S)-ginsenoside Rd,12,66
2489,CC(C)=CCCC(C)(OC1OC(CO)C(O)C(O)C1O)C1CCC2(C)C1CCC1C3(C)CCC(O)C(C)(C)C3CCC12C,(20S)-20-O-(beta-D-glucosyl)-3-hydroxydammarene,2,43
2490,CC(C)=CCCC(C)(OC1OC(COC2OC(CO)C(O)C(O)C2O)C(O)C(O)C1O)C1CCC2(C)C1C(O)CC1C3(C)CCC(OC4OC(CO)C(O)C(O)C4OC4OC(CO)C(O)C(O)C4O)C(C)(C)C3CCC12C,(20S)-ginsenoside Rb1,4,77
2491,CC(C)=CCCC(C)(OC1OC(COC2OC(CO)C(O)C2O)C(O)C(O)C1O)C1CCC2(C)C1C(O)CC1C3(C)CCC(OC4OC(CO)C(O)C(O)C4OC4OC(CO)C(O)C(O)C4O)C(C)(C)C3CCC12C,(20S)-ginsenoside Rc,2,75
2492,CC(C)=CCCC(C)=C(C)COP(=O)(O)OP(=O)(O)O,(E)-2-methylgeranyl diphosphate,2,20
2493,CC(C)=CCCC(C)=C1CC=C(C)CC1,(Z)-gamma-bisabolene,2,15
2494,CC(C)=CCCC(C)=CC(=O)O,geranate,6,12
2495,CC(C)=CCCC(C)=CC(=O)SCCNC(=O)CCNC(=O)C(O)C(C)(C)COP(=O)(O)OP(=O)(O)OCC1OC(n2cnc3c(N)ncnc32)C(O)C1OP(=O)(O)O,geranoyl-CoA,2,59
2496,CC(C)=CCCC(C)=CC=CC(C)=CC=CC(C)=CC=CC=C(C)C=CC=C(C)C=CC1=C(C)CCCC1(C)C,gamma-carotene,4,40
2497,CC(C)=CCCC(C)=CC=CC(C)=CC=CC(C)=CC=CC=C(C)C=CC=C(C)C=CC1C(C)=CCCC1(C)C,delta-carotene,4,40
2498,CC(C)=CCCC(C)=CC=CC(C)=CC=CC(C)=CC=CC=C(C)C=CC=C(C)C=CC=C(C)CCC=C(C)C,all-trans-lycopene,10,40
2499,CC(C)=CCCC(C)=CC=CC(C)=CC=CC(C)=CC=CC=C(C)C=CC=C(C)C=CC=C(C)CCCC(C)(C)O,rhodopin,4,41
2500,CC(C)=CCCC(C)=CC=CC(C)=CC=CC(C)=CC=CC=C(C)C=CC=C(C)CCC=C(C)CCC=C(C)C,all-trans-neurosporene,8,40
2501,CC(C)=CCCC(C)=CC=CC(C)=CC=CC(C)=CC=CC=C(C)C=CC=O,5-cis-10'-apo-lycopenal,2,28
2502,CC(C)=CCCC(C)=CC=CC(C)=CC=CC=C(C)C=CC=C(C)C=CC=C(C)C(=O)O,"4,4'-diaponeurosporenoate",2,32
2503,CC(C)=CCCC(C)=CC=CC(C)=CC=CC=C(C)C=CC=C(C)C=CC=C(C)C=O,"4,4'-diaponeurosporenal",2,31
2504,CC(C)=CCCC(C)=CC=O,(2E)-geranial,12,11
2505,CC(C)=CCCC(C)=CCCC(C)(O)C1CC=C(C)CCC=C(C)CCC=C(C)CC1,colleterpenol,2,31
2506,CC(C)=CCCC(C)=CCCC(C)=CC(=O)O,"(2E,6E)-farnesoate",6,17
2507,CC(C)=CCCC(C)=CCCC(C)=CC1C(CO)C1(C)CCC=C(C)CCC=C(C)C,presqualene alcohol,2,31
2508,CC(C)=CCCC(C)=CCCC(C)=CC1C(COP(=O)(O)O)C1(C)CCC=C(C)CCC=C(C)C,presqualene phosphate,4,35
2509,CC(C)=CCCC(C)=CCCC(C)=CC1C(COP(=O)(O)OP(=O)(O)O)C1(C)CCC=C(C)CCC=C(C)C,presqualene diphosphate,6,39
2510,CC(C)=CCCC(C)=CCCC(C)=CC=CC(C)=CC=CC=C(C)C=CC=C(C)C=CC1=C(C)CCCC1(C)C,beta-zeacarotene,4,40
2511,CC(C)=CCCC(C)=CCCC(C)=CC=CC(C)=CC=CC=C(C)C=CC=C(C)C=CC=C(C)C=CCC(C)(C)O,demethylspheroidene,2,41
2512,CC(C)=CCCC(C)=CCCC(C)=CC=CC(C)=CC=CC=C(C)C=CC=C(C)C=CC=C(C)CCCC(C)(C)O,"1-hydroxy-all-trans-1,2-dihydro-neurosporene",4,41
2513,CC(C)=CCCC(C)=CCCC(C)=CC=CC(C)=CC=CC=C(C)C=CC=C(C)CCC=C(C)CCC=C(C)C,all-trans-zeta-carotene,4,40
2514,CC(C)=CCCC(C)=CCCC(C)=CC=CC(C)=CC=CC=C(C)CCC=C(C)CCC=C(C)CCC=C(C)C,all-trans-phytofluene,4,40
2515,CC(C)=CCCC(C)=CCCC(C)=CC=CC=C(C)CCC=C(C)CCC=C(C)C,"15-cis-4,4'-diapophytoene",4,30
2516,CC(C)=CCCC(C)=CCCC(C)=CC=O,"(2E,6E)-farnesal",10,16
2517,CC(C)=CCCC(C)=CCCC(C)=CCC1(C)C(=O)C(C)=C(O)C(C(=O)O)=C1C,"(3R)-3-farnesyl-6-hydroxy-2,3,5-trimethyl-4-oxocyclohexa-1,5-diene-1-carboxylate",2,29
2518,CC(C)=CCCC(C)=CCCC(C)=CCC1(O)C(=O)C(C)=[N+]([O-])c2ccccc21,"4-hydroxy-2-methyl-3-oxo-4-[(2E,6E)-farnesyl]-3,4-dihydroquinoline 1-oxide",4,29
2519,CC(C)=CCCC(C)=CCCC(C)=CCC1(O)C(=O)c2ccccc2[N+]([O-])=C1C,"2-hydroxy-1a-methyl-7a-[(2E,6E)-farnesyl]-1a,2-dihydrooxireno[2,3-b]quinolin-7(7aH)-one",2,29
2520,CC(C)=CCCC(C)=CCCC(C)=CCC1(O)c2ccccc2[N+]([O-])=C(C)C1O,"3,4-dihydroxy-2-methyl-4-[(2E,6E)-farnesyl]-3,4-dihydroquinoline 1-oxide",2,29
2521,CC(C)=CCCC(C)=CCCC(C)=CCCC(C)=CC1C(COP(=O)(O)OP(=O)(O)O)C1(C)CCC=C(C)CCC=C(C)CCC=C(C)C,"(1R,2R,3R)-prephytoene diphosphate",4,49
2522,CC(C)=CCCC(C)=CCCC(C)=CCCC(C)=CC=CC=C(C)CCC=C(C)CCC=C(C)CCC=C(C)C,15-cis-phytoene,4,40
2523,CC(C)=CCCC(C)=CCCC(C)=CCCC(C)=CC=O,"(2E,6E,10E)-geranylgeranial",2,21
2524,CC(C)=CCCC(C)=CCCC(C)=CCCC(C)=CCC1=C(C)C(=O)c2ccccc2C1=O,menaquinone-4,2,33
2525,CC(C)=CCCC(C)=CCCC(C)=CCCC(C)=CCCC(C)=CCCC(C)=CCC1=C(C)C(=O)c2c(C)cccc2C1=O,8-methylmenaquinone-6,1,44
2526,CC(C)=CCCC(C)=CCCC(C)=CCCC(C)=CCCC(C)=CCCC(C)=CCCC(C)=CCC1=C(C)C(=O)c2ccccc2C1=O,menaquinone-7,3,48
2527,CC(C)=CCCC(C)=CCCC(C)=CCCC(C)=CCCC(C)=CCCC(C)=CCCC(C)=CCCC(C)=CCC1=C(C)C(=O)c2ccccc2C1=O,menaquinone-8,9,53
2528,CC(C)=CCCC(C)=CCCC(C)=CCCC(C)=CCCC(C)=CCCC(C)=CCCC(C)=CCCC(C)=CCC1=CC(=O)c2ccccc2C1=O,2-demethylmenaquinone-8,4,52
2529,CC(C)=CCCC(C)=CCCC(C)=CCCC(C)=CCCC(C)=CCCC(C)=CCCC(C)=CCCC(C)=CCCC(C)=CCC1=CC(=O)C(C)=C(C)C1=O,plastoquinone-9,4,55
2530,CC(C)=CCCC(C)=CCCC(C)=CCCC(C)=CCCC(C)=CCCC(C)=CCCC(C)=CCCC(C)=CCCC(C)=CCCC(C)=CCCC(C)=CCCC(C)=CCCC(C)=CCOP(=O)(O)OP(=O)(O)O,"di-trans,deca-cis-tridecaprenyl diphosphate",2,74
2531,CC(C)=CCCC(C)=CCCC(C)=CCCC(C)=CCCC(C)=CCCC(C)=CCCC(C)=CCCC(C)=CCCC(C)=CCCC(C)=CCCC(C)=CCCC(C)=CCCC(C)=CCc1c(C)c(O)c2ccccc2c1O,menaquinol-13,2,78
2532,CC(C)=CCCC(C)=CCCC(C)=CCCC(C)=CCCC(C)=CCCC(C)=CCCC(C)=CCCC(C)=CCCC(C)=CCCC(C)=CCCC(C)=CCCC(C)=CCCC(C)=CCc1cc(O)c2ccccc2c1O,2-demethylmenaquinol-13,4,77
2533,CC(C)=CCCC(C)=CCCC(C)=CCCC(C)=CCCC(C)=CCCC(C)=CCCC(C)=CCCC(C)=CCCC(C)=CCCC(C)=CCCC(C)=CCCC(C)=CCOP(=O)(O)O,"di-trans,nona-cis-dodecaprenyl phosphate",2,65
2534,CC(C)=CCCC(C)=CCCC(C)=CCCC(C)=CCCC(C)=CCCC(C)=CCCC(C)=CCCC(C)=CCCC(C)=CCCC(C)=CCCC(C)=CCCC(C)=CCOP(=O)(O)OC1OC(C(=O)O)C(O)C(O)C1O,"beta-D-galacturonosyl di-trans,nona-cis-dodecaprenyl phosphate",2,77
2535,CC(C)=CCCC(C)=CCCC(C)=CCCC(C)=CCCC(C)=CCCC(C)=CCCC(C)=CCCC(C)=CCCC(C)=CCCC(C)=CCCC(C)=CCCC(C)=CCOP(=O)(O)OP(=O)(O)O,"di-trans,nona-cis-dodecaprenyl diphosphate",2,69
2536,CC(C)=CCCC(C)=CCCC(C)=CCCC(C)=CCCC(C)=CCCC(C)=CCCC(C)=CCCC(C)=CCCC(C)=CCCC(C)=CCCC(C)=CCCC(C)=CCc1c(C)c(O)c2ccccc2c1O,menaquinol-12,2,73
2537,CC(C)=CCCC(C)=CCCC(C)=CCCC(C)=CCCC(C)=CCCC(C)=CCCC(C)=CCCC(C)=CCCC(C)=CCCC(C)=CCCC(C)=CCCC(C)=CCc1cc(O)c2ccccc2c1O,2-demethylmenaquinol-12,4,72
2538,CC(C)=CCCC(C)=CCCC(C)=CCCC(C)=CCCC(C)=CCCC(C)=CCCC(C)=CCCC(C)=CCCC(C)=CCCC(C)=CCCC(C)=CCO,all-trans-undecaprenol,2,56
2539,CC(C)=CCCC(C)=CCCC(C)=CCCC(C)=CCCC(C)=CCCC(C)=CCCC(C)=CCCC(C)=CCCC(C)=CCCC(C)=CCCC(C)=CCOP(=O)(O)O,all-trans-undecaprenyl phosphate,26,60
2540,CC(C)=CCCC(C)=CCCC(C)=CCCC(C)=CCCC(C)=CCCC(C)=CCCC(C)=CCCC(C)=CCCC(C)=CCCC(C)=CCCC(C)=CCOP(=O)(O)OC1OC(CO)C(O)C(O)C1O,"D-mannosyl di-trans,octa-cis-undecaprenyl phosphate",2,71
2541,CC(C)=CCCC(C)=CCCC(C)=CCCC(C)=CCCC(C)=CCCC(C)=CCCC(C)=CCCC(C)=CCCC(C)=CCCC(C)=CCCC(C)=CCOP(=O)(O)OC1OCC(N)C(O)C1O,"4-amino-4-deoxy-alpha-L-arabinopyranosyl di-trans,octa-cis-undecaprenyl phosphate",6,69
2542,CC(C)=CCCC(C)=CCCC(C)=CCCC(C)=CCCC(C)=CCCC(C)=CCCC(C)=CCCC(C)=CCCC(C)=CCCC(C)=CCCC(C)=CCOP(=O)(O)OC1OCC(NC=O)C(O)C1O,"4-deoxy-4-formamido-alpha-L-arabinopyranosyl di-trans,octa-cis-undecaprenyl phosphate",4,71
2543,CC(C)=CCCC(C)=CCCC(C)=CCCC(C)=CCCC(C)=CCCC(C)=CCCC(C)=CCCC(C)=CCCC(C)=CCCC(C)=CCCC(C)=CCOP(=O)(O)OP(=O)(O)O,all-trans-undecaprenyl diphosphate,8,64
2544,CC(C)=CCCC(C)=CCCC(C)=CCCC(C)=CCCC(C)=CCCC(C)=CCCC(C)=CCCC(C)=CCCC(C)=CCCC(C)=CCCC(C)=CCOP(=O)(O)OP(=O)(O)OC1OC(CO)C(O)C(O)C1O,"alpha-D-glucosyl di-trans,octa-cis-undecaprenyl diphosphate",6,75
2545,CC(C)=CCCC(C)=CCCC(C)=CCCC(C)=CCCC(C)=CCCC(C)=CCCC(C)=CCCC(C)=CCCC(C)=CCCC(C)=CCCC(C)=CCOP(=O)(O)OP(=O)(O)OC1OC(CO)C(O)C(OC2OC(C)C(O)C(O)C2O)C1O,"alpha-L-rhamnosyl-(1->3)-alpha-D-galactosyl-1-diphospho-di-trans,octa-cis-undecaprenol",4,85
2546,CC(C)=CCCC(C)=CCCC(C)=CCCC(C)=CCCC(C)=CCCC(C)=CCCC(C)=CCCC(C)=CCCC(C)=CCCC(C)=CCCC(C)=CCOP(=O)(O)OP(=O)(O)OC1OC(CO)C(O)C(OC2OC(C)C(OC3OC(CO)C(O)C(O)C3O)C(O)C2O)C1O,"alpha-D-Man-(1->4)-alpha-L-Rha-(1->3)-alpha-D-Gal-di-trans,octa-cis-undecaprenyl diphosphate",4,96
2547,CC(C)=CCCC(C)=CCCC(C)=CCCC(C)=CCCC(C)=CCCC(C)=CCCC(C)=CCCC(C)=CCCC(C)=CCCC(C)=CCCC(C)=CCOP(=O)(O)OP(=O)(O)OC1OC(CO)C(O)C(OC2OC(C)C(OC3OC(CO)C(O)C(OC4OC(C)C(O)CC4O)C3O)C(O)C2O)C1O,"alpha-D-Abe-(1->3)-alpha-D-Man-(1->4)-alpha-L-Rha-(1->3)-alpha-D-Gal-di-trans,octa-cis-undecaprenyl diphosphate",2,105
2548,CC(C)=CCCC(C)=CCCC(C)=CCCC(C)=CCCC(C)=CCCC(C)=CCCC(C)=CCCC(C)=CCCC(C)=CCCC(C)=CCCC(C)=CCOP(=O)(O)OP(=O)(O)OC1OC(CO)C(O)C(OC2OC(CO)C(O)C(O)C2O)C1O,"alpha-D-mannosyl-(1->3)-alpha-D-galactosyl-diphospho-di-trans,octa-cis-undecaprenol",4,86
2549,CC(C)=CCCC(C)=CCCC(C)=CCCC(C)=CCCC(C)=CCCC(C)=CCCC(C)=CCCC(C)=CCCC(C)=CCCC(C)=CCCC(C)=CCOP(=O)(O)OP(=O)(O)OC1OC(CO)C(O)C(OC2OC(CO)C(O)C(O)C2OC2OC(CO)C(O)C(O)C2O)C1O,"alpha-D-Man-(1->2)-alpha-D-Man-(1->3)-alpha-D-Gal-di-trans,octa-cis-undecaprenyl diphosphate",4,97
2550,CC(C)=CCCC(C)=CCCC(C)=CCCC(C)=CCCC(C)=CCCC(C)=CCCC(C)=CCCC(C)=CCCC(C)=CCCC(C)=CCCC(C)=CCOP(=O)(O)OP(=O)(O)OC1OC(CO)C(O)C(OC2OC(CO)C(O)C(O)C2OC2OC(CO)C(O)C(O)C2OC2OC(C)C(O)C(O)C2O)C1O,"alpha-L-Rha-(1->2)-alpha-D-Man-(1->2)-alpha-D-Man-(1->3)-alpha-D-Gal-di-trans,octa-cis-undecaprenyl diphosphate",4,107
2551,CC(C)=CCCC(C)=CCCC(C)=CCCC(C)=CCCC(C)=CCCC(C)=CCCC(C)=CCCC(C)=CCCC(C)=CCCC(C)=CCCC(C)=CCOP(=O)(O)OP(=O)(O)OC1OC(CO)C(OC2OC(CO)C(O)C(O)C2O)C(O)C1O,"beta-D-Glc-(1->4)-alpha-D-Glc-di-trans,octa-cis-undecaprenyl diphosphate",2,86
2552,CC(C)=CCCC(C)=CCCC(C)=CCCC(C)=CCCC(C)=CCCC(C)=CCCC(C)=CCCC(C)=CCCC(C)=CCCC(C)=CCCC(C)=CCOP(=O)(O)OP(=O)(O)OC1OC(CO)C(OC2OC(CO)C(O)C(OC3OC(CO)C(O)C(O)C3O)C2O)C(O)C1O,"alpha-D-Man-(1->3)-beta-D-Glc-(1->4)-alpha-D-Glc-1-di-trans,octa-cis-undecaprenyl diphosphate",4,97
2553,CC(C)=CCCC(C)=CCCC(C)=CCCC(C)=CCCC(C)=CCCC(C)=CCCC(C)=CCCC(C)=CCCC(C)=CCCC(C)=CCCC(C)=CCOP(=O)(O)OP(=O)(O)OC1OC(CO)C(OC2OC(CO)C(O)C(OC3OC(CO)C(O)C(O)C3OC3OC(C(=O)O)C(O)C(O)C3O)C2O)C(O)C1O,"beta-D-GlcA-(1->2)-alpha-D-Man-(1->3)-beta-D-Glc-(1->4)-alpha-D-Glc-di-trans,octa-cis-undecaprenyl diphosphate",4,109
2554,CC(C)=CCCC(C)=CCCC(C)=CCCC(C)=CCCC(C)=CCCC(C)=CCCC(C)=CCCC(C)=CCCC(C)=CCCC(C)=CCCC(C)=CCOP(=O)(O)OP(=O)(O)OC1OC(CO)C(OC2OC(CO)C(O)C(OC3OC(CO)C(O)C(O)C3OC3OC(C(=O)O)C(OC4OC(CO)C(O)C(O)C4O)C(O)C3O)C2O)C(O)C1O,"beta-D-Man-(1->4)-beta-D-GlcA-(1->2)-alpha-D-Man-(1->3)-beta-D-Glc-(1->4)-alpha-D-Glc-di-trans,octa-cis-undecaprenyl diphosphate",4,120
2555,CC(C)=CCCC(C)=CCCC(C)=CCCC(C)=CCCC(C)=CCCC(C)=CCCC(C)=CCCC(C)=CCCC(C)=CCCC(C)=CCCC(C)=CCOP(=O)(O)OP(=O)(O)OC1OC(CO)C(OC2OC(CO)C(O)C(OC3OC(CO)C(O)C(O)C3OC3OC(C(=O)O)C(OC4OC5COC(C)(C(=O)O)OC5C(O)C4O)C(O)C3O)C2O)C(O)C1O,"4,6-Me(COOH)C-beta-D-Man-(1->4)-beta-D-GlcA-(1->2)-alpha-D-Man-(1->3)-beta-D-Glc-(1->4)-alpha-D-Glc-di-trans,octa-cis-undecaprenyl diphosphate",2,125
2556,CC(C)=CCCC(C)=CCCC(C)=CCCC(C)=CCCC(C)=CCCC(C)=CCCC(C)=CCCC(C)=CCCC(C)=CCCC(C)=CCCC(C)=CCc1c(C)c(O)c2ccccc2c1O,menaquinol-11,2,68
2557,CC(C)=CCCC(C)=CCCC(C)=CCCC(C)=CCCC(C)=CCCC(C)=CCCC(C)=CCCC(C)=CCCC(C)=CCCC(C)=CCCC(C)=CCc1cc(O)c2ccccc2c1O,2-demethylmenaquinol-11,4,67
2558,CC(C)=CCCC(C)=CCCC(C)=CCCC(C)=CCCC(C)=CCCC(C)=CCCC(C)=CCCC(C)=CCCC(C)=CCCC(C)=CCOP(=O)(O)O,"trans,octa-cis-decaprenyl phosphate",4,55
2559,CC(C)=CCCC(C)=CCCC(C)=CCCC(C)=CCCC(C)=CCCC(C)=CCCC(C)=CCCC(C)=CCCC(C)=CCCC(C)=CCOP(=O)(O)OC1OC(CO)C(O)C1=O,"trans,octa-cis-decaprenylphospho-beta-D-erythro-pentofuranosid-2-ulose",2,64
2560,CC(C)=CCCC(C)=CCCC(C)=CCCC(C)=CCCC(C)=CCCC(C)=CCCC(C)=CCCC(C)=CCCC(C)=CCCC(C)=CCOP(=O)(O)OC1OC(CO)C(O)C1O,"trans,octa-cis-decaprenylphospho-beta-D-arabinofuranose",4,64
2561,CC(C)=CCCC(C)=CCCC(C)=CCCC(C)=CCCC(C)=CCCC(C)=CCCC(C)=CCCC(C)=CCCC(C)=CCCC(C)=CCOP(=O)(O)OC1OC(COP(=O)(O)O)C(O)C1O,"trans,octa-cis-decaprenylphospho-beta-D-ribofuranose 5-phosphate",4,68
2562,CC(C)=CCCC(C)=CCCC(C)=CCCC(C)=CCCC(C)=CCCC(C)=CCCC(C)=CCCC(C)=CCCC(C)=CCCC(C)=CCOP(=O)(O)OP(=O)(O)O,all-trans-decaprenyl diphosphate,4,59
2563,CC(C)=CCCC(C)=CCCC(C)=CCCC(C)=CCCC(C)=CCCC(C)=CCCC(C)=CCCC(C)=CCCC(C)=CCCC(C)=CCc1c(C)c(O)c2ccccc2c1O,menaquinol-10,2,63
2564,CC(C)=CCCC(C)=CCCC(C)=CCCC(C)=CCCC(C)=CCCC(C)=CCCC(C)=CCCC(C)=CCCC(C)=CCCC(C)=CCc1cc(C(=O)O)cc(O)c1O,"3,4-dihydroxy-5-(all-trans-decaprenyl)benzoate",2,61
2565,CC(C)=CCCC(C)=CCCC(C)=CCCC(C)=CCCC(C)=CCCC(C)=CCCC(C)=CCCC(C)=CCCC(C)=CCCC(C)=CCc1cc(C(=O)O)ccc1O,4-hydroxy-3-(all-trans-decaprenyl)benzoate,4,60
2566,CC(C)=CCCC(C)=CCCC(C)=CCCC(C)=CCCC(C)=CCCC(C)=CCCC(C)=CCCC(C)=CCCC(C)=CCCC(C)=CCc1cc(O)c2ccccc2c1O,2-demethylmenaquinol-10,4,62
2567,CC(C)=CCCC(C)=CCCC(C)=CCCC(C)=CCCC(C)=CCCC(C)=CCCC(C)=CCCC(C)=CCCC(C)=CCCC(C)=CCc1cccc(O)c1O,"3-(all-trans-decaprenyl)benzene-1,2-diol",4,58
2568,CC(C)=CCCC(C)=CCCC(C)=CCCC(C)=CCCC(C)=CCCC(C)=CCCC(C)=CCCC(C)=CCCC(C)=CCCC(C)=CCc1ccccc1O,2-all-trans-decaprenylphenol,4,57
2569,CC(C)=CCCC(C)=CCCC(C)=CCCC(C)=CCCC(C)=CCCC(C)=CCCC(C)=CCCC(C)=CCCC(C)=CCOP(=O)(O)OP(=O)(O)O,all-trans-nonaprenyl diphosphate,4,54
2570,CC(C)=CCCC(C)=CCCC(C)=CCCC(C)=CCCC(C)=CCCC(C)=CCCC(C)=CCCC(C)=CCCC(C)=CCc1c(C)c(O)c2ccccc2c1O,menaquinol-9,2,58
2571,CC(C)=CCCC(C)=CCCC(C)=CCCC(C)=CCCC(C)=CCCC(C)=CCCC(C)=CCCC(C)=CCCC(C)=CCc1cc(C(=O)O)cc(O)c1O,"3,4-dihydroxy-5-(all-trans-nonaprenyl)benzoate",2,56
2572,CC(C)=CCCC(C)=CCCC(C)=CCCC(C)=CCCC(C)=CCCC(C)=CCCC(C)=CCCC(C)=CCCC(C)=CCc1cc(C(=O)O)ccc1O,4-hydroxy-3-(all-trans-nonaprenyl)benzoate,4,55
2573,CC(C)=CCCC(C)=CCCC(C)=CCCC(C)=CCCC(C)=CCCC(C)=CCCC(C)=CCCC(C)=CCCC(C)=CCc1cc(O)c(C)c(C)c1O,plastoquinol-9,6,55
2574,CC(C)=CCCC(C)=CCCC(C)=CCCC(C)=CCCC(C)=CCCC(C)=CCCC(C)=CCCC(C)=CCCC(C)=CCc1cc(O)c2ccccc2c1O,2-demethylmenaquinol-9,4,57
2575,CC(C)=CCCC(C)=CCCC(C)=CCCC(C)=CCCC(C)=CCCC(C)=CCCC(C)=CCCC(C)=CCCC(C)=CCc1cc(O)cc(C)c1O,"2-methyl-6-(all-trans-nonaprenyl)benzene-1,4-diol",2,54
2576,CC(C)=CCCC(C)=CCCC(C)=CCCC(C)=CCCC(C)=CCCC(C)=CCCC(C)=CCCC(C)=CCCC(C)=CCc1cccc(O)c1O,"3-(all-trans-nonaprenyl)benzene-1,2-diol",4,53
2577,CC(C)=CCCC(C)=CCCC(C)=CCCC(C)=CCCC(C)=CCCC(C)=CCCC(C)=CCCC(C)=CCCC(C)=CCc1ccccc1O,2-all-trans-nonaprenylphenol,4,52
2578,CC(C)=CCCC(C)=CCCC(C)=CCCC(C)=CCCC(C)=CCCC(C)=CCCC(C)=CCCC(C)=CCO,all-trans-octaprenol,2,41
2579,CC(C)=CCCC(C)=CCCC(C)=CCCC(C)=CCCC(C)=CCCC(C)=CCCC(C)=CCCC(C)=CCOP(=O)(O)O,all-trans-octaprenyl phosphate,2,45
2580,CC(C)=CCCC(C)=CCCC(C)=CCCC(C)=CCCC(C)=CCCC(C)=CCCC(C)=CCCC(C)=CCOP(=O)(O)OP(=O)(O)O,all-trans-octaprenyl diphosphate,4,49
2581,CC(C)=CCCC(C)=CCCC(C)=CCCC(C)=CCCC(C)=CCCC(C)=CCCC(C)=CCCC(C)=CCc1c(C)c(O)c2ccccc2c1O,menaquinol-8,11,53
2582,CC(C)=CCCC(C)=CCCC(C)=CCCC(C)=CCCC(C)=CCCC(C)=CCCC(C)=CCCC(C)=CCc1cc(C(=O)O)cc(O)c1O,"3,4-dihydroxy-5-(all-trans-octaprenyl)benzoate",2,51
2583,CC(C)=CCCC(C)=CCCC(C)=CCCC(C)=CCCC(C)=CCCC(C)=CCCC(C)=CCCC(C)=CCc1cc(C(=O)O)ccc1O,4-hydroxy-3-(all-trans-octaprenyl)benzoate,4,50
2584,CC(C)=CCCC(C)=CCCC(C)=CCCC(C)=CCCC(C)=CCCC(C)=CCCC(C)=CCCC(C)=CCc1cc(O)c2ccccc2c1O,2-demethylmenaquinol-8,8,52
2585,CC(C)=CCCC(C)=CCCC(C)=CCCC(C)=CCCC(C)=CCCC(C)=CCCC(C)=CCCC(C)=CCc1cccc(O)c1O,"3-(all-trans-octaprenyl)benzene-1,2-diol",4,48
2586,CC(C)=CCCC(C)=CCCC(C)=CCCC(C)=CCCC(C)=CCCC(C)=CCCC(C)=CCCC(C)=CCc1ccccc1O,2-all-trans-octaprenylphenol,4,47
2587,CC(C)=CCCC(C)=CCCC(C)=CCCC(C)=CCCC(C)=CCCC(C)=CCCC(C)=CCOCC(O)COP(=O)(O)O,3-heptaprenyl-sn-glycero-1-phosphate,2,45
2588,CC(C)=CCCC(C)=CCCC(C)=CCCC(C)=CCCC(C)=CCCC(C)=CCCC(C)=CCOP(=O)(O)OP(=O)(O)O,all-trans-heptaprenyl diphosphate,10,44
2589,CC(C)=CCCC(C)=CCCC(C)=CCCC(C)=CCCC(C)=CCCC(C)=CCCC(C)=CCc1c(C)c(O)c2ccccc2c1O,menaquinol-7,5,48
2590,CC(C)=CCCC(C)=CCCC(C)=CCCC(C)=CCCC(C)=CCCC(C)=CCCC(C)=CCc1cc(C(=O)O)cc(O)c1O,"3,4-dihydroxy-5-(all-trans-heptaprenyl)benzoate",2,46
2591,CC(C)=CCCC(C)=CCCC(C)=CCCC(C)=CCCC(C)=CCCC(C)=CCCC(C)=CCc1cc(C(=O)O)ccc1O,4-hydroxy-3-(all-trans-heptaprenyl)benzoate,4,45
2592,CC(C)=CCCC(C)=CCCC(C)=CCCC(C)=CCCC(C)=CCCC(C)=CCCC(C)=CCc1cc(O)c2ccccc2c1O,2-demethylmenaquinol-7,4,47
2593,CC(C)=CCCC(C)=CCCC(C)=CCCC(C)=CCCC(C)=CCCC(C)=CCCC(C)=CCc1cccc(O)c1O,"3-(all-trans-heptaprenyl)benzene-1,2-diol",4,43
2594,CC(C)=CCCC(C)=CCCC(C)=CCCC(C)=CCCC(C)=CCCC(C)=CCCC(C)=CCc1ccccc1O,2-all-trans-heptaprenylphenol,4,42
2595,CC(C)=CCCC(C)=CCCC(C)=CCCC(C)=CCCC(C)=CCCC(C)=CCO,all-trans-hexaprenol,2,31
2596,CC(C)=CCCC(C)=CCCC(C)=CCCC(C)=CCCC(C)=CCCC(C)=CCOP(=O)(O)O,all-trans-hexaprenyl phosphate,2,35
2597,CC(C)=CCCC(C)=CCCC(C)=CCCC(C)=CCCC(C)=CCCC(C)=CCOP(=O)(O)OP(=O)(O)O,all-trans-hexaprenyl diphosphate,14,39
2598,CC(C)=CCCC(C)=CCCC(C)=CCCC(C)=CCCC(C)=CCCC(C)=CCc1c(C)c(O)c2c(C)cccc2c1O,8-methylmenaquinol-6,1,44
2599,CC(C)=CCCC(C)=CCCC(C)=CCCC(C)=CCCC(C)=CCCC(C)=CCc1c(C)c(O)c2ccccc2c1O,menaquinol-6,2,43
2600,CC(C)=CCCC(C)=CCCC(C)=CCCC(C)=CCCC(C)=CCCC(C)=CCc1cc(C(=O)O)cc(O)c1O,"3,4-dihydroxy-5-(all-trans-hexaprenyl)benzoate",2,41
2601,CC(C)=CCCC(C)=CCCC(C)=CCCC(C)=CCCC(C)=CCCC(C)=CCc1cc(C(=O)O)ccc1N,4-amino-3-(all-trans-hexaprenyl)benzoate,2,40
2602,CC(C)=CCCC(C)=CCCC(C)=CCCC(C)=CCCC(C)=CCCC(C)=CCc1cc(C(=O)O)ccc1O,4-hydroxy-3-(all-trans-hexaprenyl)benzoate,4,40
2603,CC(C)=CCCC(C)=CCCC(C)=CCCC(C)=CCCC(C)=CCCC(C)=CCc1cc(O)c2ccccc2c1O,2-demethylmenaquinol-6,4,42
2604,CC(C)=CCCC(C)=CCCC(C)=CCCC(C)=CCCC(C)=CCCC(C)=CCc1cccc(O)c1O,"3-(all-trans-hexaprenyl)benzene-1,2-diol",2,38
2605,CC(C)=CCCC(C)=CCCC(C)=CCCC(C)=CCCC(C)=CCCC(C)=CCc1ccccc1O,2-all-trans-hexaprenylphenol,2,37
2606,CC(C)=CCCC(C)=CCCC(C)=CCCC(C)=CCCC(C)=CCCC(C)C1=CCC(C)=CC1,(R)-tetraprenyl-beta-curcumene,4,35
2607,CC(C)=CCCC(C)=CCCC(C)=CCCC(C)=CCCC(C)=CCO,"(2E,6E,10E,14E)-geranylfarnesol",5,26
2608,CC(C)=CCCC(C)=CCCC(C)=CCCC(C)=CCCC(C)=CCOCC(COP(=O)(O)O)OCC=C(C)CCC=C(C)CCC=C(C)CCC=C(C)CCC=C(C)C,"2,3-bis-O-(geranylfarnesyl)-sn-glycerol 1-phosphate",2,60
2609,CC(C)=CCCC(C)=CCCC(C)=CCCC(C)=CCCC(C)=CCOCC(O)COP(=O)(O)O,sn-3-(O-farnesylgeranyl)glycerol 1-phosphate,4,35
2610,CC(C)=CCCC(C)=CCCC(C)=CCCC(C)=CCCC(C)=CCOP(=O)(O)OP(=O)(O)O,"(2E,6E,10E,14E)-geranylfarnesyl diphosphate",16,34
2611,CC(C)=CCCC(C)=CCCC(C)=CCCC(C)=CCCC(C)CCOc1ccc2c(c1)Nc1ccccc1N2,dihydromethanophenazine,2,40
2612,CC(C)=CCCC(C)=CCCC(C)=CCCC(C)=CCCC(C)CCOc1ccc2nc3ccccc3nc2c1,methanophenazine,2,40
2613,CC(C)=CCCC(C)=CCCC(C)=CCCC(C)=CCO,"(2E,6E,10E)-geranylgeraniol",14,21
2614,CC(C)=CCCC(C)=CCCC(C)=CCCC(C)=CCOCC(COP(=O)(O)O)OCC=C(C)CCC=C(C)CCC=C(C)CCC=C(C)C,"2,3-bis-O-(geranylgeranyl)-sn-glycerol 1-phosphate",4,50
2615,CC(C)=CCCC(C)=CCCC(C)=CCCC(C)=CCOCC(COP(=O)(O)OCC(N)C(=O)O)OCC=C(C)CCC=C(C)CCC=C(C)CCC=C(C)C,archaetidylserine,4,56
2616,CC(C)=CCCC(C)=CCCC(C)=CCCC(C)=CCOCC(COP(=O)(O)OCCN)OCC=C(C)CCC=C(C)CCC=C(C)CCC=C(C)C,archaetidylethanolamine,2,53
2617,CC(C)=CCCC(C)=CCCC(C)=CCCC(C)=CCOCC(COP(=O)(O)OP(=O)(O)OCC1OC(n2ccc(N)nc2=O)C(O)C1O)OCC=C(C)CCC=C(C)CCC=C(C)CCC=C(C)C,"CDP-2,3-bis-O-(geranylgeranyl)-sn-glycerol",4,70
2618,CC(C)=CCCC(C)=CCCC(C)=CCCC(C)=CCOCC(O)COP(=O)(O)O,sn-3-O-(geranylgeranyl)glycerol 1-phosphate,4,30
2619,CC(C)=CCCC(C)=CCCC(C)=CCCC(C)=CCOP(=O)(O)O,"(2E,6E,10E)-geranylgeranyl phosphate",12,25
2620,CC(C)=CCCC(C)=CCCC(C)=CCCC(C)=CCOP(=O)(O)OP(=O)(O)O,geranylgeranyl diphosphate,54,29
2621,CC(C)=CCCC(C)=CCCC(C)=CCCC(C)=CCSCC(N)C(=O)NCC(=O)O,"S-[(2E,6E,10E)-geranylgeranyl]-L-cysteinylglycine",2,31
2622,CC(C)=CCCC(C)=CCCC(C)=CCCC(C)=CCSCC(N)C(=O)O,"[(2E,6E,10E)-geranylgeranyl]-L-cysteine",2,27
2623,CC(C)=CCCC(C)=CCCC(C)=CCCC(C)=CCSCC(NC(=O)CCC(N)C(=O)O)C(=O)NCC(=O)O,"S-[(2E,6E,10E)-geranylgeranyl]-L-glutathione",4,40
2624,CC(C)=CCCC(C)=CCCC(C)=CCCC(C)=CCc1c(C)c(O)c2ccccc2c1O,menaquinol-4,4,33
2625,CC(C)=CCCC(C)=CCCC(C)=CCCC(C)=CCc1c(O)cc(C)oc1=O,"(2E,6E,10E)-geranylgeranyl-triacetate lactone",2,29
2626,CC(C)=CCCC(C)=CCCC(C)=CCCC(C)=CCc1cc(O)c(C)c(C)c1O,"6-geranylgeranyl-2,3-dimethylbenzene-1,4-diol",4,30
2627,CC(C)=CCCC(C)=CCCC(C)=CCCC(C)=CCc1cc(O)cc(C)c1O,"6-geranylgeranyl-2-methylbenzene-1,4-diol",4,29
2628,CC(C)=CCCC(C)=CCCC(C)=CCCC1(C)C2CC=C(C)C1C2,somaliensene A,2,25
2629,CC(C)=CCCC(C)=CCCC(C)=CCCC1(C)CCc2c(C)c(O)c(C)c(C)c2O1,alpha-tocotrienol,2,31
2630,CC(C)=CCCC(C)=CCCC(C)=CCCC1(C)CCc2c(C)c(O)cc(C)c2O1,beta-tocotrienol,2,30
2631,CC(C)=CCCC(C)=CCCC(C)=CCCC1(C)CCc2cc(O)c(C)c(C)c2O1,gamma-tocotrienol,4,30
2632,CC(C)=CCCC(C)=CCCC(C)=CCCC1(C)CCc2cc(O)cc(C)c2O1,delta-tocotrienol,4,29
2633,CC(C)=CCCC(C)=CCCC(C)=CCCC=C(C)CCC=C(C)CCC1OC1(C)C,"(S)-2,3-epoxysqualene",3,31
2634,CC(C)=CCCC(C)=CCCC(C)=CCCC=C(C)CCC=C(C)CCC=C(C)C,squalene,7,30
2635,CC(C)=CCCC(C)=CCCC(C)=CCO,"(2E,6E)-farnesol",14,16
2636,CC(C)=CCCC(C)=CCCC(C)=CCOP(=O)(O)O,"(2E,6E)-farnesyl phosphate",10,20
2637,CC(C)=CCCC(C)=CCCC(C)=CCOP(=O)(O)OP(=O)(O)O,"(2Z,6Z)-farnesyl diphosphate",137,24
2638,CC(C)=CCCC(C)=CCCC(C)=CCOP(=O)(O)OP(=O)(O)OP(=O)(O)O,"(2E,6E)-farnesyl triphosphate",2,28
2639,CC(C)=CCCC(C)=CCCC(C)=CCSCC(N)C(=O)O,"S-(2E,6E)-farnesyl-L-cysteine",2,22
2640,CC(C)=CCCC(C)=CCCC(C)=CCc1c(O)c(C)c2c(c1O)C(=O)OC2,"4-farnesyl-3,5-dihydroxy-6-methylphthalide",4,28
2641,CC(C)=CCCC(C)=CCCC(C)=CCc1c(O)c(Cl)c(C)c(C=O)c1O,ilicicolin A,2,27
2642,CC(C)=CCCC(C)=CCCC(C)=CCc1c(O)cc(-c2cccnc2)oc1=O,"4-hydroxy-3-[(2E,6E)-farnesyl]-6-(pyridin-3-yl)-2H-pyran-2-one",4,29
2643,CC(C)=CCCC(C)=CCCC(C)=CCc1c(O)cc(C)c(C(=O)O)c1O,ilicicolinate B,2,27
2644,CC(C)=CCCC(C)=CCCC(C)=CCc1c(O)cc(O)c2c1CC(C)OC2=O,verruculide C,2,29
2645,CC(C)=CCCC(C)=CCCC(C)C1(C)CCC2=C1CCC1C2(C)CCC(O)C1(C)C,thalianol,1,31
2646,CC(C)=CCCC(C)=CCNC(CCC(=O)O)C(=O)O,N-geranyl-L-glutamate,2,20
2647,CC(C)=CCCC(C)=CCO,(2E)-geraniol,16,11
2648,CC(C)=CCCC(C)=CCOC(=O)c1ccccc1,(2E)-geranyl benzoate,2,19
2649,CC(C)=CCCC(C)=CCOP(=O)(O)O,(2E)-geranyl phosphate,6,15
2650,CC(C)=CCCC(C)=CCOP(=O)(O)OP(=O)(O)O,neryl diphosphate,62,19
2651,CC(C)=CCCC(C)=CCc1c(O)c(O)cc2ccc(=O)oc12,8-geranylesculetin,2,23
2652,CC(C)=CCCC(C)=CCc1c(O)ccc2ccc(=O)oc12,8-geranylumbelliferone,2,22
2653,CC(C)=CCCC(C)=CCc1cc(C(=O)O)ccc1O,3-geranyl-4-hydroxybenzoate,2,20
2654,CC(C)=CCCC(C)=COC=O,"(1E)-2,6-dimethylhepta-1,5-dien-1-yl formate",2,12
2655,CC(C)=CCCC(C)C12CC=C(C)C1C2,7-epi-sesquithujene,2,15
2656,CC(C)=CCCC(C)C1=CC=C(C)CC1,gamma-curcumene,2,15
2657,CC(C)=CCCC(C)C1=CCC(C)=CC1,(-)-beta-curcumene,2,15
2658,CC(C)=CCCC(C)C1C=CC(C)=CC1,alpha-zingiberene,2,15
2659,CC(C)=CCCC(C)C1CC=C2C3=C(CCC21C)C1(C)CCC(O)C(C)(C)C1CC3,"4,4-dimethyl-5alpha-cholesta-8,14,24-trien-3beta-ol",2,30
2660,CC(C)=CCCC(C)C1CCC2(C)C3=C(CCC12C)C1(C)CCC(O)C(C)(C)C1CC3,lanosterol,11,31
2661,CC(C)=CCCC(C)C1CCC2(C)C3CCC4C(C)(C)C(O)CCC45CC35CCC12C,cycloartenol,4,31
2662,CC(C)=CCCC(C)C1CCC2C3=C(CCC21C)C1(C)CCC(=O)C(C)C1CC3,3-dehydro-4-methylzymosterol,6,29
2663,CC(C)=CCCC(C)C1CCC2C3=C(CCC21C)C1(C)CCC(=O)CC1CC3,zymosterone,6,28
2664,CC(C)=CCCC(C)C1CCC2C3=C(CCC21C)C1(C)CCC(O)C(C(=O)O)C1CC3,4alpha-carboxyzymosterol,4,31
2665,CC(C)=CCCC(C)C1CCC2C3=C(CCC21C)C1(C)CCC(O)C(C)(C(=O)O)C1CC3,4beta-methylzymosterol-4alpha-carboxylate,6,32
2666,CC(C)=CCCC(C)C1CCC2C3=C(CCC21C)C1(C)CCC(O)C(C)(C)C1CC3,"4,4-dimethyl-5alpha-cholesta-8,24-dien-3beta-ol",6,30
2667,CC(C)=CCCC(C)C1CCC2C3=C(CCC21C)C1(C)CCC(O)C(C)(C=O)C1CC3,4beta-methylzymosterol-4alpha-carbaldehyde,4,31
2668,CC(C)=CCCC(C)C1CCC2C3=C(CCC21C)C1(C)CCC(O)C(C)(CO)C1CC3,4alpha-hydroxymethyl-4beta-methylzymosterol,4,31
2669,CC(C)=CCCC(C)C1CCC2C3=C(CCC21C)C1(C)CCC(O)C(C)C1CC3,4alpha-methylzymosterol,2,29
2670,CC(C)=CCCC(C)C1CCC2C3=C(CCC21C)C1(C)CCC(O)CC1CC3,zymosterol,10,28
2671,CC(C)=CCCC(C)C1CCC2C3=CC=C4CC(O)CCC4(C)C3CCC21C,7-dehydrodesmosterol,8,28
2672,CC(C)=CCCC(C)C1CCC2C3=CCC4CC(O)CCC4(C)C3CCC21C,"5alpha-cholesta-7,24-dien-3beta-ol",6,28
2673,CC(C)=CCCC(C)C1CCC2C3CC=C4CC(O)CCC4(C)C3CCC12C,desmosterol,6,28
2674,CC(C)=CCCC(C)CC(=O)O,(S)-(-)-citronellate,2,12
2675,CC(C)=CCCC(C)CC=O,(S)-(-)-citronellal,4,11
2676,CC(C)=CCCC(C)CCO,(S)-(-)-citronellol,2,11
2677,CC(C)=CCCC(C)O,sulcatol,2,9
2678,CC(C)=CCCC(O)(CC(=O)O)CC(=O)SCCNC(=O)CCNC(=O)C(O)C(C)(C)COP(=O)(O)OP(=O)(O)OCC1OC(n2cnc3c(N)ncnc32)C(O)C1OP(=O)(O)O,3-hydroxy-3-(4-methylpent-3-en-1-yl)glutaryl-CoA,4,63
2679,CC(C)=CCCC1(C)C2CC3C(C2)C31C,(+)-alpha-santalene,2,15
2680,CC(C)=CCCC1(C)C2CC=C(C)C1C2,"(1S,5S,6S)-alpha-bergamotene",2,15
2681,CC(C)=CCNC(CCC(=O)O)C(=O)O,prekainate,2,15
2682,CC(C)=CCNc1nc[nH]c2ncnc1-2,,1,15
2683,CC(C)=CCNc1ncn(CCC(N)C(=O)O)c2ncnc1-2,discadenine,1,22
2684,CC(C)=CCNc1ncnc2c1ncn2C1OC(COP(=O)(O)O)C(O)C1O,N(6)-(dimethylallyl)adenosine 5'-phosphate,6,28
2685,CC(C)=CCNc1ncnc2c1ncn2C1OC(COP(=O)(O)OP(=O)(O)O)C(O)C1O,N(6)-(dimethylallyl)adenosine 5'-diphosphate,4,32
2686,CC(C)=CCNc1ncnc2c1ncn2C1OC(COP(=O)(O)OP(=O)(O)OP(=O)(O)O)C(O)C1O,N(6)-(dimethylallyl)adenosine 5'-triphosphate,4,36
2687,CC(C)=CCNc1ncnc2nc[nH]c12,,2,15
2688,CC(C)=CCO,prenol,4,6
2689,CC(C)=CCOP(=O)(O)O,dimethylallyl phosphate,2,10
2690,CC(C)=CCOP(=O)(O)OP(=O)(O)O,dimethylallyl diphosphate,118,14
2691,CC(C)=CCOc1ccc(CC(N)C(=O)O)cc1,4-O-dimethylallyl-L-tyrosine,2,18
2692,CC(C)=CCc1[nH]c2cc(O)ccc2c1CC1NC(=O)C2CCCN2C1=O,6-hydroxytryprostatin B,2,27
2693,CC(C)=CCc1[nH]c2ccccc2c1CC1NC(=O)C2CCCN2C1=O,tryprostatin B,4,26
2694,CC(C)=CCc1c(O)c(CC=C(C)C)c(O)c(C(=O)C(C)C)c1O,deoxycohumulone,2,24
2695,CC(C)=CCc1c(O)c(CC=C(C)C)c(O)c(C(=O)CC(C)C)c1O,deoxyhumulone,2,25
2696,CC(C)=CCc1c(O)cc(O)c(C(=O)C(C)C)c1O,4-prenylphlorisobutanophenone,4,19
2697,CC(C)=CCc1c(O)cc(O)c(C(=O)C=Cc2ccc(O)cc2)c1O,desmethylxanthohumol,4,25
2698,CC(C)=CCc1c(O)cc(O)c(C(=O)CC(C)C)c1O,4-prenylphlorisovalerophenone,4,20
2699,CC(C)=CCc1c(O)cc(O)c2c1OC(c1ccc(O)cc1)CC2=O,sophoraflavanone B,2,25
2700,CC(C)=CCc1c(O)cc(O)c2c1OC(c1ccc(O)cc1O)CC2=O,leachianone G,2,26
2701,CC(C)=CCc1c(O)cc(O)c2c1OCC(c1ccc(O)cc1O)C2=O,kievitone,2,26
2702,CC(C)=CCc1c(O)ccc2c1OC1c3ccc(O)cc3OCC21,phaseollidin,2,24
2703,CC(C)=CCc1c(O)ccc2c1OCC1(O)c3ccc(O)cc3OC21,"(6aS,11aS)-4-dimethylallyl-3,6a,9-trihydroxypterocarpan",2,25
2704,CC(C)=CCc1c(O)ccc2ccc(=O)oc12,osthenol,2,17
2705,CC(C)=CCc1cc(C(=O)Nc2c(O)c3ccc(O)c(C)c3oc2=O)ccc1O,novobiocic acid,4,29
2706,CC(C)=CCc1cc(C(=O)Nc2c(O)c3ccc(O)cc3oc2=O)ccc1O,8-desmethylnovobiocic acid,4,28
2707,CC(C)=CCc1cc(C(=O)Nc2c(O)c3ccc(OC4OC(C)(C)C(O)C(O)C4O)c(C)c3oc2=O)ccc1O,desmethyldescarbamoylnovobiocin,4,40
2708,CC(C)=CCc1cc(C(=O)O)ccc1O,3-dimethylallyl-4-hydroxybenzoate,4,15
2709,CC(C)=CCc1cc(C(O)C(=O)O)ccc1O,3-dimethylallyl-4-hydroxymandelate,4,17
2710,CC(C)=CCc1cc(CC(=O)C(=O)O)ccc1O,3-dimethylallyl-4-hydroxyphenylpyruvate,4,18
2711,CC(C)=CCc1cc2c(cc1O)OCC1(O)c3ccc(O)cc3OC21,"(6aS,11aS)-2-dimethylallyl-3,6a,9-trihydroxypterocarpan",2,25
2712,CC(C)=CCc1cc2c(cc1O)[nH]c1c(C)nccc12,6-(3-dimethylallyl)harmol,2,20
2713,CC(C)=CCc1cc2ccc(=O)oc2cc1O,demethylsuberosin,2,17
2714,CC(C)=CCc1cccc2[nH]cc(CC(N)C(=O)O)c12,4-(3-methylbut-2-enyl)-L-tryptophan,4,20
2715,CC(C)=CCc1cccc2[nH]cc(CC3NC(=O)C(=C(C)O)C3=O)c12,beta-cyclopiazonate,2,25
2716,CC(C)=CCc1cccc2c(CC(N)C(=O)O)c[nH]c12,7-(3-methylbut-2-enyl)-L-tryptophan,2,20
2717,CC(C)=CCc1cccc2c1Nc1c(cccc1C(=O)O)N2,"5,10-dihydro-9-dimethylallylphenazine 1-carboxylate",2,22
2718,CC(C)=NO,acetone oxime,2,5
2719,CC(C)=O,acetone,18,4
2720,CC(C)C#N,2-methylpropanenitrile,2,5
2721,CC(C)C(=CC(=O)O)C(=O)O,2-isopropylmaleate,4,11
2722,CC(C)C(=O)C(=O)O,3-methyl-2-oxobutanoate,34,8
2723,CC(C)C(=O)C=CC(C(=O)O)=C(O)C(=O)O,"3-carboxy-2-hydroxy-7-methyl-6-oxo-(2Z,4Z)-octadienoate",4,16
2724,CC(C)C(=O)C=CC=C(O)C(=O)O,"2-hydroxy-7-methyl-6-oxo-(2E,4E)-octadienoate",2,13
2725,CC(C)C(=O)CC(=O)O,4-methyl-3-oxopentanoate,2,9
2726,CC(C)C(=O)CO,1-hydroxy-3-methylbutan-2-one,2,7
2727,CC(C)C(=O)O,2-methylpropanoate,6,6
2728,CC(C)C(=O)OC(CC(=O)O)C[N+](C)(C)C,O-isobutanoyl-(R)-carnitine,2,16
2729,CC(C)C(=O)OP(=O)(O)O,2-methylpropanoyl phosphate,2,10
2730,CC(C)C(=O)SCCNC(=O)CCNC(=O)C(O)C(C)(C)COP(=O)(O)OP(=O)(O)OCC1OC(n2cnc3c(N)ncnc32)C(O)C1OP(=O)(O)O,2-methylpropanoyl-CoA,16,53
2731,CC(C)C(=O)c1c(O)cc(O)cc1O,phlorisobutanophenone,2,14
2732,CC(C)C(C(=O)O)C(=O)C(=O)O,(2S)-2-isopropyl-3-oxosuccinate,4,12
2733,CC(C)C(C(=O)O)C(O)C(=O)O,"(2R,3S)-3-isopropylmalate",8,12
2734,CC(C)C(C(=O)O)N(O)O,"N,N-dihydroxy-L-valine",2,10
2735,CC(C)C(C)C(=O)C(=O)O,"(3R)-3,4-dimethyl-2-oxopentanoate",2,10
2736,CC(C)C(C)C(O)C(O)C(C)C1CCC2C3CCC4=CC(=O)CCC4(C)C3CCC12C,"(22R,23R)-22,23-dihydroxycampest-4-en-3-one",2,31
2737,CC(C)C(C)C(O)C(O)C(C)C1CCC2C3CCC4CC(=O)CCC4(C)C3CCC12C,3-dehydro-6-deoxoteasterone,2,31
2738,CC(C)C(C)C=CC(C)C1CCC2C3=CC=C4CC(O)CCC4(C)C3CCC21C,ergosterol,22,29
2739,CC(C)C(C)C=CC(C)C1CCC2C3=CC=C4CC(OC(=O)C(N)CC(=O)O)CCC4(C)C3CCC21C,1-(ergostan-3beta-yl)-L-aspartate,4,37
2740,CC(C)C(C)C=CC(C)C1CCC2C3=CC=C4CC(OC5OC(CO)C(O)C(O)C5O)CCC4(C)C3CCC21C,ergosteryl 3-beta-D-glucoside,4,40
2741,CC(C)C(C)C=CC(C)C1CCC2C3=CCC4(O)CC(O)CCC4(C)C3CCC21C,"5alpha-ergosta-7,22-diene-3beta,5-diol",2,30
2742,CC(C)C(C)C=CC(C)C1CCC2C3CC=C4CC(O)CCC4(C)C3CCC12C,brassicasterol,2,29
2743,CC(C)C(C)C=CC(C)C1CCC2C3CC=C4CC(OC5OC(CO)C(O)C(O)C5O)CCC4(C)C3CCC12C,brassicasterol 3-beta-D-glucoside,2,40
2744,CC(C)C(C)CC(O)C(C)C1CCC2C3CCC4=CC(=O)CCC4(C)C3CCC12C,(22S)-22-hydroxycampest-4-en-3-one,2,30
2745,CC(C)C(C)CC(O)C(C)C1CCC2C3CCC4CC(=O)CCC4(C)C3CCC12C,"(22S,24R)-22-hydroxy-5alpha-ergostan-3-one",2,30
2746,CC(C)C(C)CCC(C)C1CCC2C3=CC=C4CC(O)CCC4(C)C3CCC21C,"ergosta-5,7-dien-3betabeta-ol",4,29
2747,CC(C)C(C)CCC(C)C1CCC2C3CC=C4CC(O)CCC4(C)C3CCC12C,campesterol,4,29
2748,CC(C)C(C)CCC(C)C1CCC2C3CC=C4CC(OC5OC(CO)C(O)C(O)C5O)CCC4(C)C3CCC12C,campesteryl 3-beta-D-glucoside,4,40
2749,CC(C)C(C)CCC(C)C1CCC2C3CCC4=CC(=O)CCC4(C)C3CCC12C,campest-4-en-3-one,2,29
2750,CC(C)C(C)CCC(C)C1CCC2C3CCC4CC(=O)CCC4(C)C3CCC12C,5alpha-campestan-3-one,2,29
2751,CC(C)C(C)N,3-methyl-2-aminobutane,2,6
2752,CC(C)C(CCC(C)C1CCC2C3CC=C4CC(O)CCC4(C)C3CCC12C)OS(=O)(=O)O,(24S)-hydroxycholesterol 24-sulfate,4,33
2753,CC(C)C(CCC(C)C1CCC2C3CC=C4CC(OS(=O)(=O)O)CCC4(C)C3CCC12C)OS(=O)(=O)O,"(24S)-hydroxycholesterol 3,24-disulfate",2,37
2754,CC(C)C(N)C(=O)O,L-valine,28,8
2755,CC(C)C(N)CC(=O)O,(3R)-beta-leucine,4,9
2756,CC(C)C(N)CO,(2S)-2-amino-3-methylbutan-1-ol,2,7
2757,CC(C)C(N=CC1(O)OCC(O)C(O)C1O)C(=O)O,"(2S)-3-methyl-2-[(E)-{[(2R,3S,4R,5R)-2,3,4,5-tetrahydroxyoxan-2-yl]methylidene}amino]butanoate",2,19
2758,CC(C)C(NC(=N)N)C(=O)O,N-amidino-L-valine,2,11
2759,CC(C)C(NC(=O)C(CN)NC(=O)C1OC1C(N)=O)C(=O)O,dapdiamide E,2,22
2760,CC(C)C(NC(=O)C(Cc1ccccc1)NC(=O)C1CCCN1C(=O)C(N)Cc1ccc(O)cc1)C(=O)NC(CCC(=O)O)C(=O)N1CCCC1C(=O)O,beta-casomorphin-6,2,54
2761,CC(C)C(NC(=O)C(N)CNC(=O)C=CC(N)=O)C(=O)O,dapdiamide A,2,21
2762,CC(C)C(NC(=O)C1CCCN1C(=O)C(N)Cc1ccc(O)cc1)C(=O)NC(CCC(=O)O)C(=O)N1CCCC1C(=O)O,neocasomorphin-(1-5),2,43
2763,CC(C)C(NCC1(O)OCC(O)C(O)C1O)C(=O)O,N-(1-deoxy-beta-D-fructopyranos-1-yl)-L-valine,2,19
2764,CC(C)C(O)(CC(=O)O)C(=O)O,(2S)-2-isopropylmalate,6,12
2765,CC(C)C(O)C#N,(2S)-2-hydroxy-3-methylbutanenitrile,2,7
2766,CC(C)C(O)C(=O)O,(R)-2-hydroxy-3-methylbutanoate,2,8
2767,CC(C)C(O)C(=O)SCCNC(=O)CCNC(=O)C(O)C(C)(C)COP(=O)(O)OP(=O)(O)OCC1OC(n2cnc3c(N)ncnc32)C(O)C1OP(=O)(O)O,2-hydroxy-3-methylbutanoyl-CoA,2,55
2768,CC(C)C(O)CCC(C)C1CCC2C3C(O)C=C4CC(O)CCC4(C)C3CCC12C,(24S)-7alpha-dihydroxycholesterol,2,30
2769,CC(C)C(O)CCC(C)C1CCC2C3C(O)CC4=CC(=O)CCC4(C)C3CCC12C,"(24S)-7alpha,24-dihydroxycholest-4-en-3-one",2,30
2770,CC(C)C(O)CCC(C)C1CCC2C3CC=C4CC(O)CCC4(C)C3CCC12C,(24S)-hydroxycholesterol,6,29
2771,CC(C)C(O)CCC(C)C1CCC2C3CC=C4CC(OS(=O)(=O)O)CCC4(C)C3CCC12C,(24S)-hydroxycholesterol 3-sulfate,2,33
2772,CC(C)C1=C2C3CC(O)C(CO)=CC(=O)C3(C)CCC2(C)CC1,cyathin A3,2,23
2773,CC(C)C1=C2C3CC(O)C(CO)=CC(O)C3(C)CCC2(C)CC1,cyathatriol,2,23
2774,CC(C)C1=CC2=CCC3C(C)(C(=O)O)CCCC3(C)C2CC1,"abieta-7,13-dien-18-oate",2,22
2775,CC(C)C1=CC2=CCC3C(C)(C(O)O)CCCC3(C)C2CC1,"abieta-7,13-dien-18,18-diol",2,22
2776,CC(C)C1=CC2=CCC3C(C)(C)CCCC3(C)C2CC1,"abieta-7,13-diene",2,20
2777,CC(C)C1=CC2=CCC3C(C)(C=O)CCCC3(C)C2CC1,"abieta-7,13-dien-18-al",4,21
2778,CC(C)C1=CC2CC3(C=O)C4CCC(C)C4CC2(CO)C13C(=O)O,sordaricin,2,24
2779,CC(C)C1=CC2CC3(C=O)C4CCC(C)C4CC2(COC2OC(C)C(O)C(O)C2O)C13C(=O)O,4'-O-demethylsordarin,2,34
2780,CC(C)C1=CC=C(C(=O)O)C(O)C1O,"(2R,3S)-2,3-dihydroxy-2,3-dihydro-p-cumate",1,14
2781,CC(C)C1=CCC2C(=C1)CCC1C(C)(C=O)CCCC21C,levopimaradienal,2,21
2782,CC(C)C1=CCC2C(=C1)CCC1C(C)(CO)CCCC21C,levopimaradienol,2,21
2783,CC(C)C=CC(=O)SCCNC(=O)CCNC(=O)C(O)C(C)(C)COP(=O)(O)OP(=O)(O)OCC1OC(n2cnc3c(N)ncnc32)C(O)C1OP(=O)(O)O,4-methylpent-2-enoyl-CoA,2,55
2784,CC(C)C=CCCCCC(=O)SCCNC(=O)CCNC(=O)C(O)C(C)(C)COP(=O)(O)OP(=O)(O)OCC1OC(n2cnc3c(N)ncnc32)C(O)C1OP(=O)(O)O,(6E)-8-methylnon-6-enoyl-CoA,4,59
2785,CC(C)C=NO,2-methylpropanal oxime,6,6
2786,CC(C)C=O,2-methylpropanal,14,5
2787,CC(C)CC(=O)C(=O)O,4-methyl-2-oxopentanoate,28,9
2788,CC(C)CC(=O)CO,1-hydroxy-4-methylpentan-2-one,2,8
2789,CC(C)CC(=O)O,3-methylbutanoate,8,7
2790,CC(C)CC(=O)OC(CC(=O)O)C[N+](C)(C)C,O-3-methylbutanoyl-(R)-carnitine,2,17
2791,CC(C)CC(=O)SCCNC(=O)CCNC(=O)C(O)C(C)(C)COP(=O)(O)OP(=O)(O)OCC1OC(n2cnc3c(N)ncnc32)C(O)C1OP(=O)(O)O,3-methylbutanoyl-CoA,14,54
2792,CC(C)CC(=O)c1c(O)cc(O)cc1O,phlorisovalerophenone,2,15
2793,CC(C)CC(C)(O)C#N,"(2S)-2-hydroxy-2,4-dimethylpentanenitrile",2,9
2794,CC(C)CC(N)C(=O)O,L-leucine,42,9
2795,CC(C)CC(N)CO,(S)-leucinol,2,8
2796,CC(C)CC(N=CC1(O)OCC(O)C(O)C1O)C(=O)O,"(2S)-4-methyl-2-[(E)-{[(2R,3S,4R,5R)-2,3,4,5-tetrahydroxyoxan-2-yl]methylidene}amino]pentanoate",2,20
2797,CC(C)CC(NC(=N)N)C(=O)O,N-amidino-L-leucine,2,12
2798,CC(C)CC(NC(=O)C(C)N)C(=O)O,L-alanyl-L-leucine,4,14
2799,CC(C)CC(NC(=O)C(Cc1ccccc1)NC(=O)CNC(=O)CNC(=O)C(N)Cc1ccc(O)cc1)C(=O)O,Leu-enkephalin,2,40
2800,CC(C)CC(NC(=O)C(N)CNC(=O)C=CC(N)=O)C(=O)O,dapdiamide C,2,22
2801,CC(C)CC(NC(=O)C(N)Cc1c[nH]cn1)C(=O)O,L-histidyl-L-leucine,2,19
2802,CC(C)CC(NC(=O)C(N)Cc1ccccc1)C(=O)O,L-phenylalanyl-L-leucine,2,20
2803,CC(C)CC(NC(=O)C(O)C(O)C(N)CC(N)=O)C1Cc2cccc(O)c2C(=O)O1,amicoumacin A,4,30
2804,CC(C)CC(NC(=O)C(OP(=O)(O)O)C(O)C(N)CC(N)=O)C1Cc2cccc(O)c2C(=O)O1,amicoumacin A 2-phosphate,4,34
2805,CC(C)CC(NC(=O)C1CCC(=O)N1)C(=O)NC(Cc1ccc(O)cc1)C(=O)NC(CCC(=O)O)C(=O)NC(CC(N)=O)C(=O)NC(CCCCN)C(=O)N1CCCC1C(=O)NC(CCCNC(=N)N)C(=O)NC(CCCNC(=N)N)C(=O)N1CCCC1C(=O)NC(Cc1ccc(O)cc1)C(=O)O,neurotensin(1-11),2,103
2806,CC(C)CC(NC(=O)C1CCC(=O)N1)C(=O)NC(Cc1ccc(O)cc1)C(=O)NC(CCC(=O)O)C(=O)NC(CC(N)=O)C(=O)NC(CCCCN)C(=O)N1CCCC1C(=O)NC(CCCNC(=N)N)C(=O)NC(CCCNC(=N)N)C(=O)N1CCCC1C(=O)O,neurotensin(1-10),2,91
2807,CC(C)CC(NC(=O)C1CCC(=O)N1)C(=O)NC(Cc1ccc(O)cc1)C(=O)NC(CCC(=O)O)C(=O)NC(CC(N)=O)C(=O)NC(CCCCN)C(=O)N1CCCC1C(=O)NC(CCCNC(=N)N)C(=O)O,neurotensin-(1-8),2,73
2808,CC(C)CC(NC(=O)C1CCC(=O)N1)C(=O)NC(Cc1ccc(O)cc1)C(=O)NC(CCC(=O)O)C(=O)NC(CC(N)=O)C(=O)NC(CCCCN)C(=O)N1CCCC1C(=O)O,neurotensin-(1-7),2,62
2809,CC(C)CC(NC(=O)OCc1ccccc1)C(=O)O,N-benzyloxycarbonyl-L-leucine,2,19
2810,CC(C)CC(NCC1(O)OCC(O)C(O)C1O)C(=O)O,N-(1-deoxy-beta-D-fructopyranos-1-yl)-L-leucine,2,20
2811,CC(C)CC(O)C(=O)O,(2R)-hydroxy-4-methylpentanoate,8,9
2812,CC(C)CC(O)C(=O)SCCNC(=O)CCNC(=O)C(O)C(C)(C)COP(=O)(O)OP(=O)(O)OCC1OC(n2cnc3c(N)ncnc32)C(O)C1OP(=O)(O)O,(R)-2-hydroxy-4-methylpentanoyl-CoA,4,56
2813,CC(C)CC1NC(=O)C(=Cc2ccccc2)NC1=O,"cyclo[(Z)-alpha,beta-didehydrophenylalanyl-L-leucyl]",2,19
2814,CC(C)CC1NC(=O)C(Cc2ccccc2)NC1=O,cyclo(L-phenylalanyl-L-leucyl),2,19
2815,CC(C)CC=O,3-methylbutanal,10,6
2816,CC(C)CCC(=O)O,4-methylpentanoate,6,8
2817,CC(C)CCC(=O)SCCNC(=O)CCNC(=O)C(O)C(C)(C)COP(=O)(O)OP(=O)(O)OCC1OC(n2cnc3c(N)ncnc32)C(O)C1OP(=O)(O)O,4-methylpentanoyl-CoA,6,55
2818,CC(C)CCC=O,4-methylpentanal,2,7
2819,CC(C)CCCC(C)C(=O)O,"2,6-dimethylheptanoate",2,11
2820,CC(C)CCCC(C)C(=O)OC(CC(=O)O)C[N+](C)(C)C,"O-2,6-dimethylheptanoyl-(R)-carnitine",2,21
2821,CC(C)CCCC(C)C(=O)SCCNC(=O)CCNC(=O)C(O)C(C)(C)COP(=O)(O)OP(=O)(O)OCC1OC(n2cnc3c(N)ncnc32)C(O)C1OP(=O)(O)O,"2,6-dimethylheptanoyl-CoA",4,58
2822,CC(C)CCCC(C)C1CC=C2C3=C(CCC21C)C1(C)CCC(O)C(C)(C)C1CC3,"4,4-dimethyl-8,14-cholestadien-3beta-ol",2,30
2823,CC(C)CCCC(C)C1CC=C2C3=C(CCC21C)C1(C)CCC(O)CC1CC3,"5alpha-cholest-8,14-dien-3beta-ol",2,28
2824,CC(C)CCCC(C)C1CCC2(C)C3=C(CCC12C)C1(C)CCC(O)C(C)(C)C1CC3,"24,25-dihydrolanosterol",2,31
2825,CC(C)CCCC(C)C1CCC2C3=C(CCC21C)C1(C)CCC(=O)C(C)C1CC3,4alpha-methyl-5alpha-cholest-8-en-3-one,6,29
2826,CC(C)CCCC(C)C1CCC2C3=C(CCC21C)C1(C)CCC(=O)CC1CC3,5alpha-cholest-8-en-3-one,6,28
2827,CC(C)CCCC(C)C1CCC2C3=C(CCC21C)C1(C)CCC(O)C(C(=O)O)C1CC3,4alpha-carboxy-5alpha-cholest-8-ene-3beta-ol,4,31
2828,CC(C)CCCC(C)C1CCC2C3=C(CCC21C)C1(C)CCC(O)C(C)(C(=O)O)C1CC3,4alpha-carboxy-4beta-methyl-5alpha-cholest-8-en-3beta-ol,4,32
2829,CC(C)CCCC(C)C1CCC2C3=C(CCC21C)C1(C)CCC(O)C(C)(C)C1CC3,"4,4-dimethyl-5alpha-cholest-8-en-3beta-ol",4,30
2830,CC(C)CCCC(C)C1CCC2C3=C(CCC21C)C1(C)CCC(O)C(C)C1CC3,4alpha-methyl-5alpha-cholest-8-en-3beta-ol,2,29
2831,CC(C)CCCC(C)C1CCC2C3=C(CCC21C)C1(C)CCC(O)CC1CC3,5alpha-cholest-8-en-3beta-ol,8,28
2832,CC(C)CCCC(C)C1CCC2C3=CC=C4CC(O)CCC4(C)C3CCC21C,7-dehydrocholesterol,10,28
2833,CC(C)CCCC(C)C1CCC2C3=CCC4C(C)(CCC(O)C4(C)C(=O)O)C3CCC21C,4alpha-carboxy-4beta-methyl-5alpha-cholest-7-ene-3beta-ol,4,32
2834,CC(C)CCCC(C)C1CCC2C3=CCC4C(C)C(=O)CCC4(C)C3CCC21C,4alpha-methyl-5alpha-cholest-7-en-3-one,8,29
2835,CC(C)CCCC(C)C1CCC2C3=CCC4C(C)C(O)CCC4(C)C3CCC21C,4alpha-methyl-5alpha-cholest-7-en-3beta-ol,2,29
2836,CC(C)CCCC(C)C1CCC2C3=CCC4CC(=O)CCC4(C)C3CCC21C,5alpha-cholest-7-en-3-one,4,28
2837,CC(C)CCCC(C)C1CCC2C3=CCC4CC(O)CCC4(C)C3CCC21C,lathosterol,6,28
2838,CC(C)CCCC(C)C1CCC2C3C(=O)C=C4CC(O)CCC4(C)C3CCC12C,7-oxocholesterol,2,29
2839,CC(C)CCCC(C)C1CCC2C3C(O)C=C4CC(O)CCC4(C)C3CCC12C,7alpha-hydroxycholesterol,6,29
2840,CC(C)CCCC(C)C1CCC2C3C(O)CC4=CC(=O)CCC4(C)C3CC(O)C12C,"7alpha,12alpha-dihydroxycholest-4-en-3-one",2,30
2841,CC(C)CCCC(C)C1CCC2C3C(O)CC4=CC(=O)CCC4(C)C3CCC12C,7alpha-hydroxycholest-4-en-3-one,4,29
2842,CC(C)CCCC(C)C1CCC2C3C(O)CC4CC(=O)CCC4(C)C3CC(O)C12C,"7alpha,12alpha-dihydroxy-5beta-cholestan-3-one",2,30
2843,CC(C)CCCC(C)C1CCC2C3C(O)CC4CC(=O)CCC4(C)C3CCC12C,7alpha-hydroxy-5beta-cholestan-3-one,2,29
2844,CC(C)CCCC(C)C1CCC2C3CC(O)C4(O)CC(O)CCC4(C)C3CCC12C,"5alpha-cholestane-3beta,5,6beta-triol",2,30
2845,CC(C)CCCC(C)C1CCC2C3CC4OC45CC(O)CCC5(C)C3CCC12C,"5,6beta-epoxy-5beta-cholestan-3beta-ol",2,29
2846,CC(C)CCCC(C)C1CCC2C3CC=C4CC(=O)CCC4(C)C3CCC12C,cholest-5-en-3-one,6,28
2847,CC(C)CCCC(C)C1CCC2C3CC=C4CC(O)CCC4(C)C3CCC12C,cholesterol,84,28
2848,CC(C)CCCC(C)C1CCC2C3CC=C4CC(OC5OC(CO)C(O)C(O)C5O)CCC4(C)C3CCC12C,cholesteryl 3-beta-D-glucoside,16,39
2849,CC(C)CCCC(C)C1CCC2C3CC=C4CC(OC5OCC(O)C(O)C5O)CCC4(C)C3CCC12C,cholesteryl 3-beta-D-xyloside,2,37
2850,CC(C)CCCC(C)C1CCC2C3CC=C4CC(OS(=O)(=O)O)CCC4(C)C3CCC12C,cholesterol sulfate,2,32
2851,CC(C)CCCC(C)C1CCC2C3CCC4=CC(=O)CCC4(C)C3CCC12C,cholest-4-en-3-one,4,28
2852,CC(C)CCCC(C)C1CCC2C3CCC4CC(=O)CCC4(C)C3CCC12C,5beta-cholestan-3-one,2,28
2853,CC(C)CCCC(C)CCC(=O)O,"4,8-dimethylnonanoate",2,13
2854,CC(C)CCCC(C)CCC(=O)OC(CC(=O)O)C[N+](C)(C)C,"O-4,8-dimethylnonanoyl-(R)-carnitine",2,23
2855,CC(C)CCCC(C)CCC(=O)SCCNC(=O)CCNC(=O)C(O)C(C)(C)COP(=O)(O)O,"S-(4,8-dimethylnonanoyl)-4'-phosphopantetheine",2,34
2856,CC(C)CCCC(C)CCC(=O)SCCNC(=O)CCNC(=O)C(O)C(C)(C)COP(=O)(O)OP(=O)(O)OCC1OC(n2cnc3c(N)ncnc32)C(O)C1OP(=O)(O)O,"4,8-dimethylnonanoyl-CoA",6,60
2857,CC(C)CCCC(C)CCCC(C)CCC(=O)C(C)C(=O)SCCNC(=O)CCNC(=O)C(O)C(C)(C)COP(=O)(O)OP(=O)(O)OCC1OC(n2cnc3c(N)ncnc32)C(O)C1OP(=O)(O)O,3-oxopristanoyl-CoA,2,69
2858,CC(C)CCCC(C)CCCC(C)CCC(=O)SCCNC(=O)CCNC(=O)C(O)C(C)(C)COP(=O)(O)OP(=O)(O)OCC1OC(n2cnc3c(N)ncnc32)C(O)C1OP(=O)(O)O,"4,8,12-trimethyltridecanoyl-CoA",2,65
2859,CC(C)CCCC(C)CCCC(C)CCCC(C)C(=O)C(=O)O,2-oxophytanate,2,23
2860,CC(C)CCCC(C)CCCC(C)CCCC(C)C(=O)O,"2,6,10,14-tetramethylpentadecanoate",8,21
2861,CC(C)CCCC(C)CCCC(C)CCCC(C)C(=O)SCCNC(=O)CCNC(=O)C(O)C(C)(C)COP(=O)(O)OP(=O)(O)OCC1OC(n2cnc3c(N)ncnc32)C(O)C1OP(=O)(O)O,(2S)-pristanoyl-CoA,6,68
2862,CC(C)CCCC(C)CCCC(C)CCCC(C)C(O)C(=O)O,(2S)-2-hydroxyphytanate,2,23
2863,CC(C)CCCC(C)CCCC(C)CCCC(C)C(O)C(=O)SCCNC(=O)CCNC(=O)C(O)C(C)(C)COP(=O)(O)OP(=O)(O)OCC1OC(n2cnc3c(N)ncnc32)C(O)C1OP(=O)(O)O,2-hydroxyphytanoyl-CoA,4,70
2864,CC(C)CCCC(C)CCCC(C)CCCC(C)C=O,"2,6,10,14-tetramethylpentadecanal",4,20
2865,CC(C)CCCC(C)CCCC(C)CCCC(C)CC(=O)O,"3,7,11,15-tetramethylhexadecanoate",6,22
2866,CC(C)CCCC(C)CCCC(C)CCCC(C)CC(=O)SCCNC(=O)CCNC(=O)C(O)C(C)(C)COP(=O)(O)OP(=O)(O)OCC1OC(n2cnc3c(N)ncnc32)C(O)C1OP(=O)(O)O,phytanoyl-CoA,6,69
2867,CC(C)CCCC(C)CCCC(C)CCCC(C)CCOCC(COP(=O)(O)OC1C(O)C(O)C(O)C(OP(=O)(O)O)C1O)OCCC(C)CCCC(C)CCCC(C)CCCC(C)C,saturated 1-archaetidyl-1D-myo-inositol 3-phosphate,2,65
2868,CC(C)CCCC(C)CCCC(C)CCCC(C)CCOCC(COP(=O)(O)OCC(N)C(=O)O)OCCC(C)CCCC(C)CCCC(C)CCCC(C)C,"2,3-bis-O-phytanyl-sn-glycero-3-phospho-L-serine",2,56
2869,CC(C)CCCC(C)CCCC(C)CCCC(C)CCOCC(COP(=O)(O)OP(=O)(O)OCC1OC(n2ccc(N)nc2=O)C(O)C1O)OCCC(C)CCCC(C)CCCC(C)CCCC(C)C,"CDP-2,3-bis-O-(phytanyl)-sn-glycerol",4,70
2870,CC(C)CCCCC(=O)C1=C(COP(=O)(O)O)COC1=O,[4-(6-methylheptanoyl)-5-oxo-2H-furan-3-yl]methyl phosphate,2,21
2871,CC(C)CCCCC(=O)C1C(=O)OCC1COP(=O)(O)O,"[(3S,4R)-4-(6-methylheptanoyl)-5-oxooxolan-3-yl]methyl phosphate",2,21
2872,CC(C)CCCCCCCCCC(=O)CC(=O)SCCNC(=O)CCNC(=O)C(O)C(C)(C)COP(=O)(O)OP(=O)(O)OCC1OC(n2cnc3c(N)ncnc32)C(O)C1OP(=O)(O)O,3-oxoisopentadecanoyl-CoA,4,65
2873,CC(C)CCCCCCCCCC(=O)SCCNC(=O)CCNC(=O)C(O)C(C)(C)COP(=O)(O)OP(=O)(O)OCC1OC(n2cnc3c(N)ncnc32)C(O)C1OP(=O)(O)O,11-methyldodecanoyl-CoA,2,62
2874,CC(C)CCCCCCCCCC(O)CC(=O)SCCNC(=O)CCNC(=O)C(O)C(C)(C)COP(=O)(O)OP(=O)(O)OCC1OC(n2cnc3c(N)ncnc32)C(O)C1OP(=O)(O)O,3-hydroxyisopentadecanoyl-CoA,4,65
2875,CC(C)CCCCCCCCCC=CC(=O)SCCNC(=O)CCNC(=O)C(O)C(C)(C)COP(=O)(O)OP(=O)(O)OCC1OC(n2cnc3c(N)ncnc32)C(O)C1OP(=O)(O)O,(2E)-13-methyltetradecenoyl-CoA,4,64
2876,CC(C)CCCCCCCCCC=CC(O)C(N)CO,15-methylhexadecasphing-4-enine,8,20
2877,CC(C)CCCCCCCCCC=CC(O)C(N)COP(=O)(O)O,15-methylhexadecasphing-4-enine 1-phosphate,6,24
2878,CC(C)CCCCCCCCCC=CC=O,(2E)-13-methyltetradecenal,2,16
2879,CC(C)CCCCCCCCCCC(=O)O,12-methyltridecanoate,2,16
2880,CC(C)CCCCCCCCCCC(=O)SCCNC(=O)CCNC(=O)C(O)C(C)(C)COP(=O)(O)OP(=O)(O)OCC1OC(n2cnc3c(N)ncnc32)C(O)C1OP(=O)(O)O,12-methyltridecanoyl-CoA,2,63
2881,CC(C)CCCCCCCCCCCC(=O)C(N)CO,3-dehydro-15-methylhexadecasphinganine,4,20
2882,CC(C)CCCCCCCCCCCC(=O)C(N)CS(=O)(=O)O,3-oxocapnine,4,23
2883,CC(C)CCCCCCCCCCCC(=O)CC(=O)SCCNC(=O)CCNC(=O)C(O)C(C)(C)COP(=O)(O)OP(=O)(O)OCC1OC(n2cnc3c(N)ncnc32)C(O)C1OP(=O)(O)O,3-oxoisoheptadecanoyl-CoA,4,67
2884,CC(C)CCCCCCCCCCCC(=O)SCCNC(=O)CCNC(=O)C(O)C(C)(C)COP(=O)(O)OP(=O)(O)OCC1OC(n2cnc3c(N)ncnc32)C(O)C1OP(=O)(O)O,isopentadecanoyl-CoA,8,64
2885,CC(C)CCCCCCCCCCCC(O)C(N)CO,15-methylhexadecasphinganine,6,20
2886,CC(C)CCCCCCCCCCCC(O)C(N)COP(=O)(O)O,15-methylhexadecasphinganine 1-phosphate,4,24
2887,CC(C)CCCCCCCCCCCC(O)C(N)CS(=O)(=O)O,capnine,2,23
2888,CC(C)CCCCCCCCCCCC(O)CC(=O)SCCNC(=O)CCNC(=O)C(O)C(C)(C)COP(=O)(O)OP(=O)(O)OCC1OC(n2cnc3c(N)ncnc32)C(O)C1OP(=O)(O)O,3-hydroxyisoheptadecanoyl-CoA,4,67
2889,CC(C)CCCCCCCCCCCC=CC(=O)SCCNC(=O)CCNC(=O)C(O)C(C)(C)COP(=O)(O)OP(=O)(O)OCC1OC(n2cnc3c(N)ncnc32)C(O)C1OP(=O)(O)O,(2E)-15-methylhexadecenoyl-CoA,4,66
2890,CC(C)CCCCCCCCCCCC=O,13-methyltetradecanal,2,16
2891,CC(C)CCCCCCCCCCCCCC(=O)O,15-methylhexadecanoate,2,19
2892,CC(C)CCCCCCCCCCCCCC(=O)SCCNC(=O)CCNC(=O)C(O)C(C)(C)COP(=O)(O)OP(=O)(O)OCC1OC(n2cnc3c(N)ncnc32)C(O)C1OP(=O)(O)O,isoheptadecanoyl-coA,2,66
2893,CC(C)CCCCCCCCCCCCCCC(=O)SCCNC(=O)CCNC(=O)C(O)C(C)(C)COP(=O)(O)OP(=O)(O)OCC1OC(n2cnc3c(N)ncnc32)C(O)C1OP(=O)(O)O,16-methylheptadecanoyl-CoA,2,67
2894,CC(C)CCCCCCCCCCCCCCCCC(=O)SCCNC(=O)CCNC(=O)C(O)C(C)(C)COP(=O)(O)OP(=O)(O)OCC1OC(n2cnc3c(N)ncnc32)C(O)C1OP(=O)(O)O,18-methylnonadecanoyl-CoA,2,69
2895,CC(C)CCCCCCCCCCCCCCCCCCC(=O)SCCNC(=O)CCNC(=O)C(O)C(C)(C)COP(=O)(O)OP(=O)(O)OCC1OC(n2cnc3c(N)ncnc32)C(O)C1OP(=O)(O)O,20-methylheneicosanoyl-CoA,2,71
2896,CC(C)CCCCCCCCCCCCCCCCCCCCC(=O)SCCNC(=O)CCNC(=O)C(O)C(C)(C)COP(=O)(O)OP(=O)(O)OCC1OC(n2cnc3c(N)ncnc32)C(O)C1OP(=O)(O)O,22-methyltricosanoyl-CoA,2,73
2897,CC(C)CCCCCCCCCCCCCCCCCCCCCCC(=O)SCCNC(=O)CCNC(=O)C(O)C(C)(C)COP(=O)(O)OP(=O)(O)OCC1OC(n2cnc3c(N)ncnc32)C(O)C1OP(=O)(O)O,24-methylpentacosanoyl-CoA,2,75
2898,CC(C)CCCCCCCCCCCCCCCCCCCCCCCO,24-methylpentacosan-1-ol,4,27
2899,CC(C)CCCCCCCCCCCCCCCCCCCCCO,22-methyltricosan-1-ol,4,25
2900,CC(C)CCCCCCCCCCCCCCCCCCCO,20-methylheneicosan-1-ol,4,23
2901,CC(C)CCCCCCCCCCCCCCCCCO,18-methylnonadecan-1-ol,4,21
2902,CC(C)CCCCCCCCCCCCCCCO,16-methylheptadecan-1-ol,4,19
2903,CC(C)CCCO,4-methylpentan-1-ol,2,7
2904,CC(C)CCO,3-methylbutanol,8,6
2905,CC(C)CN,2-methylpropan-1-amine,8,5
2906,CC(C)CNC(=O)C=CC=Cc1ccc2c(c1)OCO2,"(E,E)-piperlonguminine",2,20
2907,CC(C)CO,isobutanol,2,5
2908,CC(C)N,isopropylamine,4,4
2909,CC(C)NC(=O)CCC(N)C(=O)O,gamma-L-glutamyl-isopropylamide,2,13
2910,CC(C)Nc1nc(O)nc(O)n1,N-isopropylammelide,4,12
2911,CC(C)O,propan-2-ol,6,4
2912,CC(C)c1ccc(C(=O)O)c(O)c1O,"2,3-dihydroxy-p-cumate",2,14
2913,CC(C)c1ccc(C(=O)O)cc1,p-cumate,1,12
2914,CC(C)c1ccc(O)cc1,4-isopropylphenol,2,10
2915,CC(C)c1ccc(OS(=O)(=O)O)cc1,4-isopropylphenyl sulfate,2,14
2916,CC(C)c1ccc2c(c1)CCC1C(C)(C(=O)O)CCCC21C,dehydroabietate,2,22
2917,CC(C)c1ccc2c(c1)CCC1C(C)(C=O)CCCC21C,dehydroabietadienal,4,21
2918,CC(C)c1ccc2c(c1)CCC1C(C)(CO)CCCC21C,dehydroabietadienol,2,21
2919,CC(C)c1cccc(O)c1O,3-isopropylcatechol,2,11
2920,CC(C)c1ccccc1O,2-isopropylphenol,2,10
2921,CC(C=C=C1C(C)(C)CC(O)CC1(C)O)=CC=CC(C)=CC=CC=C(C)C=CC=C(C)C=CC12OC1(C)CC(O)CC2(C)C,all-trans-neoxanthin,4,44
2922,CC(C=CC(=O)SCCNC(=O)CCNC(=O)C(O)C(C)(C)COP(=O)(O)OP(=O)(O)OCC1OC(n2cnc3c(N)ncnc32)C(O)C1OP(=O)(O)O)C1CCC2C3CCC4=CC(=O)CCC4(C)C3CCC12C,"(22E)-3-oxochola-4,22-dien-24-oyl-CoA",2,74
2923,CC(C=CC(O)=C1C(=O)CNC1=O)=CC(C)C1OC23OC(C(=O)CC2(C)OC(C)C3C(=O)O)C1C,nocamycin E,2,35
2924,CC(C=CC1(C)C(C)CCC(=O)C1C)=CCc1c(O)c(Cl)c(C)c(C=O)c1O,ascochlorin,2,28
2925,CC(C=CC1(O)C(C)=CC(=O)CC1(C)C)=CC(=O)O,2-cis-(+)-abscisate,8,19
2926,CC(C=CC1(O)C(C)=CC(=O)CC1(C)C)=CC(=O)OC1OC(CO)C(O)C(O)C1O,beta-D-glucopyranosyl cis-(+)-abscisate,4,30
2927,CC(C=CC1(O)C(C)=CC(=O)CC1(C)C)=CC=O,2-cis-(+)-abscisic aldehyde,2,18
2928,CC(C=CC12OC1(C)CC(O)CC2(C)C)=CC=O,"2-cis,4-trans-xanthoxin",6,18
2929,CC(C=CC12OC1(C)CCCC2(C)C)=CC=CC(C)=CC(=O)O,"all-trans-5,6-epoxyretinoate",2,23
2930,CC(C=CC12OC1(C)CCCC2(C)C)=CC=CC(C)=CC(=O)OC1OC(C(=O)O)C(O)C(O)C1O,"all-trans-5,6-epoxyretinoyl-1-O-(beta-D-glucuronate)",2,35
2931,CC(C=CC1=C(C)C(=O)CCC1(C)C)=CC=CC(C)=CC(=O)O,all-trans-4-oxoretinoate,2,23
2932,CC(C=CC1=C(C)C(=O)CCC1(C)C)=CC=CC(C)=CC(=O)OC1OC(C(=O)O)C(O)C(O)C1O,all-trans-4-oxoretinoate 1-O-(beta-D-glucuronate),2,35
2933,CC(C=CC1=C(C)C(=O)CCC1(C)C)=CC=CC(C)=CCO,all-trans-4-oxoretinol,2,22
2934,CC(C=CC1=C(C)C(O)CCC1(C)C)=CC=CC(C)=CC(=O)O,all-trans-4-hydroxyretinoate,2,23
2935,CC(C=CC1=C(C)C(O)CCC1(C)C)=CC=CC(C)=CCO,all-trans-4-hydroxyretinol,2,22
2936,CC(C=CC1=C(C)C(OC2OC(C(=O)O)C(O)C(O)C2O)CCC1(C)C)=CC=CC(C)=CC(=O)O,all-trans-4-hydroxy-4-O-(beta-D-glucuronide)-retinoate,2,35
2937,CC(C=CC1=C(C)C=CCC1(C)C)=CC=CC(C)=CCO,"all-trans-3,4-didehydroretinol",2,21
2938,CC(C=CC1=C(C)CCCC1(C)C)=CC=CC(C)=CC(=O)O,retinoate,6,22
2939,CC(C=CC1=C(C)CCCC1(C)C)=CC=CC(C)=CC(=O)OC1OC(C(=O)O)C(O)C(O)C1O,all-trans-retinoyl-1-O-(beta-D-glucuronate),2,34
2940,CC(C=CC1=C(C)CCCC1(C)C)=CC=CC(C)=CCO,11-cis-retinol,16,21
2941,CC(C=CC1=C(C)CCCC1(C)C)=CC=CC(C)CC(=O)O,"all-trans-13,14-dihydroretinoate",2,22
2942,CC(C=CC1=C(C)CCCC1(C)C)=CC=CC(C)CC=O,"all-trans-13,14-dihydroretinal",4,21
2943,CC(C=CC1=C(C)CCCC1(C)C)=CC=CC(C)CCO,"all-trans-13,14-dihydroretinol",2,21
2944,CC(C=CC=C(C)C(=O)O)=CC=CC=C(C)C=CC=C(C)C(=O)O,crocetin,2,24
2945,CC(C=CC=C(C)C(=O)O)=CC=CC=C(C)C=CC=C(C)C(=O)OC1OC(CO)C(O)C(O)C1O,beta-D-glucosyl crocetin,6,35
2946,CC(C=CC=C(C)C(=O)O)=CC=CC=C(C)C=CC=C(C)C(=O)OC1OC(COC2OC(CO)C(O)C(O)C2O)C(O)C(O)C1O,beta-D-gentiobiosyl crocetin,4,46
2947,CC(C=CC=C(C)C(=O)OC1OC(CO)C(O)C(O)C1O)=CC=CC=C(C)C=CC=C(C)C(=O)OC1OC(CO)C(O)C(O)C1O,bis(beta-D-glucosyl) crocetin,4,46
2948,CC(C=CC=C(C)C(=O)OC1OC(CO)C(O)C(O)C1O)=CC=CC=C(C)C=CC=C(C)C(=O)OC1OC(COC2OC(CO)C(O)C(O)C2O)C(O)C(O)C1O,beta-D-gentiobiosyl beta-D-glucosyl crocetin,6,57
2949,CC(C=CC=C(C)C(=O)OC1OC(COC2OC(CO)C(O)C(O)C2O)C(O)C(O)C1O)=CC=CC=C(C)C=CC=C(C)C(=O)OC1OC(COC2OC(CO)C(O)C(O)C2O)C(O)C(O)C1O,bis(beta-D-gentiobiosyl) crocetin,2,68
2950,CC(C=CC=C(C)C=CC12OC1(C)CC(O)CC2(C)C)=CC=CC=C(C)C=CC=C(C)C=CC12OC1(C)CC(O)CC2(C)C,all-trans-violaxanthin,6,44
2951,CC(C=CC=C(C)C=CC1=C(C)C(=O)CCC1(C)C)=CC=CC=C(C)C=CC=C(C)C=CC1=C(C)C(=O)CCC1(C)C,canthaxanthin,2,42
2952,CC(C=CC=C(C)C=CC1=C(C)C(=O)CCC1(C)C)=CC=CC=C(C)C=CC=C(C)C=CC1=C(C)C(O)(O)CCC1(C)C,"4',4'-dihydroxyechinenone",2,43
2953,CC(C=CC=C(C)C=CC1=C(C)C(=O)CCC1(C)C)=CC=O,all-trans-4-oxoretinal,2,22
2954,CC(C=CC=C(C)C=CC1=C(C)C(O)CCC1(C)C)=CC=O,all-trans-4-hydroxyretinal,2,22
2955,CC(C=CC=C(C)C=CC1=C(C)C=CCC1(C)C)=CC=O,"all-trans-3,4-didehydroretinal",2,21
2956,CC(C=CC=C(C)C=CC1=C(C)CC(O)CC1(C)C)=CC=CC=C(C)C=CC=C(C)C=CC12OC1(C)CC(O)CC2(C)C,all-trans-antheraxanthin,4,43
2957,CC(C=CC=C(C)C=CC1=C(C)CC(O)CC1(C)C)=CC=CC=C(C)C=CC=C(C)C=CC1=C(C)CC(O)CC1(C)C,all-trans-zeaxanthin,14,42
2958,CC(C=CC=C(C)C=CC1=C(C)CC(O)CC1(C)C)=CC=CC=C(C)C=CC=C(C)C=CC1C(C)=CC(O)CC1(C)C,lutein,6,42
2959,CC(C=CC=C(C)C=CC1=C(C)CC(O)CC1(C)C)=CC=O,(3R)-all-trans-3-hydroxyretinal,4,22
2960,CC(C=CC=C(C)C=CC1=C(C)CCCC1(C)C)=CC=CC=C(C)C=CC=C(C)C=CC1=C(C)C(=O)CCC1(C)C,echinenone,2,41
2961,CC(C=CC=C(C)C=CC1=C(C)CCCC1(C)C)=CC=CC=C(C)C=CC=C(C)C=CC1=C(C)C(O)(O)CCC1(C)C,"4,4-dihydroxy-all-trans-beta-carotene",2,42
2962,CC(C=CC=C(C)C=CC1=C(C)CCCC1(C)C)=CC=CC=C(C)C=CC=C(C)C=CC1=C(C)CC(O)CC1(C)C,beta-cryptoxanthin,2,41
2963,CC(C=CC=C(C)C=CC1=C(C)CCCC1(C)C)=CC=CC=C(C)C=CC=C(C)C=CC1=C(C)CCCC1(C)C,all-trans-beta-carotene,6,40
2964,CC(C=CC=C(C)C=CC1=C(C)CCCC1(C)C)=CC=CC=C(C)C=CC=C(C)CCC1=C(C)CCCC1(C)C,"7,8-dihydro-beta-carotene",2,40
2965,CC(C=CC=C(C)C=CC1=C(C)CCCC1(C)C)=CC=O,retinal,12,21
2966,CC(C=CC=C(C)C=CC1C(C)=CCCC1(C)C)=CC=CC=C(C)C=CC=C(C)C=CC1C(C)=CCCC1(C)C,epsilon-carotene,2,40
2967,CC(C=CC=C(C)C=CC=C(C)C(=O)O)=CC=CC=C(C)C=CC=C(C)C=CC1=C(C)CCCC1(C)C,neurosporaxanthin,2,37
2968,CC(C=CC=C(C)C=CC=C(C)C=CC(CCC(C)(C)O)C(C)(C)O)=CC=CC=C(C)C=CC=C(C)C=CC=C(C)C=CC(CCC(C)(C)O)C(C)(C)O,bacterioruberin,2,54
2969,CC(C=CC=C(C)C=CC=C(C)CCCC(C)(C)O)=CC=CC=C(C)C=CC=C(C)C=CC=C(C)CCCC(C)(C)O,"1,1'-dihydroxy-1,1',2,2'-tetrahydrolycopene",2,42
2970,CC(C=CC=C(C)C=CC=C(C)CCCC(C)(C)O)=CC=CC=C(C)C=CC=C(C)CCC=C(C)CCCC(C)(C)O,"1,1'-dihydroxy-1,1',2,2'-tetrahydroneurosporene",2,42
2971,CC(C=CC=O)=CC=CC=C(C)C=CC=C(C)C=CC1=C(C)CC(O)CC1(C)C,(3R)-3-hydroxy-10'-apo-beta-carotenal,6,29
2972,CC(C=CC=O)=CC=CC=C(C)C=CC=C(C)C=CC1=C(C)CCCC1(C)C,all-trans-10'-apo-beta-carotenal,8,28
2973,CC(C=CC=O)=CC=CC=C(C)C=CC=C(C)C=CC1C(C)=CC(O)CC1(C)C,"(3R,6R)-3-hydroxy-10'-apo-alpha-carotenal",4,29
2974,CC(C=CC=O)=CC=CC=C(C)C=CC=O,"4,9-dimethyldodeca-2,4,6,8,10-pentaenedial",8,16
2975,CC(C=CC=O)=CC=CC=O,"(2E,4E,6E)-4-methylocta-2,4,6-trienedial",2,11
2976,CC(C=CCC1C(=O)CCC1CC(=O)O)OS(=O)(=O)O,an 11-sulfojasmonate,2,20
2977,CC(C=O)=CC=CC(C)=CC=CC(C)=CC=CC=C(C)C=CC=C(C)C=CC1=C(C)CCCC1(C)C,4'-apo-beta-carotenal,4,36
2978,CC(C=O)=CC=CC(C)=CC=CC=C(C)C=CC=C(C)C=CC1=C(C)CC(O)CC1(C)C,(3R)-3-hydroxy-8'-apo-beta-carotenal,6,32
2979,CC(C=O)=CC=CC(C)=CC=CC=C(C)C=CC=C(C)C=CC1=C(C)CCCC1(C)C,all-trans-8'-apo-beta-carotenal,4,31
2980,CC(C=O)=CC=CC(C)=CC=CC=C(C)C=CC=C(C)C=O,crocetin dialdehyde,4,22
2981,CC(C=O)=CC=CC(C)=CC=CC=O,"2,6-dimethyldeca-2,4,6,8-tetraenedial",2,14
2982,CC(C=O)=CC=CC(C)=CC=O,"(2E,4E,6E)-2,6-dimethylocta-2,4,6-trienedial",4,12
2983,CC(C=O)=CC=CC=C(C)C=CC=C(C)C=C=C1C(C)(C)CC(O)CC1(C)O,"(3S,5R,6R)-3,5-dihydroxy-6,7-didehydro-5,6-dihydro-12'-apo-beta-caroten-12'-al",2,28
2984,CC(C=O)=CC=CC=C(C)C=CC=C(C)C=CC12OC1(C)CC(O)CC2(C)C,"(3S,5R,6S)-5,6-epoxy-3-hydroxy-5,6-dihydro-12'-apo-beta-caroten-12'-al",2,28
2985,CC(C=O)=CCCC(C)=CC=O,(6E)-8-oxogeranial,12,12
2986,CC(C=O)=CCCC(C)=CCO,(6E)-8-oxogeraniol,8,12
2987,CC(C=O)=CCCC(C)C=CO,(S)-8-oxocitronellyl enol,4,12
2988,CC(C=O)C(=O)O,2-methyl-3-oxopropanoate,10,7
2989,CC(C=O)CCCC(C)C1CCC2C3CC=C4CC(O)CCC4(C)C3CCC12C,(3beta)-hydroxy-cholest-5-en-26-al,2,29
2990,CC(CC(=O)O)C(=O)SCCNC(=O)CCNC(=O)C(O)C(C)(C)COP(=O)(O)OP(=O)(O)OCC1OC(n2cnc3c(N)ncnc32)C(O)C1OP(=O)(O)O,(2S)-methylsuccinyl-CoA,2,56
2991,CC(CC(=O)O)NC(O)C(=O)O,(3R)-3-{[carboxy(hydroxy)methyl]amino}butanoate,2,12
2992,CC(CC(=O)O)NCC(=O)O,(3R)-3-[(carboxymethyl)amino]butanoate,2,11
2993,CC(CCC(=O)CC(=O)SCCNC(=O)CCNC(=O)C(O)C(C)(C)COP(=O)(O)OP(=O)(O)OCC1OC(n2cnc3c(N)ncnc32)C(O)C1OP(=O)(O)O)C(=O)CCC(=O)O,"6-methyl-3,7-dioxodecanedioyl-CoA",3,64
2994,CC(CCC(=O)NC(CCCNC(=N)N)C(=O)O)C1CCC2C3C(O)CC4CC(O)CCC4(C)C3CC(O)C12C,L-arginocholate,6,40
2995,CC(CCC(=O)NC(CO)C(=O)O)C1CCC2C3C(O)CC4CC(O)CCC4(C)C3CC(O)C12C,L-serocholate,4,35
2996,CC(CCC(=O)NC(Cc1c[nH]cn1)C(=O)O)C1CCC2C3C(O)CC4CC(O)CCC4(C)C3CC(O)C12C,L-histidocholate,6,39
2997,CC(CCC(=O)NC(Cc1ccccc1)C(=O)O)C1CCC2C3C(O)CC4CC(O)CCC4(C)C3CC(O)C12C,L-phenylalanocholate,4,40
2998,CC(CCC(=O)NCC(=O)O)C1CCC2C3C(=O)CC4CC(O)CCC4(C)C3CC(O)C12C,7-oxo-glycodeoxycholate,2,33
2999,CC(CCC(=O)NCC(=O)O)C1CCC2C3C(=O)CC4CC(O)CCC4(C)C3CCC12C,7-oxoglycolithocholate,4,32
3000,CC(CCC(=O)NCC(=O)O)C1CCC2C3C(O)CC4CC(O)CCC4(C)C3CC(O)C12C,glycocholate,14,33
3001,CC(CCC(=O)NCC(=O)O)C1CCC2C3C(O)CC4CC(O)CCC4(C)C3CCC12C,glycochenodeoxycholate,12,32
3002,CC(CCC(=O)NCC(=O)O)C1CCC2C3C(OS(=O)(=O)O)CC4CC(O)CCC4(C)C3CC(O)C12C,glycocholate 7-sulfate,2,37
3003,CC(CCC(=O)NCC(=O)O)C1CCC2C3C(OS(=O)(=O)O)CC4CC(O)CCC4(C)C3CCC12C,glycochenodeoxycholate 7-sulfate,2,36
3004,CC(CCC(=O)NCC(=O)O)C1CCC2C3CCC4CC(O)CCC4(C)C3CC(O)C12C,glycodeoxycholate,4,32
3005,CC(CCC(=O)NCC(=O)O)C1CCC2C3CCC4CC(O)CCC4(C)C3CCC12C,glycolithocholate,2,31
3006,CC(CCC(=O)NCC(=O)O)C1CCC2C3CCC4CC(OS(=O)(=O)O)CCC4(C)C3CC(O)C12C,3alpha-sulfoglycodeoxycholate,2,36
3007,CC(CCC(=O)NCC(=O)O)C1CCC2C3CCC4CC(OS(=O)(=O)O)CCC4(C)C3CCC12C,sulfoglycolithocholate,2,35
3008,CC(CCC(=O)NCCS(=O)(=O)O)C1CCC2C3C(=O)CC4CC(O)CCC4(C)C3CC(O)C12C,7-oxo-taurodeoxycholate,2,35
3009,CC(CCC(=O)NCCS(=O)(=O)O)C1CCC2C3C(=O)CC4CC(O)CCC4(C)C3CCC12C,7-oxotaurolithocholate,4,34
3010,CC(CCC(=O)NCCS(=O)(=O)O)C1CCC2C3C(O)C(O)C4CC(O)CCC4(C)C3CCC12C,taurohyocholate,2,35
3011,CC(CCC(=O)NCCS(=O)(=O)O)C1CCC2C3C(O)CC4CC(O)CCC4(C)C3CC(O)C12C,taurocholate,20,35
3012,CC(CCC(=O)NCCS(=O)(=O)O)C1CCC2C3C(O)CC4CC(O)CCC4(C)C3CCC12C,taurochenodeoxycholate,12,34
3013,CC(CCC(=O)NCCS(=O)(=O)O)C1CCC2C3C(O)CC4CC(OS(=O)(=O)O)CCC4(C)C3CCC12C,taurochenodeoxycholate 3-sulfate,2,38
3014,CC(CCC(=O)NCCS(=O)(=O)O)C1CCC2C3C(OS(=O)(=O)O)C(O)C4CC(O)CCC4(C)C3CCC12C,tauro-alpha-muricholate 7-sulfate,2,39
3015,CC(CCC(=O)NCCS(=O)(=O)O)C1CCC2C3C(OS(=O)(=O)O)CC4CC(O)CCC4(C)C3CC(O)C12C,taurocholate 7-sulfate,2,39
3016,CC(CCC(=O)NCCS(=O)(=O)O)C1CCC2C3C(OS(=O)(=O)O)CC4CC(O)CCC4(C)C3CCC12C,taurochenodeoxycholate 7-sulfate,2,38
3017,CC(CCC(=O)NCCS(=O)(=O)O)C1CCC2C3CCC4CC(O)CCC4(C)C3CC(O)C12C,taurodeoxycholate,6,34
3018,CC(CCC(=O)NCCS(=O)(=O)O)C1CCC2C3CCC4CC(O)CCC4(C)C3CCC12C,taurolithocholate,2,33
3019,CC(CCC(=O)NCCS(=O)(=O)O)C1CCC2C3CCC4CC(OS(=O)(=O)O)CCC4(C)C3CC(O)C12C,3alpha-sulfotaurodeoxycholate,2,38
3020,CC(CCC(=O)NCCS(=O)(=O)O)C1CCC2C3CCC4CC(OS(=O)(=O)O)CCC4(C)C3CCC12C,taurolithocholate 3-sulfate,2,37
3021,CC(CCC(=O)O)C1CCC2C3C(=O)CC4CC(=O)CCC4(C)C3CC(=O)C12C,dehydrocholate,2,29
3022,CC(CCC(=O)O)C1CCC2C3C(=O)CC4CC(O)CCC4(C)C3CC(=O)C12C,"7,12-dioxo-lithocholate",2,29
3023,CC(CCC(=O)O)C1CCC2C3C(=O)CC4CC(O)CCC4(C)C3CC(O)C12C,"3alpha,12alpha-dihydroxy-7-oxo-5beta-cholanate",4,29
3024,CC(CCC(=O)O)C1CCC2C3C(=O)CC4CC(O)CCC4(C)C3CCC12C,3beta-hydroxy-7-oxo-5beta-cholan-24-oate,4,28
3025,CC(CCC(=O)O)C1CCC2C3C(O)C(O)C4CC(O)CCC4(C)C3CCC12C,hyocholate,10,29
3026,CC(CCC(=O)O)C1CCC2C3C(O)C(OC4OC(C(=O)O)C(O)C(O)C4O)C4CC(O)CCC4(C)C3CCC12C,hyocholate 6-O-(beta-D-glucuronate),2,41
3027,CC(CCC(=O)O)C1CCC2C3C(O)CC4=CC(=O)CCC4(C)C3CC(O)C12C,"7alpha,12alpha-dihydroxy-3-oxochol-4-en-24-oate",2,29
3028,CC(CCC(=O)O)C1CCC2C3C(O)CC4=CC(=O)CCC4(C)C3CCC12C,7alpha-hydroxy-3-oxochol-4-en-24-oate,2,28
3029,CC(CCC(=O)O)C1CCC2C3C(O)CC4CC(=O)CCC4(C)C3CC(=O)C12C,"7beta-hydroxy-3,12-dioxo-5beta-cholan-24-oate",2,29
3030,CC(CCC(=O)O)C1CCC2C3C(O)CC4CC(=O)CCC4(C)C3CC(O)C12C,"7alpha,12alpha-dihydroxy-3-oxo-5beta-cholan-24-oate",4,29
3031,CC(CCC(=O)O)C1CCC2C3C(O)CC4CC(=O)CCC4(C)C3CCC12C,3-oxochenodeoxycholate,4,28
3032,CC(CCC(=O)O)C1CCC2C3C(O)CC4CC(O)CCC4(C)C3CC(=O)C12C,"3alpha,7alpha-dihydroxy-12-oxo-5beta-cholanate",4,29
3033,CC(CCC(=O)O)C1CCC2C3C(O)CC4CC(O)CCC4(C)C3CC(O)C12C,"3alpha,7alpha,12beta-trihydroxy-5beta-cholanate",38,29
3034,CC(CCC(=O)O)C1CCC2C3C(O)CC4CC(O)CCC4(C)C3CCC12C,chenodeoxycholate,28,28
3035,CC(CCC(=O)O)C1CCC2C3C(O)CC4CC(OC5OC(CO)C(O)C(O)C5O)CCC4(C)C3CCC12C,beta-D-glucosyl-(1->3)-O-chenodeoxycholate,4,39
3036,CC(CCC(=O)O)C1CCC2C3C(OS(=O)(=O)O)C(O)C4CC(O)CCC4(C)C3CCC12C,alpha-muricholate 7-sulfate,2,33
3037,CC(CCC(=O)O)C1CCC2C3C(OS(=O)(=O)O)CC4CC(O)CCC4(C)C3CC(O)C12C,cholate 7-sulfate,2,33
3038,CC(CCC(=O)O)C1CCC2C3C(OS(=O)(=O)O)CC4CC(O)CCC4(C)C3CCC12C,chenodeoxycholate 7-sulfate,2,32
3039,CC(CCC(=O)O)C1CCC2C3C=CC4=CC(=O)CCC4(C)C3CC(O)C12C,"12alpha-hydroxy-3-oxochola-4,6-dien-24-oate",6,28
3040,CC(CCC(=O)O)C1CCC2C3C=CC4=CC(=O)CCC4(C)C3CCC12C,"3-oxochola-4,6-dien-24-oate",2,27
3041,CC(CCC(=O)O)C1CCC2C3CC(O)C4CC(O)CCC4(C)C3CCC12C,hyodeoxycholate,4,28
3042,CC(CCC(=O)O)C1CCC2C3CC(OC4OC(C(=O)O)C(O)C(O)C4O)C4CC(O)CCC4(C)C3CCC12C,hyodeoxycholate 6-O-(beta-D-glucuronate),2,40
3043,CC(CCC(=O)O)C1CCC2C3CC=C4CC(O)CCC4(C)C3CCC12C,3beta-hydroxy-5-cholenate,2,27
3044,CC(CCC(=O)O)C1CCC2C3CC=C4CC(OS(=O)(=O)O)CCC4(C)C3CCC12C,3beta-sulfo-5-cholenate,2,31
3045,CC(CCC(=O)O)C1CCC2C3CCC4=CC(=O)CCC4(C)C3CC(O)C12C,12alpha-hydroxy-3-oxochola-4-en-24-oate,4,28
3046,CC(CCC(=O)O)C1CCC2C3CCC4CC(=O)CCC4(C)C3CC(O)C12C,12alpha-hydroxy-3-oxo-5beta-cholan-24-oate,6,28
3047,CC(CCC(=O)O)C1CCC2C3CCC4CC(=O)CCC4(C)C3CCC12C,3-oxo-5beta-cholan-24-oate,4,27
3048,CC(CCC(=O)O)C1CCC2C3CCC4CC(O)CCC4(C)C3CC(O)C12C,deoxycholate,20,28
3049,CC(CCC(=O)O)C1CCC2C3CCC4CC(O)CCC4(C)C3CCC12C,lithocholate,20,27
3050,CC(CCC(=O)O)C1CCC2C3CCC4CC(OC5OC(C(=O)O)C(O)C(O)C5O)CCC4(C)C3CCC12C,lithocholoyl-3-O-(beta-D-glucuronate),2,39
3051,CC(CCC(=O)O)C1CCC2C3CCC4CC(OC5OC(CO)C(O)C(O)C5O)CCC4(C)C3CCC12C,beta-D-glucosyl-(1->3)-O-lithocholate,2,38
3052,CC(CCC(=O)O)C1CCC2C3CCC4CC(OS(=O)(=O)O)CCC4(C)C3CC(O)C12C,3alpha-sulfodeoxycholate,2,32
3053,CC(CCC(=O)O)C1CCC2C3CCC4CC(OS(=O)(=O)O)CCC4(C)C3CCC12C,lithocholate sulfate,2,31
3054,CC(CCC(=O)OC1OC(C(=O)O)C(O)C(O)C1O)C1CCC2C3C(O)C(O)C4CC(O)CCC4(C)C3CCC12C,hyocholoyl-24-O-(beta-D-glucuronate),2,41
3055,CC(CCC(=O)OC1OC(C(=O)O)C(O)C(O)C1O)C1CCC2C3C(O)CC4CC(O)CCC4(C)C3CC(O)C12C,choloyl-24-O-(beta-D-glucuronate),2,41
3056,CC(CCC(=O)OC1OC(C(=O)O)C(O)C(O)C1O)C1CCC2C3C(O)CC4CC(O)CCC4(C)C3CCC12C,chenodeoxycholoyl-24-O-(beta-D-glucuronate),2,40
3057,CC(CCC(=O)OC1OC(C(=O)O)C(O)C(O)C1O)C1CCC2C3CC(O)C4CC(O)CCC4(C)C3CCC12C,hyodeoxycholoyl-24-O-(beta-D-glucuronate),2,40
3058,CC(CCC(=O)OC1OC(C(=O)O)C(O)C(O)C1O)C1CCC2C3CCC4CC(O)CCC4(C)C3CC(O)C12C,deoxycholoyl-24-O-(beta-D-glucuronate),2,40
3059,CC(CCC(=O)OC1OC(C(=O)O)C(O)C(O)C1O)C1CCC2C3CCC4CC(O)CCC4(C)C3CCC12C,lithocholoyl-24-O-(beta-D-glucuronate),2,39
3060,CC(CCC(=O)SCCNC(=O)CCNC(=O)C(O)C(C)(C)COP(=O)(O)O)C1CCC2C3C(O)CC4CC(O)CCC4(C)C3CC(O)C12C,S-choloyl-4'-phosphopantetheine,2,50
3061,CC(CCC(=O)SCCNC(=O)CCNC(=O)C(O)C(C)(C)COP(=O)(O)OP(=O)(O)OCC1OC(n2cnc3c(N)ncnc32)C(O)C1OP(=O)(O)O)C(=O)CCC(=O)O,4-methyl-5-oxo-octanedioyl-CoA,2,61
3062,CC(CCC(=O)SCCNC(=O)CCNC(=O)C(O)C(C)(C)COP(=O)(O)OP(=O)(O)OCC1OC(n2cnc3c(N)ncnc32)C(O)C1OP(=O)(O)O)C1CCC2C3C(O)C(O)C4CC(O)CCC4(C)C3CCC12C,beta-muricholoyl-CoA,4,76
3063,CC(CCC(=O)SCCNC(=O)CCNC(=O)C(O)C(C)(C)COP(=O)(O)OP(=O)(O)OCC1OC(n2cnc3c(N)ncnc32)C(O)C1OP(=O)(O)O)C1CCC2C3C(O)CC4=CC(=O)CCC4(C)C3CC(O)C12C,"7alpha,12alpha-dihydroxy-3-oxochol-4-en-24-oyl-CoA",4,76
3064,CC(CCC(=O)SCCNC(=O)CCNC(=O)C(O)C(C)(C)COP(=O)(O)OP(=O)(O)OCC1OC(n2cnc3c(N)ncnc32)C(O)C1OP(=O)(O)O)C1CCC2C3C(O)CC4=CC(=O)CCC4(C)C3CCC12C,7alpha-hydroxy-3-oxochol-4-en-24-oyl-CoA,4,75
3065,CC(CCC(=O)SCCNC(=O)CCNC(=O)C(O)C(C)(C)COP(=O)(O)OP(=O)(O)OCC1OC(n2cnc3c(N)ncnc32)C(O)C1OP(=O)(O)O)C1CCC2C3C(O)CC4CC(=O)CCC4(C)C3CC(O)C12C,"7alpha,12alpha-dihydroxy-3-oxochol-24-oyl-CoA",4,76
3066,CC(CCC(=O)SCCNC(=O)CCNC(=O)C(O)C(C)(C)COP(=O)(O)OP(=O)(O)OCC1OC(n2cnc3c(N)ncnc32)C(O)C1OP(=O)(O)O)C1CCC2C3C(O)CC4CC(=O)CCC4(C)C3CCC12C,7alpha-hydroxy-3-oxochol-24-oyl-CoA,4,75
3067,CC(CCC(=O)SCCNC(=O)CCNC(=O)C(O)C(C)(C)COP(=O)(O)OP(=O)(O)OCC1OC(n2cnc3c(N)ncnc32)C(O)C1OP(=O)(O)O)C1CCC2C3C(O)CC4CC(O)CCC4(C)C3CC(O)C12C,choloyl-CoA,18,76
3068,CC(CCC(=O)SCCNC(=O)CCNC(=O)C(O)C(C)(C)COP(=O)(O)OP(=O)(O)OCC1OC(n2cnc3c(N)ncnc32)C(O)C1OP(=O)(O)O)C1CCC2C3C(O)CC4CC(O)CCC4(C)C3CCC12C,chenodeoxycholoyl-CoA,14,75
3069,CC(CCC(=O)SCCNC(=O)CCNC(=O)C(O)C(C)(C)COP(=O)(O)OP(=O)(O)OCC1OC(n2cnc3c(N)ncnc32)C(O)C1OP(=O)(O)O)C1CCC2C3C=CC4=CC(=O)CCC4(C)C3CC(O)C12C,"12alpha-hydroxy-3-oxochola-4,6-dien-24-oyl-CoA",6,75
3070,CC(CCC(=O)SCCNC(=O)CCNC(=O)C(O)C(C)(C)COP(=O)(O)OP(=O)(O)OCC1OC(n2cnc3c(N)ncnc32)C(O)C1OP(=O)(O)O)C1CCC2C3C=CC4=CC(=O)CCC4(C)C3CCC12C,"3-oxochol-4,6-dien-24-oyl-CoA",4,74
3071,CC(CCC(=O)SCCNC(=O)CCNC(=O)C(O)C(C)(C)COP(=O)(O)OP(=O)(O)OCC1OC(n2cnc3c(N)ncnc32)C(O)C1OP(=O)(O)O)C1CCC2C3CCC4=CC(=O)CCC4(C)C3CC(O)C12C,12alpha-hydroxy-3-oxochol-4-en-24-oyl-CoA,4,75
3072,CC(CCC(=O)SCCNC(=O)CCNC(=O)C(O)C(C)(C)COP(=O)(O)OP(=O)(O)OCC1OC(n2cnc3c(N)ncnc32)C(O)C1OP(=O)(O)O)C1CCC2C3CCC4=CC(=O)CCC4(C)C3CCC12C,3-oxochol-4-en-24-oyl-CoA,4,74
3073,CC(CCC(=O)SCCNC(=O)CCNC(=O)C(O)C(C)(C)COP(=O)(O)OP(=O)(O)OCC1OC(n2cnc3c(N)ncnc32)C(O)C1OP(=O)(O)O)C1CCC2C3CCC4CC(=O)CCC4(C)C3CC(O)C12C,12alpha-hydroxy-3-oxocholan-24-oyl-CoA,4,75
3074,CC(CCC(=O)SCCNC(=O)CCNC(=O)C(O)C(C)(C)COP(=O)(O)OP(=O)(O)OCC1OC(n2cnc3c(N)ncnc32)C(O)C1OP(=O)(O)O)C1CCC2C3CCC4CC(=O)CCC4(C)C3CCC12C,3-oxocholan-24-oyl-CoA,4,74
3075,CC(CCC(=O)SCCNC(=O)CCNC(=O)C(O)C(C)(C)COP(=O)(O)OP(=O)(O)OCC1OC(n2cnc3c(N)ncnc32)C(O)C1OP(=O)(O)O)C1CCC2C3CCC4CC(O)CCC4(C)C3CC(O)C12C,deoxycholoyl-CoA,10,75
3076,CC(CCC(=O)SCCNC(=O)CCNC(=O)C(O)C(C)(C)COP(=O)(O)OP(=O)(O)OCC1OC(n2cnc3c(N)ncnc32)C(O)C1OP(=O)(O)O)C1CCC2C3CCC4CC(O)CCC4(C)C3CCC12C,lithocholoyl-CoA,10,74
3077,CC(CCC(O)C(C)(C)O)C1CCC2(C)C3CC=C4C(CCC(O)C4(C)C)C3(C)C(O)CC12C,mogrol,4,34
3078,CC(CCC(O)C(C)(C)O)C1CCC2(C)C3CC=C4C(CCC(O)C4(C)C)C3(C)CCC12C,"(24R)-24,25-dihydroxycucurbitadienol",2,33
3079,CC(CCC(O)C(C)(C)O)C1CCC2(C)C3CC=C4C(CCC(OC5OC(CO)C(O)C(O)C5O)C4(C)C)C3(C)C(O)CC12C,mogroside IE,4,45
3080,CC(CCC(O)C(C)C(=O)SCCNC(=O)CCNC(=O)C(O)C(C)(C)COP(=O)(O)OP(=O)(O)OCC1OC(n2cnc3c(N)ncnc32)C(O)C1OP(=O)(O)O)C1CCC2C3C(O)CC4CC(O)CCC4(C)C3CC(O)C12C,"(24R,25R)-3alpha,7alpha,12alpha,24-tetrahydroxy-5beta-cholestan-26-oyl-CoA",4,80
3081,CC(CCC(O)C(C)C(=O)SCCNC(=O)CCNC(=O)C(O)C(C)(C)COP(=O)(O)OP(=O)(O)OCC1OC(n2cnc3c(N)ncnc32)C(O)C1OP(=O)(O)O)C1CCC2C3C(O)CC4CC(O)CCC4(C)C3CCC12C,"(24R,25R)-3alpha,7alpha,24-trihydroxy-5beta-cholestan-26-oyl-CoA",4,79
3082,CC(CCC(O)C(C)C)CC(=O)O,"(3R,6S)-6-hydroxy-3,7-dimethyloctanoate",2,13
3083,CC(CCC(O)C(CO)CO)C1CCC2C3C(O)CC4CC(O)CCC4(C)C3CC(O)C12C,5beta-scymnol,2,33
3084,CC(CCC(O)C(CO)COS(=O)(=O)O)C1CCC2C3C(O)CC4CC(O)CCC4(C)C3CC(O)C12C,5beta-scymnol sulfate,2,37
3085,CC(CCC(OC1OC(CO)C(O)C(O)C1O)C(C)(C)O)C1CCC2(C)C3CC=C4C(CCC(O)C4(C)C)C3(C)C(O)CC12C,mogroside I-A1,4,45
3086,CC(CCC(OC1OC(CO)C(O)C(O)C1O)C(C)(C)O)C1CCC2(C)C3CC=C4C(CCC(OC5OC(CO)C(O)C(O)C5O)C4(C)C)C3(C)C(O)CC12C,mogroside IIE,10,56
3087,CC(CCC(OC1OC(CO)C(O)C(O)C1O)C(C)(C)O)C1CCC2(C)C3CC=C4C(CCC(OC5OC(COC6OC(CO)C(O)C(O)C6O)C(O)C(O)C5O)C4(C)C)C3(C)C(O)CC12C,mogroside III-C3(1->6),2,67
3088,CC(CCC(OC1OC(CO)C(O)C(O)C1OC1OC(CO)C(O)C(O)C1O)C(C)(C)O)C1CCC2(C)C3CC=C4C(CCC(O)C4(C)C)C3(C)C(O)CC12C,mogroside II-A,2,56
3089,CC(CCC(OC1OC(CO)C(O)C(O)C1OC1OC(CO)C(O)C(O)C1O)C(C)(C)O)C1CCC2(C)C3CC=C4C(CCC(OC5OC(CO)C(O)C(O)C5O)C4(C)C)C3(C)C(O)CC12C,mogroside III,10,67
3090,CC(CCC(OC1OC(CO)C(O)C(O)C1OC1OC(CO)C(O)C(O)C1O)C(C)(C)O)C1CCC2(C)C3CC=C4C(CCC(OC5OC(CO)C(OC6OC(CO)C(O)C(O)C6O)C(O)C5O)C4(C)C)C3(C)C(O)CC12C,isomogroside IV,2,78
3091,CC(CCC(OC1OC(CO)C(O)C(O)C1OC1OC(CO)C(O)C(O)C1O)C(C)(C)O)C1CCC2(C)C3CC=C4C(CCC(OC5OC(COC6OC(CO)C(O)C(O)C6O)C(O)C(O)C5O)C4(C)C)C3(C)C(O)CC12C,mogroside IV,4,78
3092,CC(CCC(OC1OC(COC2OC(CO)C(O)C(O)C2O)C(O)C(O)C1O)C(C)(C)O)C1CCC2(C)C3CC=C4C(CCC(O)C4(C)C)C3(C)C(O)CC12C,mogroside II-A1,2,56
3093,CC(CCC(OC1OC(COC2OC(CO)C(O)C(O)C2O)C(O)C(O)C1O)C(C)(C)O)C1CCC2(C)C3CC=C4C(CCC(OC5OC(CO)C(O)C(O)C5O)C4(C)C)C3(C)C(O)CC12C,mogroside IIIX,10,67
3094,CC(CCC(OC1OC(COC2OC(CO)C(O)C(O)C2O)C(O)C(O)C1O)C(C)(C)O)C1CCC2(C)C3CC=C4C(CCC(OC5OC(CO)C(O)C(O)C5OC5OC(CO)C(O)C(O)C5O)C4(C)C)C3(C)C(O)CC12C,mogroside IVX,4,78
3095,CC(CCC(OC1OC(COC2OC(CO)C(O)C(O)C2O)C(O)C(O)C1O)C(C)(C)O)C1CCC2(C)C3CC=C4C(CCC(OC5OC(COC6OC(CO)C(O)C(O)C6O)C(O)C(O)C5O)C4(C)C)C3(C)C(O)CC12C,mogroside IVA,2,78
3096,CC(CCC(OC1OC(COC2OC(CO)C(O)C(O)C2O)C(O)C(O)C1OC1OC(CO)C(O)C(O)C1O)C(C)(C)O)C1CCC2(C)C3CC=C4C(CCC(O)C4(C)C)C3(C)C(O)CC12C,mogroside III-A1,2,67
3097,CC(CCC(OC1OC(COC2OC(CO)C(O)C(O)C2O)C(O)C(O)C1OC1OC(CO)C(O)C(O)C1O)C(C)(C)O)C1CCC2(C)C3CC=C4C(CCC(OC5OC(CO)C(O)C(O)C5O)C4(C)C)C3(C)C(O)CC12C,siamenoside I,12,78
3098,CC(CCC(OC1OC(COC2OC(CO)C(O)C(O)C2O)C(O)C(O)C1OC1OC(CO)C(O)C(O)C1O)C(C)(C)O)C1CCC2(C)C3CC=C4C(CCC(OC5OC(CO)C(O)C(O)C5OC5OC(CO)C(O)C(O)C5O)C4(C)C)C3(C)C(O)CC12C,mogroside VX,4,89
3099,CC(CCC(OC1OC(COC2OC(CO)C(O)C(O)C2O)C(O)C(O)C1OC1OC(CO)C(O)C(O)C1O)C(C)(C)O)C1CCC2(C)C3CC=C4C(CCC(OC5OC(CO)C(OC6OC(CO)C(O)C(O)C6O)C(O)C5O)C4(C)C)C3(C)C(O)CC12C,isomogroside V,2,89
3100,CC(CCC(OC1OC(COC2OC(CO)C(O)C(O)C2O)C(O)C(O)C1OC1OC(CO)C(O)C(O)C1O)C(C)(C)O)C1CCC2(C)C3CC=C4C(CCC(OC5OC(COC6OC(CO)C(O)C(O)C6O)C(O)C(O)C5O)C4(C)C)C3(C)C(O)CC12C,mogroside V,6,89
3101,CC(CCC(OC1OC(COC2OC(CO)C(O)C(O)C2O)C(O)C(O)C1OC1OC(CO)C(O)C(O)C1O)C(C)(C)O)C1CCC2(C)C3CC=C4C(CCC(OC5OC(COC6OC(CO)C(O)C(O)C6O)C(O)C(O)C5OC5OC(CO)C(O)C(O)C5O)C4(C)C)C3(C)C(O)CC12C,mogroside VI,2,100
3102,CC(CCC1(O)OC2CC3C4CC=C5CC(OC6OC(CO)C(OC7OC(C)C(O)C(O)C7O)C(O)C6OC6OC(C)C(O)C(O)C6O)CCC5(C)C4CCC3(C)C2C1C)COC1OC(CO)C(O)C(O)C1O,protodioscin,2,73
3103,CC(CCC1OC1(C)C)C1CCC2(C)C3CC=C4C(CCC(O)C4(C)C)C3(C)CCC12C,"(24S)-24,25-epoxycucurbitadienol",2,32
3104,CC(CCC=CC(=O)SCCNC(=O)CCNC(=O)C(O)C(C)(C)COP(=O)(O)OP(=O)(O)OCC1OC(n2cnc3c(N)ncnc32)C(O)C1OP(=O)(O)O)OC1OC(C)C(O)CC1O,asc-DeltaC7-CoA,2,66
3105,CC(CCC=CC(=O)SCCNC(=O)CCNC(=O)C(O)C(C)(C)COP(=O)(O)OP(=O)(O)OCC1OC(n2cnc3c(N)ncnc32)C(O)C1OP(=O)(O)O)OC1OC(C)C(OC(=O)c2c[nH]c3ccccc23)CC1O,IC-asc-DeltaC7-CoA,2,77
3106,CC(CCCC(C)(C)O)C1CCC2C3C(=O)C=C4CC(O)CCC4(C)C3CCC12C,7-oxo-25-hydroxycholesterol,2,30
3107,CC(CCCC(C)(C)O)C1CCC2C3C(O)C=C4CC(O)CCC4(C)C3CCC12C,"7alpha,25-dihydroxycholesterol",4,30
3108,CC(CCCC(C)(C)O)C1CCC2C3C(O)CC4=CC(=O)CCC4(C)C3CCC12C,"7alpha,25-dihydroxy-4-cholesten-3-one",2,30
3109,CC(CCCC(C)(C)O)C1CCC2C3CC=C4CC(O)CCC4(C)C3CCC12C,25-hydroxycholesterol,2,29
3110,CC(CCCC(C)C1CCC2C3C(O)CC4CC(O)CCC4(C)C3CC(O)C12C)C(=O)O,"(25R)-3alpha,7alpha,12alpha-trihydroxy-5beta-cholestan-26-oate",4,32
3111,CC(CCCC(C)C1CCC2C3C(O)CC4CC(O)CCC4(C)C3CC(O)C12C)C(=O)SCCNC(=O)CCNC(=O)C(O)C(C)(C)COP(=O)(O)O,"3alpha,7alpha,12alpha-trihydroxy-5beta-cholestan-26-oyl-4'-phosphopantetheine",2,53
3112,CC(CCCC(C)C1CCC2C3C(O)CC4CC(O)CCC4(C)C3CC(O)C12C)C(=O)SCCNC(=O)CCNC(=O)C(O)C(C)(C)COP(=O)(O)OP(=O)(O)OCC1OC(n2cnc3c(N)ncnc32)C(O)C1OP(=O)(O)O,"(25R)-3alpha,7alpha,12alpha-trihydroxy-5beta-cholestan-26-oyl-CoA",8,79
3113,CC(CCCC(C)C1CCC2C3C(O)CC4CC(O)CCC4(C)C3CCC12C)C(=O)O,"(25R)-3alpha,7alpha-dihydroxy-5beta-cholestan-26-oate",2,31
3114,CC(CCCC(C)C1CCC2C3C(O)CC4CC(O)CCC4(C)C3CCC12C)C(=O)SCCNC(=O)CCNC(=O)C(O)C(C)(C)COP(=O)(O)OP(=O)(O)OCC1OC(n2cnc3c(N)ncnc32)C(O)C1OP(=O)(O)O,"(25R)-3alpha,7alpha-dihydroxy-5beta-cholestan-26-oyl-CoA",2,78
3115,CC(CCCC(C)C1CCC2C3CC=C4CC(O)CCC4(C)C3CCC12C)C(=O)O,(25S)-3beta-hydroxy-5-cholestenoate,4,30
3116,CC(CCCC(C)C1CCC2C3CC=C4CC(O)CCC4(C)C3CCC12C)C(=O)SCCNC(=O)CCNC(=O)C(O)C(C)(C)COP(=O)(O)OP(=O)(O)OCC1OC(n2cnc3c(N)ncnc32)C(O)C1OP(=O)(O)O,(25S)-3beta-hydroxy-5-cholestenoyl-CoA,2,77
3117,CC(CCCC(C)C1CCC2C3CCC4=CC(=O)CCC4(C)C3CCC12C)C(=O)O,(25S)-3-oxocholest-4-en-26-oate,2,30
3118,CC(CCCC(C)C1CCC2C3CCC4=CC(=O)CCC4(C)C3CCC12C)C(=O)SCCNC(=O)CCNC(=O)C(O)C(C)(C)COP(=O)(O)OP(=O)(O)OCC1OC(n2cnc3c(N)ncnc32)C(O)C1OP(=O)(O)O,(25S)-3-oxocholest-4-en-26-oyl-CoA,2,77
3119,CC(CCCCC(=O)O)OC1OC(C)C(OC(=O)c2c[nH]c3ccccc23)CC1O,IC-asc-C7,4,30
3120,CC(CCCCC(=O)OP(=O)(O)OCC1OC(n2cnc3c(N)ncnc32)C(O)C1O)OC1OC(C)C(OC(=O)c2c[nH]c3ccccc23)CC1O,IC-asc-C7-AMP,4,52
3121,CC(CCCCC(=O)SCCNC(=O)CCNC(=O)C(O)C(C)(C)COP(=O)(O)OP(=O)(O)OCC1OC(n2cnc3c(N)ncnc32)C(O)C1OP(=O)(O)O)OC1OC(C)C(O)CC1O,asc-C7-CoA,2,66
3122,CC(CCCCC(=O)SCCNC(=O)CCNC(=O)C(O)C(C)(C)COP(=O)(O)OP(=O)(O)OCC1OC(n2cnc3c(N)ncnc32)C(O)C1OP(=O)(O)O)OC1OC(C)C(OC(=O)c2c[nH]c3ccccc23)CC1O,IC-asc-C7-CoA,6,77
3123,CC(CCCCC=CC(=O)SCCNC(=O)CCNC(=O)C(O)C(C)(C)COP(=O)(O)OP(=O)(O)OCC1OC(n2cnc3c(N)ncnc32)C(O)C1OP(=O)(O)O)OC1OC(C)C(O)CC1O,asc-DeltaC9-CoA,2,68
3124,CC(CCCCC=CC(=O)SCCNC(=O)CCNC(=O)C(O)C(C)(C)COP(=O)(O)OP(=O)(O)OCC1OC(n2cnc3c(N)ncnc32)C(O)C1OP(=O)(O)O)OC1OC(C)C(OC(=O)c2c[nH]c3ccccc23)CC1O,IC-asc-DeltaC9-CoA,2,79
3125,CC(CCCCCCC(=O)O)OC1OC(C)C(OC(=O)c2c[nH]c3ccccc23)CC1O,IC-asc-C9,4,32
3126,CC(CCCCCCC(=O)OP(=O)(O)OCC1OC(n2cnc3c(N)ncnc32)C(O)C1O)OC1OC(C)C(OC(=O)c2c[nH]c3ccccc23)CC1O,IC-asc-C9-AMP,4,54
3127,CC(CCCCCCC(=O)SCCNC(=O)CCNC(=O)C(O)C(C)(C)COP(=O)(O)OP(=O)(O)OCC1OC(n2cnc3c(N)ncnc32)C(O)C1OP(=O)(O)O)OC1OC(C)C(O)CC1O,asc-C9-CoA,2,68
3128,CC(CCCCCCC(=O)SCCNC(=O)CCNC(=O)C(O)C(C)(C)COP(=O)(O)OP(=O)(O)OCC1OC(n2cnc3c(N)ncnc32)C(O)C1OP(=O)(O)O)OC1OC(C)C(OC(=O)c2c[nH]c3ccccc23)CC1O,IC-asc-C9-CoA,6,79
3129,CC(CCCCCCC=CCCCCCCCC(=O)O)OC1OC(CO)C(O)C(O)C1O,(9Z)-17-hydroxyoctadec-9-enoate 17-O-beta-D-glucoside,4,32
3130,CC(CCCCCCC=CCCCCCCCC(=O)O)OC1OC(CO)C(O)C(O)C1OC1OC(CO)C(O)C(O)C1O,(9Z)-17-hydroxyoctadec-9-enoate 17-O-sophoroside,2,43
3131,CC(CCCCCCCCC=CC(=O)SCCNC(=O)CCNC(=O)C(O)C(C)(C)COP(=O)(O)OP(=O)(O)OCC1OC(n2cnc3c(N)ncnc32)C(O)C1OP(=O)(O)O)OC1OC(C)C(O)CC1O,asc-DeltaC13-CoA,2,72
3132,CC(CCCCCCCCCCC(=O)SCCNC(=O)CCNC(=O)C(O)C(C)(C)COP(=O)(O)OP(=O)(O)OCC1OC(n2cnc3c(N)ncnc32)C(O)C1OP(=O)(O)O)OC1OC(C)C(O)CC1O,asc-C13-CoA,2,72
3133,CC(CCCO)C1CCC2C3C(O)CC4CC(O)CCC4(C)C3CC(O)C12C,"5alpha-cholane-3alpha,7alpha,12alpha,24-tetrol",2,28
3134,CC(CCCOS(=O)(=O)O)C1CCC2C3C(O)CC4CC(O)CCC4(C)C3CC(O)C12C,"3alpha,7alpha,12alpha-trihydroxy-5alpha-cholan-24-yl sulfate",2,32
3135,CC(CCN)C(N)C(=O)NCCCCC(N)C(=O)O,(3R)-3-methyl-D-ornithyl-N(6)-L-lysine,2,19
3136,CC(CCN)C(N)C(=O)O,(3R)-3-methyl-D-ornithine,4,10
3137,CC(CCNC(=N)N)C(=O)C(=O)O,(3R)-5-guanidino-3-methyl-2-oxopentanoate,4,13
3138,CC(CCNC(=N)N)C(N)C(=O)O,(3R)-3-methyl-L-arginine,2,13
3139,CC(CCO)(CC(=O)O)OP(=O)(O)O,(R)-3-phosphomevalonate,4,14
3140,CC(CCOP(=O)(O)O)(CC(=O)O)OP(=O)(O)O,"(R)-3,5-bisphosphomevalonate",2,18
3141,CC(CN)C(=O)O,(R)-3-amino-2-methylpropanoate,6,7
3142,CC(CN)OP(=O)(O)O,(R)-1-aminopropan-2-yl phosphate,4,9
3143,CC(CNC(N)=O)C(=O)O,3-(carbamoylamino)-2-methylpropanoate,4,10
3144,CC(CO)(OP(=O)(O)O)C(O)COP(=O)(O)OP(=O)(O)OCC1OC(n2ccc(N)nc2=O)C(O)C1O,4-CDP-2-C-methyl-D-erythritol 2-phosphate,4,37
3145,CC(CO)(c1ccc(O)cc1)c1ccc(O)cc1,"2,2-bis(4-hydroxyphenyl)-1-propanol",2,18
3146,CC(CO)C(=O)O,3-hydroxy-2-methylpropanoate,4,7
3147,CC(CO)C(=O)SCCNC(=O)CCNC(=O)C(O)C(C)(C)COP(=O)(O)OP(=O)(O)OCC1OC(n2cnc3c(N)ncnc32)C(O)C1OP(=O)(O)O,3-hydroxy-2-methylpropanoyl-CoA,4,54
3148,CC(CO)C(C)SCC(N)C(=O)O,S-(4-hydroxy-3-methylbutan-2-yl)-L-cysteine,2,13
3149,CC(CO)CCC1(O)OC2CC3C4CC=C5CC(OC6OC(CO)C(OC7OC(C)C(O)C(O)C7O)C(O)C6OC6OC(C)C(O)C(O)C6O)CCC5(C)C4CCC3(C)C2C1C,26-deglucoprotodioscin,2,62
3150,CC(CO)CCCC(C)C1CCC2C3C(O)C=C4CC(O)CCC4(C)C3CCC12C,"(25R)-cholest-5-en-3beta,7alpha,26-triol",2,30
3151,CC(CO)CCCC(C)C1CCC2C3C(O)CC4=CC(=O)CCC4(C)C3CCC12C,"(25R)-7alpha,26-dihydroxycholest-4-en-3-one",2,30
3152,CC(CO)CCCC(C)C1CCC2C3CC=C4CC(O)CCC4(C)C3CCC12C,26-hydroxycholesterol,2,29
3153,CC(CO)CCCC(C)CCCC(C)CCCC(C)CC(=O)O,"omega-hydroxy-3,7,11,15-tetramethyl-hexadecanoate",2,23
3154,CC(CO)CCCCCCCCCCCCCC(=O)O,omega-hydroxy-15-methyl-hexadecanoate,2,20
3155,CC(CO)CCNc1ncnc2[nH]cnc12,,1,16
3156,CC(CO)CCNc1ncnc2nc[nH]c12,dihydrozeatin,1,16
3157,CC(CO)NC(=O)CCC(N)C(=O)O,gamma-L-glutamyl-L-alaninol,2,14
3158,CC(Cl)C(=O)O,(S)-2-chloropropanoate,2,6
3159,CC(N)(CO)C(=O)O,2-methylserine,4,8
3160,CC(N)=O,acetamide,4,4
3161,CC(N)C(=O)CCCCCC(=O)O,(8S)-8-amino-7-oxononanoate,12,13
3162,CC(N)C(=O)NC(C(=O)O)C(C)O,L-alanyl-L-threonine,4,13
3163,CC(N)C(=O)NC(C)C(=O)O,D-alanyl-D-alanine,8,11
3164,CC(N)C(=O)NC(CC(=O)O)C(=O)O,L-alanyl-L-aspartate,4,14
3165,CC(N)C(=O)NC(CC1CCC(=O)C2OC12)C(=O)O,bacilysin,2,19
3166,CC(N)C(=O)NC(CCC(=O)NC(CCCC(N)C(=O)O)C(=O)NC(C)C(=O)O)C(=O)O,"L-alanyl-gamma-D-glutamyl-meso-2,6-diaminopimeloyl-D-alanine",2,32
3167,CC(N)C(=O)NC(CCC(=O)NC(CCCC(N)C(=O)O)C(=O)O)C(=O)O,"L-alanyl-gamma-D-glutamyl-meso-2,6-diaminopimelate",8,27
3168,CC(N)C(=O)NC(CCC(=O)O)C(=O)O,L-alanyl-D-glutamate,6,15
3169,CC(N)C(=O)NC(CCC(N)=O)C(=O)O,L-alanyl-L-glutamine,4,15
3170,CC(N)C(=O)NC(CO)C(=O)O,D-alanyl-D-serine,2,12
3171,CC(N)C(=O)NC(CS)C(=O)O,L-alanyl-L-cysteine,2,12
3172,CC(N)C(=O)NC(Cc1c[nH]cn1)C(=O)O,,1,16
3173,CC(N)C(=O)NC(Cc1cnc[nH]1)C(=O)O,L-alanyl-L-histidine,3,16
3174,CC(N)C(=O)NCC(=O)O,L-alanylglycine,4,10
3175,CC(N)C(=O)O,D-alanine,180,6
3176,CC(N)C(=O)OC(C)C(=O)O,D-alanyl-(R)-lactate,2,11
3177,CC(N)C(=O)OP(=O)(O)OCC1OC(n2cnc3c(N)ncnc32)C(O)C1O,D-alanyl-5'-AMP,4,28
3178,CC(N)C(C)O,3-aminobutan-2-ol,4,6
3179,CC(N)C(CCCCCC(=O)O)NC(=O)O,"(7R,8S)-8-amino-7-(carboxyamino)nonanoate",4,16
3180,CC(N)C(N)=O,L-alaninamide,2,6
3181,CC(N)C(N)C(=O)O,"(2S,3R)-diaminobutanoate",2,8
3182,CC(N)C(N)CCCCCC(=O)O,"(7R,8S)-7,8-diammoniononanoate",8,13
3183,CC(N)C1CCCCC1,1-cyclohexylethanamine,2,9
3184,CC(N)CC(=O)CC(=O)O,(5S)-5-amino-3-oxohexanoate,4,10
3185,CC(N)CC(=O)O,3-aminobutanoate,2,7
3186,CC(N)CC(=O)SCCNC(=O)CCNC(=O)C(O)C(C)(C)COP(=O)(O)OP(=O)(O)OCC1OC(n2cnc3c(N)ncnc32)C(O)C1OP(=O)(O)O,(3S)-3-aminobutanoyl-CoA,6,54
3187,CC(N)CC(N)C(=O)O,"(2R,4S)-2,4-diaminopentanoate",6,9
3188,CC(N)CC(N)CC(=O)O,"(3S,5S)-3,5-diaminohexanoate",4,10
3189,CC(N)CCC(=O)O,(S)-4-aminopentanoate,2,8
3190,CC(N)CCC(N)C(=O)O,"(2R,5S)-2,5-diaminohexanoate",2,10
3191,CC(N)CCCO,5-hydroxypentan-2-amine,2,7
3192,CC(N)CCO,3-aminobutan-1-ol,2,6
3193,CC(N)CCc1ccccc1,4-phenylbutan-2-amine,2,11
3194,CC(N)CO,L-alaninol,4,5
3195,CC(N)P(=O)(O)O,(S)-1-aminoethylphosphonate,2,7
3196,CC(N)c1ccccc1,(S)-1-phenylethylamine,6,9
3197,CC(N=CC1(O)OCC(O)C(O)C1O)C(=O)O,"(2S)-2-[(E)-{[(2R,3S,4R,5R)-2,3,4,5-tetrahydroxyoxan-2-yl]methylidene}amino]propanoate",2,17
3198,CC(NC(=O)CCC(C)C1CCC2C3C(O)CC4CC(O)CCC4(C)C3CC(O)C12C)C(=O)O,L-alanocholate,4,34
3199,CC(NC(=O)CCC(N)C(=O)O)C(=O)O,gamma-L-glutamyl-D-alanine,2,15
3200,CC(NC(C)C(=O)O)C(=O)O,"2,2'-iminodipropanoate",2,11
3201,CC(NC(CC(=O)O)C(=O)O)C(N)C(=O)O,"N(3)-1,2-dicarboxyethyl-diaminobutanoate",4,16
3202,CC(NC(CCCCN)C(=O)O)C(=O)O,D-lysopine,2,15
3203,CC(NC(CCCNC(=N)N)C(=O)O)C(=O)O,D-octopine,2,17
3204,CC(NC(CCNC(Cc1c[nH]cn1)C(=O)O)C(=O)O)C(=O)O,staphylopine,2,23
3205,CC(NCC(=O)O)C(=O)O,N-(carboxymethyl)-D-alanine,2,10
3206,CC(NCC1(O)OCC(O)C(O)C1O)C(=O)O,N-(1-deoxy-beta-D-fructopyranos-1-yl)-L-alanine,2,17
3207,CC(NCCC(=O)O)C(=O)O,(R)-beta-alanopine,2,11
3208,CC(NCCCC(N)C(=O)O)C(=O)O,N(5)-[1(S)-1-carboxyethyl]-L-ornithine,2,14
3209,CC(NCCS(=O)(=O)O)C(=O)O,tauropine,2,12
3210,CC(Nc1ccc(CC(O)C(O)C(O)COC2OC(COP(=O)(O)OC(CCC(=O)O)C(=O)NC(CCC(=O)O)C(=O)O)C(O)C2O)cc1)C1Nc2c(nc(N)[nH]c2=O)NC1C,"5,6,7,8-tetrahydrosarcinapterin",2,62
3211,CC(Nc1ccc(CC(O)C(O)C(O)COC2OC(COP(=O)(O)OC(CCC(=O)O)C(=O)O)C(O)C2O)cc1)C1=Nc2c(nc(N)[nH]c2=O)NC1C,"7,8-dihydromethanopterin",4,53
3212,CC(Nc1ccc(CC(O)C(O)C(O)COC2OC(COP(=O)(O)OC(CCC(=O)O)C(=O)O)C(O)C2O)cc1)C1C(C)Nc2nc(N)[nH]c(=O)c2N1C=O,"N(5)-formyl-5,6,7,8-tetrahydromethanopterin",4,55
3213,CC(Nc1ccc(CC(O)C(O)C(O)COC2OC(COP(=O)(O)OC(CCC(=O)O)C(=O)O)C(O)C2O)cc1)C1Nc2c(nc(N)[nH]c2=O)NC1C,"5,6,7,8-tetrahydromethanopterin",12,53
3214,CC(O)(C#N)c1ccccc1,(2S)-2-hydroxy-2-phenylpropanenitrile,2,11
3215,CC(O)(C(=O)O)C(CC(=O)O)C(=O)O,"(2S,3R)-3-hydroxybutane-1,2,3-tricarboxylate",4,14
3216,CC(O)(CC(=O)C(=O)O)C(=O)O,4-hydroxy-4-methyl-2-oxoglutarate,2,12
3217,CC(O)(CC(=O)O)C(=O)O,citramalate,10,10
3218,CC(O)(CC(=O)O)CC(=O)O,3-hydroxy-3-methylglutarate,8,11
3219,CC(O)(CC(=O)O)CC(=O)SCCNC(=O)CCNC(=O)C(O)C(C)(C)COP(=O)(O)OP(=O)(O)OCC1OC(n2cnc3c(N)ncnc32)C(O)C1OP(=O)(O)O,(3S)-3-hydroxy-3-methylglutaryl-CoA,18,58
3220,CC(O)(CC(=O)SCCNC(=O)CCNC(=O)C(O)C(C)(C)COP(=O)(O)OP(=O)(O)OCC1OC(n2cnc3c(N)ncnc32)C(O)C1OP(=O)(O)O)C(=O)O,(3S)-citramalyl-CoA,10,57
3221,CC(O)(CC=O)CC(=O)O,(R)-mevaldate,4,10
3222,CC(O)(CCO)CC(=O)O,(R)-mevalonate,12,10
3223,CC(O)(CCOP(=O)(O)O)CC(=O)O,(R)-5-phosphomevalonate,10,14
3224,CC(O)(CCOP(=O)(O)OP(=O)(O)O)CC(=O)O,(R)-5-diphosphomevalonate,6,18
3225,CC(O)(CO)C(O)COP(=O)(O)O,2-C-methyl-D-erythritol 4-phosphate,4,13
3226,CC(O)(CO)C(O)COP(=O)(O)OP(=O)(O)OCC1OC(n2ccc(N)nc2=O)C(O)C1O,4-CDP-2-C-methyl-D-erythritol,6,33
3227,CC(O)(CO)C1COP(=O)(O)O1,"2-C-methyl-D-erythritol 3,4-cyclophosphate",2,12
3228,CC(O)=C1C(=O)NC(Cc2c[nH]c3ccccc23)C1=O,cyclo-acetoacetyl-L-tryptophan,2,20
3229,CC(O)C(=O)C(=O)O,(S)-3-hydroxy-2-oxobutanoate,2,8
3230,CC(O)C(=O)C1=Nc2c([nH]c(N)nc2=O)NC1,,1,17
3231,CC(O)C(=O)C1=Nc2c(nc(N)[nH]c2=O)NC1,L-sepiapterin,1,17
3232,CC(O)C(=O)C1CNc2nc(N)[nH]c(=O)c2N1,"6-lactoyl-5,6,7,8-tetrahydropterin",4,17
3233,CC(O)C(=O)CC(=O)C(=O)O,"2,4-didehydro-3-deoxy-L-rhamnonate",4,11
3234,CC(O)C(=O)NC(Cc1ccccc1)C(=O)O,N-[(S)-lactoyl]-L-phenylalanine,4,17
3235,CC(O)C(=O)O,(R)-lactate,54,6
3236,CC(O)C(=O)OC1C(O)OC(COP(=O)(O)OP(=O)(O)OCC2OC(n3cnc4c(N)ncnc43)C(O)C2O)C1O,2''-O-(S)-lactoyl-ADP-D-ribose,2,41
3237,CC(O)C(=O)OP(=O)(O)OCC1OC(n2cnc3c(N)ncnc32)C(O)C1O,(S)-lactoyl-AMP,4,28
3238,CC(O)C(=O)SCC(NC(=O)CCC(N)C(=O)O)C(=O)NCC(=O)O,(R)-S-lactoylglutathione,4,25
3239,CC(O)C(=O)SCCNC(=O)CCNC(=O)C(O)C(C)(C)COP(=O)(O)OP(=O)(O)OCC1OC(n2cnc3c(N)ncnc32)C(O)C1OP(=O)(O)O,(R)-lactoyl-CoA,4,53
3240,CC(O)C(=O)c1ccccc1,2-hydroxy-1-phenyl-1-propanone,2,11
3241,CC(O)C(C)C(=O)OCc1ccccc1,"benzyl (2R,3S)-2-methyl-3-hydroxybutanoate",2,15
3242,CC(O)C(C)C(=O)SCCNC(=O)CCNC(=O)C(O)C(C)(C)COP(=O)(O)OP(=O)(O)OCC1OC(n2cnc3c(N)ncnc32)C(O)C1OP(=O)(O)O,"(2S,3S)-3-hydroxy-2-methylbutanoyl-CoA",4,55
3243,CC(O)C(C)C(N)C(=O)O,(4S)-4-hydroxy-L-isoleucine,2,10
3244,CC(O)C(C)O,"(S,S)-butane-2,3-diol",2,6
3245,CC(O)C(CO)C(N)C(=O)O,"(4S)-3(1),4-dihydroxy-L-isoleucine",2,11
3246,CC(O)C(N)C(=O)NC(C(=O)O)C(C)O,L-threonyl-L-threonine,2,15
3247,CC(O)C(N)C(=O)NC(CO)C(=O)O,L-threonyl-L-serine,2,14
3248,CC(O)C(N)C(=O)O,D-threonine,42,8
3249,CC(O)C(N)C(=O)OP(=O)(O)OCC1OC(n2cnc3c(N)ncnc32)C(O)C1O,L-threonyl-5'-AMP,4,30
3250,CC(O)C(N)C1OC(OP(=O)(O)OP(=O)(O)OCC2OC(n3cnc4c(=O)[nH]c(N)nc43)C(O)C2O)C(O)C(O)C1O,GDP-alpha-D-lincosamide,2,42
3251,CC(O)C(N)C1OC(Sc2nc(CC(C(=O)O)[N+](C)(C)C)c[nH]2)C(O)C(O)C1O,ergothioneyl-alpha-D-lincosamide,2,29
3252,CC(O)C(NC(=O)C(N)CO)C(=O)O,L-seryl-L-threonine,2,14
3253,CC(O)C(NC(=O)OP(=O)(O)OCC1OC(n2cnc3c(N)ncnc32)C(O)C1O)C(=O)O,L-threonylcarbamoyladenylate,2,33
3254,CC(O)C(O)C(=O)COP(=O)(O)O,5-deoxy-D-ribulose 1-phosphate,4,13
3255,CC(O)C(O)C(O)C(=O)C(=O)O,"(3S,4S,5R)-3,4,5-trihydroxy-2-oxohexanoate",2,12
3256,CC(O)C(O)C(O)C(=O)CO,L-fuculose,4,11
3257,CC(O)C(O)C(O)C(=O)COP(=O)(O)O,L-fuculose 1-phosphate,4,15
3258,CC(O)C(O)C(O)C(O)C(=O)O,L-fuconate,6,12
3259,CC(O)C(O)C1=Nc2c([nH]c(N)nc2=O)NC1,"L-erythro-7,8-dihydrobiopterin",1,17
3260,CC(O)C(O)C1=Nc2c(nc(N)[nH]c2=O)NC1,,1,17
3261,CC(O)C(O)C1CNC2=NC(N)=NC(=O)C2(O)N1,"(4aS,6R)-4a-hydroxy-L-erythro-5,6,7,8-tetrahydrobiopterin",2,18
3262,CC(O)C(O)C1CNC2=NC(N)=NC(=O)C2=N1,"(6R)-L-erythro-6,7-dihydrobiopterin",2,17
3263,CC(O)C(O)C1CNc2nc(N)[nH]c(=O)c2N1,"(6R)-L-erythro-5,6,7,8-tetrahydrobiopterin",4,17
3264,CC(O)C(O)CC(=O)C(=O)O,2-dehydro-3-deoxy-L-fuconate,6,11
3265,CC(O)C(O)c1cnc2nc(N)[nH]c(=O)c2n1,L-erythro-biopterin,2,17
3266,CC(O)C1(O)CCC2C3CCC4=CC(=O)CCC4(C)C3CCC21C,"(17R,20S)-17,20-dihydroxypregn-4-en-3-one",4,24
3267,CC(O)C1CCC2C3CCC4=CC(=O)CCC4(C)C3CCC12C,(20S)-hydroxypregn-4-en-3-one,4,23
3268,CC(O)C1CCC2C3CCC4CC(=O)CCC4(C)C3CCC12C,5alpha-pregnan-20beta-ol-3-one,4,23
3269,CC(O)C1CCC2C3CCC4CC(O)CCC4(C)C3CCC12C,"3beta,20alpha-dihydroxy-5beta-pregnane",2,23
3270,CC(O)C1CCC2C3CCC4CC(OC5OC(C(=O)O)C(O)C(O)C5O)CCC4(C)C3CCC12C,"3alpha,20alpha-dihydroxy-5beta-pregnane 3-O-(beta-D-glucuronate)",2,35
3271,CC(O)C1CCC2C3CCC4CC(OC5OC(C(=O)O)C(O)C(OS(=O)(=O)O)C5O)CCC4(C)C3CCC12C,"3alpha,20alpha-dihydroxy-5beta-pregnane 3-O-(3-sulfo-beta-D-glucuronate)",2,39
3272,CC(O)C1OC(=O)C(O)C1O,"L-rhamnono-1,4-lactone",8,11
3273,CC(O)C1OC(O)C(O)C1O,L-rhamnofuranose,4,11
3274,CC(O)C=CCC1C(=O)CCC1CC(=O)O,an 11-hydroxyjasmonate,2,16
3275,CC(O)C=O,(R)-lactaldehyde,16,5
3276,CC(O)CC(=O)C(=O)O,(S)-4-hydroxy-2-oxopentanoate,4,9
3277,CC(O)CC(=O)O,(R)-3-hydroxybutanoate,14,7
3278,CC(O)CC(=O)OC(C)CC(=O)O,(3R)-hydroxybutanoate dimer,4,13
3279,CC(O)CC(=O)OC(C)CC(=O)OC(C)CC(=O)O,(3R)-hydroxybutanoate trimer,4,19
3280,CC(O)CC(=O)OC(C)CC(=O)OC(C)CC(=O)OC(C)CC(=O)O,(3R)-hydroxybutanoate tetramer,4,25
3281,CC(O)CC(=O)OC(C)CC(=O)OC(C)CC(=O)OC(C)CC(=O)OC(C)CC(=O)O,(3R)-hydroxybutanoate pentamer,2,31
3282,CC(O)CC(=O)OC(CC(=O)O)C[N+](C)(C)C,O-3-hydroxybutanoyl-(R)-carnitine,2,17
3283,CC(O)CC(=O)SCCNC(=O)CCNC(=O)C(O)C(C)(C)COP(=O)(O)OP(=O)(O)OCC1OC(n2cnc3c(N)ncnc32)C(O)C1OP(=O)(O)O,(3R)-3-hydroxybutanoyl-CoA,12,54
3284,CC(O)CCCC(=O)CCCC=Cc1cc(O)cc(O)c1,decarboxylated hydrolyzed zearalenone,2,21
3285,CC(O)CCCC(=O)CCCC=Cc1cc(O)cc(O)c1C(=O)O,hydrolyzed zearalenone,4,24
3286,CC(O)CCCC(O)c1c(O)cc2c(c1O)C(=O)c1c(O)cc(O)cc1C2=O,"(1'S,5'R)-5'-hydroxyaverantin",2,28
3287,CC(O)CCCCC=CC(=O)SCCNC(=O)CCNC(=O)C(O)C(C)(C)COP(=O)(O)OP(=O)(O)OCC1OC(n2cnc3c(N)ncnc32)C(O)C1OP(=O)(O)O,"(2E,8R)-8-hydroxynonenoyl-CoA",2,59
3288,CC(O)CCCCCCC(=O)SCCNC(=O)CCNC(=O)C(O)C(C)(C)COP(=O)(O)OP(=O)(O)OCC1OC(n2cnc3c(N)ncnc32)C(O)C1OP(=O)(O)O,(8R)-8-hydroxynonanoyl-CoA,2,59
3289,CC(O)CCCCCCC=CCCCCCCCC(=O)O,17-hydroxy-(9Z)-octadecenoate,2,21
3290,CC(O)CCCCCCCCCCCCCC(=O)O,15-hydroxyhexadecanoate,2,19
3291,CC(O)CN,(R)-1-aminopropan-2-ol,6,5
3292,CC(O)CO,"propane-1,2-diol",10,5
3293,CC(O)COP(=O)(O)O,"propane-1,2-diol 1-phosphate",2,9
3294,CC(O)CP(=O)(O)O,(S)-2-hydroxypropylphosphonate,2,8
3295,CC(O)CP(=O)(O)OP(=O)(O)OCC1OC(n2ccc(N)nc2=O)C(O)C1O,cytidine 5'-({hydroxy[(S)-2-hydroxypropyl]phosphonoyl}phosphate),2,28
3296,CC(O)CSCCS(=O)(=O)O,(S)-2-hydroxypropyl-coenzyme M,4,11
3297,CC(O)C[N+](C)(C)C,2-methylcholine,2,8
3298,CC(O)c1ccccc1,1-phenylethanol,4,9
3299,CC(OP(=O)(O)O)C(=O)O,(2S)-2-phospholactate,2,10
3300,CC(OP(=O)(O)O)C(N)C(=O)O,O-phospho-L-threonine,8,12
3301,CC(OP(=O)(O)O)C(NC(=O)CCCCCCS)C(=O)O,coenzyme B,4,21
3302,CC(OP(=O)(O)O)C(NC(=O)CCCCCCSSCCS(=O)(=O)O)C(=O)O,coenzyme M-coenzyme B heterodisulfide,4,28
3303,CC(OP(=O)(O)OCC(O)C(O)C(O)Cn1c2nc(=O)[nH]c(=O)c-2cc2ccc(O)cc21)C(=O)NC(CCC(=O)NC(CCC(=O)NC(CCC(=O)O)C(=O)O)C(=O)O)C(=O)O,oxidized coenzyme alpha-F420-3,2,62
3304,CC(OP(=O)(O)OCC(O)C(O)C(O)Cn1c2nc(=O)[nH]c(=O)c-2cc2ccc(O)cc21)C(=O)NC(CCC(=O)NC(CCC(=O)O)C(=O)O)C(=O)O,oxidized coenzyme F420-2,4,53
3305,CC(OP(=O)(O)OCC(O)C(O)C(O)Cn1c2nc(=O)[nH]c(=O)c-2cc2ccc(O)cc21)C(=O)NC(CCC(=O)O)C(=O)O,oxidized coenzyme F420-1,4,44
3306,CC(OP(=O)(O)OCC(O)C(O)C(O)Cn1c2nc(=O)[nH]c(=O)c-2cc2ccc(O)cc21)C(=O)O,oxidized coenzyme F420-0,4,35
3307,CC(OP(=O)(O)OP(=O)(O)OCC1OC(n2cnc3c(=O)[nH]c(N)nc32)C(O)C1O)C(=O)O,(2S)-lactyl-2-diphospho-5'-guanosine,4,33
3308,CC(OS(=O)(=O)O)C(=O)O,(R)-2-O-sulfolactate,2,10
3309,CC(Oc1ccc(Cl)cc1Cl)C(=O)O,"(S)-(2,4-dichlorophenoxy)propanoate",2,14
3310,CC(S)C(C)CO,2-methyl-3-sulfanylbutan-1-ol,2,7
3311,CC(c1c[nH]c2ccccc12)C(O)C(=O)O,"(2S,3R)-2-hydroxy-3-(indol-3-yl)butanoate",2,16
3312,CC(c1c[nH]c2ccccc12)C1OC(N)=NC1=O,N-demethylindolmycin,2,18
3313,CC(c1ccccc1)C(N)C(=O)O,(3S)-3-methyl-L-phenylalanine,4,13
3314,CC(c1ncncc1F)C(O)(Cn1cncn1)c1ccc(F)cc1F,voriconazole,2,25
3315,CC1(C(=O)O)CCC2(C)CCC3(C)C(=CC(=O)C4C5(C)CCC(=O)C(C)(C)C5CCC43C)C2C1,3-oxoglycyrrhetinate,2,34
3316,CC1(C(=O)O)CCC2(C)CCC3(C)C(=CC(=O)C4C5(C)CCC(O)C(C)(C)C5CCC43C)C2C1,glycyrrhetinate,4,34
3317,CC1(C(=O)O)CCC2(C)CCC3(C)C(=CC(=O)C4C5(C)CCC(OC6OC(C(=O)O)C(O)C(O)C6OC6OC(C(=O)O)C(O)C(O)C6O)C(C)(C)C5CCC43C)C2C1,glycyrrhizin,2,58
3318,CC1(C(=O)O)NCCc2cc(O)c(O)cc21,(R)-salsolinol-1-carboxylate,2,16
3319,CC1(C)C(=N)C(=O)NC1Cc1ccc(O)cc1,"5-[(4-hydroxyphenyl)methyl]-3-imino-4,4-dimethylpyrrolidin-2-one",4,17
3320,CC1(C)C(=O)C(=O)NC1Cc1ccc(O)cc1,pre-mycofactocin,4,17
3321,CC1(C)C(C=C(Cl)Cl)C1C(=O)O,"(1S,3R)-3-(2,2-dichlorovinyl)-2,2-dimethylcyclopropanecarboxylate",2,12
3322,CC1(C)C(C=C(Cl)Cl)C1C(=O)OCc1cccc(Oc2ccccc2)c1,(-)-trans-permethrin,2,26
3323,CC1(C)C(Cc2ccc(O)cc2)NC(=O)C1N,"3-amino-5-[(4-hydroxyphenyl)methyl]-4,4-dimethyl-2-pyrrolidin-2-one",6,17
3324,CC1(C)C2CC(=O)C1(C)C(O)C2,(+)-6-exo-hydroxycamphor,2,12
3325,CC1(C)C2CC3C(C2)C31C,tricyclene,2,10
3326,CC1(C)C2CC3OC3(C)C1C2,alpha-pinene oxide,2,11
3327,CC1(C)C2CCC1(C)C(O)C2,"(1R,2S,4R)-borneol",4,11
3328,CC1(C)C2CCC1(C)C(OP(=O)(O)OP(=O)(O)O)C2,"(2S,4R)-bornyl diphosphate",4,19
3329,CC1(C)CC(=O)C2(C)CCC3(C)C(=CCC4C5(C)CCC(O)C(C)(CO)C5CCC43C)C2C1,soyasapogenol E,2,33
3330,CC1(C)CC(=O)C2(C)CCC3(C)C(=CCC4C5(C)CCC(OC6OC(C(=O)O)C(O)C(O)C6O)C(C)(CO)C5CCC43C)C2C1,soyasapogenol E 3-O-beta-D-glucuronate,2,45
3331,CC1(C)CC(O)C2(C)CCC3(C)C(=CCC4C5(C)CCC(O)C(C)(CO)C5CCC43C)C2C1,soyasapogenol B,2,33
3332,CC1(C)CC(O)C2(C)CCC3(C)C(=CCC4C5(C)CCC(OC6OC(C(=O)O)C(O)C(O)C6O)C(C)(CO)C5CCC43C)C2C1,soyasapogenol B 3-O-beta-D-glucuronate,4,45
3333,CC1(C)CC(O)C2(C)CCC3(C)C(=CCC4C5(C)CCC(OC6OC(C(=O)O)C(O)C(O)C6OC6OC(CO)C(O)C(O)C6O)C(C)(CO)C5CCC43C)C2C1,soyasaponin III,4,56
3334,CC1(C)CC2(C)CC(=O)C3OC(=O)C4CCC1C432,gamma-lactone-2-keto[5.5.5.5]fenestrane,2,18
3335,CC1(C)CC2(C)CC(=O)OC3OC(=O)C4CCC1C342,penifulvin A,2,19
3336,CC1(C)CC2C3=CCC4C5(C)CCC(O)C(C)(CO)C5CCC4(C)C3(C)CCC2(C)C(O)C1O,soyasapogenol A,2,34
3337,CC1(C)CC2C3=CCC4C5(C)CCC(OC6OC(C(=O)O)C(O)C(O)C6O)C(C)(CO)C5CCC4(C)C3(C)CCC2(C)C(O)C1O,soyasapogenol A 3-O-beta-D-glucuronate,2,46
3338,CC1(C)CC2C=C(C(=O)O)C3COC(=O)C4(CO4)C23C1,pentalenolactone F,2,20
3339,CC1(C)CCC(C(=O)O)N=C1C(=O)O,"(2S)-5,5-dimethyl-2,3,4,5-tetrahydropyridine-2,6-dicarboxylate",6,14
3340,CC1(C)CCC(C(=O)O)NC1,"(2S)-5,5-dimethylpiperidine-2-carboxylate",2,11
3341,CC1(C)CCC(C(=O)O)NC1C(=O)O,"(6S)-3,3-dimethylpiperidine-2,6-dicarboxylate",4,14
3342,CC1(C)CCC2(C(=O)O)C(O)CC3(C)C(=CCC4C5(C)CCC(O)C(C)(C(=O)O)C5CCC43C)C2C1,16alpha-hydroxygypsogenate,2,36
3343,CC1(C)CCC2(C(=O)O)C(O)CC3(C)C(=CCC4C5(C)CCC(O)C(C)(C=O)C5CCC43C)C2C1,quillate,2,35
3344,CC1(C)CCC2(C(=O)O)CCC3(C)C(=CCC4C5(C)CCC(O)C(C)(C(=O)O)C5CCC43C)C2C1,gypsogenate,2,35
3345,CC1(C)CCC2(C(=O)O)CCC3(C)C(=CCC4C5(C)CCC(O)C(C)(C)C5CCC43C)C2C1,oleanolate,2,33
3346,CC1(C)CCC2(C(=O)O)CCC3(C)C(=CCC4C5(C)CCC(O)C(C)(C=O)C5CCC43C)C2C1,gypsogenin,2,34
3347,CC1(C)CCC2(C(=O)O)CCC3(C)C(=CCC4C5(C)CCC(OC6OC(CO)C(O)C(O)C6O)C(C)(C)C5CCC43C)C2C1,oleanolate 3-O-beta-D-glucoside,2,44
3348,CC1(C)CCC2(C(=O)OC3OC(CO)C(O)C(O)C3O)C(O)CC3(C)C(=CCC4C5(C)CCC(O)C(C)(C(=O)O)C5CCC43C)C2C1,16alpha-hydroxygypsogenate 28-beta-D-glucoside,2,47
3349,CC1(C)CCC2(C(=O)OC3OC(CO)C(O)C(O)C3O)C(O)CC3(C)C(=CCC4C5(C)CCC(O)C(C)(C=O)C5CCC43C)C2C1,quillaic acid 28-beta-D-glucoside,2,46
3350,CC1(C)CCC2(C(=O)OC3OC(CO)C(O)C(O)C3O)CCC3(C)C(=CCC4C5(C)CCC(O)C(C)(C(=O)O)C5CCC43C)C2C1,gypsogenate 28-beta-D-glucoside,2,46
3351,CC1(C)CCC2(C(=O)OC3OC(CO)C(O)C(O)C3O)CCC3(C)C(=CCC4C5(C)CCC(O)C(C)(C=O)C5CCC43C)C2C1,gypsogenin 28-beta-D-glucoside,2,45
3352,CC1(C)CCCC2(C)C1CCC1(C)C2CCC2(C)C(CO)C(C)(O)CCC21,scalarane-17alpha-19-diol,2,27
3353,CC1(C)CCCC2(C)C1CCC1(C)C2CCC2C3(C)CCC(O)C(C)(C)C3CCC21C,tetrahymanol,1,31
3354,CC1(C)CCCC2(C)C1CCC13CC(CCC12)C(C)(O)C3,phyllocladan-16alpha-ol,2,21
3355,CC1(C)CCCC2(C)C1CCC13CC4C(CC12)C4(C)C3,ent-trachylobane,2,20
3356,CC1(C)CCCC2=C1C1OC(=O)C(=CO)C1C2,5-deoxystrigol ABC-rings,2,17
3357,CC1(C)CCCC2=C1C1OC(=O)C(=CO)C1C2O,orobanchol ABC-rings,2,18
3358,CC1(C)COC(=O)C1=O,2-dehydropantolactone,2,9
3359,CC1(C)COC(=O)C1O,(R)-pantolactone,2,9
3360,CC1(C)Cc2cccc(O)c2O1,"2,2-dimethyl-2,3-dihydro-1-benzofuran-7-ol",2,12
3361,CC1(C)OC1C1CC(C2CC=C3C2(C)CCC2C4(C)CCC(O)C(C)(C)C4CC(O)C32C)C(O)O1,isomeliandiol,2,35
3362,CC1(C)OC2(C)CCC1CC2O,"2-exo-hydroxy-1,8-cineole",2,12
3363,CC1(C)SC2C(NC(=O)CCCC(N)C(=O)O)C(=O)N2C1C(=O)O,isopenicillin N,4,24
3364,CC1(C)SC2C(NC(=O)Cc3ccccc3)C(=O)N2C1C(=O)O,penicillin G,2,23
3365,CC1(CC(=O)O)C2=Cc3[nH]c(c(CCC(=O)O)c3CC(=O)O)CC3=C(CCC(=O)O)C(CC(=O)O)C(=N3)C=C3NC(=CC(=N2)C1CCC(=O)O)C(C)(CC(=O)O)C3CCC(=O)O,Co-precorrin-2,2,62
3366,CC1(CC(=O)O)C2=NC(=Cc3[nH]c(c(CCC(=O)O)c3CC(=O)O)Cc3[nH]c(c(CC(=O)O)c3CCC(=O)O)C(C)(O)C34NC(=C2)C(CCC(=O)O)C3(C)CC(=O)O4)C1CCC(=O)O,precorrin-3B,2,64
3367,CC1(CC(=O)O)C=CC(=O)O1,4-methylmuconolactone,2,11
3368,CC1(CO)CCCC2(CO)C3=C(CC(O)C12)C(=O)OC3,"7beta,14,16-trihydroxyconfertifolin",4,20
3369,CC1(CO)CCCC2(CO)C3=C(CC(OC(=O)c4ccc(O)cc4)C12)C(=O)OC3,dideacetyl astellolide B,4,29
3370,CC1(CO)CCCC2(CO)C3=C(CC(OC(=O)c4ccccc4)C12)C(=O)OC3,dideacetyl astellolide A,4,28
3371,CC1(CO)OP(=O)(O)OP(=O)(O)OCC1O,"2-C-methyl-D-erythritol 2,4-cyclic diphosphate",2,16
3372,CC1(O)CC(=O)c2c(cc3cc(O)cc(O)c3c2O)C1,atrochrysone,2,20
3373,CC1(O)CC(=O)c2c(cc3cc(O)cc(O)c3c2O)O1,naphtopyrone YWA1,1,20
3374,CC1(O)CCC2C(CCC3=CC(=O)CCC32C)C1CCC(=O)O,testolate,2,23
3375,CC1(O)Cc2cc3cc(O)cc(O)c3c(O)c2C(=O)C1C(=O)O,atrochrysone carboxylate,4,23
3376,CC1(O)OCC(O)C1(O)O,"(2R,4S)-2-methyltetrahydrofuran-2,3,3,4-tetrol",2,10
3377,CC1(O)OCC(O)C1=O,"(2R,4S)-2-methyl-2,4-dihydroxydihydrofuran-3-one",4,9
3378,CC12C=CC(=O)C=C1CCC1C2CCC2(C)C(O)CCC12,"17beta-hydroxyandrosta-1,4-dien-3-one",2,21
3379,CC12C=CC(=O)CC1CCC1C2CCC2(C)C(O)CCC12,Delta(1)-dihydrotestosterone,4,21
3380,CC12CC(=O)C(CC(=O)O1)C2(C)C,"(1R,4R)-5-oxo-1,2-campholide",2,13
3381,CC12CC(=O)C(CC1=O)C2(C)C,"(1R,4R)-bornane-2,5-dione",2,12
3382,CC12CC(=O)C3C(CCC4=CC(=O)CCC43C)C1CCC2=O,"androst-4-ene-3,11,17-trione",4,22
3383,CC12CC(O)C(CC1=O)C2(C)C,"(1R,4R,5R)-5-hydroxycamphor",2,12
3384,CC12CC(O)C3C(CCC4=CC(=O)CCC43C)C1CCC2=O,"11beta-hydroxyandrost-4-ene-3,17-dione",4,22
3385,CC12CC(O)C3C(CCC4CC(=O)CCC43C)C1CCC2C(=O)CO,5beta-dihydrocorticosterone,2,25
3386,CC12CC3=C(CCC(=O)O)C(C)(CC(=O)O)C(=N3)C=C3NC(C)(C4=C(CC(=O)O)C(C)(CCC(=O)O)C(=N4)CC(=N1)C(CCC(=O)O)=C2CC(=O)O)C(C)(CC(=O)O)C3CCC(=O)O,Co-precorrin-6A,2,64
3387,CC12CC3=C(CCC(=O)O)C(C)(CC(=O)O)C(=N3)C=C3NC(C)(C4N=C(CC(=N1)C(CCC(=O)O)=C2CC(=O)O)C(C)(CCC(=O)O)C4CC(=O)O)C(C)(CC(=O)O)C3CCC(=O)O,Co-precorrin-6B,2,64
3388,CC12CCC(=O)C(C(=O)SCCNC(=O)CCNC(=O)C(O)C(C)(C)COP(=O)(O)OP(=O)(O)OCC3OC(n4cnc5c(N)ncnc54)C(O)C3OP(=O)(O)O)=C1CCC2=O,"(7aS)-7a-methyl-1,5-dioxo-2,3,5,6,7,7a-hexahydro-1H-indene-carboxyl-CoA",4,62
3389,CC12CCC(=O)C(CCC(=O)O)C1CCC2=O,"3-[(3aS,4S,7aS)-7a-methyl-1,5-dioxo-octahydro-1H-inden-4-yl]propanoate",4,17
3390,CC12CCC(=O)C=C1CCC1C2C(=O)CC2(C)C(C(=O)C=O)CCC12,"pregn-4-ene-3,11,20,21-tetraone",2,25
3391,CC12CCC(=O)C=C1CCC1C2C(=O)CC2(C)C(C(=O)CO)CCC12,11-dehydrocorticosterone,6,25
3392,CC12CCC(=O)C=C1CCC1C2C(=O)CC2(C)C(O)CCC12,"17beta-hydroxyandrost-4-ene-3,11-dione",4,22
3393,CC12CCC(=O)C=C1CCC1C2C(=O)CC2(C)C1CCC2(O)C(=O)C=O,"17alpha-hydroxypregn-4-en-3,11,20-trione-21-al",2,26
3394,CC12CCC(=O)C=C1CCC1C2C(=O)CC2(C)C1CCC2(O)C(=O)CO,cortisone,10,26
3395,CC12CCC(=O)C=C1CCC1C2C(=O)CC2(C)C1CCC2(O)C(O)CO,20beta-dihydrocortisone,2,26
3396,CC12CCC(=O)C=C1CCC1C2C(O)CC2(C)C(C(=O)CO)CCC12,corticosterone,8,25
3397,CC12CCC(=O)C=C1CCC1C2C(O)CC2(C)C(C(O)CO)CCC12,20beta-dihydrocorticosterone,2,25
3398,CC12CCC(=O)C=C1CCC1C2C(O)CC2(C)C(O)CCC12,"11beta,17beta-dihydroxyandrost-4-ene-3-one",4,22
3399,CC12CCC(=O)C=C1CCC1C2C(O)CC2(C)C1CCC2(O)C(=O)C=O,"11beta,17alpha-dihydroxypregn-4-ene-3,20,21-trione",2,26
3400,CC12CCC(=O)C=C1CCC1C2C(O)CC2(C)C1CCC2(O)C(=O)CO,cortisol,14,26
3401,CC12CCC(=O)C=C1CCC1C2C(O)CC2(C)C1CCC2(O)C(=O)COS(=O)(=O)O,cortisol 21-sulfate,2,30
3402,CC12CCC(=O)C=C1CCC1C2C(O)CC2(C)C1CCC2(O)C(O)CO,20beta-dihydrocortisol,2,26
3403,CC12CCC(=O)C=C1CCC1C2C(O)CC2(C=O)C(C(=O)CO)CCC12,aldosterone,4,26
3404,CC12CCC(=O)C=C1CCC1C2C2CC3(C(O)O2)C(C(=O)CO)CCC13,aldosterone hemiacetal,4,26
3405,CC12CCC(=O)C=C1CCC1C2C2CC3(C(OC4OC(C(=O)O)C(O)C(O)C4O)O2)C(C(=O)CO)CCC13,aldosterone hemiacetal 18-beta-glucuronide,2,38
3406,CC12CCC(=O)C=C1CCC1C2CCC2(C)C(C(=O)CO)CCC12,21-hydroxyprogesterone,6,24
3407,CC12CCC(=O)C=C1CCC1C2CCC2(C)C(C(O)C=O)CCC12,20-hydroxy-3-oxopregn-4-en-21-al,2,24
3408,CC12CCC(=O)C=C1CCC1C2CCC2(C)C(C(O)CO)CCC12,"4-pregnen-20,21-diol-3-one",2,24
3409,CC12CCC(=O)C=C1CCC1C2CCC2(C)C(O)CCC12,testosterone,10,21
3410,CC12CCC(=O)C=C1CCC1C2CCC2(C)C(OC3OC(C(=O)O)C(O)C(O)C3O)CCC12,testosterone 17-O-(beta-D-glucuronate),4,33
3411,CC12CCC(=O)C=C1CCC1C2CCC2(C)C(OC3OC(C(=O)O)C(O)C(OS(=O)(=O)O)C3O)CCC12,testosterone 17-O-(3-sulfo-beta-D-glucuronate),2,37
3412,CC12CCC(=O)CC1=CCC1C2CCC2(C)C(O)CCC12,17beta-hydroxy-androst-5-en-3-one,4,21
3413,CC12CCC(=O)CC1CCC1C2C(=O)CC2(C)C1CCC2(O)C(=O)CO,"4,5beta-dihydrocortisone",2,26
3414,CC12CCC(=O)CC1CCC1C2C(O)CC2(C)C1CCC2(O)C(=O)CO,5beta-dihydrocortisol,2,26
3415,CC12CCC(=O)CC1CCC1C2C(O)CC2(C=O)C(C(=O)CO)CCC12,5beta-dihydroaldosterone,2,26
3416,CC12CCC(=O)CC1CCC1C2CCC2(C)C(C(=O)CO)CCC12,5beta-dihydrodeoxycorticosterone,2,24
3417,CC12CCC(=O)CC1CCC1C2CCC2(C)C(OC3OC(C(=O)O)C(O)C(O)C3O)CCC12,5alpha-dihydrotestosterone 17-O-(beta-D-glucuronate),6,33
3418,CC12CCC(=O)CC1CCC1C2CCC2(C)C(OC3OC(C(=O)O)C(O)C(O)C3OC3OC(C(=O)O)C(O)C(O)C3O)CCC12,5alpha-dihydrotestosterone 17-O-[beta-D-glucuronosyl-(1->2)-glucuronate],2,45
3419,CC12CCC(=O)CC1CCC1C2CCC2(C)C(OS(=O)(=O)O)CCC12,5alpha-dihydrotestosterone sulfate,2,25
3420,CC12CCC(C1)C(C)(C)C2=O,"(1S,4R)-fenchone",4,11
3421,CC12CCC(C1)C(C)(C)C2O,"(1S,2S,4R)-endo-fenchol",4,11
3422,CC12CCC(CC(=O)O1)C(C)(C)O2,"1,6,6-trimethyl-2,7-dioxabicyclo[3.2.2]nonan-3-one",2,13
3423,CC12CCC(CC1)C(C)(C)O2,"1,8-cineole",2,11
3424,CC12CCC(CC1=O)C(C)(C)O2,6-oxocineole,4,12
3425,CC12CCC(CC1=O)C2(C)C,"(1R,4R)-camphor",4,11
3426,CC12CCC(O)C(C(=O)SCCNC(=O)CCNC(=O)C(O)C(C)(C)COP(=O)(O)OP(=O)(O)OCC3OC(n4cnc5c(N)ncnc54)C(O)C3OP(=O)(O)O)=C1CCC2=O,"(5R,7aS)-5-hydroxy-7a-methyl-1-oxo-2,3,5,6,7,7a-hexahydro-1H-indene-carboxyl-CoA",4,62
3427,CC12CCC(O)C(CCC(=O)O)C1CCC2=O,"5-hydroxy-3-[(3aS,4S,5R,7aS)-7a-methyl-1,5-dioxo-octahydro-1H-inden-4-yl]propanoate",2,17
3428,CC12CCC(O)CC1=CCC1C2CCC2(C)C(O)CCC12,"androst-5-en-3beta,17beta-diol",6,21
3429,CC12CCC(O)CC1CCC1C2CCC2(C)C(OC3OC(C(=O)O)C(O)C(O)C3O)CCC12,3alpha-hydroxy-5alpha-androstane 17-O-(beta-D-glucuronate),2,33
3430,CC12CCC(O)CC1CCC1C2CCC2(C)C(OS(=O)(=O)O)CCC12,"(3beta,5alpha,17beta)-3-hydroxy-androstan-17-yl sulfate",2,25
3431,CC12CCC(OC3OC(C(=O)O)C(O)C(O)C3O)CC1CCC1C2C(=O)CC2(C)C1CCC2(O)C(=O)O,"3alpha,17alpha-dihydroxy-5beta-androstane-11-one-17beta-carboxylate 3-O-(beta-D-glucuronate)",2,37
3432,CC12CCC(OC3OC(C(=O)O)C(O)C(OS(=O)(=O)O)C3O)CC1CCC1C2C(=O)CC2(C)C1CCC2(O)C(=O)O,"3alpha,17alpha-dihydroxy-5beta-androstane-11-one-17beta-carboxylate 3-O-(3-sulfo-beta-D-glucuronate)",2,41
3433,CC12CCC3(O)C(CCC4=CC(=O)CCC43C)C1CCC2=O,"9alpha-hydroxy-androst-4-ene-3,17-dione",2,22
3434,CC12CCC3C(=CC=C(O)C(=O)O)C(=O)CCC3C1CCC2=O,"(2Z,10Z)-3-hydroxy-5,17-dioxo-4,5-secoestra-2,10-diene-3-oate",2,23
3435,CC12CCC3C(C(=O)C=C4CC(O)CCC43C)C1CCC2=O,"3beta-hydroxy-5-androstene-7,17-dione",2,22
3436,CC12CCC3C(C(=O)CC4CC(O)CCC43C)C1CCC2=O,"3beta-hydroxy-5alpha-androstane-7,17-dione",2,22
3437,CC12CCC3C(C(O)C=C4CC(O)CCC43C)C1CCC2=O,"3beta,7alpha-dihydroxyandrost-5-en-17-one",2,22
3438,CC12CCC3C(C(O)CC4CC(O)CCC43C)C1CCC2=O,"3beta,7alpha-dihydroxy-5alpha-androstan-17-one",2,22
3439,CC12CCC3C(CC=C4CC(=O)CCC43C)C1CCC2=O,"androst-5-ene-3,17-dione",4,21
3440,CC12CCC3C(CC=C4CC(O)CCC43C)C1CCC2=O,3beta-hydroxyandrost-5-en-17-one,12,21
3441,CC12CCC3C(CC=C4CC(OC5OC(C(=O)O)C(O)C(O)C5O)CCC43C)C1CCC2=O,3beta-androst-5-en-17-one 3-O-(beta-D-glucuronate),2,33
3442,CC12CCC3C(CC=C4CC(OC5OC(C(=O)O)C(O)C(OS(=O)(=O)O)C5O)CCC43C)C1CCC2=O,3beta-androst-5-en-17-one 3-O-(3-sulfo-beta-D-glucuronate),2,37
3443,CC12CCC3C(CC=C4CC(OC5OC(CO)C(O)C(O)C5O)CCC43C)C1CCC2=O,dehydroepiandrosterone 3-beta-D-glucoside,2,32
3444,CC12CCC3C(CC=C4CC(OS(=O)(=O)O)CCC43C)C1CCC2=O,dehydroepiandrosterone 3-sulfate,4,25
3445,CC12CCC3C(CCC4=CC(=O)CCC43C)C1CCC(=O)O2,testololactone,4,22
3446,CC12CCC3C(CCC4=CC(=O)CCC43C)C1CCC2=O,"androst-4-ene-3,17-dione",16,21
3447,CC12CCC3C(CCC4CC(=O)C=CC43C)C1CCC2=O,"5alpha-androst-1-ene-3,17-dione",2,21
3448,CC12CCC3C(CCC4CC(=O)CC(O)C43C)C1CCC2=O,"1-hydroxy-5alpha-androstan-3,17-dione",2,22
3449,CC12CCC3C(CCC4CC(=O)CC(O)C43C)C1CCC2O,"1,17beta-dihydroxyandrostan-3-one",2,22
3450,CC12CCC3C(CCC4CC(=O)CCC43C)C1CCC2=O,"5alpha-androstan-3,17-dione",10,21
3451,CC12CCC3C(CCC4CC(=O)CCC43C)C1CCC2O,5beta-dihydrotestosterone,12,21
3452,CC12CCC3C(CCC4CC(O)CCC43C)C1CCC2=O,androsterone,12,21
3453,CC12CCC3C(CCC4CC(O)CCC43C)C1CCC2O,"androstan-3alpha,17beta-diol",8,21
3454,CC12CCC3C(CCC4CC(OC5OC(C(=O)O)C(O)C(O)C5O)CCC43C)C1CCC2=O,3alpha-hydroxyetiocholan-17-one 3-O-(beta-D-glucuronate),2,33
3455,CC12CCC3C(CCC4CC(OC5OC(C(=O)O)C(O)C(OS(=O)(=O)O)C5O)CCC43C)C1CCC2=O,3alpha-hydroxyetiocholan-17-one 3-O-(3-sulfo-beta-D-glucuronate),2,37
3456,CC12CCC3C(CCC4CC(OC5OC(CO)C(O)C(O)C5O)CCC43C)C1CCC2=O,epiandrosterone 3-beta-D-glucoside,2,32
3457,CC12CCC3C(CCC4CC(OS(=O)(=O)O)CCC43C)C1CCC2=O,androsterone 3alpha-sulfate,2,25
3458,CC12CCC3C(CCC4CCCCC43C)C1CCC2CC=O,pregnan-21-al,4,22
3459,CC12CCC3C4CCC(=O)C=C4CCC3C1CCC2O,17beta-hydroxyestr-4-en-3-one,2,20
3460,CC12CCC3C4CCC(=O)CC4CCC3C1CCC2O,17beta-hydroxy-5beta-estran-3-one,2,20
3461,CC12CCC3c4cc(O)c(O)cc4CCC3C1CCC2=O,2-hydroxyestrone,6,21
3462,CC12CCC3c4cc(O)c(O)cc4CCC3C1CCC2O,2-hydroxy-17beta-estradiol,10,21
3463,CC12CCC3c4cc(O)c(OC5OC(C(=O)O)C(O)C(O)C5O)cc4CCC3C1CCC2=O,2-hydroxyestrone 3-O-(beta-D-glucuronate),2,33
3464,CC12CCC3c4cc(O)c(OC5OC(C(=O)O)C(O)C(O)C5O)cc4CCC3C1CCC2O,2-hydroxy-17beta-estradiol 3-O-(beta-D-glucuronate),2,33
3465,CC12CCC3c4cc(O)c(OS(=O)(=O)O)cc4CCC3C1CCC2O,2-hydroxy-17beta-estradiol 3-sulfate,2,25
3466,CC12CCC3c4cc(OC5OC(C(=O)O)C(O)C(O)C5O)c(O)cc4CCC3C1CCC2O,17beta-estradiol 2-O-(beta-D-glucuronate),2,33
3467,CC12CCC3c4ccc(O)c(O)c4CCC3C1CCC2=O,4-hydroxyestrone,8,21
3468,CC12CCC3c4ccc(O)c(O)c4CCC3C1CCC2O,4-hydroxy-17beta-estradiol,6,21
3469,CC12CCC3c4ccc(O)c(OC5OC(C(=O)O)C(O)C(O)C5O)c4CCC3C1CCC2=O,estrone 4-O-(beta-D-glucuronate),2,33
3470,CC12CCC3c4ccc(O)c(OC5OC(C(=O)O)C(O)C(O)C5O)c4CCC3C1CCC2O,17beta-estradiol 4-O-(beta-D-glucuronate),2,33
3471,CC12CCC3c4ccc(O)cc4CCC3C1CC(O)C2=O,16alpha-hydroxyestrone,4,21
3472,CC12CCC3c4ccc(O)cc4CCC3C1CC(O)C2O,"16alpha,17beta-estriol",6,21
3473,CC12CCC3c4ccc(O)cc4CCC3C1CC(O)C2OC1OC(C(=O)O)C(O)C(O)C1O,"16alpha,17alpha-estriol 17-O-(beta-D-glucuronate)",4,33
3474,CC12CCC3c4ccc(O)cc4CCC3C1CC(O)C2OC1OC(C(=O)O)C(O)C(OS(=O)(=O)O)C1O,"16alpha,17beta-estriol 17-O-(3-sulfo-beta-D-glucuronate)",2,37
3475,CC12CCC3c4ccc(O)cc4CCC3C1CC(OC1OC(C(=O)O)C(O)C(O)C1O)C2=O,16alpha-hydroxyestrone 16-O-(beta-D-glucuronate),2,33
3476,CC12CCC3c4ccc(O)cc4CCC3C1CC(OC1OC(C(=O)O)C(O)C(O)C1O)C2O,"16alpha,17beta-estriol 16-O-(beta-D-glucuronate)",4,33
3477,CC12CCC3c4ccc(O)cc4CCC3C1CC(OC1OC(C(=O)O)C(O)C(OS(=O)(=O)O)C1O)C2O,"16alpha,17beta-estriol 16-O-(3-sulfo-beta-D-glucuronate)",2,37
3478,CC12CCC3c4ccc(O)cc4CCC3C1CCC2=O,estrone,10,20
3479,CC12CCC3c4ccc(O)cc4CCC3C1CCC2O,17beta-estradiol,10,20
3480,CC12CCC3c4ccc(O)cc4CCC3C1CCC2OC1OC(C(=O)O)C(O)C(O)C1O,17beta-estradiol 17-O-(beta-D-glucuronate),6,32
3481,CC12CCC3c4ccc(O)cc4CCC3C1CCC2OC1OC(C(=O)O)C(O)C(OS(=O)(=O)O)C1O,17beta-estradiol 17-O-(3-sulfo-beta-D-glucuronate),2,36
3482,CC12CCC3c4ccc(OC5OC(C(=O)O)C(O)C(O)C5O)c(O)c4CCC3C1CCC2=O,4-hydroxyestrone 3-O-(beta-D-glucuronate),2,33
3483,CC12CCC3c4ccc(OC5OC(C(=O)O)C(O)C(O)C5O)c(O)c4CCC3C1CCC2O,4-hydroxy-17beta-estradiol 3-O-(beta-D-glucuronate),2,33
3484,CC12CCC3c4ccc(OC5OC(C(=O)O)C(O)C(O)C5O)cc4CCC3C1CC(O)C2=O,16alpha-hydroxyestrone 3-O-(beta-D-glucuronate),2,33
3485,CC12CCC3c4ccc(OC5OC(C(=O)O)C(O)C(O)C5O)cc4CCC3C1CC(O)C2O,"16alpha,17beta-estriol 3-O-(beta-D-glucuronate)",4,33
3486,CC12CCC3c4ccc(OC5OC(C(=O)O)C(O)C(O)C5O)cc4CCC3C1CCC2=O,estrone 3-O-(beta-D-glucuronate),4,32
3487,CC12CCC3c4ccc(OC5OC(C(=O)O)C(O)C(O)C5O)cc4CCC3C1CCC2O,17alpha-estradiol 3-O-(beta-D-glucuronate),6,32
3488,CC12CCC3c4ccc(OC5OC(C(=O)O)C(O)C(O)C5O)cc4CCC3C1CCC2OS(=O)(=O)O,17beta-estradiol 3-O-(beta-D-glucuronate) 17-sulfate,2,36
3489,CC12CCC3c4ccc(OC5OC(C(=O)O)C(O)C(OS(=O)(=O)O)C5O)cc4CCC3C1CC(O)C2O,"16alpha,17beta-estriol 3-O-(3-sulfo-beta-D-glucuronate)",2,37
3490,CC12CCC3c4ccc(OC5OC(C(=O)O)C(O)C(OS(=O)(=O)O)C5O)cc4CCC3C1CCC2=O,estrone 3-O-(3-sulfo-beta-D-glucuronate),2,36
3491,CC12CCC3c4ccc(OC5OC(C(=O)O)C(O)C(OS(=O)(=O)O)C5O)cc4CCC3C1CCC2O,17beta-estradiol 3-O-(3-sulfo-beta-D-glucuronate),2,36
3492,CC12CCC3c4ccc(OC5OC(C(=O)O)C(O)C(OS(=O)(=O)O)C5O)cc4CCC3C1CCC2OS(=O)(=O)O,17beta-estradiol 3-O-(3-sulfo-beta-D-glucuronate) 17-sulfate,2,40
3493,CC12CCC3c4ccc(OS(=O)(=O)O)cc4CCC3C1CCC2=O,estrone 3-sulfate,4,24
3494,CC12CCC3c4ccc(OS(=O)(=O)O)cc4CCC3C1CCC2O,17beta-estradiol 3-sulfate,2,24
3495,CC12CCCC(O)(C1)C1CC(C)(C)C1CC2,(+)-caryolan-1-ol,2,16
3496,CC12CCCCC1CCC1C2CCC2(C)C(CCO)CCC12,pregnan-21-ol,4,22
3497,CC1=C(C(=O)O)N2C(=O)C(NC(=O)CCCC(N)C(=O)O)C2SC1,deacetoxycephalosporin C,4,24
3498,CC1=C(C=CC2=CCCC3(C)C2CCC3C(C)CCCC(C)C)CC(O)CC1,previtamin D3,2,28
3499,CC1=C(C=O)C(C)(C)CC(O)C1,3beta-hydroxy-beta-cyclocitral,6,12
3500,CC1=C(CCC(=O)O)C2=NC1(C)CC1=C(CCC(=O)O)C(C)(CC(=O)O)C(=N1)C=C1NC(C)(C3N=C(C2C)C(C)(CCC(=O)O)C3CC(=O)O)C(C)(CC(=O)O)C1CCC(=O)O,Co-precorrin-7,2,62
3501,CC1=C(CCC(=O)O)c2cc3[nH]c(cc4nc(cc5[nH]c(cc1n2)c(CCC(=O)O)c5C)C(C)=C4CCC(=O)O)c(CCC(=O)O)c3C,Fe-coproporphyrin III,2,48
3502,CC1=C(CCC(=O)O)c2cc3[nH]c(cc4nc(cc5[nH]c(cc1n2)c(CCC(=O)O)c5C)C(CCC(=O)O)=C4C)c(CCC(=O)O)c3C,coproporphyrin I,2,48
3503,CC1=C(CO)C(=O)OC(C(C)C2(O)CCC3C4C5OC5C5(O)CC=CC(=O)C5(C)C4CCC32C)C1,27-hydroxywithanone,2,35
3504,CC1=C(CO)C(=O)OC(C(C)C2(O)CCC3C4CC(O)C5(O)CC=CC(=O)C5(C)C4CCC32C)C1,"5alpha,6beta,17alpha,27-tetrahydroxywithanolide",2,35
3505,CC1=C(CO)C(=O)OC(C(C)C2(O)CCC3C4CC5OC56C(O)C=CC(=O)C6(C)C4CCC32C)C1,17alpha-hydroxywithaferin A,2,35
3506,CC1=C(CO)C(=O)OC(C(C)C2CCC3C2CCC2C4CCCCC4CCC23)C1,a 27-hydroxysterol,2,29
3507,CC1=C(CO)C2(C)CCCC(C)(C)C2CC1,"(S,S)-drim-8-en-11-ol",2,16
3508,CC1=C(COC2OC(CO)C(O)C(O)C2O)C(=O)OC(C(C)C2(O)CCC3C4C5OC5C5(O)CC=CC(=O)C5(C)C4CCC32C)C1,withanone 27-O-beta-D-glucoside,2,46
3509,CC1=C(COC2OC(CO)C(O)C(O)C2O)C(=O)OC(C(C)C2(O)CCC3C4CC(O)C5(O)CC=CC(=O)C5(C)C4CCC32C)C1,"5alpha,6beta,17alpha-trihydroxywithanolide 27-O-beta-D-glucoside",2,46
3510,CC1=C(COC2OC(CO)C(O)C(O)C2O)C(=O)OC(C(C)C2(O)CCC3C4CC5OC56C(O)C=CC(=O)C6(C)C4CCC32C)C1,17alpha-sitoindoside IX,2,46
3511,CC1=C(COC2OC(CO)C(O)C(O)C2O)C(=O)OC(C(C)C2CCC3C2CCC2C4CCCCC4CCC23)C1,a sterol 27-beta-D-glucoside,2,40
3512,CC1=C(COP(=O)(O)O)C2(C)CCCC(C)(C)C2CC1,"(S,S)-drim-8-en-11-yl phosphate",4,20
3513,CC1=C(COP(=O)(O)OP(=O)(O)O)C2(C)CCCC(C)(C)C2CC1,"(S,S)-drim-8-en-11-yl diphosphate",2,24
3514,CC1=C(O)C(=O)C(C)O1,"4-hydroxy-2,5-dimethyl-furan-3(2H)-one",4,9
3515,CC1=C(O)C(=O)C2=C(C1=O)N1CC3C(N3C)C1(O)C2COC(N)=O,6-demethylmitomycin B,2,24
3516,CC1=C2C3OC(=O)C(C)C3CCC2(C)C=CC1=O,alpha-santonin,4,18
3517,CC1=C2C3OC(=O)C(C)C3CCC2(C)CCC1=O,"1,2-dihydro-alpha-santonin",4,18
3518,CC1=C2C=C(C(C)C)CCC(C)C2CC1,"guaia-4,6-diene",1,15
3519,CC1=C2C=C(C(C)C)CCC2(C)CCC1,delta-selinene,1,15
3520,CC1=C2CC(=O)OC(c3ccoc3)C2(C)CCC1C1(CO)C(CC(=O)O)OC(C)(C)C1CC(=O)O,deoxylimononate D-ring-lactone,2,35
3521,CC1=C2CC(=O)OC(c3ccoc3)C2(C)CCC1C12COC(=O)CC1OC(C)(C)C2CC(=O)O,deoxylimonoate,2,34
3522,CC1=C2CCC(C)C23CCC(C3)C1(C)C,(+)-epi-isozizaene,2,15
3523,CC1=C2N=C(C=C3N=C(C(C)=C4NC(C(CC(N)=O)C4(C)CCC(=O)NCC(C)O)C4(C)N=C1C(CCC(N)=O)C4(C)CC(N)=O)C(CCC(N)=O)C3(C)C)C(CCC(N)=O)C2(C)CC(N)=O,adenosylcob(III)inamide,8,67
3524,CC1=C2N=C(C=C3N=C(C(C)=C4NC(C(CC(N)=O)C4(C)CCC(=O)NCC(C)OP(=O)(O)O)C4(C)N=C1C(CCC(N)=O)C4(C)CC(N)=O)C(CCC(N)=O)C3(C)C)C(CCC(N)=O)C2(C)CC(N)=O,adenosylcob(III)inamide phosphate,8,71
3525,CC1=C2N=C(C=C3N=C(C(C)=C4NC(C(CC(N)=O)C4(C)CCC(=O)NCC(C)OP(=O)(O)OC4C(CO)OC(n5cnc6cc(C)c(C)cc65)C4O)C4(C)N=C1C(CCC(N)=O)C4(C)CC(N)=O)C(CCC(N)=O)C3(C)C)C(CCC(N)=O)C2(C)CC(N)=O,aquacob(III)alamin,6,90
3526,CC1=C2N=C(C=C3N=C(C(C)=C4NC(C(CC(N)=O)C4(C)CCC(=O)NCC(C)OP(=O)(O)OC4C(COP(=O)(O)O)OC(n5cnc6cc(C)c(C)cc65)C4O)C4(C)N=C1C(CCC(N)=O)C4(C)CC(N)=O)C(CCC(N)=O)C3(C)C)C(CCC(N)=O)C2(C)CC(N)=O,adenosylcob(III)alamin 5'-phosphate,4,94
3527,CC1=C2N=C(C=C3N=C(C(C)=C4NC(C(CC(N)=O)C4(C)CCC(=O)NCC(C)OP(=O)(O)OP(=O)(O)OCC4OC(n5cnc6c(=O)[nH]c(N)nc65)C(O)C4O)C4(C)N=C1C(CCC(N)=O)C4(C)CC(N)=O)C(CCC(N)=O)C3(C)C)C(CCC(N)=O)C2(C)CC(N)=O,adenosylcob(III)inamide-GDP,6,94
3528,CC1=C2N=C(C=C3N=C(C(C)=C4NC(C(CC(N)=O)C4(C)CCC(=O)O)C4(C)N=C1C(CCC(N)=O)C4(C)CC(N)=O)C(CCC(N)=O)C3(C)C)C(CCC(N)=O)C2(C)CC(N)=O,adenosylcob(III)yrate,6,63
3529,CC1=C2N=C(C=C3NC(=CC4=NC(=C(CCC(=O)O)C4CC(=O)O)Cc4[nH]c1c(CC(=O)O)c4CCC(=O)O)C(CCC(=O)O)C3(C)CC(=O)O)C(CCC(=O)O)C2(C)CC(=O)O,Co-precorrin-3,2,63
3530,CC1=C2NC(=CC3=NC(=Cc4[nH]c(c(CCC(=O)O)c4CC(=O)O)Cc4[nH]c1c(CC(=O)O)c4CCC(=O)O)C(CCC(=O)O)C3(C)CC(=O)O)C(CCC(=O)O)C2(C)CC(=O)O,precorrin-3A,2,63
3531,CC1=C2NC(C)(C3N=C(C(C)C4=NC(C)(CC5=C(CCC(=O)O)C(C)(CC(=O)O)C1=N5)C(C)=C4CCC(=O)O)C(C)(CCC(=O)O)C3CC(=O)O)C(C)(CC(=O)O)C2CCC(=O)O,Co-precorrin-8X,2,63
3532,CC1=C2OC3(CC2(C)C(C)=C(C(=O)O)C1=O)C(C)CCC1C(C)(C)C(=O)CCC13C,chermesin D,2,30
3533,CC1=C2OC3(CC2(C)C(C)=C(C(=O)O)C1=O)C(C)CCC1C(C)(C)OC(=O)CCC13C,asnovolin I,2,31
3534,CC1=CC(=O)C(=C(C)C)CC1,piperitenone,2,11
3535,CC1=CC(=O)C(CC(=O)O)C1(C)C,"[(1R)-2,2,3-trimethyl-5-oxocyclopent-3-en-1-yl]acetate",4,13
3536,CC1=CC(=O)C(CC(=O)SCCNC(=O)CCNC(=O)C(O)C(C)(C)COP(=O)(O)OP(=O)(O)OCC2OC(n3cnc4c(N)ncnc43)C(O)C2OP(=O)(O)O)C1(C)C,"[(1R)-2,2,3-trimethyl-5-oxocyclopent-3-enyl]acetyl-CoA",4,60
3537,CC1=CC(=O)C2c3cccc4c3C3C1C2CN3c1ccc2c3c(c5c(c-4c13)C=CC(O)C5O)SC2=O,sungeidine F,2,36
3538,CC1=CC(=O)C2c3cccc4c3C3C1C2CN3c1ccc2c3c(c5c(c-4c13)C=CC(O)C5OS(=O)(=O)O)SC2=O,sulfosungeidine F,2,40
3539,CC1=CC(=O)C2c3ccccc3C3C1C2CN3c1ccc2c3c(c4c(cc13)C=CC(O)C4O)SC2=O,sungeidine E,2,36
3540,CC1=CC(=O)C2c3ccccc3C3C1C2CN3c1ccc2c3c(c4c(cc13)C=CC(O)C4OS(=O)(=O)O)SC2=O,sulfosungeidine E,2,40
3541,CC1=CC(=O)CC(C)(C)C1(O)C=CC(C)O,"(6S,9R)-vomifoliol",2,16
3542,CC1=CC(=O)OC(CC(=O)SCCNC(=O)CCNC(=O)C(O)C(C)(C)COP(=O)(O)OP(=O)(O)OCC2OC(n3cnc4c(N)ncnc43)C(O)C2OP(=O)(O)O)C1(C)C,"[(2R)-3,3,4-trimethyl-6-oxo-3,6-dihydro-1H-pyran-2-yl]acetyl-CoA",2,61
3543,CC1=CC(=O)OC1CC(=O)O,3-methylmuconolactone,2,11
3544,CC1=CC(=O)c2ccccc2C1=O,menadione,4,13
3545,CC1=CC(O)C(O)(C(=O)O)C=C1,"(1R,6S)-1,6-dihydroxy-4-methylcyclohexa-2,4-diene-1-carboxylate",2,12
3546,CC1=CC(O)OC1=O,5-hydroxy-3-methylfuran-2(5H)-one,6,8
3547,CC1=CC(OC=C(C=CC2=C(C)CCCC2(C)C)C(=O)O)OC1=O,(11R)-carlactonoate,2,24
3548,CC1=CC(OC=C(C=CC2=C(C)CCCC2(C)C)C(=O)OCO)OC1=O,(11R)-hydroxymethyl carlactonoate,2,26
3549,CC1=CC(OC=C2C(=O)OC3C4=C(CCCC4(C)C)C(O)C23)OC1=O,orobanchol,2,25
3550,CC1=CC(OC=C2C(=O)OC3C4=C(CCCC4(C)C)CC23)OC1=O,5-deoxystrigol,2,24
3551,CC1=CC(OC=C2C(=O)OC3c4ccccc4CC23)OC1=O,(-)-2'-epi-GR24,2,22
3552,CC1=CC2C(=C(C)CCC2C(C)C)CC1,"(1S,8aR)-delta-cadinene",2,15
3553,CC1=CC2C(=C(C)CCCC2(C)C)CC1,beta-himachalene,2,15
3554,CC1=CC2C(C(C)C)CCC(C)C2(O)CC1,(+)-epicubenol,2,16
3555,CC1=CC2C(C(C)C=O)CCC(C)C2CC1,(11R)-dihydroartemisinic aldehyde,6,16
3556,CC1=CC2C(CC1)C(C)=CCC2C(C)C,alpha-muurolene,2,15
3557,CC1=CC2C(CC1)C(C)=CCCC2(C)C,gamma-himachalene,2,15
3558,CC1=CC2C(CC1)C(C)CCC2C(C)C(=O)O,(11R)-dihydroartemisinate,4,17
3559,CC1=CC2C(CCC(C)=CCC1)C2(C)C,bicyclogermacrene,2,15
3560,CC1=CC2CC(C)(C)CC23C(C)CCC13,pentalenene,2,15
3561,CC1=CC2c3cccc4[nH]cc(c34)CC2N(C)C1,agroclavine,2,18
3562,CC1=CC2c3cccc4[nH]cc(c34)CC2[N+](C)=C1,didehydroagroclavine,2,18
3563,CC1=CC=C(C(C)C)CC1,alpha-terpinene,2,10
3564,CC1=CC=C(C(C)C)CCC(C)=CCC1,germacrene C,2,15
3565,CC1=CC=C(C(C)C)CCC(C)=CCCC(C)=CCC1,beta-pinacene,2,20
3566,CC1=CC=CC(O)C1(O)C(=O)O,"1,6-dihydroxy-2-methylcyclohexa-2,4-dienecarboxylate",1,12
3567,CC1=CC=CC(O)C1O,"(1S,2R)-3-methylcyclohexa-3,5-diene-1,2-diol",1,9
3568,CC1=CCC(=C(C)C)CC1,terpinolene,2,10
3569,CC1=CCC(=C(C)C)CCC(C)=CCC1,"(1E,4E)-germacrene B",2,15
3570,CC1=CCC(C(C)(C)O)CC1,(S)-alpha-terpineol,2,11
3571,CC1=CCC(C(C)(C)O)CCC(C)=CCC1,"(2E,6E)-hedycaryol",2,16
3572,CC1=CCC(C(C)C)=CC1,gamma-terpinene,2,10
3573,CC1=CCC(C(C)CCC2C(C)(O)CCC3C2(C)CCC2C4(C)CCCC(C)(C)C4CCC23C)=CC1,sporulenol,2,36
3574,CC1=CCC(C)(C)C=CC(=O)C(C)=CCC1,zerumbone,2,16
3575,CC1=CCC(C)(C)C=CC(O)C(C)=CCC1,10-hydroxy-alpha-humulene,2,16
3576,CC1=CCC(C2=CCCC(C)(C)C2)CC1,(S)-beta-macrocarpene,2,15
3577,CC1=CCC2(C(C)C)CC12,alpha-thujene,2,10
3578,CC1=CCC2(C)CCC(=C(C)C)C2CCC(C)=CCC1,beta-araneosene,2,20
3579,CC1=CCC2C(=C1)C(C(C)C)CCC2C,"cis-muurola-3,5-diene",2,15
3580,CC1=CCC2C(=C1)C(C)(C)CCCC2C,"(6R,7S)-himachala-9,11-diene",2,15
3581,CC1=CCC2C(C)(C)CCCC2(C)C1CO,"(5S,9S,10S)-drim-7-en-11-ol",2,16
3582,CC1=CCC2C(C)(C)CCCC2(C)C1COP(=O)(O)OP(=O)(O)O,"(5S,9S,10S)-drim-7-en-11-yl diphosphate",2,24
3583,CC1=CCC2C(C)=CCC(C(C)C)C2C1,beta-cadinene,2,15
3584,CC1=CCC2C(C1)C2(C)C,(+)-car-3-ene,2,10
3585,CC1=CCC2C3C(C(C)C)CCC2(C)C13,alpha-copaene,2,15
3586,CC1=CCC2C3C1C2(C)CCCC3(C)C,alpha-longipinene,2,15
3587,CC1=CCC2CC1C2(C)C,"(1R,5R)-alpha-pinene",4,10
3588,CC1=CCCC(C)=CC2C(CCC(C)=CCC1)C2(C)C,casbene,2,20
3589,CC1=CCCC(C)=CCC(=C(C)C)CCC(C)=CCC1,cembrene C,2,20
3590,CC1=CCCC(C)=CCC(C(C)(C)O)CCC(C)=CCC1,(R)-nephthenol,2,21
3591,CC1=CCCC(C)=CCC(C)(C)C(O)CCC(C)=CCC1,"(1S,4E,8E,12E)-2,2,5,9,13-pentamethylcyclopentadeca-4,8,12-trien-1-ol",2,21
3592,CC1=CCCC(C)=CCC(C)(C)C=CC1,alpha-humulene,2,15
3593,CC1=CCCC(C)=CCCC(C)=CC2C(CCC(C)=CCCC(C)=CCC1)C2(C)C,macrophomene,2,30
3594,CC1=CCCC(C)C=CC(C(C)(C)O)CC1,"(1E,4S,5E,7R)-germacra-1(10),5-dien-11-ol",2,16
3595,CC1=CCCC2(C)CCC3=C(C)CCC(CC12)C3(C)C,"taxa-4(5),11(12)-diene",2,20
3596,CC1=COC(=O)C2C(C)CCC12,cis-trans-nepetalactone,2,12
3597,CC1=COC(O)C2C(C)CCC12,(+)-cis-trans-nepetalactol,2,12
3598,CC1=NC(C(=O)O)C(O)CN1,5-hydroxyectoine,2,11
3599,CC1=NC(C(=O)O)CCN1,L-ectoine,6,10
3600,CC1=NCCC1,2-methyl-1-pyrroline,2,6
3601,CC1C(=O)CC2(C(C)C)CC12,(+)-thujan-3-one,4,11
3602,CC1C(=O)CC2C(C(=O)O)=CC3CC(C)(C)CC312,1-deoxy-11-oxopentalenate,6,18
3603,CC1C(=O)Nc2ccccc21,3-methyloxindole,2,11
3604,CC1C(=O)OCC2C(C(=O)O)=CC3CC(C)(C)CC312,pentalenolactone D,4,19
3605,CC1C(O)C=C2CCCCC2C1CCC(O)CC(O)CC(=O)O,"3alpha-hydroxy-3,5-dihydro-ML-236C carboxylate",2,23
3606,CC1C(O)CC2(C(C)C)CC12,(+)-thujan-3-ol,4,11
3607,CC1C(O)CC2C(C(=O)O)=CC3CC(C)(C)CC321,1-deoxy-11beta-hydroxypentalenate,4,18
3608,CC1C(O)CC2C(C(=O)O)=COC(OC3OC(CO)C(O)C(O)C3O)C21,loganate,2,26
3609,CC1C(OS(=O)(=O)O)CC2CC(C(O)c3cc(=O)[nH]c(=O)[nH]3)NC3=NCC1N32,cylindrospermopsin,2,28
3610,CC1C(OS(=O)(=O)O)CC2CC(Cc3cc(=O)[nH]c(=O)[nH]3)NC3=NCC1N32,,2,27
3611,CC1C2C(CC3C4CC=C5CC(O)CCC5(C)C4CCC32C)OC12CCC(C)(CO)O2,nuatigenin,2,31
3612,CC1C2C(CC3C4CC=C5CC(OC6OC(CO)C(O)C(O)C6O)CCC5(C)C4CCC32C)OC12CCC(C)(CO)O2,nuatigenin 3-beta-D-glucopyranoside,2,42
3613,CC1C=C2C=CC(C)C(CCC(O)CC(O)CC(=O)O)C2C(O)C1,monacolin J carboxylate,2,24
3614,CC1C=C2C=CC(C)C(CCC(O)CC(O)CC(=O)O)C2CC1,monacolin L carboxylate,2,23
3615,CC1C=C2C=CC(C)C(CCC3CC(O)CC(=O)O3)C2C(O)C1,monacolin J,2,23
3616,CC1C=CC2=CC(O)CC(O)C2C1CCC1CC(O)CC(=O)O1,pravastatin diol lactone,2,23
3617,CC1C=CC2=CCCC(O)C2C1CCC(O)CC(O)CC(=O)O,ML-236A carboxylate,2,23
3618,CC1C=CC2=CCCC(O)C2C1CCC1CC(O)CC(=O)O1,compactin diol lactone,2,22
3619,CC1C=CC2=CCCCC2C1CCC(O)CC(O)CC(=O)O,ML-236C carboxylate,2,22
3620,CC1C=CC2C=CC(=O)C(C)CC(C)C(=O)C3=C(O)C2(C1)OC3=O,"(1R,3R,6S,7E,10S,12R)-17-hydroxy-3,10,12-trimethyl-16-oxatricyclo[12.2.1.0(1,6)]heptadeca-4,7,14(17)-triene-9,13,15-trione",2,24
3621,CC1C=CC2CCCCC2C1CCC(O)CC(O)CC(=O)O,dihydro-ML-236C carboxylate,2,22
3622,CC1C=[N+](C)C2Cc3c[nH]c4cccc(c34)C2C1,"6,8-dimethyl-6,7-didehydroergoline",4,18
3623,CC1CC(=O)CC(C)(C)C1=O,"(6R)-2,2,6-trimethyl-1,4-cyclohexanedione",2,11
3624,CC1CC(=O)CC(C)C1,"3,5-dimethylcyclohexanone",2,9
3625,CC1CC(C)C(=O)C(C(O)CC2CC(=O)NC(=O)C2)C1,cycloheximide,2,20
3626,CC1CC(C)CC(N)C1,"3,5-dimethylcyclohexanamine",2,9
3627,CC1CC(O)CC(C)(C)C1=O,"(4R)-hydroxy-(6R)-2,2,6-trimethylcyclohexanone",2,11
3628,CC1CC2(CO2)C(=O)C(C)C(O)C(C)C(C)OC(=O)C(C)C(OC2CC(O)C(O)C(C)O2)C(C)C1O,L-olivosyl-oleandolide,2,36
3629,CC1CC2c3cccc4[nH]cc(c34)CC2N(C)C1,festuclavine,2,18
3630,CC1CC=NC1C(=O)NCCCCC(N)C(=O)O,L-pyrrolysine,2,18
3631,CC1CCC(=O)C(C(=O)SCCNC(=O)CCNC(=O)C(O)C(C)(C)COP(=O)(O)OP(=O)(O)OCC2OC(n3cnc4c(N)ncnc43)C(O)C2OP(=O)(O)O)=C1CCC(=O)O,(3E)-2-(2-carboxylatoethyl)-3-methyl-6-oxocyclohex-1-ene-1-carboxyl-CoA,3,63
3632,CC1CCC(=O)C1,3-methylcyclopentanone,2,7
3633,CC1CCC(=O)CC1,4-methylcyclohexanone,2,8
3634,CC1CCC(C(C)(C)O)C(O)C1,"1,4-menthane-3,8-diol",2,12
3635,CC1CCC(C(C)C)C(=O)C1,"(1S,4R)-menthone",6,11
3636,CC1CCC(C(C)C)C(O)C1,(+)-neomenthol,6,11
3637,CC1CCC(C(C)C)C(OC2OC(CO)C(O)C(O)C2O)C1,(-)-menthyl beta-D-glucoside,2,22
3638,CC1CCC(C(C)C)OC(=O)C1,7-isopropyl-4-methyloxepan-2-one,4,12
3639,CC1CCC(N)C1,3-methylcyclopentanamine,2,7
3640,CC1CCC(N)CC1,4-methyl-cyclohexylamine,2,8
3641,CC1CCC2(NC1)OC1CC3C4CC=C5CC(O)CCC5(C)C4CCC3(C)C1C2C,solasodine,2,30
3642,CC1CCC2(NC1)OC1CC3C4CC=C5CC(OC6OC(CO)C(O)C(O)C6O)CCC5(C)C4CCC3(C)C1C2C,solasodine 3-beta-D-glucoside,2,41
3643,CC1CCC2(NC1)OC1CC3C4CCC5CC(O)CCC5(C)C4CCC3(C)C1C2C,tomatidine,2,30
3644,CC1CCC2(NC1)OC1CC3C4CCC5CC(OC6OC(CO)C(O)C(O)C6O)CCC5(C)C4CCC3(C)C1C2C,tomatidine 3-O-beta-D-glucopyranoside,2,41
3645,CC1CCC2(OC1)OC1CC3C4CC=C5CC(O)CCC5(C)C4CCC3(C)C1C2C,diosgenin,2,30
3646,CC1CCC2(OC1)OC1CC3C4CC=C5CC(OC6OC(CO)C(O)C(O)C6O)CCC5(C)C4CCC3(C)C1C2C,diosgenin 3-O-beta-D-glucoside,4,41
3647,CC1CCC2(OC1)OC1CC3C4CC=C5CC(OC6OC(CO)C(OC7OC(C)C(O)C(O)C7O)C(O)C6OC6OC(C)C(O)C(O)C6O)CCC5(C)C4CCC3(C)C1C2C,dioscin,2,61
3648,CC1CCC2(OC1)OC1CC3C4CCC5CC(O)CCC5(C)C4CCC3(C)C1C2C,tigogenin,2,30
3649,CC1CCC2(OC1)OC1CC3C4CCC5CC(OC6OC(CO)C(O)C(O)C6O)CCC5(C)C4CCC3(C)C1C2C,(25S)-5beta-spirostan-3beta-yl beta-D-glucoside,2,41
3650,CC1CCC2C(=CC(O)C(C)C2CCC(O)CC(O)CC(=O)O)C1,"3alpha-hydroxy-3,5-dihydromonacolin L carboxylate",2,24
3651,CC1CCC2C(C(=O)O)=CC3CC(C)(C)CC132,1-deoxypentalenate,2,17
3652,CC1CCC2C(C(=O)O)=COC(O)C12,7-deoxyloganetate,2,14
3653,CC1CCC2C(C(=O)O)=COC(OC3OC(CO)C(O)C(O)C3O)C12,7-deoxyloganate,2,25
3654,CC1CCC2C(C)C3C(CC4C5CC=C6CC(O)CCC6(C)C5CCC43C)N2C1,solanidine,2,29
3655,CC1CCC2C(C)C3C(CC4C5CC=C6CC(OC7OC(CO)C(O)C(O)C7O)CCC6(C)C5CCC43C)N2C1,solanidine 3-O-beta-D-glucopyranoside,2,40
3656,CC1CCC2C(C=CC(C)C2CCC(O)CC(O)CC(=O)O)C1,dihydromonacolin L carboxylate,2,23
3657,CC1CCC2C3(C)OC4(C)CC(O)C12CC4C3NCCCCCN(C)C,10-hydroxy-pre-flavunoidine,2,26
3658,CC1CCC2C3(C)OC4(C)CC(OC(=O)C5CCC(C)(C)CN5)C12CC4C3NCCCCCN(C)C,flavunoidine,2,36
3659,CC1CCCC(=O)C1,3-methylcyclohexanone,4,8
3660,CC1CCCC(=O)CCCC=Cc2cc(O)cc(O)c2C(=O)O1,zearalenone,2,23
3661,CC1CCCC(N)C1,(1S)-3-methyl-cyclohexylamine,4,8
3662,CC1CCCC1=O,2-methylcyclopentanone,2,7
3663,CC1CCCC1N,2-methylcyclopentanamine,2,7
3664,CC1CCCC2(C)CCC=CC12,"(1S,4aS)-1,4a-dimethyl-1,2,3,4,4a,5,6,8a-octahydronaphthalene",2,12
3665,CC1CCCC2(C)CCCCC12O,(-)-geosmin,2,13
3666,CC1CCCCC1=O,2-methylcyclohexanone,4,8
3667,CC1CCCCC1N,(1S)-2-methyl-cyclohexylamine,4,8
3668,CC1CCCN1,(R)-2-methylpyrrolidine,2,6
3669,CC1CN(C)C2Cc3c[nH]c4cccc(c34)C2C1O,fumigaclavine B,2,19
3670,CC1CNC(=O)NC1=O,"5,6-dihydrothymine",4,9
3671,CC1CO1,"(S)-1,2-epoxypropane",6,4
3672,CC1Cc2c(Cl)cc(C(=O)NC(Cc3ccccc3)C(=O)O)c(O)c2C(=O)O1,ochratoxin A,2,28
3673,CC1Cc2c(Cl)cc(C(=O)O)c(O)c2C(=O)O1,ochratoxin alpha,2,17
3674,CC1Cc2c3c(cc(O)c2C(=O)O1)OC1(C)C(O)CC2C(C)(C)C(=O)C=CC2(C)C1C3,chrodrimanin E,6,31
3675,CC1Cc2c3c(cc(O)c2C(=O)O1)OC1(C)C(O)CC2C(C)(C)C(=O)CCC2(C)C1C3,chrodrimanin H,4,31
3676,CC1Cc2c3c(cc(O)c2C(=O)O1)OC1(C)C(O)CC2C(C)(C)C(O)CCC2(C)C1C3,chrodrimanin F,2,31
3677,CC1Cc2c3c(cc(O)c2C(=O)O1)OC1(C)CCC2C(C)(C)C(=O)C=CC2(C)C1C3,verruculide A,6,30
3678,CC1Cc2c3c(cc(O)c2C(=O)O1)OC1(C)CCC2C(C)(C)C(=O)CCC2(C)C1C3,chrodrimanin C,4,30
3679,CC1Cc2c3c(cc(O)c2C(=O)O1)OC1(C)CCC2C(C)(C)C(O)CCC2(C)C1C3,3-hydroxypentacecilide A,2,30
3680,CC1Cc2cc(O)cc(O)c2C(=O)O1,6-hydroxymellein,4,14
3681,CC1Cc2ccc(C(=O)NC(Cc3ccccc3)C(=O)O)c(O)c2C(=O)O1,ochratoxin B,2,27
3682,CC1Cc2ccc(C(=O)O)c(O)c2C(=O)O1,7-carboxymellein,2,16
3683,CC1NC(=O)C(Cc2c[nH]c3ccccc23)NC1=O,cyclo(L-tryptophyl-L-alanyl),2,19
3684,CC1NC(=O)NC1CCCCCC(=O)O,"(4R,5S)-dethiobiotin",4,15
3685,CC1NCCc2cc(O)c(O)cc21,(R)-salsolinol,4,13
3686,CC1Nc2nc(N)[nH]c(=O)c2N2CN(c3ccc(CC(O)C(O)C(O)COC4OC(COP(=O)(O)OC(CCC(=O)O)C(=O)O)C(O)C4O)cc3)C(C)C12,"5,10-methylenetetrahydromethanopterin",8,54
3687,CC1Nc2nc(N)[nH]c(=O)c2[N+]2=CN(c3ccc(CC(O)C(O)C(O)COC4OC(COP(=O)(O)OC(CCC(=O)O)C(=O)O)C(O)C4O)cc3)C(C)C12,"5,10-methenyl-5,6,7,8-tetrahydromethanopterin",6,54
3688,CC1OC(=O)C(O)C(O)C1O,"L-fucono-1,5-lactone",8,11
3689,CC1OC(=O)CC2C(C(=O)O)=CC3CC(C)(C)CC312,neopentalenolactone D,2,19
3690,CC1OC(=O)c2c(O)cc3c(c2C1O)CC1C(C)(CCC2C(C)(C)C(=O)C=CC12C)O3,chrodrimanin T,4,31
3691,CC1OC(=O)c2c(O)cc3c(c2C1O)CC1C2(C)C=CC(=O)C(C)(C)C2CC(O)C1(C)O3,chrodrimanin A,6,32
3692,CC1OC(O)C(O)C(O)C1O,D-fucose,22,11
3693,CC1OC(O)C(O)C(O)C1OC1OC(CO)C(O)C(O)C1O,beta-D-galactosyl-(1->4)-L-rhamnose,2,22
3694,CC1OC(O)C(O)C(OC2OC(CO)C(O)C(O)C2O)C1O,3-O-alpha-D-glucosyl-L-rhamnose,2,22
3695,CC1OC(O)C(O)C1O,5-deoxy-D-ribose,4,9
3696,CC1OC(O)C(OC2OC(C(=O)O)=CC(O)C2O)C(O)C1O,2-O-(4-deoxy-beta-L-threo-hex-4-enopyranuronosyl)-alpha-L-rhamnose,2,22
3697,CC1OC(OC2C(CO)OC(OC3C(CO)OC(O)C(O)C3O)C(O)C2O)C(O)C(O)C1NC1C=C(CO)C(O)C(O)C1O,acarbose,2,44
3698,CC1OC(OC2C(CO)OC(OC3C(CO)OC(O)C(O)C3O)C(O)C2O)C(O)C(O)C1NC1C=C(COP(=O)(O)O)C(O)C(O)C1O,acarbose 7(IV)-phosphate,2,48
3699,CC1OC(OC2C(O)C(O)OC(CO)C2O)C(O)C(O)C1OC1OC(CO)C(O)C(O)C1O,beta-D-Glc-(1->4)-alpha-L-Rha-(1->3)-D-Glc,2,33
3700,CC1OC(OC2C(O)C(O)OC(CO)C2O)C(O)C(O)C1OC1OC(CO)C(OC2OC(C(=O)O)=CC(O)C2O)C(O)C1O,beta-D-Delta(4)-GlcA-(1->4)-beta-D-Glc-(1->4)-alpha-L-Rha-(1->3)-D-Glc,2,44
3701,CC1OC(OC2C(O)C(O)OC(CO)C2OC2OC(CO)C(O)C(O)C2O)C(O)C(O)C1O,beta-D-galactosyl-(1->4)-[alpha-L-fucosyl-(1->3)]-D-glucose,2,33
3702,CC1OC(OC2C(O)C(OP(=O)(O)O)C(NC(=N)N)C(O)C2NC(=N)N)C(O)C1(O)CO,O-(1->4)-alpha-L-dihydrostreptosyl-streptidine 6-phosphate,2,32
3703,CC1OC(OC2C(OC3C(CO)OC(O)C(O)C3O)OC(CO)C(O)C2O)C(O)C(O)C1O,alpha-L-Fuc-(1->2)-beta-D-Gal-(1->4)-D-Glc,2,33
3704,CC1OC(OC2C(OC3C(CO)OC(O)C(O)C3OC3OC(C)C(O)C(O)C3O)OC(CO)C(O)C2O)C(O)C(O)C1O,alpha-L-Fuc-(1->2)-beta-D-Gal-(1->4)-[alpha-L-Fuc-(1->3)]-D-Glc,2,43
3705,CC1OC(OC2C(OC3C(OC4CCC5(C)C(CCC6(C)C5CC=C5C7CC(C)(C)CC(O)C7(C)CCC56C)C4(C)CO)OC(C(=O)O)C(O)C3O)OC(CO)C(O)C2O)C(O)C(O)C1O,soyasaponin I,2,66
3706,CC1OC(OC2C(OC3CCC4(C)C(=CCC5C4CCC4(C)C5CC5OC6(CCC(C)(CO)O6)C(C)C54)C3)OC(CO)C(OC3OC(CO)C(O)C(O)C3O)C2O)C(O)C(O)C1O,26-desgluco-avenacoside A,2,63
3707,CC1OC(OC2C(OC3CCC4(C)C(=CCC5C4CCC4(C)C5CC5OC6(CCC(C)(CO)O6)C(C)C54)C3)OC(CO)C(OC3OC(CO)C(O)C(OC4OC(CO)C(O)C(O)C4O)C3O)C2O)C(O)C(O)C1O,26-desgluco-avenacoside B,2,74
3708,CC1OC(OC2C(OC3CCC4(C)C(=CCC5C4CCC4(C)C5CC5OC6(CCC(C)(COC7OC(CO)C(O)C(O)C7O)O6)C(C)C54)C3)OC(CO)C(OC3OC(CO)C(O)C(O)C3O)C2O)C(O)C(O)C1O,avenacoside A,2,74
3709,CC1OC(OC2C(OC3CCC4(C)C(=CCC5C4CCC4(C)C5CC5OC6(CCC(C)(COC7OC(CO)C(O)C(O)C7O)O6)C(C)C54)C3)OC(CO)C(OC3OC(CO)C(O)C(OC4OC(CO)C(O)C(O)C4O)C3O)C2O)C(O)C(O)C1O,avenacoside B,2,85
3710,CC1OC(OC2C(Oc3ccc4c(c3)OC(c3ccccc3)CC4=O)OC(CO)C(O)C2O)C(O)C(O)C1O,flavanone 7-O-[alpha-L-rhamnosyl-(1->2)-beta-D-glucoside],2,39
3711,CC1OC(OC2C(c3c(O)cc(O)c4c(=O)cc(-c5ccc(O)cc5)oc34)OC(CO)C(O)C2O)C(O)C(O)C1O,vitexin 2''-O-beta-L-rhamnoside,2,41
3712,CC1OC(OC2CC(O)(C(C)O)Cc3c(O)c4c(c(O)c32)C(=O)c2c(O)cccc2C4=O)CC(N)C1O,13-dihydrocarminomycin,4,37
3713,CC1OC(OCC2OC(O)C(O)C(O)C2O)C(O)C(O)C1O,rutinose,2,22
3714,CC1OC(OCCC=CC(=O)SCCNC(=O)CCNC(=O)C(O)C(C)(C)COP(=O)(O)OP(=O)(O)OCC2OC(n3cnc4c(N)ncnc43)C(O)C2OP(=O)(O)O)C(O)CC1O,asc-omegaDeltaC5-CoA,2,64
3715,CC1OC(OCCCCC(=O)SCCNC(=O)CCNC(=O)C(O)C(C)(C)COP(=O)(O)OP(=O)(O)OCC2OC(n3cnc4c(N)ncnc43)C(O)C2OP(=O)(O)O)C(O)CC1O,asc-omegaC5-CoA,2,64
3716,CC1OC(OCCCCC=CC(=O)SCCNC(=O)CCNC(=O)C(O)C(C)(C)COP(=O)(O)OP(=O)(O)OCC2OC(n3cnc4c(N)ncnc43)C(O)C2OP(=O)(O)O)C(O)CC1O,asc-omegaDeltaC7-CoA,2,66
3717,CC1OC(OCCCCCCC(=O)SCCNC(=O)CCNC(=O)C(O)C(C)(C)COP(=O)(O)OP(=O)(O)OCC2OC(n3cnc4c(N)ncnc43)C(O)C2OP(=O)(O)O)C(O)CC1O,asc-omegaC7-CoA,2,66
3718,CC1OC(OP(=O)(O)O)C(O)C(O)C1O,beta-L-fucose 1-phosphate,4,15
3719,CC1OC(OP(=O)(O)O)C(O)C1O,5-deoxy-alpha-D-ribose 1-phosphate,6,13
3720,CC1OC(OP(=O)(O)OP(=O)(O)OCC2OC(n3ccc(=O)[nH]c3=O)C(O)C2O)C(O)C(O)C1=O,UDP-4-dehydro-6-deoxy-alpha-D-glucose,6,35
3721,CC1OC(OP(=O)(O)OP(=O)(O)OCC2OC(n3ccc(=O)[nH]c3=O)C(O)C2O)C(O)C(O)C1N,UDP-4-amino-alpha-D-fucose,4,35
3722,CC1OC(OP(=O)(O)OP(=O)(O)OCC2OC(n3ccc(=O)[nH]c3=O)C(O)C2O)C(O)C(O)C1NC(=O)CCC(=O)C(=O)O,UDP-yelose,2,44
3723,CC1OC(OP(=O)(O)OP(=O)(O)OCC2OC(n3ccc(=O)[nH]c3=O)C(O)C2O)C(O)C(O)C1O,UDP-beta-L-rhamnose,18,35
3724,CC1OC(OP(=O)(O)OP(=O)(O)OCC2OC(n3ccc(N)nc3=O)C(O)C2O)C(O)C(O)C1=O,CDP-4-dehydro-6-deoxy-D-glucose,6,35
3725,CC1OC(OP(=O)(O)OP(=O)(O)OCC2OC(n3ccc(N)nc3=O)C(O)C2O)C(O)CC1=O,"CDP-4-dehydro-3,6-dideoxy-alpha-D-glucose",6,34
3726,CC1OC(OP(=O)(O)OP(=O)(O)OCC2OC(n3ccc(N)nc3=O)C(O)C2O)C(O)CC1O,CDP-alpha-D-abequose,6,34
3727,CC1OC(OP(=O)(O)OP(=O)(O)OCC2OC(n3cnc4c(=O)[nH]c(N)nc43)C(O)C2O)C(O)C(O)C1=O,GDP-4-dehydro-alpha-D-rhamnose,8,38
3728,CC1OC(OP(=O)(O)OP(=O)(O)OCC2OC(n3cnc4c(=O)[nH]c(N)nc43)C(O)C2O)C(O)C(O)C1N,GDP-alpha-D-perosamine,6,38
3729,CC1OC(OP(=O)(O)OP(=O)(O)OCC2OC(n3cnc4c(=O)[nH]c(N)nc43)C(O)C2O)C(O)C(O)C1NC=O,GDP-N-formyl-alpha-D-perosamine,2,40
3730,CC1OC(OP(=O)(O)OP(=O)(O)OCC2OC(n3cnc4c(=O)[nH]c(N)nc43)C(O)C2O)C(O)C(O)C1O,GDP-beta-L-fucose,132,38
3731,CC1OC(OP(=O)(O)OP(=O)(O)OCC2OC(n3cnc4c(=O)[nH]c(N)nc43)C(O)C2O)C(O)C=C1N,"2-GDP-(2S,3S,6R)-3-hydroxy-5-amino-6-methyl-3,6-dihydro-2H-pyran",2,37
3732,CC1OC(OP(=O)(O)OP(=O)(O)OCC2OC(n3cnc4c(=O)[nH]c(N)nc43)C(O)C2O)C(O)CC1=N,"2-GDP-(2S,3S,6R)-3-hydroxy-5-imino-6-methyloxane",4,37
3733,CC1OC(OP(=O)(O)OP(=O)(O)OCC2OC(n3cnc4c(=O)[nH]c(N)nc43)C(O)C2O)C(O)CC1=O,"GDP-4-dehydro-3,6-dideoxy-alpha-D-mannose",6,37
3734,CC1OC(OP(=O)(O)OP(=O)(O)OCC2OC(n3cnc4c(=O)[nH]c(N)nc43)C(O)C2O)C(O)CC1O,GDP-beta-L-colitose,6,37
3735,CC1OC(Oc2c(-c3cc(O)c(O)c(O)c3)oc3cc(O)cc(O)c3c2=O)C(O)C(O)C1O,myricetin 3-O-alpha-L-rhamnoside,4,33
3736,CC1OC(Oc2c(-c3cc(O)c(O)c(O)c3)oc3cc(O)cc(O)c3c2=O)C(OC2OC(CO)C(O)C(O)C2O)C(O)C1O,myricetin 3-O-[beta-D-glucosyl-(1->2)-alpha-L-rhamnoside],10,44
3737,CC1OC(Oc2c(-c3cc(O)c(O)c(O)c3)oc3cc(O)cc(O)c3c2=O)C(OC2OC(COC(=O)C=Cc3ccc(O)c(O)c3)C(O)C(O)C2O)C(O)C1O,myricetin 3-O-[(6-O-(E)-caffeoyl-beta-D-glucosyl)-(1->2)-alpha-L-rhamnoside],2,56
3738,CC1OC(Oc2c(-c3cc(O)c(O)c(O)c3)oc3cc(O)cc(O)c3c2=O)C(OC2OC(COC(=O)C=Cc3ccc(O)cc3)C(O)C(O)C2O)C(O)C1O,myricetin 3-O-[(6-O-(E)-4-coumaroyl-beta-D-glucosyl)-(1->2)-alpha-L-rhamnoside],2,55
3739,CC1OC(Oc2c(-c3ccc(O)c(O)c3)oc3cc(O)cc(O)c3c2=O)C(O)C(O)C1O,quercitrin,6,32
3740,CC1OC(Oc2c(-c3ccc(O)cc3)oc3cc(O)cc(O)c3c2=O)C(O)C(O)C1O,kaempferol 3-O-alpha-L-rhamnoside,2,31
3741,CC1OC(Oc2cc(O)c3c(=O)c(OC4OC(C)C(O)C(O)C4O)c(-c4ccc(O)c(O)c4)oc3c2)C(O)C(O)C1O,"quercetin 3,7-bis-O-alpha-L-rhamnoside",2,42
3742,CC1OC(Oc2cc(O)c3c(=O)c(OC4OC(CO)C(O)C(O)C4O)c(-c4ccc(O)c(O)c4)oc3c2)C(O)C(O)C1O,quercetin 3-O-beta-D-glucoside-7-O-alpha-L-rhamnoside,2,43
3743,CC1OC(c2ccccc2O)=NC1C(=O)N(O)CCc1c[nH]cn1,pre-pseudomonine,2,24
3744,CC1OC(n2cnc3c(N)ncnc32)C(O)C1O,5'-deoxyadenosine,28,18
3745,CC1OC(n2cnc3c(O)ncnc32)C(O)C1O,5'-deoxyinosine,2,18
3746,CC1c2cc(O)c(O)cc2CCN1C,N-methyl-(R)-salsolinol,2,14
3747,CC=C(C)C(=O)OC1CCN2CC3CC(CN4C(=O)CCCC34)C2C1,13-(2-methylcrotonoyloxy)lupanine,2,25
3748,CC=C(C)C(=O)SCCNC(=O)CCNC(=O)C(O)C(C)(C)COP(=O)(O)OP(=O)(O)OCC1OC(n2cnc3c(N)ncnc32)C(O)C1OP(=O)(O)O,(2E)-2-methylbut-2-enoyl-CoA,4,54
3749,CC=C(C)C1C(C)=CC2(C)CC(C)CCC2C1C(=O)C1=CC(=CC(C)C)NC1=O,myceliothermophin E,2,29
3750,CC=C(C)C1C(C)=CC2(C)CC(C)CCC2C1C(=O)C1=CC(CC(C)C)NC1=O,"(5S)-3-[(1S,2R,4aR,6R,8aS)-2-(but-2-en-2-yl)-3,4a,6-trimethyl-1,2,4a,5,6,7,8,8a-octahydronaphthalene-1-carbonyl]-5-(2-methylpropyl)-2,5-dihydro-1H-pyrrol-2-one",4,29
3751,CC=C(C)C1C(C)=CC2(C)CC(C)CCC2C1C(O)=C1C=C(CC(C)C)NC1=O,"3-{[(1S,2R,4aR,6R,8aS)-2-(but-2-en-2-yl)-3,4a,6-trimethyl-1,2,4a,5,6,7,8,8a-octahydronaphthalen-1-yl](hydroxy)methylidene}-5-(2-methylpropyl)-2,3-dihydro-1H-pyrrol-2-one",2,29
3752,CC=C(C)C1C=CC2CC(C)CC(C)C2C1C(O)=C1C(=O)NC(CC(C)(O)C(=O)O)C1=O,sch 210972,2,32
3753,CC=C(C)C=C(C)C=C(C)CC(C)CCC=CC(=O)C1=CC(=CC(C)C)NC1=O,"(5Z)-5-(2-methylpropylidene)-3-[(2E,6R,8E,10E,12E)-6,8,10,12-tetramethyltetradeca-2,8,10,12-tetraenoyl]-2,5-dihydro-1H-pyrrol-2-one",2,29
3754,CC=C(C)C=C(C)C=C(C)CC(C)CCC=CC(=O)C1=CC(CC(C)C)NC1=O,"(5S)-5-(2-methylpropyl)-3-[(2E,6R,8E,10E,12E)-6,8,10,12-tetramethyltetradeca-2,8,10,12-tetraenoyl]-2,5-dihydro-1H-pyrrol-2-one",4,29
3755,CC=C(C)C=C(C)C=C(C)CC(C)CCC=CC(O)=C1C=C(CC(C)C)NC1=O,"(3Z)-3-[(2E,6R,8E,10E,12E)-1-hydroxy-6,8,10,12-tetramethyltetradeca-2,8,10,12-tetraen-1-ylidene]-5-(2-methylpropyl)-2,3-dihydro-1H-pyrrol-2-one",2,29
3756,CC=C(C)C=CC=CCC(C)CC(C)C=CC(=O)C1C(=O)NC(CC(C)(O)C(=O)O)C1=O,"(2S)-3-[(2S)-3,5-dioxo-4-[(2E,4R,6R,8E,10E,12E)-4,6,12-trimethyltetradeca-2,8,10,12-tetraenoyl]pyrrolidin-2-yl]-2-hydroxy-2-methylpropanoate",2,32
3757,CC=C(C)c1cc(O)c(C)c(=O)o1,desmethylnectriapyrone,2,13
3758,CC=C(C)c1cc(OC)c(C)c(=O)o1,nectriapyrone,2,14
3759,CC=C(CCC(C)C1CCC2(C)C3=C(CCC12C)C1(C)CCC(O)C(C)(C)C1CC3)C(C)C,(24Z)-ethylidenelanosterol,2,33
3760,CC=C(CCC(C)C1CCC2C3=CCC4C(C)C(O)CCC4(C)C3CCC21C)C(C)C,(Z)-24-ethylidenelophenol,2,31
3761,CC=C(N)C(=O)O,2-aminobut-2-enoate,14,7
3762,CC=C1C(=CC2=NC(=Cc3[nH]c(C=C4NC(=O)C(CC)=C4C)c(C)c3CCC(=O)O)C(CCC(=O)O)=C2C)NC(=O)C1C,"(2R,3Z)-phycocyanobilin",2,43
3763,CC=C1C(O)OC=C(C(=O)OC)C1CC(=O)OCCc1ccc(O)c(O)c1,oleuropein aglycone,2,27
3764,CC=C1C(OC2OC(CO)C(O)C(O)C2O)OC=C(C(=O)OC)C1CC(=O)OCCc1ccc(O)c(O)c1,oleuropein,2,38
3765,CC=C1C2CC3C4=Nc5ccccc5C45CC(C2C5OC(C)=O)N3C1O,vomilenine,8,26
3766,CC=C1C2CC3C4=Nc5ccccc5C45CC(C2C5OC(C)=O)N3C1OC1OC(CO)C(O)C(O)C1O,raucaffricine,4,37
3767,CC=C1C2CC3C4Nc5ccccc5C45CC(C2C5OC(C)=O)N3C1O,"(2R)-1,2-dihydrovomilenine",4,26
3768,CC=C1C=[N+]2CCc3c([nH]c4ccccc34)C(COC(C)=O)(C(=O)OC)C1CC2,precondylocarpine acetate,2,29
3769,CC=C1C=[N+]2CCc3c([nH]c4ccccc34)C2CC1C(=CO)C(=O)OC,"4,21-dehydrogeissoschizine",2,26
3770,CC=C1CN(C)C2Cc3c([nH]c4ccccc34)C(=O)CC1C2C(=O)OC,vobasine,2,26
3771,CC=C1CN2C3CC1C(C=O)(C(=O)OC)C2Cc1c3[nH]c2ccccc12,polyneuridine aldehyde,2,26
3772,CC=C1CN2C3CC1C(C=O)C2Cc1c3[nH]c2ccccc12,16-epivellosimine,4,22
3773,CC=C1CN2C3CC1C(CO)C2Cc1c3[nH]c2ccccc12,10-deoxysarpagine,2,22
3774,CC=C1CN2C3CC45c6ccccc6N(C)C4(O3)C2CC1C5C(=O)OC,ervincine,2,26
3775,CC=C1CN2C3CC45c6ccccc6NC4(O3)C2CC1C5C(=O)OC,picrinine,2,25
3776,CC=C1CN2CCC34C(=C(C=O)C1CC23)Nc1ccccc14,norfluorocurarine,2,22
3777,CC=C1CN2CCC34C(=Nc5ccccc53)C(C(=O)OC)(C(O)O)C1CC24,17-dehydropreakuammicine hydrate,2,27
3778,CC=C1CN2CCC34C(=Nc5ccccc53)C(C=O)(C(=O)OC)C1CC24,17-dehydropreakuammicine,2,26
3779,CC=C1CN2CCC34C(=Nc5ccccc53)C2CC1C4(C=O)C(=O)OC,rhazimal,2,26
3780,CC=C1CN2CCC34C(=Nc5ccccc53)C2CC1C4(CO)C(=O)OC,rhazimol,4,26
3781,CC=C1CN2CCC34C(=Nc5ccccc53)C2CC1C4(COC(C)=O)C(=O)OC,akuammiline,2,29
3782,CC=C1CN2CCC34c5ccccc5NC3C(C=O)C1CC24,(19E)-cur-19-en-17-al,2,22
3783,CC=C1CN2CCc3c([nH]c4ccccc34)C(C(=O)OC)C1CC2,(16R)-deshydroxymethyl-stemmadenine,2,24
3784,CC=C1CN2CCc3c([nH]c4ccccc34)C(C=O)(C(=O)OC)C1CC2,17-dehydrostemmadenine,6,26
3785,CC=C1CN2CCc3c([nH]c4ccccc34)C(CO)(C(=O)OC)C1CC2,15alpha-stemmadenine,4,26
3786,CC=C1CN2CCc3c([nH]c4ccccc34)C(COC(C)=O)(C(=O)OC)C1CC2,O-acetyl-15alpha-stemmadenine,2,29
3787,CC=C1CN2CCc3c([nH]c4ccccc34)C2CC1C(=CO)C(=O)OC,(19E)-geissoschizine,2,26
3788,CC=C1CNC2Cc3c([nH]c4ccccc34)C(=O)CC1C2C(=O)OC,perivine,2,25
3789,CC=C1C[N+]2=CCC1C(C=O)(C(=O)OC)c1[nH]c3ccccc3c1CC2,"3,17-didehydrostemmadenine",2,26
3790,CC=C1OC(C)=C(O)C1=O,(2E)-2-ethylidene-4-hydroxy-5-methylfuran-3(2H)-one,2,10
3791,CC=CC(=O)CC,(E)-4-hexen-3-one,2,7
3792,CC=CC(=O)O,(2E)-2-butenoate,8,6
3793,CC=CC(=O)OC(CC(=O)O)C[N+](C)(C)C,O-(2E)-butenoyl-(R)-carnitine,2,16
3794,CC=CC(=O)OC1C(O)OC(COP(=O)(O)OP(=O)(O)OCC2OC(n3cnc4c(N)ncnc43)C(O)C2O)C1O,2''-O-(2E)-but-2-enoyl-ADP-D-ribose,2,41
3795,CC=CC(=O)OP(=O)(O)OCC1OC(n2cnc3c(N)ncnc32)C(O)C1O,(2E)-but-2-enoyl-AMP,4,28
3796,CC=CC(=O)SCCNC(=O)CCNC(=O)C(O)C(C)(C)COP(=O)(O)OP(=O)(O)OCC1OC(n2cnc3c(N)ncnc32)C(O)C1OP(=O)(O)O,(2E)-butenoyl-CoA,22,53
3797,CC=CC(C)=O,(E)-pent-3-en-2-one,2,6
3798,CC=CC(O)C#N,"(2S,3E)-2-hydroxypent-3-enenitrile",2,7
3799,CC=CC1C(C(=O)c2c(O)c(-c3ccc(O)cc3)c[nH]c2=O)C=C(C)C2CCC(C)CC21,ilicicolin H,2,32
3800,CC=CC1C=CC2CC(C)CCC2C1(C)C(O)=C1C(=O)C(CO)N(C)C1=O,equisetin,2,27
3801,CC=CC1C=CC2CC(C)CCC2C1(C)C(O)=C1C(=O)NC(CO)C1=O,trichosetin,2,26
3802,CC=CC=C(O)C(=O)O,"(2Z,4Z)-2-hydroxyhexa-2,4-dienoate",4,9
3803,CC=CC=CC(=O)O,"(E,E)-sorbate",2,8
3804,CC=CC=CC(=O)SCCNC(=O)CCNC(=O)C(O)C(C)(C)COP(=O)(O)OP(=O)(O)OCC1OC(n2cnc3c(N)ncnc32)C(O)C1OP(=O)(O)O,"(2E,4E)-hexadienoyl-CoA",4,55
3805,CC=CC=CC=CC(O)CC=CC=O,"(2E,5S,6E,8E,10E)-5-hydroxydodeca-2,6,8,10-tetraenal",2,14
3806,CC=CC=CC=CC(O)CC=CCN,"(2E,5S,6E,8E,10E)-1-aminododeca-2,6,8,10-tetraen-5-ol",2,14
3807,CC=CC=CC=CC=CC=CC(=O)OC1CCC2(CO2)C(C2(C)OC2CC=C(C)C)C1OC,prefumagillin,2,33
3808,CC=CC=CC=O,"(E,E)-2,4-hexadienal",2,7
3809,CC=CC=CCC(C)CCC=C(C)C=CC(=O)c1c(O)c(-c2ccc(O)cc2)c[nH]c1=O,"3-[(2E,4E,8S,10E,12Z)-4,8-dimethyltetradeca-2,4,10,12-tetraenoyl]-4-hydroxy-5-(4-hydroxyphenyl)-1,2-dihydropyridin-2-one",2,32
3810,CC=CC=CCCCCC=Cc1cc(OC)c(C=O)c(=O)o1,prosolanapyrone III,4,22
3811,CC=CC=CCCCCC=Cc1cc(OC)c(CO)c(=O)o1,prosolanapyrone II,2,22
3812,CC=CC=CCO,"(E,E)-2,4-hexadien-1-ol",2,7
3813,CC=CC=O,(2E)-but-2-enal,2,5
3814,CC=CCC1=C(C)C(O)CC1=O,"(Z,S)-cinerolone",4,12
3815,CC=CCC1=C(C)C(OC(=O)C2C(C=C(C)C(=O)OC)C2(C)C)CC1=O,cinerin II,2,26
3816,CC=CCC1=C(C)C(OC(=O)C2C(C=C(C)C)C2(C)C)CC1=O,cinerin I,2,23
3817,CC=CCCC(=O)SCCNC(=O)CCNC(=O)C(O)C(C)(C)COP(=O)(O)OP(=O)(O)OCC1OC(n2cnc3c(N)ncnc32)C(O)C1OP(=O)(O)O,(4E)-hexenoyl-CoA,2,55
3818,CC=CCCCCC(=O)SCCNC(=O)CCNC(=O)C(O)C(C)(C)COP(=O)(O)O,S-(6Z-octenoyl)-4'-phosphopantetheine,2,31
3819,CC=CCCCCC(=O)SCCNC(=O)CCNC(=O)C(O)C(C)(C)COP(=O)(O)OP(=O)(O)OCC1OC(n2cnc3c(N)ncnc32)C(O)C1OP(=O)(O)O,(6Z)-octenoyl-CoA,2,57
3820,CC=CSO,(E)-prop-1-en-1-SO-peroxol,2,5
3821,CC=Cc1ccc(O)c(OC)c1,(E)-isoeugenol,6,12
3822,CC=Cc1ccc(O)cc1,(E)-anol,4,10
3823,CC=Cc1ccc(OC)c(OC)c1,(E)-isomethyleugenol,2,13
3824,CC=Cc1ccc(OC)cc1,(E)-anethole,2,11
3825,CC=O,acetaldehyde,54,3
3826,CCC,propane,2,3
3827,CCC(=CCCC(C)=CC(=O)O)CCC1OC1(C)CC,juvenile hormone I carboxylate,2,20
3828,CCC(=CCCC(C)=CC(=O)OC)CCC1OC1(C)CC,juvenile hormone I,2,21
3829,CCC(=N)C(=O)O,2-iminobutanoate,4,7
3830,CCC(=O)C(=O)O,2-oxobutanoate,52,7
3831,CCC(=O)C(O)CC,4-hydroxyhexan-3-one,4,8
3832,CCC(=O)C=CC=CCC(O)C=CC=CC=CC(O)CCCC(=O)O,18-oxo-resolvin E1,2,25
3833,CCC(=O)CC,pentan-3-one,6,6
3834,CCC(=O)CC(=O)c1c(CC(=O)O)cc2c(c1O)C(=O)c1c(O)cccc1C2=O,aklanonate,2,29
3835,CCC(=O)CC(=O)c1c(CC(=O)OC)cc2c(c1O)C(=O)c1c(O)cccc1C2=O,methyl aklanonate,4,30
3836,CCC(=O)CO,1-hydroxy-2-butanone,4,6
3837,CCC(=O)NC(CCSC)C(=O)O,N-propanoyl-L-methioninate,2,13
3838,CCC(=O)NCCS(=O)(=O)O,N-propanoyltaurine,2,11
3839,CCC(=O)O,propanoate,34,5
3840,CCC(=O)OC(CC(=O)O)C[N+](C)(C)C,O-propanoyl-(R)-carnitine,2,15
3841,CCC(=O)OP(=O)(O)O,propanoyl phosphate,4,9
3842,CCC(=O)SCCNC(=O)CCNC(=O)C(O)C(C)(C)COP(=O)(O)O,propanoyl-4'-phosphopantetheine,2,26
3843,CCC(=O)SCCNC(=O)CCNC(=O)C(O)C(C)(C)COP(=O)(O)OP(=O)(O)OCC1OC(n2cnc3c(N)ncnc32)C(O)C1OP(=O)(O)O,propanoyl-CoA,62,52
3844,CCC(=O)c1ccccc1,1-phenylpropan-1-one,2,10
3845,CCC(C(=O)O)C(=O)SCCNC(=O)CCNC(=O)C(O)C(C)(C)COP(=O)(O)OP(=O)(O)OCC1OC(n2cnc3c(N)ncnc32)C(O)C1OP(=O)(O)O,(2S)-ethylmalonyl-CoA,8,56
3846,CCC(C(=O)O)C(O)C(=O)O,3-ethylmalate,2,11
3847,CCC(C)(C)O,2-methylbutan-2-ol,2,6
3848,CCC(C)(O)C#N,(2R)-2-hydroxy-2-methylbutanenitrile,4,7
3849,CCC(C)(O)C(=O)C(=O)O,(R)-3-hydroxy-3-methyl-2-oxopentanoate,2,10
3850,CCC(C)(O)C(O)C(=O)O,"(2R,3R)-2,3-dihydroxy-3-methylpentanoate",4,10
3851,CCC(C)=O,butan-2-one,10,5
3852,CCC(C)C#N,2-methylbutyronitrile,4,6
3853,CCC(C)C(=O)C(=O)O,3-methyl-2-oxopentanoate,16,9
3854,CCC(C)C(=O)CO,(3S)-1-hydroxy-3-methylpentan-2-one,2,8
3855,CCC(C)C(=O)O,2-methylbutanoate,10,7
3856,CCC(C)C(=O)OC(CC(=O)O)C[N+](C)(C)C,O-2-methylbutanoyl-(R)-carnitine,2,17
3857,CCC(C)C(=O)OC1CC(C)C=C2C=CC(C)C(CCC(O)CC(O)CC(=O)O)C21,lovastatin carboxylate,4,30
3858,CCC(C)C(=O)OC1CC(C)C=C2C=CC(C)C(CCC3CC(O)CC(=O)O3)C21,lovastatin,4,29
3859,CCC(C)C(=O)OC1CC(O)C=C2C=CC(C)C(CCC(O)CC(O)CC(=O)O)C21,pravastatin,4,30
3860,CCC(C)C(=O)OC1CC(O)C=C2C=CC(C)C(CCC3CC(O)CC(=O)O3)C21,pravastatin lactone,4,29
3861,CCC(C)C(=O)OC1CCC=C2C=CC(C)C(CCC(O)CC(O)CC(=O)O)C21,mevinic carboxylate,4,29
3862,CCC(C)C(=O)OC1CCC=C2C=CC(C)C(CCC3CC(O)CC(=O)O3)C21,mevastatin,4,28
3863,CCC(C)C(=O)SCCNC(=O)CCNC(=O)C(O)C(C)(C)COP(=O)(O)OP(=O)(O)OCC1OC(n2cnc3c(N)ncnc32)C(O)C1OP(=O)(O)O,2-methylbutanoyl-CoA,14,54
3864,CCC(C)C(=O)c1c(O)c(CC=C(C)C)c(O)c(CC=C(C)C)c1O,deoxyadlupulone,2,25
3865,CCC(C)C(=O)c1c(O)cc(O)c(CC=C(C)C)c1O,4-prenylphlormethylbutanophenone,4,20
3866,CCC(C)C(=O)c1c(O)cc(O)cc1O,"2-methyl-1-(2,4,6-trihydroxyphenyl)butan-1-one",2,15
3867,CCC(C)C(C(=O)O)N(O)O,"N,N-dihydroxy-L-isoleucine",2,11
3868,CCC(C)C(N)C(=O)NC(C)C(=O)NC(CCCNC(=N)N)C(=O)NC(CCCNC(=N)N)C(=O)NC(Cc1cnc[nH]1)C(=O)N1CCCC1C(=O)NC(Cc1ccc(O)cc1)C(=O)NC(Cc1ccccc1)C(=O)NC(CC(C)C)C(=O)O,kinetensin,2,84
3869,CCC(C)C(N)C(=O)NC(C)C(=O)NC(CCCNC(=N)N)C(=O)NC(CCCNC(=N)N)C(=O)NC(Cc1cnc[nH]1)C(=O)N1CCCC1C(=O)NC(Cc1ccc(O)cc1)C(=O)NC(Cc1ccccc1)C(=O)O,kinetensin-(1-8),2,76
3870,CCC(C)C(N)C(=O)NC(CC(C)C)C(=O)O,L-isoleucyl-L-leucine,2,17
3871,CCC(C)C(N)C(=O)NS(=O)(=O)CC(=O)NC1(C(=O)O)C(O)CC2C(C(N)=O)=CN(C)CC21,SB-203207,4,33
3872,CCC(C)C(N)C(=O)NS(=O)(=O)CC(=O)NC1(C(=O)O)C(OC(=O)C(N)C(C)c2ccccc2)CC2C(C(N)=O)=CN(C)CC21,SB-203208,2,45
3873,CCC(C)C(N)C(=O)O,L-isoleucine,40,9
3874,CCC(C)C(N)CO,(S)-isoleucinol,2,8
3875,CCC(C)C(NC(=N)N)C(=O)O,N-amidino-L-isoleucine,2,12
3876,CCC(C)C(NC(=O)C(CCCNC(=N)N)NC(=O)C(CCCNC(=N)N)NC(=O)C(CC(C)C)NC(=O)C(Cc1ccccc1)NC(=O)CNC(=O)CNC(=O)C(N)Cc1ccc(O)cc1)C(=O)NC(CCCNC(=N)N)C(=O)N1CCCC1C(=O)NC(CCCCN)C(=O)NC(CC(C)C)C(=O)NC(CCCCN)C(=O)O,dynorphin A-(1-13),2,114
3877,CCC(C)C(NC(=O)C(CCCNC(=N)N)NC(=O)C(CCCNC(=N)N)NC(=O)C(CC(C)C)NC(=O)C(Cc1ccccc1)NC(=O)CNC(=O)CNC(=O)C(N)Cc1ccc(O)cc1)C(=O)NC(CCCNC(=N)N)C(=O)N1CCCC1C(=O)NC(CCCCN)C(=O)NC(CC(C)C)C(=O)O,dynorphin A-(1-12),2,105
3878,CCC(C)C(NC(=O)C(Cc1ccc(O)cc1)NC(=O)C(NC(=O)C(CCCNC(=N)N)NC(=O)C(N)CC(=O)O)C(C)C)C(=O)NC(Cc1c[nH]cn1)C(=O)N1CCCC1C(=O)O,,1,64
3879,CCC(C)C(NC(=O)C(Cc1ccc(O)cc1)NC(=O)C(NC(=O)C(CCCNC(=N)N)NC(=O)C(N)CC(=O)O)C(C)C)C(=O)NC(Cc1cnc[nH]1)C(=O)N1CCCC1C(=O)NC(Cc1ccccc1)C(=O)NC(Cc1c[nH]cn1)C(=O)NC(CC(C)C)C(=O)O,angiotensin I,4,93
3880,CCC(C)C(NC(=O)C(Cc1ccc(O)cc1)NC(=O)C(NC(=O)C(CCCNC(=N)N)NC(=O)C(N)CC(=O)O)C(C)C)C(=O)NC(Cc1cnc[nH]1)C(=O)N1CCCC1C(=O)NC(Cc1ccccc1)C(=O)NC(Cc1c[nH]cn1)C(=O)O,angiotensin-(1-9),3,85
3881,CCC(C)C(NC(=O)C(Cc1ccc(O)cc1)NC(=O)C(NC(=O)C(CCCNC(=N)N)NC(=O)C(N)CC(=O)O)C(C)C)C(=O)NC(Cc1cnc[nH]1)C(=O)N1CCCC1C(=O)NC(Cc1ccccc1)C(=O)NC(Cc1cnc[nH]1)C(=O)O,,1,85
3882,CCC(C)C(NC(=O)C(Cc1ccc(O)cc1)NC(=O)C(NC(=O)C(CCCNC(=N)N)NC(=O)C(N)CC(=O)O)C(C)C)C(=O)NC(Cc1cnc[nH]1)C(=O)N1CCCC1C(=O)NC(Cc1ccccc1)C(=O)O,angiotensin II,4,75
3883,CCC(C)C(NC(=O)C(Cc1ccc(O)cc1)NC(=O)C(NC(=O)C(CCCNC(=N)N)NC(=O)C(N)CC(=O)O)C(C)C)C(=O)NC(Cc1cnc[nH]1)C(=O)N1CCCC1C(=O)O,angiotensin-(1-7),5,64
3884,CCC(C)C(NC(=O)C(Cc1ccc(O)cc1)NC(=O)C(NC(=O)C(CCCNC(=N)N)NC(=O)C(N)CC(=O)O)C(C)C)C(=O)O,angiotensin-(1-5),2,47
3885,CCC(C)C(NC(=O)C(Cc1ccc(O)cc1)NC(=O)C1CCCN1C(=O)C(CCCNC(=N)N)NC(=O)C(CCCNC(=N)N)NC(=O)C1CCCN1C(=O)C(CCCCN)NC(=O)C(CC(N)=O)NC(=O)C(CCC(=O)O)NC(=O)C(Cc1ccc(O)cc1)NC(=O)C(CC(C)C)NC(=O)C1CCC(=O)N1)C(=O)NC(CC(C)C)C(=O)O,neurotensin,6,119
3886,CCC(C)C(NC(=O)C(Cc1ccc(O)cc1)NC(=O)C1CCCN1C(=O)C(CCCNC(=N)N)NC(=O)C(CCCNC(=N)N)NC(=O)C1CCCN1C(=O)C(CCCCN)NC(=O)C(CC(N)=O)NC(=O)C(CCC(=O)O)NC(=O)C(Cc1ccc(O)cc1)NC(=O)C(CC(C)C)NC(=O)C1CCC(=O)N1)C(=O)O,neurotensin-(1-12),2,111
3887,CCC(C)C(NC(=O)C(N)CNC(=O)C=CC(N)=O)C(=O)O,dapdiamide B,2,22
3888,CCC(C)C(NC(=O)C(N)Cc1ccc(O)cc1)C(=O)NC(CC(C)C)C(=O)O,L-tyrosyl-L-isoleucyl-L-leucine,2,29
3889,CCC(C)C(NC(=O)C1CCCN1C(=O)C(CCC(=O)O)NC(=O)C(NC(=O)C(Cc1ccccc1)NC(=O)C1CCCN1C(=O)C(N)Cc1ccc(O)cc1)C(C)C)C(=O)O,beta-casomorphin-7,2,62
3890,CCC(C)C(NC(=O)C1CCCN1C(=O)C(CCC(=O)O)NC(=O)C(NC(=O)C1CCCN1C(=O)C(N)Cc1ccc(O)cc1)C(C)C)C(=O)O,neocasomorphin,2,51
3891,CCC(C)C(NC(=O)CC1CCC(=O)C1CC=CCCO)C(=O)O,L-isoleucine-(+)-12-hydroxy-7-isojasmonate,4,24
3892,CCC(C)C(NC(C)=O)C(=O)O,N-acetyl-L-isoleucine,2,12
3893,CCC(C)C1C(C)(O)C(=O)C2CC(C)(O)CC(C)C2C1(C)C(=O)C=CO,betaenone C,4,26
3894,CCC(C)C1C2(C)C(=O)C(=CO)C(O)(C3CC(C)(O)CC(C)C32)C1(C)O,betaenone A,4,26
3895,CCC(C)C=NO,"(1E,2S)-2-methylbutanal oxime",4,7
3896,CCC(C)C=O,2-methylbutanal,6,6
3897,CCC(C)CC(=O)O,3-methylpentanoate,2,8
3898,CCC(C)CC(=O)SCCNC(=O)CCNC(=O)C(O)C(C)(C)COP(=O)(O)OP(=O)(O)OCC1OC(n2cnc3c(N)ncnc32)C(O)C1OP(=O)(O)O,3-methylpentanoyl-CoA,2,55
3899,CCC(C)CN,2-methylbutanamine,4,6
3900,CCC(C)CO,2-methylbutan-1-ol,6,6
3901,CCC(C)COC(C)=O,2-methylbutyl acetate,2,9
3902,CCC(C)N,(S)-sec-butylamine,2,5
3903,CCC(C)O,butan-2-ol,2,5
3904,CCC(C=CC(C)C1CCC2C3CC=C4CC(O)CCC4(C)C3CCC12C)C(C)C,stigmasterol,6,30
3905,CCC(C=CC(C)C1CCC2C3CC=C4CC(OC5OC(CO)C(O)C(O)C5O)CCC4(C)C3CCC12C)C(C)C,stigmasteryl 3-beta-D-glucoside,4,41
3906,CCC(C=CC=CC=CC(CCCCCCCC(=O)O)OO)OO,"(9S,16S)-dihydroperoxy-(10E,12Z,14E)-octadecatrienoate",2,24
3907,CCC(CCC(C)C1CCC2C3CC=C4CC(O)CCC4(C)C3CCC12C)C(C)C,sitosterol,8,30
3908,CCC(CCC(C)C1CCC2C3CC=C4CC(OC5OC(CO)C(O)C(O)C5O)CCC4(C)C3CCC12C)C(C)C,sitosteryl 3-beta-D-glucoside,4,41
3909,CCC(CCO)SCC(N)C(=O)O,3-sulfanylpentan-1-ol-L-cysteine,2,13
3910,CCC(CO)C(N)C(=O)O,3(1)-hydroxy-L-isoleucine,4,10
3911,CCC(CO)C1C(C)(O)C(=O)C2CC(C)(O)CC(C)C2C1(C)C(=O)C=CO,stemphyloxin I,4,27
3912,CCC(CO)C1C2(C)C(=O)C(=CO)C(O)(C3CC(C)(O)CC(C)C32)C1(C)O,stemphyloxin II,4,27
3913,CCC(N)(CO)C(=O)O,2-ethyl-L-serine,2,9
3914,CCC(N)=O,propanamide,2,5
3915,CCC(N)C(=O)NCC(=O)O,N-(2-aminobutanoyl)glycine,2,11
3916,CCC(N)C(=O)O,(2S)-2-aminobutanoate,30,7
3917,CCC(N)C(O)CC,4-hydroxyhexan-3-amine,2,8
3918,CCC(N)CC,3-aminopentane,4,6
3919,CCC(N)CO,(2S)-2-aminobutan-1-ol,2,6
3920,CCC(N)c1ccccc1,1-phenylpropylamine,2,10
3921,CCC(NC(=O)CCC(=O)C(=O)O)C(=O)NCC(=O)O,N-(4-carboxy-4-oxobutanoyl)-L-ethylglycylglycine,2,20
3922,CCC(NC(=O)CCC(N)C(=O)O)C(=O)NCC(=O)O,ophthalmate,2,20
3923,CCC(NC(=O)CCC(N)C(=O)O)C(=O)O,gamma-L-glutamyl-(2S)-2-aminobutanoate,4,16
3924,CCC(O)(C(C)=O)C(=O)O,(S)-2-ethyl-2-hydroxy-3-oxobutanoate,8,10
3925,CCC(O)(CC(=O)O)C(=O)O,(R)-2-ethylmalate,2,11
3926,CCC(O)C#N,(2S)-2-hydroxybutanenitrile,2,6
3927,CCC(O)C(=O)O,2-hydroxybutanoate,4,7
3928,CCC(O)C(=O)SCCNC(=O)CCNC(=O)C(O)C(C)(C)COP(=O)(O)OP(=O)(O)OCC1OC(n2cnc3c(N)ncnc32)C(O)C1OP(=O)(O)O,(2R)-hydroxybutanoyl-CoA,4,54
3929,CCC(O)C1CC(O)C(O)C1C=CCCCCCCCC(=O)O,plasmodiophorol C,4,23
3930,CCC(O)C1CC2OC2C1C=CCCCCCCCC(=O)O,plasmodiophorol A,2,22
3931,CCC(O)C=CC=CCC(O)C=CC=CC=CC(O)CCCC(=O)O,resolvin E1,4,25
3932,CCC(O)C=CC=CCC=CC=CC=CC1OC1CCCC(=O)O,"(5S,6S)-epoxy-(18R)-hydroxy-(7E,9E,11Z,14Z,16E)-eicosapentaenoate",4,24
3933,CCC(O)C=CC=CCC=CCC=CC=CC(CCCC(=O)O)OO,"(5S)-hydroperoxy-18-hydroxy-(7E,9E,11Z,14Z,16E)-eicosapentaenoate",4,25
3934,CCC(O)C=CC=CCC=CCC=CCC=CCCCC(=O)O,"(18R)-hydroxy-(5Z,8Z,11Z,14Z,16E)-eicosapentaenoate",2,23
3935,CCC(O)CC(=O)C(=O)O,4-hydroxy-2-oxohexanoate,4,10
3936,CCC(O)CC(=O)O,(3R)-3-hydroxypentanoate,2,8
3937,CCC(O)CC(=O)SCCNC(=O)CCNC(=O)C(O)C(C)(C)COP(=O)(O)OP(=O)(O)OCC1OC(n2cnc3c(N)ncnc32)C(O)C1OP(=O)(O)O,(3R)-3-hydroxypentanoyl-CoA,2,55
3938,CCC(O)CCCCCCCCCCCCC(=O)O,14-hydroxyhexadecanoate,2,19
3939,CCC(S)CCO,3-sulfanyl-1-pentanol,2,7
3940,CCC1(C)OC1CCC(C)=CCCC(C)=CC(=O)O,juvenile hormone II carboxylate,2,19
3941,CCC1(C)OC1CCC(C)=CCCC(C)=CC(=O)OC,juvenile hormone II,2,20
3942,CCC1(O)CC(=O)c2c(cc3c(c2O)C(=O)c2c(O)cccc2C3=O)C1C(=O)OC,aklaviketone,4,30
3943,CCC1(O)CC(O)c2c(O)c3c(c(O)c2C1C(=O)OC)C(=O)c1cccc(O)c1C3=O,epsilon-rhodomycinone,4,31
3944,CCC1(O)CC(O)c2c(cc3c(c2O)C(=O)c2c(O)cccc2C3=O)C1C(=O)OC,aklavinone,6,30
3945,CCC1(O)CC(OC2CC(N(C)C)C(O)C(C)O2)c2c(cc3c(c2O)C(=O)c2c(O)cccc2C3=O)C1C(=O)O,15-demethylaclacinomycin T,2,40
3946,CCC1(O)CC(OC2CC(N(C)C)C(O)C(C)O2)c2c(cc3c(c2O)C(=O)c2c(O)cccc2C3=O)C1C(=O)OC,aclacinomycin T,6,41
3947,CCC1(O)CC(OC2CC(N(C)C)C(OC3CC(O)C(O)C(C)O3)C(C)O2)c2c(cc3c(c2O)C(=O)c2c(O)cccc2C3=O)C1C(=O)OC,aclacinomycin S,4,50
3948,CCC1(O)CC(OC2CC(N(C)C)C(OC3CC(O)C(OC4C=CC(=O)C(C)O4)C(C)O3)C(C)O2)c2c(cc3c(c2O)C(=O)c2c(O)cccc2C3=O)C1C(=O)OC,aclacinomycin Y,2,58
3949,CCC1(O)CC(OC2CC(N(C)C)C(OC3CC(O)C(OC4CC(O)C(O)C(C)O4)C(C)O3)C(C)O2)c2c(cc3c(c2O)C(=O)c2c(O)cccc2C3=O)C1C(=O)OC,2-deoxy-alpha-L-fucosylaclacinomycin S,2,59
3950,CCC1(O)CC(OC2CC(N(C)C)C(OC3CC(O)C(OC4CCC(=O)C(C)O4)C(C)O3)C(C)O2)c2c(cc3c(c2O)C(=O)c2c(O)cccc2C3=O)C1C(=O)OC,aclacinomycin A,4,58
3951,CCC1(O)CC(OC2CC(N(C)C)C(OC3CC(O)C(OC4CCC(O)C(C)O4)C(C)O3)C(C)O2)c2c(cc3c(c2O)C(=O)c2c(O)cccc2C3=O)C1C(=O)OC,aclacinomycin N,2,58
3952,CCC1(O)CC(OC2CC(N)C(O)C(C)O2)c2c(O)c3c(c(O)c2C1C(=O)O)C(=O)c1cccc(O)c1C3=O,10-carboxy-13-deoxycarminomycin,2,39
3953,CCC1(O)CC(OC2CC(N)C(O)C(C)O2)c2c(O)c3c(c(O)c2C1C(=O)O)C(=O)c1cccc(OC)c1C3=O,10-carboxy-13-deoxydaunorubicin,2,40
3954,CCC1(O)CC(OC2CC(N)C(O)C(C)O2)c2c(O)c3c(c(O)c2C1C(=O)OC)C(=O)c1cccc(O)c1C3=O,rhodomycin D,4,40
3955,CCC1(O)CC(OC2CC(N)C(O)C(C)O2)c2c(O)c3c(c(O)c2C1C(=O)OC)C(=O)c1cccc(OC)c1C3=O,4-O-methylrhodomycin D,2,41
3956,CCC1(O)CC2CN(CCc3c([nH]c4ccccc34)C(C(=O)OC)(c3cc4c(cc3OC)N(C=O)C3C(O)(C(=O)OC)C(OC(C)=O)C5(CC)C=CCN6CCC43C65)C2)C1,vincristine,2,60
3957,CCC1(O)Cc2c(O)c3c(c(O)c2C(OC2CC(N)C(O)C(C)O2)C1)C(=O)c1c(O)cccc1C3=O,13-deoxycarminomycin,2,36
3958,CCC1(O)Cc2c(O)c3c(c(O)c2C(OC2CC(N)C(O)C(C)O2)C1)C(=O)c1c(OC)cccc1C3=O,13-deoxydaunorubicin,2,37
3959,CCC12C=CCN3CCC4(C(=C(C(=O)OC)C1)Nc1cc(O)ccc14)C32,16-hydroxytabersonine,2,26
3960,CCC12C=CCN3CCC4(C(=C(C(=O)OC)C1)Nc1cc(OC)ccc14)C32,16-methoxytabersonine,2,27
3961,CCC12C=CCN3CCC4(c5ccc(OC)cc5N(C)C4C(O)(C(=O)OC)C1)C32,deacetoxyvindoline,4,29
3962,CCC12C=CCN3CCC4(c5ccc(OC)cc5N(C)C4C(O)(C(=O)OC)C1O)C32,4-O-deacetylvindoline,4,30
3963,CCC12C=CCN3CCC4(c5ccc(OC)cc5N(C)C4C(O)(C(=O)OC)C1OC(C)=O)C32,vindoline,2,33
3964,CCC12C=CCN3CCC4(c5ccc(OC)cc5NC4C(O)(C(=O)OC)C1)C32,"(3R)-3-hydroxy-16-methoxy-2,3-dihydrotabersonine",2,28
3965,CCC1=C(C)c2cc3[nH]c(cc4nc(c5c6[nH]c(cc1n2)c(C)c6C(=O)C5C(=O)OC)C(CCC(=O)O)C4C)c(C)c3C(C)=O,,2,45
3966,CCC1=C(C)c2cc3[nH]c(cc4nc(c5c6[nH]c(cc1n2)c(C)c6C(=O)C5C(=O)OC)C(CCC(=O)O)C4C)c(C)c3C(C)O,3-devinyl-3-(1-hydroxyethyl)chlorophyllide a,4,45
3967,CCC1=CC(=O)C2(C)C(O)CC(C)=CCC12,aculene D,4,16
3968,CCC1=CC(=O)C2(C)C(OC(=O)C3CCCN3)CC(C)=CCC12,aculene B,4,23
3969,CCC1=CC(=O)C2(C)C1=CC=C(C)CC2O,aculene C,4,16
3970,CCC1=CC(=O)C2(C)C1=CC=C(C)CC2OC(=O)C1CCCN1,aculene A,4,23
3971,CCC1=CC2CN3CCc4c([nH]c5ccccc45)C(C(=O)OC)(C2)C13,catharanthine,2,25
3972,CCC1=CN2CCc3c([nH]c4ccccc34)C(COC(C)=O)(C(=O)OC)C1CC2,dihydroprecondylocarpine acetate (enamine form),2,29
3973,CCC1C2CC3C4=Nc5ccccc5C45CC(C2C5OC(C)=O)N3C1O,"(20S)-19,20-dihydrovomilenine",2,26
3974,CCC1C2CC3C4N(C)c5ccccc5C45CC(C2C5O)N3C1O,ajmaline,6,24
3975,CCC1C2CC3C4N(C)c5ccccc5C45CC(C2C5O)[N+]3(C)C1O,4-methylajmaline,4,25
3976,CCC1C2CC3C4N(C)c5ccccc5C45CC(C2C5OC(C)=O)N3C1O,17-O-acetylajmaline,2,27
3977,CCC1C2CC3C4Nc5ccccc5C45CC(C2C5O)N3C1O,norajmaline,6,23
3978,CCC1C2CC3C4Nc5ccccc5C45CC(C2C5O)[N+]3(C)C1O,4-methylnorajmaline,4,24
3979,CCC1C2CC3C4Nc5ccccc5C45CC(C2C5OC(C)=O)N3C1O,17-O-acetylnorajmaline,4,26
3980,CCC1C=[N+]2CCc3c([nH]c4ccccc34)C(COC(C)=O)(C(=O)OC)C1CC2,dihydroprecondylocarpine acetate,2,29
3981,CCC1CC(C)C(=O)C=CC(C)=CC(C)C(CC)OC(=O)CC(O)C(C)C1O,tylactone,2,28
3982,CCC1CC(C)C(=O)C=CC(C)=CC(C)C(CC)OC(=O)CC(O)C(C)C1OC1OC(C)C(O)C(N(C)C)C1O,5-O-beta-D-mycaminosyltylactone,2,40
3983,CCC1CC2(C)C=C(C)C(C)CC23NC(=O)C(=C3O)C(=O)C2(C)C(C=CC3C(O)CCCC32)CC1O,"(1S,3R,6R,8R,9R,11R,14S,15S,19R,20R)-8-ethyl-9,15-dihydroxy-3,4,6,20-tetramethyl-21,23-dioxo-24-azapentacyclo[20.2.1.0(1,6).0(11,20).0(14,19)]pentacosa-4,12,22(25)-trien-25-olate",2,36
3984,CCC1CC2CC3c4[nH]c5ccc(O)cc5c4CCN(C2)C13,noribogaine,2,22
3985,CCC1CC2CC3c4[nH]c5ccc(OC)cc5c4CCN(C2)C13,(-)-ibogaine,2,23
3986,CCC1CC2CN3CCc4c([nH]c5ccc(O)cc45)C(C(=O)OC)(C2)C13,(-)-10-hydroxycoronaridine,2,26
3987,CCC1CC2CN3CCc4c([nH]c5ccc(OC)cc45)C(C(=O)OC)(C2)C13,(-)-voacangine,2,27
3988,CCC1CN2CCc3cc(OC)c(OC)cc3C2CC1CC1NCCc2cc(O)c(O)cc21,7'-O-demethylcephaeline,2,33
3989,CCC1CN2CCc3cc(OC)c(OC)cc3C2CC1CC1NCCc2cc(O)c(OC)cc21,cephaeline,4,34
3990,CCC1CN2CCc3cc(OC)c(OC)cc3C2CC1CC1NCCc2cc(OC)c(OC)cc21,emetine,2,35
3991,CCC1OC(=O)C(C)C(O)C(C)C(O)C(C)(O)CC(C)C(=O)C(C)C(O)C1C,erythronolide B,2,28
3992,CCC1OC(=O)C(C)C(O)C(C)CC(C)C(=O)C=CC1C,10-deoxymethynolide,2,21
3993,CCC1OC(=O)C(C)C(OC2CC(C)(O)C(O)C(C)O2)C(C)C(O)C(C)(O)CC(C)C(=O)C(C)C(O)C1C,3-O-alpha-L-mycarosylerythronolide B,4,38
3994,CCC1OC(=O)C(C)C(OC2CC(C)(O)C(O)C(C)O2)C(C)C(OC2OC(C)CC(N(C)C)C2O)C(C)(O)CC(C)C(=O)C(C)C(O)C1(C)O,erythromycin C,4,50
3995,CCC1OC(=O)C(C)C(OC2CC(C)(O)C(O)C(C)O2)C(C)C(OC2OC(C)CC(N(C)C)C2O)C(C)(O)CC(C)C(=O)C(C)C(O)C1C,erythromycin D,6,49
3996,CCC1OC(=O)C(C)C(OC2CC(C)(OC)C(O)C(C)O2)C(C)C(OC2OC(C)CC(N(C)C)C2O)C(C)(O)CC(C)C(=O)C(C)C(O)C1(C)O,erythromycin A,2,51
3997,CCC1OC(=O)C(C)C(OC2CC(C)(OC)C(O)C(C)O2)C(C)C(OC2OC(C)CC(N(C)C)C2O)C(C)(O)CC(C)C(=O)C(C)C(O)C1C,erythromycin B,2,50
3998,CCC1OC(=O)C(C)C(OC2OC(C)CC(N(C)C)C2O)C(C)CC(C)C(=O)C=CC1C,10-deoxymethymycin,2,32
3999,CCC1OC(=O)C=CC(C)C(OC2OC(C)CC(N(C)C)C2O)C(C)CC(C)C(=O)C=CC=CC1COC1OC(C)C(O)C(O)C1O,mycinamicin VI,2,47
4000,CCC1OC(=O)C=CC(C)C(OC2OC(C)CC(N(C)C)C2O)C(C)CC(C)C(=O)C=CC=CC1COC1OC(C)C(O)C(O)C1OC,mycinamicin III,4,48
4001,CCC1OC(=O)C=CC(C)C(OC2OC(C)CC(N(C)C)C2O)C(C)CC(C)C(=O)C=CC=CC1COC1OC(C)C(O)C(OC)C1OC,mycinamicin IV,2,49
4002,CCC1OC(=O)CC(O)C(C)C(OC2OC(C)C(O)C(N(C)C)C2O)C(CC=O)CC(C)C(=O)C=CC(C)=CC1CO,5-O-beta-D-mycaminosyltylonolide,2,42
4003,CCC1OC(=O)CC(O)C(C)C(OC2OC(C)C(O)C(N(C)C)C2O)C(CC=O)CC(C)C(=O)C=CC(C)=CC1COC1OC(C)C(O)C(O)C1O,demethyllactenocin,6,52
4004,CCC1OC(=O)CC(O)C(C)C(OC2OC(C)C(O)C(N(C)C)C2O)C(CC=O)CC(C)C(=O)C=CC(C)=CC1COC1OC(C)C(O)C(O)C1OC,lactenocin,2,53
4005,CCC1OC(=O)CC(O)C(C)C(OC2OC(C)C(OC3CC(C)(O)C(O)C(C)O3)C(N(C)C)C2O)C(CC=O)CC(C)C(=O)C=CC(C)=CC1COC1OC(C)C(O)C(O)C1O,demethylmacrocin,4,62
4006,CCC1OC(=O)CC(O)C(C)C(OC2OC(C)C(OC3CC(C)(O)C(O)C(C)O3)C(N(C)C)C2O)C(CC=O)CC(C)C(=O)C=CC(C)=CC1COC1OC(C)C(O)C(O)C1OC,macrocin,4,63
4007,CCC1OC(=O)CC(O)C(C)C(OC2OC(C)C(OC3CC(C)(O)C(O)C(C)O3)C(N(C)C)C2O)C(CC=O)CC(C)C(=O)C=CC(C)=CC1COC1OC(C)C(O)C(OC)C1OC,tylosin,2,64
4008,CCC1OC(C)=C(O)C1=O,2-ethyl-4-hydroxy-5-methyl-3(2H)-furanone,2,10
4009,CCC1OC2C(O)CC1C2C=CCCCCCCCC(=O)O,plasmodiophorol B,2,22
4010,CCC1c2cc3[nH]c4c(c3C)C(=O)C(C(=O)OC)c4c3nc(cc4[nH]c(cc(n2)C1C)c(C(C)=O)c4C)C(C)C3CCC(=O)O,,2,45
4011,CCC1c2cc3[nH]c4c(c3C)C(=O)C(C(=O)OC)c4c3nc(cc4[nH]c(cc(n2)C1C)c(C(C)O)c4C)C(C)C3CCC(=O)O,3-deacetyl-3-(1-hydroxyethyl)bacteriochlorophyllide a,4,45
4012,CCC=CC(=O)SCCNC(=O)CCNC(=O)C(O)C(C)(C)COP(=O)(O)OP(=O)(O)OCC1OC(n2cnc3c(N)ncnc32)C(O)C1OP(=O)(O)O,(2E)-pentenoyl-CoA,2,54
4013,CCC=CC=CCC(=O)SCCNC(=O)CCNC(=O)C(O)C(C)(C)COP(=O)(O)OP(=O)(O)OCC1OC(n2cnc3c(N)ncnc32)C(O)C1OP(=O)(O)O,"(3E,5Z)-octadienoyl-CoA",4,57
4014,CCC=CC=COC=CC=CCCCCCCCC(=O)O,etherolenate,2,21
4015,CCC=CC=O,(E)-2-pentenal,2,6
4016,CCC=CCC(=O)C=CC=CC=CC=CC(O)C(O)CC=CCCC(=O)O,17-oxoresolvin D1,2,27
4017,CCC=CCC(=O)SCCNC(=O)CCNC(=O)C(O)C(C)(C)COP(=O)(O)OP(=O)(O)OCC1OC(n2cnc3c(N)ncnc32)C(O)C1OP(=O)(O)O,(3E)-hexenoyl-CoA,4,55
4018,CCC=CCC(C=CC=CCC=CC=CC(CC=CCCC(=O)O)OO)OO,"(7S,17S)-dihydroperoxy-(4Z,8E,10Z,13Z,15E,19Z)-docosahexaenoate",2,28
4019,CCC=CCC(C=CC=CCC=CCC=CCC=CCCC(=O)O)OO,"(17S)-hydroperoxy-(4Z,7Z,10Z,13Z,15E,19Z)-docosahexaenoate",4,26
4020,CCC=CCC(C=CC=CCC=CCC=CCCCC(=O)O)OO,"(15S)-hydroperoxy-(5Z,8Z,11Z,13E,17Z)-eicosapentaenoate",2,24
4021,CCC=CCC(C=CC=CCC=CCC=CCCCCCC(=O)O)OO,"17-hydroperoxy-(7Z,10Z,13Z,15E,19Z)-docosapentaenoate",2,26
4022,CCC=CCC(C=CC=CCCCCCCCC(=O)O)OO,"(13S)-hydroperoxy-(9Z,11E,15Z)-octadecatrienoate",8,22
4023,CCC=CCC(O)C(=O)C=CC=CC=CC=CC(O)CC=CCCC(=O)O,16-oxoresolvin D2,2,27
4024,CCC=CCC(O)C(O)C=CC=CC=CC=CC(=O)CC=CCCC(=O)O,7-oxoresolvin D2,2,27
4025,CCC=CCC(O)C(O)C=CC=CC=CC=CC(O)CC=CCCC(=O)O,resolvin D2,4,27
4026,CCC=CCC(O)C=CC1C(=O)CC(O)C1CC=CCCCC(=O)O,prostaglandin D3,2,25
4027,CCC=CCC(O)C=CC1C(O)CC(=O)C1CC=CCCCC(=O)O,prostaglandin E3,2,25
4028,CCC=CCC(O)C=CC1C2CC(OO2)C1CC=CCCCC(=O)O,prostaglandin H3,4,25
4029,CCC=CCC(O)C=CC=CC=CC=CC(=O)C(O)CC=CCCC(=O)O,8-oxoresolvin D1,2,27
4030,CCC=CCC(O)C=CC=CC=CC=CC(O)C(O)CC=CCCC(=O)O,resolvin D1,4,27
4031,CCC=CCC(O)C=CC=CC=CC=CC(O)C(O)CCCC(=O)O,"(5,6,15R)-trihydroxy-(7E,9E,11Z,13E,17Z)-eicosapentaenoate",2,25
4032,CCC=CCC(O)C=CC=CCC=CCC=CCC=CCCC(=O)O,"17R-hydroxy-(4Z,7Z,10Z,13Z,15E,19Z)-docosahexaenoate",2,25
4033,CCC=CCC(O)C=CC=CCC=CCC=CCCCC(=O)O,"(15R)-hydroxy-(5Z,8Z,11Z,13E,17Z)-eicosapentaenoate",4,23
4034,CCC=CCC1=C(C)C(O)CC1=O,"(Z,S)-jasmololone",4,13
4035,CCC=CCC1=C(C)C(OC(=O)C2C(C=C(C)C(=O)OC)C2(C)C)CC1=O,jasmolin II,2,27
4036,CCC=CCC1=C(C)C(OC(=O)C2C(C=C(C)C)C2(C)C)CC1=O,jasmolin I,2,24
4037,CCC=CCC1C(=O)C=CC1CC(=O)O,"a 4,5-didehydrojasmonate",2,15
4038,CCC=CCC1C(=O)C=CC1CCCCCC(=O)O,dinor-OPDA,2,19
4039,CCC=CCC1C(=O)C=CC1CCCCCC(=O)SCCNC(=O)CCNC(=O)C(O)C(C)(C)COP(=O)(O)OP(=O)(O)OCC1OC(n2cnc3c(N)ncnc32)C(O)C1OP(=O)(O)O,dinor-OPDA-CoA,2,66
4040,CCC=CCC1C(=O)C=CC1CCCCCCCC(=O)O,"(9S,13S,15Z)-12-oxophyto-10,15-dienoate",8,21
4041,CCC=CCC1C(=O)C=CC1CCCCCCCC(=O)SCCNC(=O)CCNC(=O)C(O)C(C)(C)COP(=O)(O)OP(=O)(O)OCC1OC(n2cnc3c(N)ncnc32)C(O)C1OP(=O)(O)O,"(10Z,15Z)-12-oxophytodienoyl-CoA",2,68
4042,CCC=CCC1C(=O)CCC1CC(=O)NC(C(=O)O)C(C)CC,L-isoleucine-(+)-7-isojasmonate,6,23
4043,CCC=CCC1C(=O)CCC1CC(=O)O,jasmonate,18,15
4044,CCC=CCC1C(=O)CCC1CC(=O)OC,methyl (-)-jasmonate,4,16
4045,CCC=CCC1C(=O)CCC1CCCCCC(=O)O,OPC-6,2,19
4046,CCC=CCC1C(=O)CCC1CCCCCC(=O)SCCNC(=O)CCNC(=O)C(O)C(C)(C)COP(=O)(O)OP(=O)(O)OCC1OC(n2cnc3c(N)ncnc32)C(O)C1OP(=O)(O)O,OPC-6-CoA,2,66
4047,CCC=CCC1C(=O)CCC1CCCCCCCC(=O)O,"(1S,2S)-OPC-8",4,21
4048,CCC=CCC1C(=O)CCC1CCCCCCCC(=O)SCCNC(=O)CCNC(=O)C(O)C(C)(C)COP(=O)(O)OP(=O)(O)OCC1OC(n2cnc3c(N)ncnc32)C(O)C1OP(=O)(O)O,OPC8-CoA,2,68
4049,CCC=CCC1OC1=CC=CCCCCCCCC(=O)O,"(9Z,13S,15Z)-12,13-epoxyoctadeca-9,11,15-trienoate",4,21
4050,CCC=CCC=CC(=O)SCCNC(=O)CCNC(=O)C(O)C(C)(C)COP(=O)(O)OP(=O)(O)OCC1OC(n2cnc3c(N)ncnc32)C(O)C1OP(=O)(O)O,"(2E,5Z)-octadienoyl-CoA",2,57
4051,CCC=CCC=CC(C=CCCCCCCCC(=O)O)OO,"(11R)-hydroperoxy-(9Z,12Z,15Z)-octadecatrienoate",6,22
4052,CCC=CCC=CC=CC(CCCCCCCC(=O)O)OO,"(9S)-hydroperoxy-(10E,12Z,15Z)-octadecatrienoate",8,22
4053,CCC=CCC=CC=COC=CCCCCCCC(=O)O,colnelenate,2,21
4054,CCC=CCC=CCC(=O)C=CC=CCC=CCC=CCCC(=O)O,"14-oxo-(4Z,7Z,10Z,12E,16Z,19Z)-docosahexaenoate",2,25
4055,CCC=CCC=CCC(C=CC=CC=CC(CC=CCCC(=O)O)OO)OO,"(7S,14S)-dihydroperoxy-(4Z,8E,10Z,12E,16Z,19Z)-docosahexaenoate",2,28
4056,CCC=CCC=CCC(C=CC=CCC=CCC=CCCC(=O)O)OO,"(14S)-hydroperoxy-(4Z,7Z,10Z,12E,16Z,19Z)-docosahexaenoate",4,26
4057,CCC=CCC=CCC(C=CC=CCC=CCCCC(=O)O)OO,"(5Z,7Z,8Z,10E,14Z,17Z)-12-hydroperoxyeicosapentaenoate",4,24
4058,CCC=CCC=CCC(C=CC=CCC=CCCCCCC(=O)O)OO,"14-hydroperoxy-(7Z,10Z,12E,16Z,19Z)-docosapentaenoate",2,26
4059,CCC=CCC=CCC(C=CCCCCCCC(=O)O)OO,"(8E,10S,12Z,15Z)-10-hydroperoxyoctadeca-8,12,15-trienoate",2,22
4060,CCC=CCC=CCC(C=CCCCCCCCCC(=O)O)OO,"12-hydroperoxy-(10E,14Z,17Z)-eicosatrienoate",2,24
4061,CCC=CCC=CCC(O)C(C=CC=CC=CCC=CCCC(=O)O)SCC(N)C(=O)NCC(=O)O,"(13R)-S-cysteinylglycyl-(14S)-hydroxy-(4Z,7Z,9E,11E,16Z,19Z)-docosahexaenoate",4,36
4062,CCC=CCC=CCC(O)C(C=CC=CC=CCC=CCCC(=O)O)SCC(N)C(=O)O,"(13R)-S-cysteinyl-(14S)-hydroxy-(4Z,7Z,9E,11E,16Z,19Z)-docosahexaenoate",2,32
4063,CCC=CCC=CCC(O)C(C=CC=CC=CCC=CCCC(=O)O)SCC(NC(=O)CCC(N)C(=O)O)C(=O)NCC(=O)O,"(13R)-S-glutathionyl-(14S)-hydroxy-(4Z,7Z,9E,11E,16Z,19Z)-docosahexaenoate",4,45
4064,CCC=CCC=CCC(O)C(O)C=CC=CC=CCC=CCCC(=O)O,"(13R,14S)-dihydroxy-(4Z,7Z,9E,11E,16Z,19Z)-docosahexaenoate",2,26
4065,CCC=CCC=CCC(O)C=CC=CCC=CCC=CCCC(=O)O,"14-hydroxy-(4Z,7Z,10Z,12E,16Z,19Z)-docosahexaenoate",2,25
4066,CCC=CCC=CCC(O)C=CC=CCC=CCCCC(=O)O,"(12S)-hydroxy-(5Z,8Z,10E,14Z,17Z)-eicosapentaenoate",2,23
4067,CCC=CCC=CCC(O)CCC=CCCCCC(=O)O,"(10S)-hydroxy-(6Z,12Z,15Z)-octadecatrienoate",2,21
4068,CCC=CCC=CCC(O)CCCCCCCCC(=O)O,"(10S)-hydroxy-(12Z,15Z)-octadecadienoate",2,21
4069,CCC=CCC=CCC1OC1C=CC=CC=CCC=CCCC(=O)O,"(13S,14S)-epoxy-(4Z,7Z,9E,11E,16Z,19Z)-docosahexaenoate",6,25
4070,CCC=CCC=CCC=CC(CCCCCCC(=O)O)OO,"(8R)-hydroperoxy-(9Z,12Z,15Z)-octadecatrienoate",2,22
4071,CCC=CCC=CCC=CC=CC(CC=CCC=CCCC(=O)O)OO,"10-hydroperoxy-(4Z,7Z,11E,13Z,16Z,19Z)-docosahexaenoate",2,26
4072,CCC=CCC=CCC=CC=CC(CC=CCCCC(=O)O)OO,"8-hydroperoxy-(5Z,9E,11Z,14Z,17Z)-eicosapentaenoate",2,24
4073,CCC=CCC=CCC=CCC(C=CC=CCC=CCCC(=O)O)OO,"(11S)-hydroperoxy-(4Z,7Z,9E,13Z,16Z,19Z)-docosahexaenoate",2,26
4074,CCC=CCC=CCC=CCC=CC=CC(CC=CCCC(=O)O)OO,"7-hydroperoxy-(4Z,8E,10Z,13Z,16Z,19Z)-docosahexaenoate",6,26
4075,CCC=CCC=CCC=CCC=CC=CC(CCCC(=O)O)OO,"5-hydroperoxy-(6E,8Z,11Z,14Z,17Z)-eicosapentaenoate",4,24
4076,CCC=CCC=CCC=CCC=CC=CC(O)CCCC(=O)O,"5-hydroxy-(6E,8Z,11Z,14Z,17Z)-eicosapentaenoate",2,23
4077,CCC=CCC=CCC=CCC=CCC=CCC=CC(=O)SCCNC(=O)CCNC(=O)C(O)C(C)(C)COP(=O)(O)OP(=O)(O)OCC1OC(n2cnc3c(N)ncnc32)C(O)C1OP(=O)(O)O,"(2E,5Z,8Z,11Z,14Z,17Z)-icosahexaenoyl-CoA",2,69
4078,CCC=CCC=CCC=CCC=CCC=CCC=CC=CC(=O)SCCNC(=O)CCNC(=O)C(O)C(C)(C)COP(=O)(O)OP(=O)(O)OCC1OC(n2cnc3c(N)ncnc32)C(O)C1OP(=O)(O)O,"(2E,4Z,7Z,10Z,13Z,16Z,19Z)-docosaheptaenoyl-CoA",2,71
4079,CCC=CCC=CCC=CCC=CCC=CCC=CCCC(=O)CC(=O)SCCNC(=O)CCNC(=O)C(O)C(C)(C)COP(=O)(O)OP(=O)(O)OCC1OC(n2cnc3c(N)ncnc32)C(O)C1OP(=O)(O)O,"3-oxo-(6Z,9Z,12Z,15Z,18Z,21Z)-tetracosahexaenoyl-CoA",6,74
4080,CCC=CCC=CCC=CCC=CCC=CCC=CCCC(=O)NC(Cc1ccccc1)C(=O)O,"N-(4Z,7Z,10Z,13Z,16Z,19Z-docosahexaenoyl)-L-phenylalanine",2,35
4081,CCC=CCC=CCC=CCC=CCC=CCC=CCCC(=O)NCCO,"N-(4Z,7Z,10Z,13Z,16Z,19Z)-docosahexaenoyl ethanolamine",2,27
4082,CCC=CCC=CCC=CCC=CCC=CCC=CCCC(=O)NCCOP(=O)(O)OCC(O)CO,"N-(4Z,7Z,10Z,13Z,16Z,19Z)-docosahexaenoyl-sn-glycero-3-phosphoethanolamine",2,36
4083,CCC=CCC=CCC=CCC=CCC=CCC=CCCC(=O)O,"(4Z,7Z,10Z,13Z,16Z,19Z)-docosahexaenoate",24,24
4084,CCC=CCC=CCC=CCC=CCC=CCC=CCCC(=O)OC(CO)CO,"2-(4Z,7Z,10Z,13Z,16Z,19Z-docosahexaenoyl)-glycerol",2,29
4085,CCC=CCC=CCC=CCC=CCC=CCC=CCCC(=O)OC(CO)COC(=O)CCCCCCCCCCCCCCC,"1-hexadecanoyl-2-(4Z,7Z,10Z,13Z,16Z,19Z-docosahexaenoyl)-sn-glycerol",4,46
4086,CCC=CCC=CCC=CCC=CCC=CCC=CCCC(=O)OC(CO)COC(=O)CCCCCCCCCCCCCCCCC,"1-octadecanoyl-2-(4Z,7Z,10Z,13Z,16Z,19Z-docosahexaenoyl)-sn-glycerol",6,48
4087,CCC=CCC=CCC=CCC=CCC=CCC=CCCC(=O)OC(CO)COP(=O)(O)OCC[N+](C)(C)C,"2-(4Z,7Z,10Z,13Z,16Z,19Z-docosahexaenoyl)-sn-glycero-3-phosphocholine",8,39
4088,CCC=CCC=CCC=CCC=CCC=CCC=CCCC(=O)OC(COC(=O)CCCCCCCC=CCCCCCCCC)COP(=O)(O)O,"1-(9Z-octadecenoyl)-2-(4Z,7Z,10Z,13Z,16Z,19Z-docosahexaenoyl)-sn-glycero-3-phosphate",2,52
4089,CCC=CCC=CCC=CCC=CCC=CCC=CCCC(=O)OC(COC(=O)CCCCCCCCCCCCC)COP(=O)(O)OCC[N+](C)(C)C,"1-tetradecanoyl-2-(4Z,7Z,10Z,13Z,16Z,19Z-docosahexaenoyl)-sn-glycero-3-phosphocholine",2,54
4090,CCC=CCC=CCC=CCC=CCC=CCC=CCCC(=O)OC(COC(=O)CCCCCCCCCCCCCCC)COP(=O)(O)O,"1-hexadecanoyl-2-(4Z,7Z,10Z,13Z,16Z,19Z-docosahexaenoyl)-sn-glycero-3-phosphate",4,50
4091,CCC=CCC=CCC=CCC=CCC=CCC=CCCC(=O)OC(COC(=O)CCCCCCCCCCCCCCC)COP(=O)(O)OCC(N)C(=O)O,"1-hexadecanoyl-2-(4Z,7Z,10Z,13Z,16Z,19Z-docosahexaenoyl)-sn-glycero-3-phosphoserine",2,56
4092,CCC=CCC=CCC=CCC=CCC=CCC=CCCC(=O)OC(COC(=O)CCCCCCCCCCCCCCC)COP(=O)(O)OCCN,"1-hexadecanoyl-2-(4Z,7Z,10Z,13Z,16Z,19Z-docosahexaenoyl)-sn-glycero-3-phosphoethanolamine",4,53
4093,CCC=CCC=CCC=CCC=CCC=CCC=CCCC(=O)OC(COC(=O)CCCCCCCCCCCCCCC)COP(=O)(O)OCCN(C)C,"1-hexadecanoyl-2-(4Z,7Z,10Z,13Z,16Z,19Z-docosahexaenoyl)-sn-glycero-3-phospho-N,N-dimethylethanolamine",4,55
4094,CCC=CCC=CCC=CCC=CCC=CCC=CCCC(=O)OC(COC(=O)CCCCCCCCCCCCCCC)COP(=O)(O)OCCNC,"1-hexadecanoyl-2-(4Z,7Z,10Z,13Z,16Z,19Z-docosahexaenoyl)-sn-glycero-3-phospho-N-methylethanolamine",4,54
4095,CCC=CCC=CCC=CCC=CCC=CCC=CCCC(=O)OC(COC(=O)CCCCCCCCCCCCCCC)COP(=O)(O)OCC[N+](C)(C)C,"1-hexadecanoyl-2-(4Z,7Z,10Z,13Z,16Z,19Z-docosahexaenoyl)-sn-glycero-3-phosphocholine",14,56
4096,CCC=CCC=CCC=CCC=CCC=CCC=CCCC(=O)OC(COC(=O)CCCCCCCCCCCCCCCCC)COP(=O)(O)O,"1-octadecanoyl-2-(4Z,7Z,10Z,13Z,16Z,19Z-docosahexaenoyl)-sn-glycero-3-phosphate",8,52
4097,CCC=CCC=CCC=CCC=CCC=CCC=CCCC(=O)OC(COC(=O)CCCCCCCCCCCCCCCCC)COP(=O)(O)OCC(N)C(=O)O,"1-octadecanoyl-2-(4Z,7Z,10Z,13Z,16Z,19Z-docosahexaenoyl)-sn-glycero-3-phosphoserine",2,58
4098,CCC=CCC=CCC=CCC=CCC=CCC=CCCC(=O)OC(COC(=O)CCCCCCCCCCCCCCCCC)COP(=O)(O)OCCN,"1-octadecanoyl-2-(4Z,7Z,10Z,13Z,16Z,19Z-docosahexaenoyl)-sn-glycero-3-phosphoethanolamine",2,55
4099,CCC=CCC=CCC=CCC=CCC=CCC=CCCC(=O)OC(COC(=O)CCCCCCCCCCCCCCCCC)COP(=O)(O)OCC[N+](C)(C)C,"1-octadecanoyl-2-(4Z,7Z,10Z,13Z,16Z,19Z-docosahexaenoyl)-sn-glycero-3-phosphocholine",2,58
4100,CCC=CCC=CCC=CCC=CCC=CCC=CCCC(=O)OC(COC(=O)CCCCCCCCCCCCCCCCC)COP(=O)(O)OP(=O)(O)OCC1OC(n2ccc(N)nc2=O)C(O)C1O,"1-octadecanoyl-2-(4Z,7Z,10Z,13Z,16Z,19Z-docosahexaenoyl)-sn-glycero-3-cytidine-5'-diphosphate",2,72
4101,CCC=CCC=CCC=CCC=CCC=CCC=CCCC(=O)OC(COC=CCCCCCCCCCCCCCCCC)COP(=O)(O)OCC(N)C(=O)O,"1-(1Z-octadecenyl)-2-(4Z,7Z,10Z,13Z,16Z,19Z-docosahexaenoyl)-sn-glycero-3-phospho-L-serine",2,57
4102,CCC=CCC=CCC=CCC=CCC=CCC=CCCC(=O)OC(COC=CCCCCCCCCCCCCCCCC)COP(=O)(O)OCCN,"1-(1Z-octadecenyl)-2-(4Z,7Z,10Z,13Z,16Z,19Z-docosahexaenoyl)-sn-glycero-3-phosphoethanolamine",2,54
4103,CCC=CCC=CCC=CCC=CCC=CCC=CCCC(=O)OCC(CO)OC(=O)CCC=CCC=CCC=CCC=CCC=CCC=CCC,"1,2-di-(4Z,7Z,10Z,13Z,16Z,19Z-docosahexaenoyl)-sn-glycerol",4,52
4104,CCC=CCC=CCC=CCC=CCC=CCC=CCCC(=O)OCC(COC(=O)CCC=CCC=CCC=CCC=CCC=CCC=CCC)OC(=O)CCC=CCC=CCC=CCC=CCC=CCC=CCC,"1,2,3-(4Z,7Z,10Z,13Z,16Z,19Z-docosahexaenoyl)-glycerol",2,75
4105,CCC=CCC=CCC=CCC=CCC=CCC=CCCC(=O)OCC(COP(=O)(O)O)OC(=O)CCC=CCC=CCC=CCC=CCC=CCC=CCC,"1,2-di-(4Z,7Z,10Z,13Z,16Z,19Z-docosahexaenoyl)-sn-glycero-3-phosphate",2,56
4106,CCC=CCC=CCC=CCC=CCC=CCC=CCCC(=O)OCC(NC(C)=O)C(O)C=CCCCCCCCCCCCCC,"1-(4Z,7Z,10Z,13Z,16Z,19Z-docosahexaenoyl)-N-(acetyl)-sphing-4-enine",2,47
4107,CCC=CCC=CCC=CCC=CCC=CCC=CCCC(=O)OCC(O)CO,"1-(4Z,7Z,10Z,13Z,16Z,19Z-docosahexaenoyl)-glycerol",2,29
4108,CCC=CCC=CCC=CCC=CCC=CCC=CCCC(=O)SCCNC(=O)CCNC(=O)C(O)C(C)(C)COP(=O)(O)OP(=O)(O)OCC1OC(n2cnc3c(N)ncnc32)C(O)C1OP(=O)(O)O,"(4Z,7Z,10Z,13Z,16Z,19Z)-docosahexaenoyl-CoA",16,71
4109,CCC=CCC=CCC=CCC=CCC=CCC=CCCC(O)CC(=O)SCCNC(=O)CCNC(=O)C(O)C(C)(C)COP(=O)(O)OP(=O)(O)OCC1OC(n2cnc3c(N)ncnc32)C(O)C1OP(=O)(O)O,"(S)-3-hydroxy-(6Z,9Z,12Z,15Z,18Z,21Z)-tetracosahexaenoyl-CoA",4,74
4110,CCC=CCC=CCC=CCC=CCC=CCC=CCCC=CC(=O)SCCNC(=O)CCNC(=O)C(O)C(C)(C)COP(=O)(O)OP(=O)(O)OCC1OC(n2cnc3c(N)ncnc32)C(O)C1OP(=O)(O)O,"(2E,6Z,9Z,12Z,15Z,18Z,21Z)-tetracosaheptaenoyl-CoA",4,73
4111,CCC=CCC=CCC=CCC=CCC=CCC=CCCCCC(=O)CC(=O)SCCNC(=O)CCNC(=O)C(O)C(C)(C)COP(=O)(O)OP(=O)(O)OCC1OC(n2cnc3c(N)ncnc32)C(O)C1OP(=O)(O)O,"3-oxo-(8Z,11Z,14Z,17Z,20Z,23Z)-hexacosahexaenoyl-CoA",4,76
4112,CCC=CCC=CCC=CCC=CCC=CCC=CCCCCC(=O)SCCNC(=O)CCNC(=O)C(O)C(C)(C)COP(=O)(O)OP(=O)(O)OCC1OC(n2cnc3c(N)ncnc32)C(O)C1OP(=O)(O)O,"(6Z,9Z,12Z,15Z,18Z,21Z)-tetracosahexaenoyl-CoA",4,73
4113,CCC=CCC=CCC=CCC=CCC=CCC=CCCCCC(O)CC(=O)SCCNC(=O)CCNC(=O)C(O)C(C)(C)COP(=O)(O)OP(=O)(O)OCC1OC(n2cnc3c(N)ncnc32)C(O)C1OP(=O)(O)O,"(3R)-hydroxy-(8Z,11Z,14Z,17Z,20Z,23Z)-hexacosahexaenoyl-CoA",4,76
4114,CCC=CCC=CCC=CCC=CCC=CCC=CCCCCC=CC(=O)SCCNC(=O)CCNC(=O)C(O)C(C)(C)COP(=O)(O)OP(=O)(O)OCC1OC(n2cnc3c(N)ncnc32)C(O)C1OP(=O)(O)O,"(2E,8Z,11Z,14Z,17Z,20Z,23Z)-hexacosaheptaenoyl-CoA",4,75
4115,CCC=CCC=CCC=CCC=CCC=CCC=CCCCCCCC(=O)CC(=O)SCCNC(=O)CCNC(=O)C(O)C(C)(C)COP(=O)(O)OP(=O)(O)OCC1OC(n2cnc3c(N)ncnc32)C(O)C1OP(=O)(O)O,"3-oxo-(10Z,13Z,16Z,19Z,22Z,25Z)-octacosahexaenoyl-CoA",4,78
4116,CCC=CCC=CCC=CCC=CCC=CCC=CCCCCCCC(=O)SCCNC(=O)CCNC(=O)C(O)C(C)(C)COP(=O)(O)OP(=O)(O)OCC1OC(n2cnc3c(N)ncnc32)C(O)C1OP(=O)(O)O,"(8Z,11Z,14Z,17Z,20Z,23Z)-hexacosahexaenoyl-CoA",4,75
4117,CCC=CCC=CCC=CCC=CCC=CCC=CCCCCCCC(O)CC(=O)SCCNC(=O)CCNC(=O)C(O)C(C)(C)COP(=O)(O)OP(=O)(O)OCC1OC(n2cnc3c(N)ncnc32)C(O)C1OP(=O)(O)O,"(3R)-hydroxy-(10Z,13Z,16Z,19Z,22Z,25Z)-octacosahexaenoyl-CoA",4,78
4118,CCC=CCC=CCC=CCC=CCC=CCC=CCCCCCCC=CC(=O)SCCNC(=O)CCNC(=O)C(O)C(C)(C)COP(=O)(O)OP(=O)(O)OCC1OC(n2cnc3c(N)ncnc32)C(O)C1OP(=O)(O)O,"(2E,10Z,13Z,16Z,19Z,22Z,25Z)-octacosaheptaenoyl-CoA",4,77
4119,CCC=CCC=CCC=CCC=CCC=CCC=CCCCCCCCCC(=O)CC(=O)SCCNC(=O)CCNC(=O)C(O)C(C)(C)COP(=O)(O)OP(=O)(O)OCC1OC(n2cnc3c(N)ncnc32)C(O)C1OP(=O)(O)O,"3-oxo-(12Z,15Z,18Z,21Z,24Z,27Z)-triacontahexaenoyl-CoA",4,80
4120,CCC=CCC=CCC=CCC=CCC=CCC=CCCCCCCCCC(=O)SCCNC(=O)CCNC(=O)C(O)C(C)(C)COP(=O)(O)OP(=O)(O)OCC1OC(n2cnc3c(N)ncnc32)C(O)C1OP(=O)(O)O,"(10Z,13Z,16Z,19Z,22Z,25Z)-octacosahexaenoyl-CoA",4,77
4121,CCC=CCC=CCC=CCC=CCC=CCC=CCCCCCCCCC(O)CC(=O)SCCNC(=O)CCNC(=O)C(O)C(C)(C)COP(=O)(O)OP(=O)(O)OCC1OC(n2cnc3c(N)ncnc32)C(O)C1OP(=O)(O)O,"(3R)-hydroxy-(12Z,15Z,18Z,21Z,24Z,27Z)-triacontahexaenoyl-CoA",4,80
4122,CCC=CCC=CCC=CCC=CCC=CCC=CCCCCCCCCC=CC(=O)SCCNC(=O)CCNC(=O)C(O)C(C)(C)COP(=O)(O)OP(=O)(O)OCC1OC(n2cnc3c(N)ncnc32)C(O)C1OP(=O)(O)O,"(2E,12Z,15Z,18Z,21Z,24Z,27Z)-triacontaheptaenoyl-CoA",4,79
4123,CCC=CCC=CCC=CCC=CCC=CCC=CCCCCCCCCCCC(=O)CC(=O)SCCNC(=O)CCNC(=O)C(O)C(C)(C)COP(=O)(O)OP(=O)(O)OCC1OC(n2cnc3c(N)ncnc32)C(O)C1OP(=O)(O)O,"3-oxo-(14Z,17Z,20Z,23Z,26Z,29Z)-dotriacontahexaenoyl-CoA",4,82
4124,CCC=CCC=CCC=CCC=CCC=CCC=CCCCCCCCCCCC(=O)SCCNC(=O)CCNC(=O)C(O)C(C)(C)COP(=O)(O)OP(=O)(O)OCC1OC(n2cnc3c(N)ncnc32)C(O)C1OP(=O)(O)O,"(12Z,15Z,18Z,21Z,24Z,27Z)-triacontahexaenoyl-CoA",4,79
4125,CCC=CCC=CCC=CCC=CCC=CCC=CCCCCCCCCCCC(O)CC(=O)SCCNC(=O)CCNC(=O)C(O)C(C)(C)COP(=O)(O)OP(=O)(O)OCC1OC(n2cnc3c(N)ncnc32)C(O)C1OP(=O)(O)O,"(3R)-hydroxy-(14Z,17Z,20Z,23Z,26Z,29Z)-dotriacontahexaenoyl-CoA",4,82
4126,CCC=CCC=CCC=CCC=CCC=CCC=CCCCCCCCCCCC=CC(=O)SCCNC(=O)CCNC(=O)C(O)C(C)(C)COP(=O)(O)OP(=O)(O)OCC1OC(n2cnc3c(N)ncnc32)C(O)C1OP(=O)(O)O,"(2E,14Z,17Z,20Z,23Z,26Z,29Z)-dotriacontaheptaenoyl-CoA",4,81
4127,CCC=CCC=CCC=CCC=CCC=CCC=CCCCCCCCCCCCCC(=O)CC(=O)SCCNC(=O)CCNC(=O)C(O)C(C)(C)COP(=O)(O)OP(=O)(O)OCC1OC(n2cnc3c(N)ncnc32)C(O)C1OP(=O)(O)O,"3-oxo-(16Z,19Z,22Z,25Z,28Z,31Z)-tetratriacontahexaenoyl-CoA",4,84
4128,CCC=CCC=CCC=CCC=CCC=CCC=CCCCCCCCCCCCCC(=O)SCCNC(=O)CCNC(=O)C(O)C(C)(C)COP(=O)(O)OP(=O)(O)OCC1OC(n2cnc3c(N)ncnc32)C(O)C1OP(=O)(O)O,"(14Z,17Z,20Z,23Z,26Z,29Z)-dotriacontahexaenoyl-CoA",4,81
4129,CCC=CCC=CCC=CCC=CCC=CCC=CCCCCCCCCCCCCC(O)CC(=O)SCCNC(=O)CCNC(=O)C(O)C(C)(C)COP(=O)(O)OP(=O)(O)OCC1OC(n2cnc3c(N)ncnc32)C(O)C1OP(=O)(O)O,"(3R)-hydroxy-(16Z,19Z,22Z,25Z,28Z,31Z)-tetratriacontahexaenoyl-CoA",4,84
4130,CCC=CCC=CCC=CCC=CCC=CCC=CCCCCCCCCCCCCC=CC(=O)SCCNC(=O)CCNC(=O)C(O)C(C)(C)COP(=O)(O)OP(=O)(O)OCC1OC(n2cnc3c(N)ncnc32)C(O)C1OP(=O)(O)O,"(2E,16Z,19Z,22Z,25Z,28Z,31Z)-tetratriacontaheptaenoyl-CoA",4,83
4131,CCC=CCC=CCC=CCC=CCC=CCC=CCCCCCCCCCCCCCCC(=O)CC(=O)SCCNC(=O)CCNC(=O)C(O)C(C)(C)COP(=O)(O)OP(=O)(O)OCC1OC(n2cnc3c(N)ncnc32)C(O)C1OP(=O)(O)O,"3-oxo-(18Z,21Z,24Z,27Z,30Z,33Z)-hexatriacontahexaenoyl-CoA",4,86
4132,CCC=CCC=CCC=CCC=CCC=CCC=CCCCCCCCCCCCCCCC(=O)SCCNC(=O)CCNC(=O)C(O)C(C)(C)COP(=O)(O)OP(=O)(O)OCC1OC(n2cnc3c(N)ncnc32)C(O)C1OP(=O)(O)O,"(16Z,19Z,22Z,25Z,28Z,31Z)-tetratriacontahexaenoyl-CoA",4,83
4133,CCC=CCC=CCC=CCC=CCC=CCC=CCCCCCCCCCCCCCCC(O)CC(=O)SCCNC(=O)CCNC(=O)C(O)C(C)(C)COP(=O)(O)OP(=O)(O)OCC1OC(n2cnc3c(N)ncnc32)C(O)C1OP(=O)(O)O,"(3R)-hydroxy-(18Z,21Z,24Z,27Z,30Z,33Z)-hexatriacontahexaenoyl-CoA",4,86
4134,CCC=CCC=CCC=CCC=CCC=CCC=CCCCCCCCCCCCCCCC=CC(=O)SCCNC(=O)CCNC(=O)C(O)C(C)(C)COP(=O)(O)OP(=O)(O)OCC1OC(n2cnc3c(N)ncnc32)C(O)C1OP(=O)(O)O,"(2E,18Z,21Z,24Z,27Z,30Z,33Z)-hexatriacontaheptaenoyl-CoA",4,85
4135,CCC=CCC=CCC=CCC=CCC=CCC=CCCCCCCCCCCCCCCCCC(=O)SCCNC(=O)CCNC(=O)C(O)C(C)(C)COP(=O)(O)OP(=O)(O)OCC1OC(n2cnc3c(N)ncnc32)C(O)C1OP(=O)(O)O,"(18Z,21Z,24Z,27Z,30Z,33Z)-hexatriacontahexaenoyl-CoA",2,85
4136,CCC=CCC=CCC=CCC=CCC=CCCC=CCC(=O)SCCNC(=O)CCNC(=O)C(O)C(C)(C)COP(=O)(O)OP(=O)(O)OCC1OC(n2cnc3c(N)ncnc32)C(O)C1OP(=O)(O)O,"(3E,7Z,10Z,13Z,16Z,19Z)-docosahexaenoyl-CoA",2,71
4137,CCC=CCC=CCC=CCC=CCC=CCCCC(=O)CC(=O)SCCNC(=O)CCNC(=O)C(O)C(C)(C)COP(=O)(O)OP(=O)(O)OCC1OC(n2cnc3c(N)ncnc32)C(O)C1OP(=O)(O)O,"3-oxo-(7Z,10Z,13Z,16Z,19Z)-docosapentaenoyl-CoA",4,72
4138,CCC=CCC=CCC=CCC=CCC=CCCCC(=O)NCCO,"(5Z,8Z,11Z,14Z,17Z-eicosapentaenoyl) ethanolamine",2,25
4139,CCC=CCC=CCC=CCC=CCC=CCCCC(=O)O,"(5Z,8Z,11Z,14Z,17Z)-eicosapentaenoate",14,22
4140,CCC=CCC=CCC=CCC=CCC=CCCCC(=O)OC(COC(=O)CCCCCCCCCCCCCCC)COP(=O)(O)OCC[N+](C)(C)C,"1-hexadecanoyl-2-(5Z,8Z,11Z,14Z,17Z-eicosapentaenoyl)-sn-glycero-3-phosphocholine",2,54
4141,CCC=CCC=CCC=CCC=CCC=CCCCC(=O)OC(COC(=O)CCCCCCCCCCCCCCCCC)COP(=O)(O)OC1C(O)C(O)C(O)C(O)C1O,"1-octadecanoyl-2-(5Z,8Z,11Z,14Z,17Z-eicosapentaenoyl)-sn-glycero-3-phospho-(1D-myo-inositol)",2,61
4142,CCC=CCC=CCC=CCC=CCC=CCCCC(=O)OC1CCC2(C)C(=CCC3C2CCC2(C)C(C(C)CCCC(C)C)CCC32)C1,"(5Z,8Z,11Z,14Z,17Z-eicosapentaenoyl)-cholesterol",4,49
4143,CCC=CCC=CCC=CCC=CCC=CCCCC(=O)SCCNC(=O)CCNC(=O)C(O)C(C)(C)COP(=O)(O)OP(=O)(O)OCC1OC(n2cnc3c(N)ncnc32)C(O)C1OP(=O)(O)O,"(5Z,8Z,11Z,14Z,17Z)-eicosapentaenoyl-CoA",14,69
4144,CCC=CCC=CCC=CCC=CCC=CCCCC(O)CC(=O)SCCNC(=O)CCNC(=O)C(O)C(C)(C)COP(=O)(O)OP(=O)(O)OCC1OC(n2cnc3c(N)ncnc32)C(O)C1OP(=O)(O)O,"(3R)-hydroxy-(7Z,10Z,13Z,16Z,19Z)-docosapentaenoyl-CoA",4,72
4145,CCC=CCC=CCC=CCC=CCC=CCCCC=CC(=O)SCCNC(=O)CCNC(=O)C(O)C(C)(C)COP(=O)(O)OP(=O)(O)OCC1OC(n2cnc3c(N)ncnc32)C(O)C1OP(=O)(O)O,"(2E,7Z,10Z,13Z,16Z,19Z)-docosahexaenoyl-CoA",4,71
4146,CCC=CCC=CCC=CCC=CCC=CCCCCCC(=O)CC(=O)SCCNC(=O)CCNC(=O)C(O)C(C)(C)COP(=O)(O)OP(=O)(O)OCC1OC(n2cnc3c(N)ncnc32)C(O)C1OP(=O)(O)O,"(9Z,12Z,15Z,18Z,21Z)-3-oxotetracosapentaenoyl-CoA",4,74
4147,CCC=CCC=CCC=CCC=CCC=CCCCCCC(=O)O,"(7Z,10Z,13Z,16Z,19Z)-docosapentaenoate",4,24
4148,CCC=CCC=CCC=CCC=CCC=CCCCCCC(=O)OC(CO)COP(=O)(O)OC1C(O)C(O)C(O)C(O)C1O,"2-(7Z,10Z,13Z,16Z,19Z-docosapentaenoyl)-sn-glycero-3-phospho-1D-myo-inositol",2,44
4149,CCC=CCC=CCC=CCC=CCC=CCCCCCC(=O)OC(COC(=O)CCCCCCCC=CCCCCCCCC)COP(=O)(O)OC1C(O)C(O)C(O)C(O)C1O,"1-(9Z-octadecenoyl)-2-(7Z,10Z,13Z,16Z,19Z-docosapentaenoyl)-sn-glycero-3-phospho-1D-myo-inositol",2,63
4150,CCC=CCC=CCC=CCC=CCC=CCCCCCC(=O)SCCNC(=O)CCNC(=O)C(O)C(C)(C)COP(=O)(O)OP(=O)(O)OCC1OC(n2cnc3c(N)ncnc32)C(O)C1OP(=O)(O)O,"(7Z,10Z,13Z,16Z,19Z)-docosapentaenoyl-CoA",4,71
4151,CCC=CCC=CCC=CCC=CCC=CCCCCCC(O)CC(=O)SCCNC(=O)CCNC(=O)C(O)C(C)(C)COP(=O)(O)OP(=O)(O)OCC1OC(n2cnc3c(N)ncnc32)C(O)C1OP(=O)(O)O,"(3R)-hydroxy-(9Z,12Z,15Z,18Z,21Z)-tetracosapentaenoyl-CoA",4,74
4152,CCC=CCC=CCC=CCC=CCC=CCCCCCC=CC(=O)SCCNC(=O)CCNC(=O)C(O)C(C)(C)COP(=O)(O)OP(=O)(O)OCC1OC(n2cnc3c(N)ncnc32)C(O)C1OP(=O)(O)O,"(2E,9Z,12Z,15Z,18Z,21Z)-tetracosahexaenoyl-CoA",4,73
4153,CCC=CCC=CCC=CCC=CCC=CCCCCCCCC(=O)CC(=O)SCCNC(=O)CCNC(=O)C(O)C(C)(C)COP(=O)(O)OP(=O)(O)OCC1OC(n2cnc3c(N)ncnc32)C(O)C1OP(=O)(O)O,"3-oxo-(11Z,14Z,17Z,20Z,23Z)-hexacosapentaenoyl-CoA",4,76
4154,CCC=CCC=CCC=CCC=CCC=CCCCCCCCC(=O)SCCNC(=O)CCNC(=O)C(O)C(C)(C)COP(=O)(O)OP(=O)(O)OCC1OC(n2cnc3c(N)ncnc32)C(O)C1OP(=O)(O)O,"(9Z,12Z,15Z,18Z,21Z)-tetracosapentaenoyl-CoA",4,73
4155,CCC=CCC=CCC=CCC=CCC=CCCCCCCCC(O)CC(=O)SCCNC(=O)CCNC(=O)C(O)C(C)(C)COP(=O)(O)OP(=O)(O)OCC1OC(n2cnc3c(N)ncnc32)C(O)C1OP(=O)(O)O,"(3R)-hydroxy-(11Z,14Z,17Z,20Z,23Z)-hexacosapentaenoyl-CoA",4,76
4156,CCC=CCC=CCC=CCC=CCC=CCCCCCCCC=CC(=O)SCCNC(=O)CCNC(=O)C(O)C(C)(C)COP(=O)(O)OP(=O)(O)OCC1OC(n2cnc3c(N)ncnc32)C(O)C1OP(=O)(O)O,"(2E,11Z,14Z,17Z,20Z,23Z)-hexacosahexaenoyl-CoA",4,75
4157,CCC=CCC=CCC=CCC=CCC=CCCCCCCCCCC(=O)CC(=O)SCCNC(=O)CCNC(=O)C(O)C(C)(C)COP(=O)(O)OP(=O)(O)OCC1OC(n2cnc3c(N)ncnc32)C(O)C1OP(=O)(O)O,"3-oxo-(13Z,16Z,19Z,22Z,25Z)-octacosapentaenoyl-CoA",4,78
4158,CCC=CCC=CCC=CCC=CCC=CCCCCCCCCCC(=O)SCCNC(=O)CCNC(=O)C(O)C(C)(C)COP(=O)(O)OP(=O)(O)OCC1OC(n2cnc3c(N)ncnc32)C(O)C1OP(=O)(O)O,"(11Z,14Z,17Z,20Z,23Z)-hexacosapentaenoyl-CoA",4,75
4159,CCC=CCC=CCC=CCC=CCC=CCCCCCCCCCC(O)CC(=O)SCCNC(=O)CCNC(=O)C(O)C(C)(C)COP(=O)(O)OP(=O)(O)OCC1OC(n2cnc3c(N)ncnc32)C(O)C1OP(=O)(O)O,"(3R)-hydroxy-(13Z,16Z,19Z,22Z,25Z)-octacosapentaenoyl-CoA",4,78
4160,CCC=CCC=CCC=CCC=CCC=CCCCCCCCCCC=CC(=O)SCCNC(=O)CCNC(=O)C(O)C(C)(C)COP(=O)(O)OP(=O)(O)OCC1OC(n2cnc3c(N)ncnc32)C(O)C1OP(=O)(O)O,"(2E,13Z,16Z,19Z,22Z,25Z)-octacosahexaenoyl-CoA",4,77
4161,CCC=CCC=CCC=CCC=CCC=CCCCCCCCCCCCC(=O)CC(=O)SCCNC(=O)CCNC(=O)C(O)C(C)(C)COP(=O)(O)OP(=O)(O)OCC1OC(n2cnc3c(N)ncnc32)C(O)C1OP(=O)(O)O,"3-oxo-(15Z,18Z,21Z,24Z,27Z)-triacontapentaenoyl-CoA",4,80
4162,CCC=CCC=CCC=CCC=CCC=CCCCCCCCCCCCC(=O)SCCNC(=O)CCNC(=O)C(O)C(C)(C)COP(=O)(O)OP(=O)(O)OCC1OC(n2cnc3c(N)ncnc32)C(O)C1OP(=O)(O)O,"(13Z,16Z,19Z,22Z,25Z)-octacosapentaenoyl-CoA",4,77
4163,CCC=CCC=CCC=CCC=CCC=CCCCCCCCCCCCC(O)CC(=O)SCCNC(=O)CCNC(=O)C(O)C(C)(C)COP(=O)(O)OP(=O)(O)OCC1OC(n2cnc3c(N)ncnc32)C(O)C1OP(=O)(O)O,"(3R)-hydroxy-(15Z,18Z,21Z,24Z,27Z)-triacontapentaenoyl-CoA",4,80
4164,CCC=CCC=CCC=CCC=CCC=CCCCCCCCCCCCC=CC(=O)SCCNC(=O)CCNC(=O)C(O)C(C)(C)COP(=O)(O)OP(=O)(O)OCC1OC(n2cnc3c(N)ncnc32)C(O)C1OP(=O)(O)O,"(2E,15Z,18Z,21Z,24Z,27Z)-triacontahexaenoyl-CoA",4,79
4165,CCC=CCC=CCC=CCC=CCC=CCCCCCCCCCCCCCC(=O)CC(=O)SCCNC(=O)CCNC(=O)C(O)C(C)(C)COP(=O)(O)OP(=O)(O)OCC1OC(n2cnc3c(N)ncnc32)C(O)C1OP(=O)(O)O,"3-oxo-(17Z,20Z,23Z,26Z,29Z)-dotriacontapentaenoyl-CoA",4,82
4166,CCC=CCC=CCC=CCC=CCC=CCCCCCCCCCCCCCC(=O)SCCNC(=O)CCNC(=O)C(O)C(C)(C)COP(=O)(O)OP(=O)(O)OCC1OC(n2cnc3c(N)ncnc32)C(O)C1OP(=O)(O)O,"(15Z,18Z,21Z,24Z,27Z)-triacontapentaenoyl-CoA",4,79
4167,CCC=CCC=CCC=CCC=CCC=CCCCCCCCCCCCCCC(O)CC(=O)SCCNC(=O)CCNC(=O)C(O)C(C)(C)COP(=O)(O)OP(=O)(O)OCC1OC(n2cnc3c(N)ncnc32)C(O)C1OP(=O)(O)O,"(3R)-hydroxy-(17Z,20Z,23Z,26Z,29Z)-dotriacontapentaenoyl-CoA",4,82
4168,CCC=CCC=CCC=CCC=CCC=CCCCCCCCCCCCCCC=CC(=O)SCCNC(=O)CCNC(=O)C(O)C(C)(C)COP(=O)(O)OP(=O)(O)OCC1OC(n2cnc3c(N)ncnc32)C(O)C1OP(=O)(O)O,"(2E,17Z,20Z,23Z,26Z,29Z)-dotriacontahexaenoyl-CoA",4,81
4169,CCC=CCC=CCC=CCC=CCC=CCCCCCCCCCCCCCCCC(=O)CC(=O)SCCNC(=O)CCNC(=O)C(O)C(C)(C)COP(=O)(O)OP(=O)(O)OCC1OC(n2cnc3c(N)ncnc32)C(O)C1OP(=O)(O)O,"3-oxo-(19Z,22Z,25Z,28Z,31Z)-tetratriacontapentaenoyl-CoA",4,84
4170,CCC=CCC=CCC=CCC=CCC=CCCCCCCCCCCCCCCCC(=O)SCCNC(=O)CCNC(=O)C(O)C(C)(C)COP(=O)(O)OP(=O)(O)OCC1OC(n2cnc3c(N)ncnc32)C(O)C1OP(=O)(O)O,"(17Z,20Z,23Z,26Z,29Z)-dotriacontapentaenoyl-CoA",4,81
4171,CCC=CCC=CCC=CCC=CCC=CCCCCCCCCCCCCCCCC(O)CC(=O)SCCNC(=O)CCNC(=O)C(O)C(C)(C)COP(=O)(O)OP(=O)(O)OCC1OC(n2cnc3c(N)ncnc32)C(O)C1OP(=O)(O)O,"(3R)-hydroxy-(19Z,22Z,25Z,28Z,31Z)-tetratriacontapentaenoyl-CoA",4,84
4172,CCC=CCC=CCC=CCC=CCC=CCCCCCCCCCCCCCCCC=CC(=O)SCCNC(=O)CCNC(=O)C(O)C(C)(C)COP(=O)(O)OP(=O)(O)OCC1OC(n2cnc3c(N)ncnc32)C(O)C1OP(=O)(O)O,"(2E,19Z,22Z,25Z,28Z,31Z)-tetratriacontahexaenoyl-CoA",4,83
4173,CCC=CCC=CCC=CCC=CCC=CCCCCCCCCCCCCCCCCCC(=O)CC(=O)SCCNC(=O)CCNC(=O)C(O)C(C)(C)COP(=O)(O)OP(=O)(O)OCC1OC(n2cnc3c(N)ncnc32)C(O)C1OP(=O)(O)O,"3-oxo-(21Z,24Z,27Z,30Z,33Z)-hexatriacontapentaenoyl-CoA",4,86
4174,CCC=CCC=CCC=CCC=CCC=CCCCCCCCCCCCCCCCCCC(=O)SCCNC(=O)CCNC(=O)C(O)C(C)(C)COP(=O)(O)OP(=O)(O)OCC1OC(n2cnc3c(N)ncnc32)C(O)C1OP(=O)(O)O,"(19Z,22Z,25Z,28Z,31Z)-tetratriacontapentaenoyl-CoA",4,83
4175,CCC=CCC=CCC=CCC=CCC=CCCCCCCCCCCCCCCCCCC(O)CC(=O)SCCNC(=O)CCNC(=O)C(O)C(C)(C)COP(=O)(O)OP(=O)(O)OCC1OC(n2cnc3c(N)ncnc32)C(O)C1OP(=O)(O)O,"(3R)-hydroxy-(21Z,24Z,27Z,30Z,33Z)-hexatriacontapentaenoyl-CoA",4,86
4176,CCC=CCC=CCC=CCC=CCC=CCCCCCCCCCCCCCCCCCC=CC(=O)SCCNC(=O)CCNC(=O)C(O)C(C)(C)COP(=O)(O)OP(=O)(O)OCC1OC(n2cnc3c(N)ncnc32)C(O)C1OP(=O)(O)O,"(2E,21Z,24Z,27Z,30Z,33Z)-hexatriacontahexaenoyl-CoA",4,85
4177,CCC=CCC=CCC=CCC=CCC=CCCCCCCCCCCCCCCCCCCCC(=O)CC(=O)SCCNC(=O)CCNC(=O)C(O)C(C)(C)COP(=O)(O)OP(=O)(O)OCC1OC(n2cnc3c(N)ncnc32)C(O)C1OP(=O)(O)O,"3-oxo-(23Z,26Z,29Z,32Z,35Z)-octatriacontapentaenoyl-CoA",4,88
4178,CCC=CCC=CCC=CCC=CCC=CCCCCCCCCCCCCCCCCCCCC(=O)SCCNC(=O)CCNC(=O)C(O)C(C)(C)COP(=O)(O)OP(=O)(O)OCC1OC(n2cnc3c(N)ncnc32)C(O)C1OP(=O)(O)O,"(21Z,24Z,27Z,30Z,33Z)-hexatriacontapentaenoyl-CoA",4,85
4179,CCC=CCC=CCC=CCC=CCC=CCCCCCCCCCCCCCCCCCCCC(O)CC(=O)SCCNC(=O)CCNC(=O)C(O)C(C)(C)COP(=O)(O)OP(=O)(O)OCC1OC(n2cnc3c(N)ncnc32)C(O)C1OP(=O)(O)O,"(3R)-hydroxy-(23Z,26Z,29Z,32Z,35Z)-octatriacontapentaenoyl-CoA",4,88
4180,CCC=CCC=CCC=CCC=CCC=CCCCCCCCCCCCCCCCCCCCC=CC(=O)SCCNC(=O)CCNC(=O)C(O)C(C)(C)COP(=O)(O)OP(=O)(O)OCC1OC(n2cnc3c(N)ncnc32)C(O)C1OP(=O)(O)O,"(2E,23Z,26Z,29Z,32Z,35Z)-octatriacontahexaenoyl-CoA",4,87
4181,CCC=CCC=CCC=CCC=CCC=CCCCCCCCCCCCCCCCCCCCCCC(=O)SCCNC(=O)CCNC(=O)C(O)C(C)(C)COP(=O)(O)OP(=O)(O)OCC1OC(n2cnc3c(N)ncnc32)C(O)C1OP(=O)(O)O,"(23Z,26Z,29Z,32Z,35Z)-octatriacontapentaenoyl-CoA",2,87
4182,CCC=CCC=CCC=CCC=CCCCCC(=O)CC(=O)SCCNC(=O)CCNC(=O)C(O)C(C)(C)COP(=O)(O)OP(=O)(O)OCC1OC(n2cnc3c(N)ncnc32)C(O)C1OP(=O)(O)O,"(8Z,11Z,14Z,17Z)-3-oxoicosatetraenoyl-CoA",4,70
4183,CCC=CCC=CCC=CCC=CCCCCC(=O)O,"(6Z,9Z,12Z,15Z)-octadecatetraenoate",2,20
4184,CCC=CCC=CCC=CCC=CCCCCC(=O)SCCNC(=O)CCNC(=O)C(O)C(C)(C)COP(=O)(O)OP(=O)(O)OCC1OC(n2cnc3c(N)ncnc32)C(O)C1OP(=O)(O)O,"(6Z,9Z,12Z,15Z)-octadecatetraenoyl-CoA",2,67
4185,CCC=CCC=CCC=CCC=CCCCCC(O)CC(=O)SCCNC(=O)CCNC(=O)C(O)C(C)(C)COP(=O)(O)OP(=O)(O)OCC1OC(n2cnc3c(N)ncnc32)C(O)C1OP(=O)(O)O,"(3R)-hydroxy-(8Z,11Z,14Z,17Z)-eicosatetraenoyl-CoA",4,70
4186,CCC=CCC=CCC=CCC=CCCCCC=CC(=O)SCCNC(=O)CCNC(=O)C(O)C(C)(C)COP(=O)(O)OP(=O)(O)OCC1OC(n2cnc3c(N)ncnc32)C(O)C1OP(=O)(O)O,"(2E,8Z,11Z,14Z,17Z)-eicosapentaenoyl-CoA",4,69
4187,CCC=CCC=CCC=CCC=CCCCCCCC(=O)CC(=O)SCCNC(=O)CCNC(=O)C(O)C(C)(C)COP(=O)(O)OP(=O)(O)OCC1OC(n2cnc3c(N)ncnc32)C(O)C1OP(=O)(O)O,"3-oxo-(10Z,13Z,16Z,19Z)-docosatetraenoyl-CoA",2,72
4188,CCC=CCC=CCC=CCC=CCCCCCCC(=O)SCCNC(=O)CCNC(=O)C(O)C(C)(C)COP(=O)(O)OP(=O)(O)OCC1OC(n2cnc3c(N)ncnc32)C(O)C1OP(=O)(O)O,"(8Z,11Z,14Z,17Z)-eicosatetraenoyl-CoA",4,69
4189,CCC=CCC=CCC=CCC=CCCCCCCCCC(=O)CC(=O)SCCNC(=O)CCNC(=O)C(O)C(C)(C)COP(=O)(O)OP(=O)(O)OCC1OC(n2cnc3c(N)ncnc32)C(O)C1OP(=O)(O)O,"3-oxo-(12Z,15Z,18Z,21Z)-tetracosatetraenoyl-CoA",2,74
4190,CCC=CCC=CCC=CCC=CCCCCCCCCC(=O)SCCNC(=O)CCNC(=O)C(O)C(C)(C)COP(=O)(O)OP(=O)(O)OCC1OC(n2cnc3c(N)ncnc32)C(O)C1OP(=O)(O)O,"(10Z,13Z,16Z,19Z)-docosatetraenoyl-CoA",2,71
4191,CCC=CCC=CCC=CCCCCCC(=O)OC(CO)COC1OC(CO)C(O)C(O)C1O,"2-(7Z,10Z,13Z)-hexadecatrienoyl-3-O-(beta-D-galactosyl)-sn-glycerol",2,34
4192,CCC=CCC=CCC=CCCCCCC(=O)OC(COC(=O)CCCCCCCC1C=CC(=O)C1CC=CCC)COC1OC(CO)C(O)C(O)C1O,"1-(9S,13S-12-oxo-10,15Z-phytodienoyl)-2-(7Z,10Z,13Z)-hexadecatrienoyl-3-O-(beta-D-galactosyl)-sn-glycerol",2,54
4193,CCC=CCC=CCC=CCCCCCC(=O)OCC(COC(=O)CCCCC)OC(=O)CCCCC,"1,2-dihexanoyl-3-(7Z,10Z,13Z-hexadecatrienoyl)-glycerol",2,37
4194,CCC=CCC=CCC=CCCCCCC(=O)OCC=C(C)CCCC(C)CCCC(C)CCCC(C)C,"(7Z,10Z,13Z)-hexadecatrienoate phytyl ester",2,38
4195,CCC=CCC=CCC=CCCCCCC(=O)SCCNC(=O)CCNC(=O)C(O)C(C)(C)COP(=O)(O)OP(=O)(O)OCC1OC(n2cnc3c(N)ncnc32)C(O)C1OP(=O)(O)O,"(7Z,10Z,13Z)-hexadecatrienoyl-CoA",4,65
4196,CCC=CCC=CCC=CCCCCCCC(OO)C(=O)O,"(R)-2-hydroperoxy-(9Z,12Z,15Z)-octadecatrienoate",2,22
4197,CCC=CCC=CCC=CCCCCCCCC(=O)CC(=O)SCCNC(=O)CCNC(=O)C(O)C(C)(C)COP(=O)(O)OP(=O)(O)OCC1OC(n2cnc3c(N)ncnc32)C(O)C1OP(=O)(O)O,"(11Z,14Z,17Z)-3-oxoeicosatrienoyl-CoA",4,70
4198,CCC=CCC=CCC=CCCCCCCCC(=O)NC(O)C(=O)O,"N-(9Z,12Z,15Z)-octadecatrienoyl-(2S)-hydroxyglycine",2,25
4199,CCC=CCC=CCC=CCCCCCCCC(=O)O,"(9Z,12Z,15Z)-octadecatrienoate",26,20
4200,CCC=CCC=CCC=CCCCCCCCC(=O)OC(COC(=O)CCCCCCCC=CCCCCCCCC)COP(=O)(O)OCC[N+](C)(C)C,"1-(9Z-octadecaenoyl)-2-(9Z,12Z,15Z-octadecatrienoyl)-sn-glycero-3-phosphocholine",2,54
4201,CCC=CCC=CCC=CCCCCCCCC(=O)OC(COC(=O)CCCCCCCCCCCCC)COP(=O)(O)OCC[N+](C)(C)C,"1-tetradecanoyl-2-(9Z,12Z,15Z-octadecatrienoyl)-sn-glycero-3-phosphocholine",2,50
4202,CCC=CCC=CCC=CCCCCCCCC(=O)OC(COC(=O)CCCCCCCCCCCCCCC)COP(=O)(O)OCC[N+](C)(C)C,"1-hexadecanoyl-2-(9Z,12Z,15Z-octadecatrienoyl)-sn-glycero-3-phosphocholine",2,52
4203,CCC=CCC=CCC=CCCCCCCCC(=O)OC(COC(=O)CCCCCCCCCCCCCCCCC)COP(=O)(O)OCC[N+](C)(C)C,"1-octadecanoyl-2-(9Z,12Z,15Z-octadecatrienoyl)-sn-glycero-3-phosphocholine",4,54
4204,CCC=CCC=CCC=CCCCCCCCC(=O)OC1CCC2(C)C(=CCC3C2CCC2(C)C(C(C)CCCC(C)C)CCC32)C1,"(9Z,12Z,15Z-octadecatrienoyl)-cholesterol",4,47
4205,CCC=CCC=CCC=CCCCCCCCC(=O)OCC(CO)OC(=O)CCCCCCCC=CCC=CCC=CCC,"2,3-di-(9Z,12Z,15Z)-octadecatrienoyl-sn-glycerol",2,44
4206,CCC=CCC=CCC=CCCCCCCCC(=O)OCC(CO)OC(=O)CCCCCCCC=CCCCCCCCC,"1-(9Z,12Z,15Z-octadecatrienoyl)-2-(9Z-octadecenoyl)-glycerol",2,44
4207,CCC=CCC=CCC=CCCCCCCCC(=O)OCC(COC(=O)CCCCC)OC(=O)CCCCC,"1,2-dihexanoyl-3-(9Z,12Z,15Z-octadecatrienoyl)-glycerol",2,39
4208,CCC=CCC=CCC=CCCCCCCCC(=O)OCC(COC(=O)CCCCCCCC=CCC=CCC=CCC)OC(=O)CCCCCCCC=CCC=CCC=CCC,"1,2,3-tri-(9Z,12Z,15Z)-octadecatrienoylglycerol",4,63
4209,CCC=CCC=CCC=CCCCCCCCC(=O)OCC(COP(=O)(O)O)OC(=O)CCCCCCCC=CCCCCCCCC,"1-(9Z,12Z,15Z)-octadecatrienoyl-2-(9Z)-octadecenoyl-sn-glycero-3-phosphate",2,48
4210,CCC=CCC=CCC=CCCCCCCCC(=O)OCC(COP(=O)(O)OCCN(C)C)OC(=O)CCCCCCCC=CCC=CCC=CCC,"1,2-di-(9Z,12Z,15Z-octadecatrienoyl)-sn-glycero-3-phospho-N,N-dimethylethanolamine",4,53
4211,CCC=CCC=CCC=CCCCCCCCC(=O)OCC(COP(=O)(O)OCCN)OC(=O)CCCCCCCC=CCC=CCC=CCC,"1,2-di-(9Z,12Z,15Z-octadecatrienoyl)-sn-glycero-3-phosphoethanolamine",2,51
4212,CCC=CCC=CCC=CCCCCCCCC(=O)OCC(COP(=O)(O)OCCNC)OC(=O)CCCCCCCC=CCC=CCC=CCC,"1,2-di-(9Z,12Z,15Z-octadecatrienoyl)-sn-glycero-3-phospho-N-methylethanolamine",4,52
4213,CCC=CCC=CCC=CCCCCCCCC(=O)OCC(COP(=O)(O)OCC[N+](C)(C)C)OC(=O)CCCCCCCC=CCC=CCC=CCC,"1,2-di-(9Z,12Z,15Z-octadecatrienoyl)-sn-glycero-3-phosphocholine",4,54
4214,CCC=CCC=CCC=CCCCCCCCC(=O)OCC(O)CO,"1-(9Z,12Z,15Z-octadecatrienoyl)-glycerol",8,25
4215,CCC=CCC=CCC=CCCCCCCCC(=O)OCC(O)COC(=O)CCCCCCCC=CCC=CCC=CCC,"1,3-di-(9Z,12Z,15Z)-octadecatrienoylglycerol",2,44
4216,CCC=CCC=CCC=CCCCCCCCC(=O)OCC(O)COC(=O)CCCCCCCC=CCCCCCCCC,"1-(9Z,12Z,15Z-octadecatrienoyl)-3-(9Z-octadecenoyl)-glycerol",2,44
4217,CCC=CCC=CCC=CCCCCCCCC(=O)OCC(O)COP(=O)(O)O,"1-(9Z,12Z,15Z)-octadecatrienoyl-sn-glycero-3-phosphate",2,29
4218,CCC=CCC=CCC=CCCCCCCCC(=O)OCC(O)COP(=O)(O)OCC[N+](C)(C)C,"1-(9Z,12Z,15Z-octadecatrienoyl)-sn-glycero-3-phosphocholine",2,35
4219,CCC=CCC=CCC=CCCCCCCCC(=O)SCCNC(=O)CCNC(=O)C(O)C(C)(C)COP(=O)(O)O,"S-(9Z,12Z,15Z-octadecatrienoyl)-4'-phosphopantetheine",2,41
4220,CCC=CCC=CCC=CCCCCCCCC(=O)SCCNC(=O)CCNC(=O)C(O)C(C)(C)COP(=O)(O)OP(=O)(O)OCC1OC(n2cnc3c(N)ncnc32)C(O)C1OP(=O)(O)O,"(9Z,12Z,15Z)-octadecatrienoyl-CoA",12,67
4221,CCC=CCC=CCC=CCCCCCCCC(N)=O,"(9Z,12Z,15Z)-octadecatrienamide",4,20
4222,CCC=CCC=CCC=CCCCCCCCC(O)CC(=O)SCCNC(=O)CCNC(=O)C(O)C(C)(C)COP(=O)(O)OP(=O)(O)OCC1OC(n2cnc3c(N)ncnc32)C(O)C1OP(=O)(O)O,"(3R)-hydroxy-(11Z,14Z,17Z)-eicosatrienoyl-CoA",4,70
4223,CCC=CCC=CCC=CCCCCCCCC=CC(=O)SCCNC(=O)CCNC(=O)C(O)C(C)(C)COP(=O)(O)OP(=O)(O)OCC1OC(n2cnc3c(N)ncnc32)C(O)C1OP(=O)(O)O,"(2E,11Z,14Z,17Z)-eicosatetraenoyl-CoA",4,69
4224,CCC=CCC=CCC=CCCCCCCCCCC(=O)CC(=O)SCCNC(=O)CCNC(=O)C(O)C(C)(C)COP(=O)(O)OP(=O)(O)OCC1OC(n2cnc3c(N)ncnc32)C(O)C1OP(=O)(O)O,"3-oxo-(13Z,16Z,19Z)-docosatrienoyl-CoA",2,72
4225,CCC=CCC=CCC=CCCCCCCCCCC(=O)O,"(11Z,14Z,17Z)-eicosatrienoate",4,22
4226,CCC=CCC=CCC=CCCCCCCCCCC(=O)OC(COC(=O)CCCCCCCCCCCCCCC)COP(=O)(O)OCC[N+](C)(C)C,"1-hexadecanoyl-2-(11Z,14Z,17Z-eicosatrienoyl)-sn-glycero-3-phosphocholine",2,54
4227,CCC=CCC=CCC=CCCCCCCCCCC(=O)OC1CCC2(C)C(=CCC3C2CCC2(C)C(C(C)CCCC(C)C)CCC32)C1,"(11Z,14Z,17Z-eicosatrienoyl)-cholesterol",2,49
4228,CCC=CCC=CCC=CCCCCCCCCCC(=O)SCCNC(=O)CCNC(=O)C(O)C(C)(C)COP(=O)(O)OP(=O)(O)OCC1OC(n2cnc3c(N)ncnc32)C(O)C1OP(=O)(O)O,"(11Z,14Z,17Z)-eicosatrienoyl-CoA",4,69
4229,CCC=CCC=CCC=CCCCCCCCCCC(N)=O,"(11Z,14Z,17Z)-eicosatrienamide",2,22
4230,CCC=CCC=CCC=CCCCCCCCCO,"(9Z,12Z,15Z)-octadecatrien-1-ol",2,19
4231,CCC=CCC=CCC=CCCCCCCCCOCC(=O)COP(=O)(O)O,"1-O-(9Z,12Z,15Z)-octadecatrienylglycerone 3-phosphate",2,28
4232,CCC=CCCC=CC=O,"(2E,6Z)-nona-2,6-dienal",2,10
4233,CCC=CCCC=CCO,"(2E,6Z)-nona-2,6-dien-1-ol",2,10
4234,CCC=CCCCCC=O,(Z)-non-6-enal,2,10
4235,CCC=CCCCCCO,(Z)-non-6-en-1-ol,2,10
4236,CCC=CCCO,(3Z)-hex-3-en-1-ol,4,7
4237,CCC=CCCOC(=O)c1ccccc1,(3Z)-hex-3-en-1-yl benzoate,2,15
4238,CCC=CCCOC(C)=O,(3Z)-hex-3-en-1-yl acetate,2,10
4239,CCC=CCO,(E)-pent-2-en-1-ol,2,6
4240,CCC=CSO,(E)-but-1-en-1-SO-peroxol,2,6
4241,CCC=O,propanal,28,4
4242,CCC=[S+]O,(Z)-propanethial S-oxide,2,5
4243,CCCC,butane,2,4
4244,CCCC(=O)C(=O)O,2-oxopentanoate,10,8
4245,CCCC(=O)C(O)CCC,5-hydroxyoctan-4-one,2,10
4246,CCCC(=O)CC,hexan-3-one,8,7
4247,CCCC(=O)CC(=O)CCC,"nonane-4,6-dione",2,11
4248,CCCC(=O)CC(=O)OCC,ethyl 3-oxohexanoate,2,11
4249,CCCC(=O)CC(=O)SCCNC(=O)CCNC(=O)C(O)C(C)(C)COP(=O)(O)OP(=O)(O)OCC1OC(n2cnc3c(N)ncnc32)C(O)C1OP(=O)(O)O,3-oxohexanoyl-CoA,4,56
4250,CCCC(=O)CCC,heptan-4-one,2,8
4251,CCCC(=O)CO,1-hydroxypentan-2-one,2,7
4252,CCCC(=O)NCCO,N-butanoyl ethanolamine,2,9
4253,CCCC(=O)NCCc1c[nH]c2ccc(O)cc12,N-butanoylserotonin,2,18
4254,CCCC(=O)NCCc1ccc(O)cc1,N-butanoyltyramine,2,15
4255,CCCC(=O)O,butanoate,32,6
4256,CCCC(=O)OC(CC(=O)O)C[N+](C)(C)C,O-butanoyl-(R)-carnitine,2,16
4257,CCCC(=O)OC12C(O)C(C)C3(O)C(C=C(CO)CC4(O)C(=O)C(C)=CC43)C1C2(C)C,phorbol 13-butanoate,2,31
4258,CCCC(=O)OC1C(C)C2(O)C(C=C(CO)CC3(O)C(=O)C(C)=CC32)C2C(C)(C)C12OC(=O)CCC,"phorbol 12,13-dibutanoate",2,36
4259,CCCC(=O)OCC,ethyl butanoate,4,8
4260,CCCC(=O)OCC(C)CC,2-methylbutyl butanoate,2,11
4261,CCCC(=O)OCC(COP(=O)(O)OC1C(O)C(O)C(O)C(O)C1O)OC(=O)CCC,"1,2-dibutyryl-sn-glycero-3-phospho-(1D-myo-inositol)",2,31
4262,CCCC(=O)OCC(COP(=O)(O)OC1C(O)C(O)C(O)C(OP(=O)(O)O)C1O)OC(=O)CCC,"1,2-dibutyryl-sn-glycero-3-phospho-(1D-myo-inositol-5-phosphate)",2,35
4263,CCCC(=O)OCC(O)CO,1-butyrylglycerol,2,11
4264,CCCC(=O)OP(=O)(O)O,butanoyl phosphate,4,10
4265,CCCC(=O)SCCNC(=O)CCNC(=O)C(O)C(C)(C)COP(=O)(O)O,S-butanoyl-4'-phosphopantetheine,2,27
4266,CCCC(=O)SCCNC(=O)CCNC(=O)C(O)C(C)(C)COP(=O)(O)OP(=O)(O)OCC1OC(n2cnc3c(N)ncnc32)C(O)C1OP(=O)(O)O,butanoyl-CoA,60,53
4267,CCCC(C(=O)O)C(O)C(=O)O,3-propylmalate,2,12
4268,CCCC(C)(CCO)SCC(N)C(=O)NCC(=O)O,S-(1-hydroxy-3-methylhexan-3-yl)-L-cysteinylglycine,2,19
4269,CCCC(C)(CCO)SCC(N)C(=O)O,S-(1-hydroxy-3-methylhexan-3-yl)-L-cysteine,4,15
4270,CCCC(C)(O)C#N,(2S)-2-hydroxy-2-methylpentanenitrile,2,8
4271,CCCC(C)(O)CC(=O)NC(CCC(N)=O)C(=O)O,N(2)-(3-hydroxy-3-methylhexanoyl)-L-glutaminate,2,19
4272,CCCC(C)(O)CC(=O)O,3-hydroxy-3-methylhexanoate,2,10
4273,CCCC(C)(S)CCO,3-methyl-3-sulfanylhexan-1-ol,2,9
4274,CCCC(C)=CC(=O)NC(CCC(N)=O)C(=O)O,N(2)-[(2E)-3-methylhex-2-enoyl]-L-glutaminate,2,18
4275,CCCC(C)=CC(=O)O,(2E)-3-methylhex-2-enoate,2,9
4276,CCCC(C)=O,pentan-2-one,8,6
4277,CCCC(C)C(=O)O,2-methylpentanoate,2,8
4278,CCCC(C)C(=O)SCCNC(=O)CCNC(=O)C(O)C(C)(C)COP(=O)(O)OP(=O)(O)OCC1OC(n2cnc3c(N)ncnc32)C(O)C1OP(=O)(O)O,2-methylpentanoyl-CoA,2,55
4279,CCCC(C)N,2-aminopentane,2,6
4280,CCCC(CC)OC(=O)c1ccccc1,hexan-3-yl benzoate,2,15
4281,CCCC(CCO)SCC(N)C(=O)O,S-3-(hexan-1-ol)-L-cysteine,2,14
4282,CCCC(N)C#N,2-aminopentanenitrile,2,7
4283,CCCC(N)C(=O)O,L-2-aminopentanoate,12,8
4284,CCCC(N)C(O)CCC,5-hydroxyoctan-4-amine,2,10
4285,CCCC(N)CC,3-aminohexane,2,7
4286,CCCC(N)CO,2-aminopentan-1-ol,2,7
4287,CCCC(NC(C)C(=O)O)C(=O)O,(2S)-2-[(R)-1-carboxyethylamino]pentanoate,2,13
4288,CCCC(O)C#N,(2S)-2-hydroxypentanenitrile,2,7
4289,CCCC(O)CC,hexan-3-ol,2,7
4290,CCCC(O)CC(=O)OCC,ethyl (S)-3-hydroxyhexanoate,2,11
4291,CCCC(O)CC(=O)SCCNC(=O)CCNC(=O)C(O)C(C)(C)COP(=O)(O)OP(=O)(O)OCC1OC(n2cnc3c(N)ncnc32)C(O)C1OP(=O)(O)O,(3S)-hydroxyhexanoyl-CoA,4,56
4292,CCCC(S)CCO,3-sulfanyl-1-hexanol,2,8
4293,CCCC=CC(=O)SCCNC(=O)CCNC(=O)C(O)C(C)(C)COP(=O)(O)OP(=O)(O)OCC1OC(n2cnc3c(N)ncnc32)C(O)C1OP(=O)(O)O,(2E)-hexenoyl-CoA,10,55
4294,CCCC=CC(O)C#N,"(2S,3E)-2-hydroxyhept-3-enenitrile",2,9
4295,CCCC=CC=CC(=O)SCCNC(=O)CCNC(=O)C(O)C(C)(C)COP(=O)(O)OP(=O)(O)OCC1OC(n2cnc3c(N)ncnc32)C(O)C1OP(=O)(O)O,"(2E,4E)-octadienoyl-CoA",2,57
4296,CCCC=CC=CC=C(C)C1OCC(C)C(O)C1O,desmethylrestrictinol,2,19
4297,CCCC=CC=CC=C(C)C1OCC(C)C(OC)C1O,restrictinol,4,20
4298,CCCC=CC=CC=C(C)C1OCC(C)C(OC)C1OC(=O)CN,restricticin,2,24
4299,CCCC=CC=O,(E)-hex-2-enal,8,7
4300,CCCC=CCCCCCCCCC=CC(O)C(CO)NC(=O)CCCCCCCCCCCCCCC,"N-hexadecanoyl-sphinga-4E,14Z-dienine",2,38
4301,CCCC=CCCCCCCCCC=CC(O)C(CO)NC(=O)CCCCCCCCCCCCCCCCC,"N-octadecanoyl-sphinga-4E,14Z-dienine",2,40
4302,CCCC=CCCCCCCCCC=CC(O)C(N)CO,"sphinga-4E,14Z-dienine",8,21
4303,CCCC=CCCCCCCCCC=CC(O)C(N)COP(=O)(O)O,"sphinga-4E,14Z-dienine-1-phosphate",4,25
4304,CCCC=CCCCCCCCCC=CC=O,"(2E,12Z)-hexadecadienal",2,17
4305,CCCC=CCO,(E)-hex-2-en-1-ol,4,7
4306,CCCC=O,butanal,23,5
4307,CCCC=[S+]O,(Z)-butanethial oxide,2,6
4308,CCCCC(=O)C(=O)O,2-oxohexanoate,10,9
4309,CCCCC(=O)O,pentanoate,18,7
4310,CCCCC(=O)SCCNC(=O)CCNC(=O)C(O)C(C)(C)COP(=O)(O)OP(=O)(O)OCC1OC(n2cnc3c(N)ncnc32)C(O)C1OP(=O)(O)O,pentanoyl-CoA,14,54
4311,CCCCC(C)(O)C#N,(2S)-2-hydroxy-2-methylhexanenitrile,2,9
4312,CCCCC(C)=O,hexan-2-one,4,7
4313,CCCCC(C)C(O)C(O)CC(C)CC(O)CCCCC(O)CC(O)C(C)=O,"(3S,5R,10R,12S,14S,15R,16R)-3,5,10,14,15-pentahydroxy-12,16-dimethylicosan-2-one",2,28
4314,CCCCC(C)C(O)C(O)CC(C)CC(O)CCCCC(O)CC(O)C(C)N,"(2S,3S,5R,10R,12S,14S,15R,16R)-2-amino-12,16-dimethylicosane-3,5,10,14,15-pentol",2,28
4315,CCCCC(C)N,hexan-2-amine,2,7
4316,CCCCC(C)O,hexan-2-ol,2,7
4317,CCCCC(C)OC(=O)c1ccccc1,hexan-2-yl benzoate,2,15
4318,CCCCC(C=O)CC,2-ethylhexanal,2,9
4319,CCCCC(CC)CO,2-ethylhexan-1-ol,2,9
4320,CCCCC(CC)COC(=O)c1ccccc1C(=O)O,2-ethylhexyl phthalate,2,20
4321,CCCCC(CC)COC(=O)c1ccccc1C(=O)OCC(CC)CCCC,bis(2-ethylhexyl)phthalate,2,28
4322,CCCCC(CC)COS(=O)(=O)O,2-ethylhexyl sulfate,2,13
4323,CCCCC(N)=O,pentanamide,2,7
4324,CCCCC(N)C(=O)O,L-2-aminohexanoate,8,9
4325,CCCCC(O)C#N,(2S)-2-hydroxyhexanenitrile,2,8
4326,CCCCC(O)C(=O)O,2-hydroxyhexanoate,2,9
4327,CCCCC(O)C(=O)SCCNC(=O)CCNC(=O)C(O)C(C)(C)COP(=O)(O)OP(=O)(O)OCC1OC(n2cnc3c(N)ncnc32)C(O)C1OP(=O)(O)O,2-hydroxyhexanoyl-CoA,2,56
4328,CCCCC(O)c1ccc(CC=C(C)C)c(O)c1CO,(8S)-annullatin J,2,20
4329,CCCCC(O)c1cccc(O)c1CO,(8S)-annullatin E,2,15
4330,CCCCC=CC(=O)O,(E)-hept-2-enoate,4,9
4331,CCCCC=CC(=O)SCCNC(=O)CCNC(=O)C(O)C(C)(C)COP(=O)(O)OP(=O)(O)OCC1OC(n2cnc3c(N)ncnc32)C(O)C1OP(=O)(O)O,(2E)-heptenoyl-CoA,2,56
4332,CCCCC=CC=CCc1cc(OC(=O)c2c(CC=CC=CCCCC)cc(O)c(C3OC(CO)C(O)C(O)C3O)c2O)cc(O)c1C(=O)O,stromemycin,2,50
4333,CCCCC=CC=CCc1cc(OC(=O)c2c(O)cc(O)cc2CC=CC=CCCCC)cc(O)c1C(=O)O,stromemycin aglycone,2,39
4334,CCCCC=CC=O,(E)-hept-2-enal,4,8
4335,CCCCC=CCC(=O)SCCNC(=O)CCNC(=O)C(O)C(C)(C)COP(=O)(O)OP(=O)(O)OCC1OC(n2cnc3c(N)ncnc32)C(O)C1OP(=O)(O)O,(3Z)-octenoyl-CoA,2,57
4336,CCCCC=CCCCCCCCC(=O)CC(=O)SCCNC(=O)CCNC(=O)C(O)C(C)(C)COP(=O)(O)OP(=O)(O)OCC1OC(n2cnc3c(N)ncnc32)C(O)C1OP(=O)(O)O,3-oxo-(11Z)-hexadecenoyl-CoA,2,66
4337,CCCCC=CCCCCCCCC(=O)O,(9Z)-tetradecenoate,4,16
4338,CCCCC=CCCCCCCCC(=O)OC(CC(=O)O)C[N+](C)(C)C,O-(9Z)-tetradecenoyl-(R)-carnitine,2,26
4339,CCCCC=CCCCCCCCC(=O)SCCNC(=O)CCNC(=O)C(O)C(C)(C)COP(=O)(O)O,S-(9Z-tetradecenoyl)-4'-phosphopantetheine,2,37
4340,CCCCC=CCCCCCCCC(=O)SCCNC(=O)CCNC(=O)C(O)C(C)(C)COP(=O)(O)OP(=O)(O)OCC1OC(n2cnc3c(N)ncnc32)C(O)C1OP(=O)(O)O,(9Z)-tetradecenoyl-CoA,10,63
4341,CCCCC=COC=CC=CCCCCCCCC(=O)O,etheroleate,2,21
4342,CCCCC=O,pentanal,14,6
4343,CCCCCC(=O)C=CC1C(=O)CC(O)C1CC=CCCCC(=O)O,15-oxoprostaglandin D2,2,25
4344,CCCCCC(=O)C=CC1C(O)CC(=O)C1CC=CCCCC(=O)O,15-oxoprostaglandin E2,8,25
4345,CCCCCC(=O)C=CC1C(O)CC(=O)C1CCCCCCC(=O)O,15-oxoprostaglandin E1,6,25
4346,CCCCCC(=O)C=CC1C(O)CC(O)C1CC=CCCCC(=O)O,15-oxoprostaglandin F2alpha,4,25
4347,CCCCCC(=O)C=CC1C(O)CC(O)C1CCCCCCC(=O)O,15-oxoprostaglandin F1alpha,2,25
4348,CCCCCC(=O)C=CC1C(O)CC2OC(=CCCCC(=O)O)CC21,15-dehydro-prostaglandin I2,2,25
4349,CCCCCC(=O)C=CC1C=CC(=O)C1CCCCCCC(=O)O,15-oxo-prostaglandin A1,2,24
4350,CCCCCC(=O)C=CC=CC=CC=CC(O)C(O)CCCC(=O)O,"15-oxo-(5S,6R)-dihydroxy-(7E,9E,11Z,13E)-eicosatetraenoate",4,25
4351,CCCCCC(=O)C=CC=CCC=CCC=CCCCC(=O)O,"15-oxo-(5Z,8Z,11Z,13E)-eicosatetraenoate",6,23
4352,CCCCCC(=O)C=CC=CCCCCCCCC(=O)O,"13-oxo-(9Z,11E)-octadecadienoate",2,21
4353,CCCCCC(=O)C=CC=O,(E)-4-oxonon-2-enal,2,11
4354,CCCCCC(=O)C=CCO,(E)-4-oxonon-2-en-1-ol,2,11
4355,CCCCCC(=O)CC,octan-3-one,4,9
4356,CCCCCC(=O)CC(=O)SCCNC(=O)CCNC(=O)C(O)C(C)(C)COP(=O)(O)OP(=O)(O)OCC1OC(n2cnc3c(N)ncnc32)C(O)C1OP(=O)(O)O,3-oxooctanoyl-CoA,6,58
4357,CCCCCC(=O)CCC1C(O)CC(=O)C1CC=CCCCC(=O)O,"13,14-dihydro-15-oxo-prostaglandin E2",4,25
4358,CCCCCC(=O)CCC1C(O)CC(=O)C1CCCCCCC(=O)O,"13,14-dihydro-15-oxo-prostaglandin E1",2,25
4359,CCCCCC(=O)CCC1C(O)CC(O)C1CC=CCCCC(=O)O,"13,14-dihydro-15-oxo-PGF2alpha",2,25
4360,CCCCCC(=O)CCC1C(O)CC(O)C1CCCCCCC(=O)O,"13,14-dihydro-15-oxo-prostaglandin F1alpha",2,25
4361,CCCCCC(=O)CCC=CC=CC=CC(O)C(O)CCCC(=O)O,"15-oxo-(5S,6R)-dihydroxy-(7E,9E,11Z)-eicosatrienoate",4,25
4362,CCCCCC(=O)NC,N-methylhexanamide,2,9
4363,CCCCCC(=O)NCCO,N-hexanoyl ethanolamine,2,11
4364,CCCCCC(=O)NCCc1ccc(O)cc1,N-hexanoyltyramine,2,17
4365,CCCCCC(=O)O,hexanoate,24,8
4366,CCCCCC(=O)OC(CC(=O)O)C[N+](C)(C)C,O-hexanoyl-(R)-carnitine,2,18
4367,CCCCCC(=O)OC1C(O)OC(COP(=O)(O)OP(=O)(O)OCC2OC(n3cnc4c(N)ncnc43)C(O)C2O)C1O,2''-O-hexanoyl-ADP-D-ribose,2,43
4368,CCCCCC(=O)OCC,ethyl hexanoate,4,10
4369,CCCCCC(=O)OCC(C)CC,2-methylbutyl hexanoate,2,13
4370,CCCCCC(=O)OCC(CO)OC(=O)CCCCC,"2,3-dihexanoyl-sn-glycerol",14,20
4371,CCCCCC(=O)OCC(COC(=O)CCCCC)OC(=O)CCCCC,trihexanoylglycerol,2,27
4372,CCCCCC(=O)OCC(COP(=O)(O)OCCN)OC(=O)CCCCC,"1,2-dihexanoyl-sn-glycero-3-phosphoethanolamine",2,27
4373,CCCCCC(=O)OCC(COP(=O)(O)OCC[N+](C)(C)C)OC(=O)CCCCC,"1,2-dihexanoyl-sn-glycero-3-phosphocholine",2,30
4374,CCCCCC(=O)OCC(O)COP(=O)(O)O,1-hexanoyl-sn-glycero-3-phosphate,2,17
4375,CCCCCC(=O)OCC(O)COP(=O)(O)OCC[N+](C)(C)C,1-hexanoyl-sn-glycero-3-phosphocholine,4,23
4376,CCCCCC(=O)OCCCC,butyl hexanoate,2,12
4377,CCCCCC(=O)SCCNC(=O)CCNC(=O)C(O)C(C)(C)COP(=O)(O)O,hexanoyl-4'-phosphopantetheine,2,29
4378,CCCCCC(=O)SCCNC(=O)CCNC(=O)C(O)C(C)(C)COP(=O)(O)OP(=O)(O)OCC1OC(n2cnc3c(N)ncnc32)C(O)C1OP(=O)(O)O,hexanoyl-CoA,34,55
4379,CCCCCC(=O)c1c(O)c(Cl)c(O)c(Cl)c1O,"(3,5-dichloro-2,4,6-trihydroxyphenyl)hexan-1-one",2,18
4380,CCCCCC(=O)c1c(O)c(Cl)c(OC)c(Cl)c1O,"1-(3,5-dichloro-2,6-dihydroxy-4-methoxyphenyl)hexan-1-one",2,19
4381,CCCCCC(=O)c1c(O)cc2c(c1O)C(=O)c1c(O)cc(O)cc1C2,noranthrone,2,26
4382,CCCCCC(=O)c1c(O)cc2c(c1O)C(=O)c1c(O)cc(O)cc1C2=O,norsolorinic acid,4,27
4383,CCCCCC(C)(O)C#N,(2S)-2-hydroxy-2-methylheptanenitrile,2,10
4384,CCCCCC(C)=O,heptan-2-one,6,8
4385,CCCCCC(C)N,(2R)-heptan-2-amine,2,8
4386,CCCCCC(C=CC1=C(CCCCCCC(=O)O)C(=O)CC1)OC1OC(C(=O)O)C(O)C(O)C1O,15-O-(beta-D-glucuronosyl)-prostaglandin B1,2,36
4387,CCCCCC(C=CC1C(O)CC(=O)C1CC=CCCCC(=O)O)OO,(15S)-15-hydroperoxy-prostaglandin E2,2,26
4388,CCCCCC(C=CC1C(O)CC(O)C1CC=CCCCC(=O)O)OC1OC(C(=O)O)C(O)C(O)C1O,8-iso-prostaglandin F2alpha-glucuronide,2,37
4389,CCCCCC(C=CC1C2CC(OO2)C1CC=CCCCC(=O)O)OO,prostaglandin G2,2,26
4390,CCCCCC(C=CC=CC=CC(CC=CCCCC(=O)O)OO)OO,"(8S,15S)-dihydroperoxy-(5Z,9E,11Z,13E)-eicosatetraenoate",4,26
4391,CCCCCC(C=CC=CC=CC=CC(O)C(O)CCCC(=O)O)OO,"(5S,6R)-dihydroxy-(15S)-hydroperoxy-(7E,9E,11Z,13E)-eicosatetraenoate",2,26
4392,CCCCCC(C=CC=CCC=CC=CC(CCCC(=O)O)OO)OO,"(5S,15S)-dihydroperoxy-(6E,8Z,11Z,13E)-eicosatetraenoate",2,26
4393,CCCCCC(C=CC=CCC=CC=CC(O)CCCC(=O)O)OO,"(5S)-hydroxy-(15S)-hydroperoxy-(6E,8Z,11Z,13E)-eicosatetraenoate",2,25
4394,CCCCCC(C=CC=CCC=CCC=CCC=CCCC(=O)O)OO,"(17S)-hydroperoxy-(4Z,7Z,10Z,13Z,15E)-docosapentaenoate",2,26
4395,CCCCCC(C=CC=CCC=CCC=CCCCC(=O)NC(C)C(=O)O)OO,"N-(15S)-hydroperoxy-(5Z,8Z,11Z,13E)-eicosatetraenoyl-alanine",2,29
4396,CCCCCC(C=CC=CCC=CCC=CCCCC(=O)NCC(=O)O)OO,"N-(15S)-hydroperoxy-(5Z,8Z,11Z,13E)-eicosatetraenoyl-glycine",2,28
4397,CCCCCC(C=CC=CCC=CCC=CCCCC(=O)NCCCC(=O)O)OO,"N-(15S)-hydroperoxy-(5Z,8Z,11Z,13E)-eicosatetraenoyl-gamma-aminobutanoate",2,30
4398,CCCCCC(C=CC=CCC=CCC=CCCCC(=O)NCCS(=O)(=O)O)OO,"N-(15S)-hydroperoxy-(5Z,8Z,11Z,13E)-eicosatetraenoyl-taurine",2,30
4399,CCCCCC(C=CC=CCC=CCC=CCCCC(=O)O)OC1OC(C(=O)O)C(O)C(O)C1O,"15-O-(beta-D-glucuronosyl)-(5Z,8Z,11Z,14Z)-eicosatetraenoate",2,35
4400,CCCCCC(C=CC=CCC=CCC=CCCCC(=O)O)OO,"(15S)-hydroperoxy-(5Z,8Z,11Z,13E)-eicosatetraenoate",12,24
4401,CCCCCC(C=CC=CCC=CCC=CCCCC(=O)OC(CO)CO)OO,"2-[15(S)-hydroperoxy-(5Z,8Z,11Z,13E)-eicosatetraenoyl]-glycerol",2,29
4402,CCCCCC(C=CC=CCC=CCCCCCCC(=O)O)OO,"(15S)-hydroperoxy-(8Z,11Z,13E)-eicosatrienoate",2,24
4403,CCCCCC(C=CC=CCCCCCCCC(=O)O)OO,"(13S)-hydroperoxy-(9Z,11E)-octadecadienoate",14,22
4404,CCCCCC(C=CC=CCCCCCCCC(=O)OC)OO,"1-O-methyl-(13S)-hydroperoxy-(9Z,11E)-octadecadienoate",2,23
4405,CCCCCC(C=CC=CCCCCCCCCCC(=O)O)OO,"(15S)-hydroperoxy-(11Z,13E)-eicosadienoate",4,24
4406,CCCCCC(CC=O)C(C)=O,(S)-3-acetyloctanal,2,12
4407,CCCCCC(O)C#N,(2S)-2-hydroxyheptanenitrile,2,9
4408,CCCCCC(O)C(C=CC(O)CC=CCC=CCCCC(=O)O)SCC(NC(=O)CCC(N)C(=O)O)C(=O)NCC(=O)O,"(11S,15S)-dihydroxy-14(R)-S-glutathionyl-(5Z,8Z,12E)-eicosatrienoate",2,44
4409,CCCCCC(O)C(O)CC=CCC=CCC=CCCCC(=O)O,"14,15-dihydroxy-(5Z,8Z,11Z)-eicosatrienoate",2,24
4410,CCCCCC(O)C(O)CC=CCCCCCCCC(=O)O,"12,13-dihydroxy-(9Z)-octadecenoate",2,22
4411,CCCCCC(O)C=CC(=O)O,(E)-4-hydroxynon-2-enoate,6,12
4412,CCCCCC(O)C=CC1=C(CC=CCCCC(=O)O)C(=O)CC1,prostaglandin B2,2,24
4413,CCCCCC(O)C=CC1=C(CCCCCCC(=O)O)C(=O)CC1,prostaglandin B1,4,24
4414,CCCCCC(O)C=CC1=CCC(=O)C1CC=CCCCC(=O)O,prostaglandin C2,4,24
4415,CCCCCC(O)C=CC1=CCC(=O)C1CCCCCCC(=O)O,prostaglandin C1,4,24
4416,CCCCCC(O)C=CC1C(=O)C=CC1CC=CCCCC(=O)O,prostaglandin J2,6,24
4417,CCCCCC(O)C=CC1C(=O)CC(O)C1CC=CCCCC(=O)NCCO,prostaglandin D2-ethanolamide,2,28
4418,CCCCCC(O)C=CC1C(=O)CC(O)C1CC=CCCCC(=O)O,prostaglandin D2,10,25
4419,CCCCCC(O)C=CC1C(=O)CC(O)C1CC=CCCCC(=O)OC(CO)CO,2-glyceryl-prostaglandin D2,2,30
4420,CCCCCC(O)C=CC1C(=O)CC(O)C1CC=CCCCC(=O)OCC(O)CO,prostaglandin D2-1-glycerol ester,2,30
4421,CCCCCC(O)C=CC1C(=O)CC(O)C1CCCCCCC(=O)O,prostaglandin D1,2,25
4422,CCCCCC(O)C=CC1C(=O)CC(SCC(NC(=O)CCC(N)C(=O)O)C(=O)NCC(=O)O)C1CC=CCCCC(=O)O,prostaglandin J2-S-(R)-glutathione,2,44
4423,CCCCCC(O)C=CC1C(O)CC(=O)C1CC=CCCCC(=O)O,prostaglandin E2,18,25
4424,CCCCCC(O)C=CC1C(O)CC(=O)C1CC=CCCCC(=O)OC(CO)CO,2-glyceryl-prostaglandin E2,2,30
4425,CCCCCC(O)C=CC1C(O)CC(=O)C1CC=CCCCC(=O)OC(CO)COP(=O)(O)OCCN,2-(prostaglandin E2)-sn-glycero-3-phosphoethanolamine,4,37
4426,CCCCCC(O)C=CC1C(O)CC(=O)C1CC=CCCCC(=O)OC(CO)COP(=O)(O)OCC[N+](C)(C)C,2-(prostaglandin E2)-sn-glycero-3-phosphocholine,4,40
4427,CCCCCC(O)C=CC1C(O)CC(=O)C1CC=CCCCC(=O)OCC(O)CO,prostaglandin E2 1-glyceryl ester,2,30
4428,CCCCCC(O)C=CC1C(O)CC(=O)C1CCCCCCC(=O)O,prostaglandin E1,12,25
4429,CCCCCC(O)C=CC1C(O)CC(O)C1CC=CCCCC(=O)NCCO,prostamide F2alpha,2,28
4430,CCCCCC(O)C=CC1C(O)CC(O)C1CC=CCCCC(=O)O,prostaglandin F2alpha,12,25
4431,CCCCCC(O)C=CC1C(O)CC(O)C1CC=CCCCC(=O)OCC(O)CO,prostaglandin F2alpha 1-glyceryl ester,2,30
4432,CCCCCC(O)C=CC1C(O)CC(O)C1CC=CCCCC(=O)SCCNC(=O)CCNC(=O)C(O)C(C)(C)COP(=O)(O)OP(=O)(O)OCC1OC(n2cnc3c(N)ncnc32)C(O)C1OP(=O)(O)O,prostaglandin F2alpha-CoA,2,72
4433,CCCCCC(O)C=CC1C(O)CC(O)C1CCCCCCC(=O)O,prostaglandin F1,2,25
4434,CCCCCC(O)C=CC1C(O)CC2OC(=CCCCC(=O)O)CC21,prostaglandin I2,4,25
4435,CCCCCC(O)C=CC1C(SCC(NC(=O)CCC(N)C(=O)O)C(=O)NCC(=O)O)CC(=O)C1CC=CCCCC(=O)O,prostaglandin A2-S-(R)-glutathione,4,44
4436,CCCCCC(O)C=CC1C2CC(OO2)C1CC=CCCCC(=O)O,prostaglandin H2,6,25
4437,CCCCCC(O)C=CC1C2CC(OO2)C1CC=CCCCC(=O)OC(CO)CO,2-glyceryl-prostaglandin H2,4,30
4438,CCCCCC(O)C=CC1C2CC(OO2)C1CC=CCCCC(=O)OC(CO)COP(=O)(O)OCCN,2-(prostaglandin H2)-sn-glycero-3-phosphoethanolamine,2,37
4439,CCCCCC(O)C=CC1C2CC(OO2)C1CC=CCCCC(=O)OC(CO)COP(=O)(O)OCC[N+](C)(C)C,2-(prostaglandin H2)-sn-glycero-3-phosphocholine,2,40
4440,CCCCCC(O)C=CC1C2CC(OO2)C1CCCCCCC(=O)O,prostaglandin H1,4,25
4441,CCCCCC(O)C=CC1C=CC(=O)C1CC=CCCCC(=O)O,prostaglandin A2,6,24
4442,CCCCCC(O)C=CC1C=CC(=O)C1CCCCCCC(=O)O,prostaglandin A1,6,24
4443,CCCCCC(O)C=CC1OC(=O)CC(O)C1CC=CCCCC(=O)O,11-dehydro-thromboxane B2,2,26
4444,CCCCCC(O)C=CC1OC(O)CC(O)C1CC=CCCCC(=O)O,thromboxane B2,2,26
4445,CCCCCC(O)C=CC=CC=CC=CC(O)C(O)CCCC(=O)O,lipoxin A4,2,25
4446,CCCCCC(O)C=CC=CCC=CC=CC(CCCC(=O)O)OO,"(5S)-hydroperoxy-(15S)-hydroxy-(6E,8Z,11Z,13E)-eicosatetraenoate",2,25
4447,CCCCCC(O)C=CC=CCC=CCC=CCCCC(=O)O,"(15S)-hydroxy-(5Z,8Z,11Z,13E)-eicosatetraenoate",16,23
4448,CCCCCC(O)C=CC=CCC=CCC=CCCCC(=O)OC(CO)COP(=O)(O)OCC[N+](C)(C)C,"2-[(15R)-hydroxy-(5Z,8Z,11Z,13E)-eicosatetraenoyl]-sn-glycero-3-phosphocholine",2,38
4449,CCCCCC(O)C=CC=CCC=CCC=CCCCC(=O)SCCNC(=O)CCNC(=O)C(O)C(C)(C)COP(=O)(O)OP(=O)(O)OCC1OC(n2cnc3c(N)ncnc32)C(O)C1OP(=O)(O)O,"15-hydroxy-(5Z,8Z,11Z,13E)-eicosatetraenoyl-CoA",2,70
4450,CCCCCC(O)C=CC=CCCCCCCCC(=O)O,"(13S)-hydroxy-(9Z,11E)-octadecadienoate",2,21
4451,CCCCCC(O)C=CC=CCCCCCCCCCC(=O)O,"(15S)-hydroxy-(11Z,13E)-eicosadienoate",2,23
4452,CCCCCC(O)C=CC=O,(E)-4-hydroxynon-2-enal,12,11
4453,CCCCCC(O)C=CCO,(E)-4-hydroxynon-2-en-1-ol,4,11
4454,CCCCCC(O)CC(=O)SCCNC(=O)CCNC(=O)C(O)C(C)(C)COP(=O)(O)OP(=O)(O)OCC1OC(n2cnc3c(N)ncnc32)C(O)C1OP(=O)(O)O,(3S)-hydroxyoctanoyl-CoA,6,58
4455,CCCCCC(O)CC=C1C(=O)C=CC1CC=CCCCC(=O)O,Delta(12)-prostaglandin J2,2,24
4456,CCCCCC(O)CCC(O)CCCCCCCCC(=O)O,"10,13-dihydroxyoctadecanoate",2,22
4457,CCCCCC(O)CCC=CC=CC=CC(O)C(O)CCCC(=O)O,"(5S,6R,15S)-trihydroxy-(7E,9E,11Z)-eicosatrienoate",2,25
4458,CCCCCC(O)CCC=O,4-hydroxynonanal,2,11
4459,CCCCCC(O)CCCCCCCCCCCC(=O)O,13-hydroxy-octadecanoate,6,21
4460,CCCCCC(O)c1c(O)cc2c(c1O)C(=O)c1c(O)cc(O)cc1C2=O,(1'S)-averantin,2,27
4461,CCCCCC1OC1C(O)C=CCC=CCC=CCCCC(=O)O,"(13R)-hydroxy-(14S,15S)-epoxy-(5Z,8Z,11Z)-eicosatrienoate",2,24
4462,CCCCCC1OC1C(O)C=CCCCCCCCC(=O)O,"11-hydroxy-(12S,13S)-epoxy-(9Z)-octadecenoate",2,22
4463,CCCCCC1OC1C=CC(O)CC=CCC=CCCCC(=O)O,"11(S)-hydroxy-14(S),15(S)-epoxy-(5Z,8Z,12E)-eicosatrienoate",2,24
4464,CCCCCC1OC1C=CC=CC=CCC=CCCCC(=O)O,"(14S,15S)-epoxy-(5Z,8Z,10E,12E)-eicosatetraenoate",2,23
4465,CCCCCC1OC1CC(C=CC=CCC=CCCCC(=O)O)OO,"(12S)-hydroperoxy-(14R,15S)-epoxy-(5Z,8Z,10E)-eicosatrienoate",2,25
4466,CCCCCC1OC1CC(C=CCCCCCCC(=O)O)OO,"(12R,13S)-epoxy-(10R)-hydroperoxy-(8E)-octadecenoate",2,23
4467,CCCCCC1OC1CC=CC=CC(CC=CCCCC(=O)O)OO,"(8S)-hydroperoxy-(14S,15R)-epoxy-(5Z,9E,11Z)-eicosatrienoate",2,25
4468,CCCCCC1OC1CC=CCC=CC=CC(CCCC(=O)O)OO,"(5S)-hydroperoxy-(14R,15S)-epoxy-(6E,8Z,11Z)-eicosatrienoate",2,25
4469,CCCCCC1OC1CC=CCC=CCC=CCCCC(=O)O,"14,15-epoxy-(5Z,8Z,11Z)-eicosatrienoate",10,23
4470,CCCCCC1OC1CC=CCC=CCC=CCCCC(=O)SCCNC(=O)CCNC(=O)C(O)C(C)(C)COP(=O)(O)OP(=O)(O)OCC1OC(n2cnc3c(N)ncnc32)C(O)C1OP(=O)(O)O,"14,15-epoxy-(5Z,8Z,11Z)-eicosatrienoyl-CoA",2,70
4471,CCCCCC1OC1CC=CCCCCCCCC(=O)O,"12,13-epoxy-(9Z)-octadecenoate",4,21
4472,CCCCCC=CC(=O)O,(2E)-octenoate,4,10
4473,CCCCCC=CC(=O)SCCNC(=O)CCNC(=O)C(O)C(C)(C)COP(=O)(O)OP(=O)(O)OCC1OC(n2cnc3c(N)ncnc32)C(O)C1OP(=O)(O)O,(2E)-octenoyl-CoA,10,57
4474,CCCCCC=CC(C)=O,(3E)-nonen-2-one,2,10
4475,CCCCCC=CC(C=CCCCCCCCC(=O)O)OO,"(11S)-hydroperoxy-(9Z,12Z)-octadecadienoate",6,22
4476,CCCCCC=CC(O)C1OC1CCCCCCCC(=O)O,"(11S)-hydroxy-(9S,10S)-epoxy-(12Z)-octadecenoate",2,22
4477,CCCCCC=CC=C1C(=O)C=CC1CC=CCCCC(=O)O,"15-deoxy-Delta(12,14)-prostaglandin J2",4,23
4478,CCCCCC=CC=C1C(=O)C=CC1CC=CCCCC(=O)OC(CO)CO,"2-glyceryl-15-deoxy-Delta(12,14)-prostaglandin J2",2,28
4479,CCCCCC=CC=C1C(=O)CC(SCC(NC(=O)CCC(N)C(=O)O)C(=O)NCC(=O)O)C1CC=CCCCC(=O)O,"15-deoxy-Delta(12,14)-prostaglandin J2-S-(R)-glutathione",2,43
4480,CCCCCC=CC=C1OC1CCCCCCCC(=O)O,"9S,10-epoxy-(10,12Z)-octadecadienoate",2,21
4481,CCCCCC=CC=CC(=O)CC=CCC=CCCCC(=O)O,"11-oxo-(5Z,8Z,12E,14Z)-eicosatetraenoate",2,23
4482,CCCCCC=CC=CC(=O)SCCNC(=O)CCNC(=O)C(O)C(C)(C)COP(=O)(O)OP(=O)(O)OCC1OC(n2cnc3c(N)ncnc32)C(O)C1OP(=O)(O)O,"(2E,4E)-decadienoyl-CoA",4,59
4483,CCCCCC=CC=CC(CC=CCC=CCCCC(=O)O)OO,"11R-hydroperoxy-(5Z,8Z,12E,14Z)-eicosatetraenoate",2,24
4484,CCCCCC=CC=CC(CC=CCCCCCCC(=O)O)OO,"11-hydroperoxy-(8Z,12E,14Z)-eicosatrienoate",2,24
4485,CCCCCC=CC=CC(CCCCCCCC(=O)O)OO,"(9S)-hydroperoxy-(10E,12Z)-octadecadienoate",12,22
4486,CCCCCC=CC=CC(CCCCCCCC(=O)O*C(=O)NC(CO)C(O)C=CCCCCCCCCCCCCC)OO,"a N-[omega-(9R)-hydroperoxy-(10E,12Z)-octadecadienoyloxy]-acylsphin-4E-enine",4,46
4487,CCCCCC=CC=CC(CCCCCCCC(=O)O*C(=O)NC(COC1OC(CO)C(O)C(O)C1O)C(O)C=CCCCCCCCCCCCCC)OO,"N-[omega-(9R)-hydroperoxy-(10E,12Z)-octadecadienoyloxy]acyl-beta-D-glucosyl-(1<->1)-octadecasphing-4E-enine",4,57
4488,CCCCCC=CC=CC(CCCCCCCC(=O)OC)OO,"1-O-methyl-(9R)-hydroperoxy-(10E,12Z)-octadecadienoate",2,23
4489,CCCCCC=CC=CC(O)CC=CCC=CCCCC(=O)O,"(11R)-hydroxy-(5Z,8Z,12E,14Z)-eicosatetraenoate",4,23
4490,CCCCCC=CC=CC(O)CC=CCC=CCCCC(=O)OC(CO)COP(=O)(O)OCC[N+](C)(C)C,"2-[(11R)-hydroxy-(5Z,8Z,12E,14Z)-eicosatetraenoyl]-sn-glycero-3-phosphocholine",2,38
4491,CCCCCC=CC=CC(O)CCCCCCCC(=O)O,"(9S)-hydroxy-(10E,12Z)-octadecadienoate",2,21
4492,CCCCCC=CC=CCCCCCCCCC(=O)O,"(10E,12Z)-octadecadienoate",2,20
4493,CCCCCC=CC=COC=CCCCCCCC(=O)O,colneleate,2,21
4494,CCCCCC=CC=O,(2E)-octenal,10,9
4495,CCCCCC=CCC(=O)C=CC=CC=CC(O)CCCC(=O)O,12-oxo-leukotriene B4,4,24
4496,CCCCCC=CCC(=O)C=CC=CCC=CCCCC(=O)O,"12-oxo-(5Z,8Z,10E,14Z)-eicosatetraenoate",2,23
4497,CCCCCC=CCC(=O)CCC=CC=CC(O)CCCC(=O)O,"12-oxo-(5S)-hydroxy-(6Z,8E,14Z)-eicosatrienoate",2,24
4498,CCCCCC=CCC(=O)CCCCCCCCC(=O)O,10-oxo-(12Z)-octadecenoate,4,21
4499,CCCCCC=CCC(=O)SCCNC(=O)CCNC(=O)C(O)C(C)(C)COP(=O)(O)OP(=O)(O)OCC1OC(n2cnc3c(N)ncnc32)C(O)C1OP(=O)(O)O,(3E)-nonenoyl-CoA,2,58
4500,CCCCCC=CCC(C=CC=CCC=CCC=CCCC(=O)O)OO,"14-hydroperoxy-(4Z,7Z,10Z,12E,16Z)-docosapentaenoate",2,26
4501,CCCCCC=CCC(C=CC=CCC=CCCCC(=O)NC(C)C(=O)O)OO,"N-(12S)-hydroperoxy-(5Z,8Z,10E,14Z)-eicosatetraenoyl-alanine",2,29
4502,CCCCCC=CCC(C=CC=CCC=CCCCC(=O)NCC(=O)O)OO,"N-(12S)-hydroperoxy-(5Z,8Z,10E,14Z)-eicosatetraenoyl-glycine",2,28
4503,CCCCCC=CCC(C=CC=CCC=CCCCC(=O)NCCCC(=O)O)OO,"N-(12S)-hydroperoxy-(5Z,8Z,10E,14Z)-eicosatetraenoyl-gamma-aminobutanoate",2,30
4504,CCCCCC=CCC(C=CC=CCC=CCCCC(=O)NCCS(=O)(=O)O)OO,"N-(12S)-hydroperoxy-(5Z,8Z,10E,14Z)-eicosatetraenoyl-taurine",2,30
4505,CCCCCC=CCC(C=CC=CCC=CCCCC(=O)O)OO,"(12S)-hydroperoxy-(5Z,8Z,10E,14Z)-eicosatetraenoate",10,24
4506,CCCCCC=CCC(C=CC=CCC=CCCCC(=O)OC(CO)CO)OO,"2-[12-hydroperoxy-(5Z,8Z,10E,14Z)-eicosatetraenoyl]-glycerol",2,29
4507,CCCCCC=CCC(C=CC=CCC=CCCCC(=O)OC)OO,"1-O-methyl (5Z,8Z,10E,12R,14Z)-hydroperoxyiecosatetraenoate",2,25
4508,CCCCCC=CCC(C=CC=CCCCCC(=O)O)OO,"10R-hydroperoxy-(6Z,8E,12Z)-octadecatrienoate",2,22
4509,CCCCCC=CCC(C=CC=CCCCCCCC(=O)O)OO,"(12S)-hydroperoxy-(8Z,10E,14Z)-eicosatrienoate",2,24
4510,CCCCCC=CCC(C=CCCCCCCC(=O)O)OO,"(8E,10R,12Z)-10-hydroperoxyoctadeca-8,12-dienoate",2,22
4511,CCCCCC=CCC(C=CCCCCCCCCC(=O)O)OO,"12-hydroperoxy-(10E,14Z)-eicosadienoate",2,24
4512,CCCCCC=CCC(O)C(O)C(O)C=CCC=CCCCC(=O)O,"(10,11S,12R)-trihydroxy-(5Z,8Z,14Z)-eicosatrienoate",2,25
4513,CCCCCC=CCC(O)C(O)C=CC(O)CC=CCCCC(=O)O,"(5Z,9E,14Z)-(8xi,11xi,12S)-8,11,12-trihydroxyicosa-5,9,14-trienoate",2,25
4514,CCCCCC=CCC(O)C(O)CC=CCC=CCCCC(=O)O,"11,12-dihydroxy-(5Z,8Z,14Z)-eicosatrienoate",2,24
4515,CCCCCC=CCC(O)C(O)CCCCCCCC(=O)O,"9,10-dihydroxy-(12Z)-octadecenoate",2,22
4516,CCCCCC=CCC(O)C=CC=CC=CC(CCCC(=O)O)OO,"(5S)-hydroperoxy-(12S)-hydroxy-(6E,8Z,10E,14Z)-eicosatetraenoate",2,25
4517,CCCCCC=CCC(O)C=CC=CC=CC(O)CCCC(=O)O,leukotriene B4,6,24
4518,CCCCCC=CCC(O)C=CC=CCC=CCCCC(=O)O,"(12R)-hydroxy-(5Z,8Z,10E,14Z)-eicosatetraenoate",6,23
4519,CCCCCC=CCC(O)C=CC=CCC=CCCCC(=O)SCCNC(=O)CCNC(=O)C(O)C(C)(C)COP(=O)(O)OP(=O)(O)OCC1OC(n2cnc3c(N)ncnc32)C(O)C1OP(=O)(O)O,"12-hydroxy-(5Z,8Z,10E,14Z)-eicosatetraenoyl-CoA",2,70
4520,CCCCCC=CCC(O)CCC=CCCCCC(=O)O,"(10S)-hydroxy-(6Z,12Z)-octadecadienoate",2,21
4521,CCCCCC=CCC(O)CCCCCCCCC(=O)O,(10S)-hydroxy-(12Z)-octadecenoate,8,21
4522,CCCCCC=CCC1C(O)CC(O)C1C=CC(CCCC(=O)O)OC1OC(C(=O)O)C(O)C(O)C1O,5-epi-5-F2t-IsoP-glucuronide,2,37
4523,CCCCCC=CCC1C(O)CC(O)C1C=CC(O)CCCC(=O)O,5-epi-5-F2t-IsoP,2,25
4524,CCCCCC=CCC1OC1C(O)C=CCC=CCCCC(=O)O,"(10R)-hydroxy-(11S,12S)-epoxy-(5Z,8Z,14Z)-eicosatrienoate",4,24
4525,CCCCCC=CCC1OC1C=CC(O)CC=CCCCC(=O)O,"(5Z,9E,14Z)-(8xi,11R,12S)-11,12-epoxy-8-hydroxyicosa-5,9,14-trienoate",4,24
4526,CCCCCC=CCC1OC1CC=CCC=CCCCC(=O)O,"11,12-epoxy-(5Z,8Z,14Z)-eicosatrienoate",4,23
4527,CCCCCC=CCC1OC1CC=CCC=CCCCC(=O)SCCNC(=O)CCNC(=O)C(O)C(C)(C)COP(=O)(O)OP(=O)(O)OCC1OC(n2cnc3c(N)ncnc32)C(O)C1OP(=O)(O)O,"11,12-epoxy-(5Z,8Z,14Z)-eicosatrienoyl-CoA",2,70
4528,CCCCCC=CCC1OC1CCCCCCCC(=O)O,"9,10-epoxy-(12Z)-octadecenoate",2,21
4529,CCCCCC=CCC=CC(C=CCCCCCCC(=O)O)OO,"10-hydroperoxy-(8Z,11Z,14Z)-eicosatrienoate",2,24
4530,CCCCCC=CCC=CC(CCCCCCC(=O)O)OO,"(8R,9Z,12Z)-8-hydroperoxyoctadeca-9,12-dienoate",6,22
4531,CCCCCC=CCC=CC(O)C(O)CCCCCC(=O)O,"(7S,8S,9Z,12Z)-7,8-dihydroxyoctadeca-9,12-dienoate",2,22
4532,CCCCCC=CCC=CC(O)C1OC1CC=CCCCC(=O)O,"(10R)-hydroxy-(8S,9S)-epoxy-(5Z,11Z,14Z)-eicosatrienoate",2,24
4533,CCCCCC=CCC=CC(O)CCC(O)CCCC(=O)O,"(5S,8R,9Z,12Z)-5,8-dihydroxyoctadeca-9,12-dienoate",2,22
4534,CCCCCC=CCC=CC=C1OC1CC=CCCCC(=O)O,"8,9-epoxy-(5Z,9E,11Z,14Z)-eicosatetraenoate",2,23
4535,CCCCCC=CCC=CC=CC(=O)CC=CCCCC(=O)O,"8-oxo-(5Z,9E,11Z,14Z)-eicosatetraenoate",2,23
4536,CCCCCC=CCC=CC=CC(CC=CCCCC(=O)O)OO,"(8R)-hydroperoxy-(5Z,9E,11Z,14Z)-eicosatetraenoate",10,24
4537,CCCCCC=CCC=CC=CC(CC=CCCCC(=O)OC)OO,"1-O-methyl-(8R)-hydroperoxy-(5Z,9E,11Z,14Z)-eicosatrienoate",2,25
4538,CCCCCC=CCC=CC=CC(CCCCCCC(=O)O)OO,"(8R)-hydroperoxy-(9E,11Z,14Z)-eicosatrienoate",2,24
4539,CCCCCC=CCC=CC=CC=CC(O)C(O)CCCC(=O)O,"(5S,6R)-dihydroxy-(7E,9E,11Z,14Z)-eicosatetraenoate",4,24
4540,CCCCCC=CCC=CC=CC=CC(SCC(N)C(=O)NCC(=O)O)C(O)CCCC(=O)O,leukotriene D4,4,34
4541,CCCCCC=CCC=CC=CC=CC(SCC(N)C(=O)O)C(O)CCCC(=O)O,leukotriene E4,4,30
4542,CCCCCC=CCC=CC=CC=CC(SCC(NC(=O)CCC(N)C(=O)O)C(=O)NCC(=O)O)C(O)CCCC(=O)O,leukotriene C4,8,43
4543,CCCCCC=CCC=CC=CC=CC(SCC(NC(=O)CCC(N)C(=O)O)C(=O)O)C(O)CCCC(=O)O,leukotriene F4,2,39
4544,CCCCCC=CCC=CC=CC=CC1OC1CCCC(=O)O,leukotriene A4,8,23
4545,CCCCCC=CCC=CCC(C=CC=CCCCC(=O)O)OO,"9R-hydroperoxy(5Z,7E,11Z,14Z)-eicosatetraenoate",2,24
4546,CCCCCC=CCC=CCC(O)C(O)CC=CCCCC(=O)O,"8,9-dihydroxy-(5Z,11Z,14Z)-eicosatrienoate",2,24
4547,CCCCCC=CCC=CCC1OC1CC=CCCCC(=O)O,"8,9-epoxy-(5Z,11Z,14Z)-eicosatrienoate",4,23
4548,CCCCCC=CCC=CCC1OC1CC=CCCCC(=O)SCCNC(=O)CCNC(=O)C(O)C(C)(C)COP(=O)(O)OP(=O)(O)OCC1OC(n2cnc3c(N)ncnc32)C(O)C1OP(=O)(O)O,"8,9-epoxy-(5Z,11Z,14Z)-eicosatrienoyl-CoA",2,70
4549,CCCCCC=CCC=CCC=CC(O)C1OC1CCCC(=O)O,"7R-hydroxy-5S,6S-epoxy-(8Z,11Z,14Z)-eicosatrienoate",2,24
4550,CCCCCC=CCC=CCC=CC=CC(=O)CCCC(=O)O,"5-oxo-(6E,8Z,11Z,14Z)-eicosatetraenoate",2,23
4551,CCCCCC=CCC=CCC=CC=CC(CCCC(=O)O)OO,"(5S)-hydroperoxy-(6E,8Z,11Z,14Z)-eicosatetraenoate",12,24
4552,CCCCCC=CCC=CCC=CC=CC(O)CCCC(=O)O,"5-hydroxy-(6E,8Z,11Z,14Z)-eicosatetraenoate",6,23
4553,CCCCCC=CCC=CCC=CC=CC(O)CCCC(=O)SCCNC(=O)CCNC(=O)C(O)C(C)(C)COP(=O)(O)OP(=O)(O)OCC1OC(n2cnc3c(N)ncnc32)C(O)C1OP(=O)(O)O,"5-hydroxy-(6E,8Z,11Z,14Z)-eicosatetraenoyl-CoA",2,70
4554,CCCCCC=CCC=CCC=CCC1OC1CCCC(=O)O,"5,6-epoxy-(8Z,11Z,14Z)-eicosatrienoate",2,23
4555,CCCCCC=CCC=CCC=CCC1OC1CCCC(=O)SCCNC(=O)CCNC(=O)C(O)C(C)(C)COP(=O)(O)OP(=O)(O)OCC1OC(n2cnc3c(N)ncnc32)C(O)C1OP(=O)(O)O,"5,6-epoxy-(8Z,11Z,14Z)-eicosatrienoyl-CoA",2,70
4556,CCCCCC=CCC=CCC=CCC=CC=CCC(=O)SCCNC(=O)CCNC(=O)C(O)C(C)(C)COP(=O)(O)OP(=O)(O)OCC1OC(n2cnc3c(N)ncnc32)C(O)C1OP(=O)(O)O,"(3E,5Z,8Z,11Z,14Z)-eicosapentaenoyl-CoA",2,69
4557,CCCCCC=CCC=CCC=CCC=CCC=CCCC(=O)CC(=O)SCCNC(=O)CCNC(=O)C(O)C(C)(C)COP(=O)(O)OP(=O)(O)OCC1OC(n2cnc3c(N)ncnc32)C(O)C1OP(=O)(O)O,"3-oxo-(6Z,9Z,12Z,15Z,18Z)-tetracosapentaenoyl-CoA",4,74
4558,CCCCCC=CCC=CCC=CCC=CCC=CCCC(=O)O,"(4Z,7Z,10Z,13Z,16Z)-docosapentaenoate",4,24
4559,CCCCCC=CCC=CCC=CCC=CCC=CCCC(=O)SCCNC(=O)CCNC(=O)C(O)C(C)(C)COP(=O)(O)OP(=O)(O)OCC1OC(n2cnc3c(N)ncnc32)C(O)C1OP(=O)(O)O,"(4Z,7Z,10Z,13Z,16Z)-docosapentaenoyl-CoA",2,71
4560,CCCCCC=CCC=CCC=CCC=CCC=CCCC(O)CC(=O)SCCNC(=O)CCNC(=O)C(O)C(C)(C)COP(=O)(O)OP(=O)(O)OCC1OC(n2cnc3c(N)ncnc32)C(O)C1OP(=O)(O)O,"(S)-3-hydroxy-(6Z,9Z,12Z,15Z,18Z)-tetracosapentaenoyl-CoA",4,74
4561,CCCCCC=CCC=CCC=CCC=CCC=CCCC=CC(=O)SCCNC(=O)CCNC(=O)C(O)C(C)(C)COP(=O)(O)OP(=O)(O)OCC1OC(n2cnc3c(N)ncnc32)C(O)C1OP(=O)(O)O,"(2E,6Z,9Z,12Z,15Z,18Z)-tetracosahexaenoyl-CoA",4,73
4562,CCCCCC=CCC=CCC=CCC=CCC=CCCCCC(=O)SCCNC(=O)CCNC(=O)C(O)C(C)(C)COP(=O)(O)OP(=O)(O)OCC1OC(n2cnc3c(N)ncnc32)C(O)C1OP(=O)(O)O,"(6Z,9Z,12Z,15Z,18Z)-tetracosapentaenoyl-CoA",2,73
4563,CCCCCC=CCC=CCC=CCC=CCCCC(=O)CC(=O)SCCNC(=O)CCNC(=O)C(O)C(C)(C)COP(=O)(O)OP(=O)(O)OCC1OC(n2cnc3c(N)ncnc32)C(O)C1OP(=O)(O)O,"(7Z,10Z,13Z,16Z)-3-oxodocosatetraenoyl-CoA",4,72
4564,CCCCCC=CCC=CCC=CCC=CCCCC(=O)NC(C)C(=O)O,"N-(5Z,8Z,11Z,14Z)-eicosatetraenoyl-L-alanine",4,27
4565,CCCCCC=CCC=CCC=CCC=CCCCC(=O)NC(CC(C)C)C(=O)O,"N-(5Z,8Z,11Z,14Z-eicosatetraenoyl)-L-leucine",2,30
4566,CCCCCC=CCC=CCC=CCC=CCCCC(=O)NC(CO)C(=O)O,"N-(5Z,8Z,11Z,14Z-eicosatetraenoyl)-L-serine",2,28
4567,CCCCCC=CCC=CCC=CCC=CCCCC(=O)NC(CO)C(O)C(O)CCCCCCCCCCCCCC,"N-(5Z,8Z,11Z,14Z-eicosatetraenoyl)-(4R)-hydroxysphinganine",2,43
4568,CCCCCC=CCC=CCC=CCC=CCCCC(=O)NC(CO)C(O)C=CCCCCCCCCCCCCC,"N-(5Z,8Z,11Z,14Z-eicosatetraenoyl)-sphing-4-enine",2,42
4569,CCCCCC=CCC=CCC=CCC=CCCCC(=O)NC(CO)C(O)CCCCCCCCCCCCCCC,"N-(5Z,8Z,11Z,14Z-eicosatetraenoyl)-sphinganine",2,42
4570,CCCCCC=CCC=CCC=CCC=CCCCC(=O)NC(Cc1ccccc1)C(=O)O,"N-(5Z,8Z,11Z,14Z-eicosatetraenoyl)-L-phenylalanine",2,33
4571,CCCCCC=CCC=CCC=CCC=CCCCC(=O)NCC(=O)O,"N-(5Z,8Z,11Z,14Z)-eicosatetraenoyl-glycine",8,26
4572,CCCCCC=CCC=CCC=CCC=CCCCC(=O)NCCCC(=O)O,"N-(5Z,8Z,11Z,14Z)-eicosatetraenoyl-gamma-aminobutanoate",4,28
4573,CCCCCC=CCC=CCC=CCC=CCCCC(=O)NCCO,"N-(5Z,8Z,11Z,14Z-eicosatetraenoyl)-ethanolamine",14,25
4574,CCCCCC=CCC=CCC=CCC=CCCCC(=O)NCCOP(=O)(O)O,"N-(5Z,8Z,11Z,14Z-eicosatetraenoyl)-ethanolamine phosphate",2,29
4575,CCCCCC=CCC=CCC=CCC=CCCCC(=O)NCCOP(=O)(O)OCC(COC(=O)CCCCCCCC=CCCCCCCCC)OC(=O)CCCCCCCC=CCCCCCCCC,"N-(5Z,8Z,11Z,14Z-eicosatetraenoyl)-1,2-di-(9Z-octadecenoyl)-sn-glycero-3-phosphoethanolamine",6,72
4576,CCCCCC=CCC=CCC=CCC=CCCCC(=O)NCCOP(=O)(O)OCC(O)CO,"N-(5Z,8Z,11Z,14Z-eicosatetraenoyl)-sn-glycero-3-phosphoethanolamine",4,34
4577,CCCCCC=CCC=CCC=CCC=CCCCC(=O)NCCOP(=O)(O)OCC(O)COC(=O)CCCCCCCC=CCCCCCCCC,"N-(5Z,8Z,11Z,14Z-eicosatetraenoyl)-1-(9Z-octadecenoyl)-sn-glycero-3-phosphoethanolamine",4,53
4578,CCCCCC=CCC=CCC=CCC=CCCCC(=O)NCCOP(=O)(O)OCC(O)COC=CCCCCCCCCCCCCCCCC,"1-O-(1Z-octadecenyl)-sn-glycero-3-phospho-(N-5Z,8Z,11Z,14Z-eicosatetraenoyl)-ethanolamine",2,52
4579,CCCCCC=CCC=CCC=CCC=CCCCC(=O)NCCS(=O)(=O)O,"N-(5Z,8Z,11Z,14Z)-eicosatetraenoyl-taurine",6,28
4580,CCCCCC=CCC=CCC=CCC=CCCCC(=O)NCCc1c[nH]c2ccc(O)cc12,"N-[(5Z,8Z,11Z,14Z)-eicosatetraenoyl]-serotonin",2,34
4581,CCCCCC=CCC=CCC=CCC=CCCCC(=O)O,"(5Z,8Z,11Z,14Z)-eicosatetraenoate",78,22
4582,CCCCCC=CCC=CCC=CCC=CCCCC(=O)OC,"1-O-methyl-(5Z,8Z,11Z,14Z)-eicosatetraenoate",6,23
4583,CCCCCC=CCC=CCC=CCC=CCCCC(=O)OC(CO)CO,"2-(5Z,8Z,11Z,14Z-eicosatetraenoyl)-glycerol",12,27
4584,CCCCCC=CCC=CCC=CCC=CCCCC(=O)OC(CO)COC(=O)CCCCCCCC=CCCCCCCCC,"1-(9Z-octadecenoyl)-2-(5Z,8Z,11Z,14Z-eicosatetraenoyl)-sn-glycerol",2,46
4585,CCCCCC=CCC=CCC=CCC=CCCCC(=O)OC(CO)COC(=O)CCCCCCCCCCCCCCC,"1-hexadecanoyl-2-(5Z,8Z,11Z,14Z-eicosatetraenoyl)-sn-glycerol",4,44
4586,CCCCCC=CCC=CCC=CCC=CCCCC(=O)OC(CO)COC(=O)CCCCCCCCCCCCCCCCC,"1-octadecanoyl-2-(5Z,8Z,11Z,14Z-eicosatetraenoyl)-sn-glycerol",12,46
4587,CCCCCC=CCC=CCC=CCC=CCCCC(=O)OC(CO)COC(=O)CCCCCCCCCCCCCCCCCCC,"1-eicosanoyl-2-(5Z,8Z,11Z,14Z)-eicosatetraenoyl-sn-glycerol",2,48
4588,CCCCCC=CCC=CCC=CCC=CCCCC(=O)OC(CO)COCCCCCCCCCCCCCCCC,"1-O-hexadecyl-2-(5Z,8Z,11Z,14Z-eicosatetraenoyl)-sn-glycerol",6,43
4589,CCCCCC=CCC=CCC=CCC=CCCCC(=O)OC(CO)COP(=O)(O)O,"2-(5Z,8Z,11Z,14Z-eicosatetraenoyl)-sn-glycero-3-phosphate",10,31
4590,CCCCCC=CCC=CCC=CCC=CCCCC(=O)OC(CO)COP(=O)(O)OC1C(O)C(O)C(O)C(O)C1O,"2-(5Z,8Z,11Z,14Z-eicosatetraenoyl)-sn-glycero-3-phospho-(1D-myo-inositol)",6,42
4591,CCCCCC=CCC=CCC=CCC=CCCCC(=O)OC(CO)COP(=O)(O)OCC(N)C(=O)O,"2-(5Z,8Z,11Z,14Z)-eicosatetraenoyl-sn-glycero-3-phospho-L-serine",2,37
4592,CCCCCC=CCC=CCC=CCC=CCCCC(=O)OC(CO)COP(=O)(O)OCCN,"2-(5Z,8Z,11Z,14Z)-eicosatetraenoyl-sn-glycero-3-phosphoethanolamine",6,34
4593,CCCCCC=CCC=CCC=CCC=CCCCC(=O)OC(CO)COP(=O)(O)OCC[N+](C)(C)C,"2-(5Z,8Z,11Z,14Z)-eicosatetraenoyl-sn-glycero-3-phosphocholine",20,37
4594,CCCCCC=CCC=CCC=CCC=CCCCC(=O)OC(COC(=O)CCCCCCCC=CCCCCCCCC)COC(=O)CCCCCCCCCCCCCCCCC,"1-octadecanoyl-2-(5Z,8Z,11Z,14Z)-eicosatetraenoyl-3-(9Z)-octadecenoyl-sn-glycerol",2,65
4595,CCCCCC=CCC=CCC=CCC=CCCCC(=O)OC(COC(=O)CCCCCCCC=CCCCCCCCC)COP(=O)(O)O,"1-(9Z)-octadecenoyl-2-(5Z,8Z,11Z,14Z)-eicosatetraenoyl-sn-glycero-3-phosphate",2,50
4596,CCCCCC=CCC=CCC=CCC=CCCCC(=O)OC(COC(=O)CCCCCCCC=CCCCCCCCC)COP(=O)(O)OC1C(O)C(O)C(O)C(O)C1O,"1-(9Z-octadecenoyl)-2-(5Z,8Z,11Z,14Z-eicosatetraenoyl)-sn-glycero-3-phospho-1D-myo-inositol",4,61
4597,CCCCCC=CCC=CCC=CCC=CCCCC(=O)OC(COC(=O)CCCCCCCC=CCCCCCCCC)COP(=O)(O)OCC(N)C(=O)O,"1-(9Z-octadecenoyl)-2-(5Z,8Z,11Z,14Z-eicosatetraenoyl)-sn-glycero-3-phospho-L-serine",2,56
4598,CCCCCC=CCC=CCC=CCC=CCCCC(=O)OC(COC(=O)CCCCCCCC=CCCCCCCCC)COP(=O)(O)OCCN,"1-(9Z)-octadecenoyl-2-(5Z,8Z,11Z,14Z)-eicosatetraenoyl-sn-glycero-3-phosphoethanolamine",2,53
4599,CCCCCC=CCC=CCC=CCC=CCCCC(=O)OC(COC(=O)CCCCCCCC=CCCCCCCCC)COP(=O)(O)OCC[N+](C)(C)C,"1-(9Z)-octadecenoyl-2-(5Z,8Z,11Z,14Z)-icosatetraenoyl-sn-glycero-3-phosphocholine",2,56
4600,CCCCCC=CCC=CCC=CCC=CCCCC(=O)OC(COC(=O)CCCCCCCCC=CCCCCCC)COP(=O)(O)OCCN,"1-(10Z-heptadecenoyl)-2-(5Z,8Z,11Z,14Z-eicosatetraenoyl)-sn-glycero-3-phosphoethanolamine",2,52
4601,CCCCCC=CCC=CCC=CCC=CCCCC(=O)OC(COC(=O)CCCCCCCCCCC)COP(=O)(O)OCC[N+](C)(C)C,"1-dodecanoyl-2-(5Z,8Z,11Z,14Z)-eicosatetraenoyl-sn-glycero-3-phosphocholine",2,50
4602,CCCCCC=CCC=CCC=CCC=CCCCC(=O)OC(COC(=O)CCCCCCCCCCCCC)COP(=O)(O)OCC[N+](C)(C)C,"1-tetradecanoyl-2-(5Z,8Z,11Z,14Z-eicosatetraenoyl)-sn-glycero-3-phosphocholine",2,52
4603,CCCCCC=CCC=CCC=CCC=CCCCC(=O)OC(COC(=O)CCCCCCCCCCCCCCC)COP(=O)(O)O,"1-hexadecanoyl-2-(5Z,8Z,11Z,14Z-eicosatetraenoyl)-sn-glycero-3-phosphate",8,48
4604,CCCCCC=CCC=CCC=CCC=CCCCC(=O)OC(COC(=O)CCCCCCCCCCCCCCC)COP(=O)(O)OC1C(O)C(O)C(O)C(O)C1O,"1-hexadecanoyl-2-(5Z,8Z,11Z,14Z-eicosatetraenoyl)-sn-glycero-3-phospho-D-myo-inositol",2,59
4605,CCCCCC=CCC=CCC=CCC=CCCCC(=O)OC(COC(=O)CCCCCCCCCCCCCCC)COP(=O)(O)OCC(N)C(=O)O,"1-hexadecanoyl-2-(5Z,8Z,11Z,14Z-eicosatetraenoyl)-sn-glycero-3-phospho-L-serine",4,54
4606,CCCCCC=CCC=CCC=CCC=CCCCC(=O)OC(COC(=O)CCCCCCCCCCCCCCC)COP(=O)(O)OCCN,"1-hexadecanoyl-2-(5Z,8Z,11Z,14Z-eicosatetraenoyl)-sn-glycero-3-phosphoethanolamine",10,51
4607,CCCCCC=CCC=CCC=CCC=CCCCC(=O)OC(COC(=O)CCCCCCCCCCCCCCC)COP(=O)(O)OCC[N+](C)(C)C,"1-hexadecanoyl-2-(5Z,8Z,11Z,14Z-eicosatetraenoyl)-sn-glycero-3-phosphocholine",18,54
4608,CCCCCC=CCC=CCC=CCC=CCCCC(=O)OC(COC(=O)CCCCCCCCCCCCCCC)COP(=O)(O)OP(=O)(O)OCC1OC(n2ccc(N)nc2=O)C(O)C1O,"1-hexadecanoyl-2-(5Z,8Z,11Z,14Z-eicosatetraenoyl)-sn-glycero-3-cytidine-5'-diphosphate",2,68
4609,CCCCCC=CCC=CCC=CCC=CCCCC(=O)OC(COC(=O)CCCCCCCCCCCCCCCC)COP(=O)(O)O,"1-heptadecanoyl-2-(5Z,8Z,11Z,14Z)-eicosatetraenoyl-sn-glycero-3-phosphate",2,49
4610,CCCCCC=CCC=CCC=CCC=CCCCC(=O)OC(COC(=O)CCCCCCCCCCCCCCCC)COP(=O)(O)OCC(N)C(=O)O,"1-heptadecanoyl-2-(5Z,8Z,11Z,14Z-eicosatetraenoyl)-sn-glycero-3-phosphoserine",2,55
4611,CCCCCC=CCC=CCC=CCC=CCCCC(=O)OC(COC(=O)CCCCCCCCCCCCCCCC)COP(=O)(O)OCCN,"1-heptadecanoyl-2-(5Z,8Z,11Z,14Z-eicosatetraenoyl)-sn-glycero-3-phosphoethanolamine",2,52
4612,CCCCCC=CCC=CCC=CCC=CCCCC(=O)OC(COC(=O)CCCCCCCCCCCCCCCC)COP(=O)(O)OCC[N+](C)(C)C,"1-heptadecanoyl-2-(5Z,8Z,11Z,14Z-eicosatetraenoyl)-sn-glycero-3-phosphocholine",2,55
4613,CCCCCC=CCC=CCC=CCC=CCCCC(=O)OC(COC(=O)CCCCCCCCCCCCCCCCC)COP(=O)(O)O,"1-octadecanoyl-2-(5Z,8Z,11Z,14Z-eicosatetraenoyl)-sn-glycero-3-phosphate",12,50
4614,CCCCCC=CCC=CCC=CCC=CCCCC(=O)OC(COC(=O)CCCCCCCCCCCCCCCCC)COP(=O)(O)OC1C(O)C(O)C(O)C(O)C1O,"1-octadecanoyl-2-(5Z,8Z,11Z,14Z-eicosatetraenoyl)-sn-glycero-3-phospho-(1D-myo-inositol)",10,61
4615,CCCCCC=CCC=CCC=CCC=CCCCC(=O)OC(COC(=O)CCCCCCCCCCCCCCCCC)COP(=O)(O)OC1C(O)C(O)C(O)C(OP(=O)(O)O)C1O,"1-octadecanoyl-2-(5Z,8Z,11Z,14Z)-eicosatetraenoyl-sn-glycero-3-phospho-1D-myo-inositol 5-phosphate",2,65
4616,CCCCCC=CCC=CCC=CCC=CCCCC(=O)OC(COC(=O)CCCCCCCCCCCCCCCCC)COP(=O)(O)OC1C(O)C(O)C(OP(=O)(O)O)C(O)C1O,"1-octadecanoyl-2-(5Z,8Z,11Z,14Z)-eicosatetraenoyl-sn-glycero-3-phospho-1D-myo-inositol 4-phosphate",2,65
4617,CCCCCC=CCC=CCC=CCC=CCCCC(=O)OC(COC(=O)CCCCCCCCCCCCCCCCC)COP(=O)(O)OC1C(O)C(O)C(OP(=O)(O)O)C(OP(=O)(O)O)C1O,"1-octadecanoyl-2-(5Z,8Z,11Z,14Z)-eicosatetraenoyl-sn-glycero-3-phospho-1D-myo-inositol 4,5-bisphosphate",4,69
4618,CCCCCC=CCC=CCC=CCC=CCCCC(=O)OC(COC(=O)CCCCCCCCCCCCCCCCC)COP(=O)(O)OC1C(O)C(OP(=O)(O)O)C(OP(=O)(O)O)C(OP(=O)(O)O)C1O,"1-octadecanoyl-2-(5Z,8Z,11Z,14Z-eicosatetraenoyl)-sn-glycero-3-phospho-(1D-myo-inositol 3,4,5-triphosphate)",2,73
4619,CCCCCC=CCC=CCC=CCC=CCCCC(=O)OC(COC(=O)CCCCCCCCCCCCCCCCC)COP(=O)(O)OCC(N)C(=O)O,"1-octadecanoyl-2-(5Z,8Z,11Z,14Z)-eicosatetraenoyl-sn-glycero-3-phosphoserine",2,56
4620,CCCCCC=CCC=CCC=CCC=CCCCC(=O)OC(COC(=O)CCCCCCCCCCCCCCCCC)COP(=O)(O)OCC(O)CO,"1-octadecanoyl-2-(5Z,8Z,11Z,14Z-eicosatetraenoyl)-sn-glycero-3-phospho-(1'-sn-glycerol)",2,55
4621,CCCCCC=CCC=CCC=CCC=CCCCC(=O)OC(COC(=O)CCCCCCCCCCCCCCCCC)COP(=O)(O)OCCN,"1-octadecanoyl-2-(5Z,8Z,11Z,14Z)-eicosatetraenoyl-sn-glycero-3-phosphoethanolamine",10,53
4622,CCCCCC=CCC=CCC=CCC=CCCCC(=O)OC(COC(=O)CCCCCCCCCCCCCCCCC)COP(=O)(O)OCC[N+](C)(C)C,"1-octadecanoyl-2-(5Z,8Z,11Z,14Z-eicosatetraenoyl)-sn-glycero-3-phosphocholine",18,56
4623,CCCCCC=CCC=CCC=CCC=CCCCC(=O)OC(COC(=O)CCCCCCCCCCCCCCCCC)COP(=O)(O)OP(=O)(O)OCC1OC(n2ccc(N)nc2=O)C(O)C1O,"1-octadecanoyl-2-(5Z,8Z,11Z,14Z-eicosatetraenoyl)-sn-glycero-3-cytidine-5'-diphosphate",2,70
4624,CCCCCC=CCC=CCC=CCC=CCCCC(=O)OC(COC(=O)CCCCCCCCCCCCCCCCCCC)COP(=O)(O)O,"1-eicosanoyl-2-(5Z,8Z,11Z,14Z)-eicosatetraenoyl-sn-glycero-3-phosphate",2,52
4625,CCCCCC=CCC=CCC=CCC=CCCCC(=O)OC(COC(=O)CCCCCCCCCCCCCCCCCCC)COP(=O)(O)OCC[N+](C)(C)C,"1-eicosanoyl-2-(5Z,8Z,11Z,14Z)-eicosatetraenoyl-sn-glycero-3-phosphocholine",2,58
4626,CCCCCC=CCC=CCC=CCC=CCCCC(=O)OC(COC=CCCCCCCCCCCCCCC)COP(=O)(O)OCC[N+](C)(C)C,"1-O-(1Z)-hexadecenyl-2 (5Z,8Z,11Z,14Z)-eicosatetraenoyl-sn-glycero-3-phosphocholine",2,53
4627,CCCCCC=CCC=CCC=CCC=CCCCC(=O)OC(COC=CCCCCCCCCCCCCCCCC)COP(=O)(O)OCC(N)C(=O)O,"1-(1Z-octadecenyl)-2-(5Z,8Z,11Z,14Z-eicosatetraenoyl)-sn-glycero-3-phospho-L-serine",2,55
4628,CCCCCC=CCC=CCC=CCC=CCCCC(=O)OC(COC=CCCCCCCCCCCCCCCCC)COP(=O)(O)OCCN,"1-(1Z-octadecenyl)-2-(5Z,8Z,11Z,14Z- eicosatetraenoyl)-sn-glycero-3-phosphoethanolamine",4,52
4629,CCCCCC=CCC=CCC=CCC=CCCCC(=O)OC(COCCCCCCCCC=CCCCCCCCC)COP(=O)(O)O,"1-O-(9Z-octadecenyl)-2-(5Z,8Z,11Z,14Z-eicosatetraenoyl)-sn-glycero-3-phosphate",2,49
4630,CCCCCC=CCC=CCC=CCC=CCCCC(=O)OC(COCCCCCCCCCCCCCCCC)COP(=O)(O)O,"1-O-hexadecyl-2-(5Z,8Z,11Z,14Z-eicosatetraenoyl)-sn-glycero-3-phosphate",2,47
4631,CCCCCC=CCC=CCC=CCC=CCCCC(=O)OC(COCCCCCCCCCCCCCCCC)COP(=O)(O)OCCN,"1-O-hexadecyl-2-(5Z,8Z,11Z,14Z-eicosatetraenoyl)-sn-glycero-3-phosphoethanolamine",2,50
4632,CCCCCC=CCC=CCC=CCC=CCCCC(=O)OC(COCCCCCCCCCCCCCCCC)COP(=O)(O)OCC[N+](C)(C)C,"1-O-hexadecyl-2-(5Z,8Z,11Z,14Z)-eicosatetraenoyl-sn-glycero-3-phosphocholine",8,53
4633,CCCCCC=CCC=CCC=CCC=CCCCC(=O)OC(COCCCCCCCCCCCCCCCCCC)COP(=O)(O)OCC[N+](C)(C)C,"1-O-octadecyl-2-(5Z,8Z,11Z,14Z)-eicosatetraenoyl-sn-glycero-3-phosphocholine",2,55
4634,CCCCCC=CCC=CCC=CCC=CCCCC(=O)OC1CCC2(C)C(=CCC3C2CCC2(C)C(C(C)CCCC(C)C)CCC32)C1,"cholesteryl (5Z,8Z,11Z,14Z)-eicosatetraenoate",4,49
4635,CCCCCC=CCC=CCC=CCC=CCCCC(=O)OC1OC(C(=O)O)C(O)C(O)C1O,"O-[(5Z),(8Z),(11Z),(14Z)-eicosatetraenoyl]-beta-D-glucuronate",2,34
4636,CCCCCC=CCC=CCC=CCC=CCCCC(=O)OCC(=O)COP(=O)(O)O,"1-(5Z,8Z,11Z,14Z-eicosatetraenoyl)-glycerone 3-phosphate",2,31
4637,CCCCCC=CCC=CCC=CCC=CCCCC(=O)OCC(CO)OC(=O)CCCC=CCC=CCC=CCC=CCCCCC,"1,2-di-(5Z,8Z,11Z,14Z)-eicosatetraenoyl-sn-glycerol",6,48
4638,CCCCCC=CCC=CCC=CCC=CCCCC(=O)OCC(CO)OC(=O)CCCCCCCC=CCCCCCCCC,"1-(5Z,8Z,11Z,14Z)-eicosatetraenoyl-2-(9Z)-octadecenoyl-sn-glycerol",4,46
4639,CCCCCC=CCC=CCC=CCC=CCCCC(=O)OCC(COC(=O)CCCC=CCC=CCC=CCC=CCCCCC)OC(=O)CCCC=CCC=CCC=CCC=CCCCCC,"1,2,3-tri-(5Z,8Z,11Z,14Z-eicosatetraenoyl)-glycerol",2,69
4640,CCCCCC=CCC=CCC=CCC=CCCCC(=O)OCC(COP(=O)(O)O)OC(=O)CCCC=CCC=CCC=CCC=CCCCCC,"1,2-di-(5Z,8Z,11Z,14Z)-eicosatetraenoyl-sn-glycero-3-phosphate",8,52
4641,CCCCCC=CCC=CCC=CCC=CCCCC(=O)OCC(COP(=O)(O)O)OC(=O)CCCCCCCC=CCCCCCCCC,"1-(5Z,8Z,11Z,14Z)-eicosatetraenoyl-2-(9Z)-octadecenoyl-sn-glycero-3-phosphate",2,50
4642,CCCCCC=CCC=CCC=CCC=CCCCC(=O)OCC(COP(=O)(O)OCC[N+](C)(C)C)OC(=O)CCCC=CCC=CCC=CCC=CCCCCC,"1,2-di-(5Z,8Z,11Z,14Z-eicosatetraenoyl)-sn-glycero-3-phosphocholine",6,58
4643,CCCCCC=CCC=CCC=CCC=CCCCC(=O)OCC(COP(=O)(O)OCC[N+](C)(C)C)OC(=O)CCCCCCCCCCCCCCC,"1-(5Z,8Z,11Z,14Z-eicosatetraenoyl)-2-hexadecanoyl-sn-glycero-3-phosphocholine",2,54
4644,CCCCCC=CCC=CCC=CCC=CCCCC(=O)OCC(COP(=O)(O)OCC[N+](C)(C)C)OCCCCCCCCCCCCCCCC,"1-(5Z,8Z,11Z,14Z-eicosatetraenoyl)-2-O-hexadecyl-sn-glycero-3-phosphocholine",2,53
4645,CCCCCC=CCC=CCC=CCC=CCCCC(=O)OCC(COP(=O)(O)OP(=O)(O)OCC1OC(n2ccc(N)nc2=O)C(O)C1O)OC(=O)CCCC=CCC=CCC=CCC=CCCCCC,"1,2-di-(5Z,8Z,11Z,14Z-eicosatetraenoyl)-sn-glycero-3-cytidine-5'-diphosphate",2,72
4646,CCCCCC=CCC=CCC=CCC=CCCCC(=O)OCC(NC(C)=O)C(O)C=CCCCCCCCCCCCCC,"1-(5Z,8Z,11Z,14Z)-eicosatetraenoyl-N-(acetyl)-sphing-4-enine",6,45
4647,CCCCCC=CCC=CCC=CCC=CCCCC(=O)OCC(O)CO,"1-(5Z,8Z,11Z,14Z-eicosatetraenoyl)-sn-glycerol",14,27
4648,CCCCCC=CCC=CCC=CCC=CCCCC(=O)OCC(O)COC(=O)CCCCCCCC=CCCCCCCCC,"1-(5Z,8Z,11Z,14Z-eicosatetraenoyl)-3-(9Z-octadecenoyl)-glycerol",2,46
4649,CCCCCC=CCC=CCC=CCC=CCCCC(=O)OCC(O)COP(=O)(O)O,"1-(5Z,8Z,11Z,14Z-eicosatetraenoyl)-sn-glycero-3-phosphate",10,31
4650,CCCCCC=CCC=CCC=CCC=CCCCC(=O)OCC(O)COP(=O)(O)OCC[N+](C)(C)C,"1-(5Z,8Z,11Z,14Z-eicosatetraenoyl)-sn-glycero-3-phosphocholine",10,37
4651,CCCCCC=CCC=CCC=CCC=CCCCC(=O)SCCNC(=O)CCNC(=O)C(O)C(C)(C)COP(=O)(O)O,"S-(5Z,8Z,11Z,14Z-eicosatetraenoyl)-4'-phosphopantetheine",2,43
4652,CCCCCC=CCC=CCC=CCC=CCCCC(=O)SCCNC(=O)CCNC(=O)C(O)C(C)(C)COP(=O)(O)OP(=O)(O)OCC1OC(n2cnc3c(N)ncnc32)C(O)C1OP(=O)(O)O,"(5Z,8Z,11Z,14Z)-eicosatetraenoyl-CoA",74,69
4653,CCCCCC=CCC=CCC=CCC=CCCCC(N)=O,"(5Z,8Z,11Z,14Z)-eicosatetraenamide",2,22
4654,CCCCCC=CCC=CCC=CCC=CCCCC(O)CC(=O)SCCNC(=O)CCNC(=O)C(O)C(C)(C)COP(=O)(O)OP(=O)(O)OCC1OC(n2cnc3c(N)ncnc32)C(O)C1OP(=O)(O)O,"(3R)-hydroxy-(7Z,10Z,13Z,16Z)-docosatetraenoyl-CoA",4,72
4655,CCCCCC=CCC=CCC=CCC=CCCCC=CC(=O)SCCNC(=O)CCNC(=O)C(O)C(C)(C)COP(=O)(O)OP(=O)(O)OCC1OC(n2cnc3c(N)ncnc32)C(O)C1OP(=O)(O)O,"(2E,7Z,10Z,13Z,16Z)-docosapentaenoyl-CoA",4,71
4656,CCCCCC=CCC=CCC=CCC=CCCCCCC(=O)CC(=O)SCCNC(=O)CCNC(=O)C(O)C(C)(C)COP(=O)(O)OP(=O)(O)OCC1OC(n2cnc3c(N)ncnc32)C(O)C1OP(=O)(O)O,"(9Z,12Z,15Z,18Z)-3-oxotetracosatetraenoyl-CoA",4,74
4657,CCCCCC=CCC=CCC=CCC=CCCCCCC(=O)O,"(7Z,10Z,13Z,16Z)-docosatetraenoate",2,24
4658,CCCCCC=CCC=CCC=CCC=CCCCCCC(=O)OCC(O)CO,"1-(7Z,10Z,13Z,16Z-docosatetraenoyl)-glycerol",2,29
4659,CCCCCC=CCC=CCC=CCC=CCCCCCC(=O)SCCNC(=O)CCNC(=O)C(O)C(C)(C)COP(=O)(O)OP(=O)(O)OCC1OC(n2cnc3c(N)ncnc32)C(O)C1OP(=O)(O)O,"(7Z,10Z,13Z,16Z)-docosatetraenoyl-CoA",4,71
4660,CCCCCC=CCC=CCC=CCC=CCCCCCC(O)CC(=O)SCCNC(=O)CCNC(=O)C(O)C(C)(C)COP(=O)(O)OP(=O)(O)OCC1OC(n2cnc3c(N)ncnc32)C(O)C1OP(=O)(O)O,"(3R)-hydroxy-(9Z,12Z,15Z,18Z)-tetracosatetraenoyl-CoA",4,74
4661,CCCCCC=CCC=CCC=CCC=CCCCCCC=CC(=O)SCCNC(=O)CCNC(=O)C(O)C(C)(C)COP(=O)(O)OP(=O)(O)OCC1OC(n2cnc3c(N)ncnc32)C(O)C1OP(=O)(O)O,"(2E,9Z,12Z,15Z,18Z)-tetracosapentaenoyl-CoA",4,73
4662,CCCCCC=CCC=CCC=CCC=CCCCCCCCC(=O)CC(=O)SCCNC(=O)CCNC(=O)C(O)C(C)(C)COP(=O)(O)OP(=O)(O)OCC1OC(n2cnc3c(N)ncnc32)C(O)C1OP(=O)(O)O,"3-oxo-(11Z,14Z,17Z,20Z)-hexacosatetraenoyl-CoA",4,76
4663,CCCCCC=CCC=CCC=CCC=CCCCCCCCC(=O)SCCNC(=O)CCNC(=O)C(O)C(C)(C)COP(=O)(O)OP(=O)(O)OCC1OC(n2cnc3c(N)ncnc32)C(O)C1OP(=O)(O)O,"(9Z,12Z,15Z,18Z)-tetracosatetraenoyl-CoA",4,73
4664,CCCCCC=CCC=CCC=CCC=CCCCCCCCC(O)CC(=O)SCCNC(=O)CCNC(=O)C(O)C(C)(C)COP(=O)(O)OP(=O)(O)OCC1OC(n2cnc3c(N)ncnc32)C(O)C1OP(=O)(O)O,"(3R)-hydroxy-(11Z,14Z,17Z,20Z)-hexacosatetraenoyl-CoA",4,76
4665,CCCCCC=CCC=CCC=CCC=CCCCCCCCC=CC(=O)SCCNC(=O)CCNC(=O)C(O)C(C)(C)COP(=O)(O)OP(=O)(O)OCC1OC(n2cnc3c(N)ncnc32)C(O)C1OP(=O)(O)O,"(2E,11Z,14Z,17Z,20Z)-hexacosapentaenoyl-CoA",4,75
4666,CCCCCC=CCC=CCC=CCC=CCCCCCCCCCC(=O)CC(=O)SCCNC(=O)CCNC(=O)C(O)C(C)(C)COP(=O)(O)OP(=O)(O)OCC1OC(n2cnc3c(N)ncnc32)C(O)C1OP(=O)(O)O,"(13Z,16Z,19Z,22Z)-3-oxooctacosatetraenoyl-CoA",4,78
4667,CCCCCC=CCC=CCC=CCC=CCCCCCCCCCC(=O)SCCNC(=O)CCNC(=O)C(O)C(C)(C)COP(=O)(O)OP(=O)(O)OCC1OC(n2cnc3c(N)ncnc32)C(O)C1OP(=O)(O)O,"(11Z,14Z,17Z,20Z)-hexacosatetraenoyl-CoA",4,75
4668,CCCCCC=CCC=CCC=CCC=CCCCCCCCCCC(O)CC(=O)SCCNC(=O)CCNC(=O)C(O)C(C)(C)COP(=O)(O)OP(=O)(O)OCC1OC(n2cnc3c(N)ncnc32)C(O)C1OP(=O)(O)O,"(3R)-hydroxy-(13Z,16Z,19Z,22Z)-octacosatetraenoyl-CoA",4,78
4669,CCCCCC=CCC=CCC=CCC=CCCCCCCCCCC=CC(=O)SCCNC(=O)CCNC(=O)C(O)C(C)(C)COP(=O)(O)OP(=O)(O)OCC1OC(n2cnc3c(N)ncnc32)C(O)C1OP(=O)(O)O,"(2E,13Z,16Z,19Z,22Z)-octacosapentaenoyl-CoA",4,77
4670,CCCCCC=CCC=CCC=CCC=CCCCCCCCCCCCC(=O)CC(=O)SCCNC(=O)CCNC(=O)C(O)C(C)(C)COP(=O)(O)OP(=O)(O)OCC1OC(n2cnc3c(N)ncnc32)C(O)C1OP(=O)(O)O,"3-oxo-(15Z,18Z,21Z,24Z)-triacontatetraenoyl-CoA",4,80
4671,CCCCCC=CCC=CCC=CCC=CCCCCCCCCCCCC(=O)SCCNC(=O)CCNC(=O)C(O)C(C)(C)COP(=O)(O)OP(=O)(O)OCC1OC(n2cnc3c(N)ncnc32)C(O)C1OP(=O)(O)O,"(13Z,16Z,19Z,22Z)-octacosatetraenoyl-CoA",4,77
4672,CCCCCC=CCC=CCC=CCC=CCCCCCCCCCCCC(O)CC(=O)SCCNC(=O)CCNC(=O)C(O)C(C)(C)COP(=O)(O)OP(=O)(O)OCC1OC(n2cnc3c(N)ncnc32)C(O)C1OP(=O)(O)O,"(3R)-hydroxy-(15Z,18Z,21Z,24Z)-triacontatetraenoyl-CoA",4,80
4673,CCCCCC=CCC=CCC=CCC=CCCCCCCCCCCCC=CC(=O)SCCNC(=O)CCNC(=O)C(O)C(C)(C)COP(=O)(O)OP(=O)(O)OCC1OC(n2cnc3c(N)ncnc32)C(O)C1OP(=O)(O)O,"(2E,15Z,18Z,21Z,24Z)-triacontapentaenoyl-CoA",4,79
4674,CCCCCC=CCC=CCC=CCC=CCCCCCCCCCCCCCC(=O)CC(=O)SCCNC(=O)CCNC(=O)C(O)C(C)(C)COP(=O)(O)OP(=O)(O)OCC1OC(n2cnc3c(N)ncnc32)C(O)C1OP(=O)(O)O,"3-oxo-(17Z,20Z,23Z,26Z)-dotriacontatetraenoyl-CoA",4,82
4675,CCCCCC=CCC=CCC=CCC=CCCCCCCCCCCCCCC(=O)SCCNC(=O)CCNC(=O)C(O)C(C)(C)COP(=O)(O)OP(=O)(O)OCC1OC(n2cnc3c(N)ncnc32)C(O)C1OP(=O)(O)O,"(15Z,18Z,21Z,24Z)-triacontatetraenoyl-CoA",4,79
4676,CCCCCC=CCC=CCC=CCC=CCCCCCCCCCCCCCC(O)CC(=O)SCCNC(=O)CCNC(=O)C(O)C(C)(C)COP(=O)(O)OP(=O)(O)OCC1OC(n2cnc3c(N)ncnc32)C(O)C1OP(=O)(O)O,"(3R)-hydroxy-(17Z,20Z,23Z,26Z)-dotriacontatetraenoyl-CoA",4,82
4677,CCCCCC=CCC=CCC=CCC=CCCCCCCCCCCCCCC=CC(=O)SCCNC(=O)CCNC(=O)C(O)C(C)(C)COP(=O)(O)OP(=O)(O)OCC1OC(n2cnc3c(N)ncnc32)C(O)C1OP(=O)(O)O,"(2E,17Z,20Z,23Z,26Z)-dotriacontapentaenoyl-CoA",4,81
4678,CCCCCC=CCC=CCC=CCC=CCCCCCCCCCCCCCCCC(=O)CC(=O)SCCNC(=O)CCNC(=O)C(O)C(C)(C)COP(=O)(O)OP(=O)(O)OCC1OC(n2cnc3c(N)ncnc32)C(O)C1OP(=O)(O)O,"3-oxo-(19Z,22Z,25Z,28Z)-tetratriacontatetraenoyl-CoA",4,84
4679,CCCCCC=CCC=CCC=CCC=CCCCCCCCCCCCCCCCC(=O)SCCNC(=O)CCNC(=O)C(O)C(C)(C)COP(=O)(O)OP(=O)(O)OCC1OC(n2cnc3c(N)ncnc32)C(O)C1OP(=O)(O)O,"(17Z,20Z,23Z,26Z)-dotriacontatetraenoyl-CoA",4,81
4680,CCCCCC=CCC=CCC=CCC=CCCCCCCCCCCCCCCCC(O)CC(=O)SCCNC(=O)CCNC(=O)C(O)C(C)(C)COP(=O)(O)OP(=O)(O)OCC1OC(n2cnc3c(N)ncnc32)C(O)C1OP(=O)(O)O,"(3R)-hydroxy-(19Z,22Z,25Z,28Z)-tetratriacontatetraenoyl-CoA",4,84
4681,CCCCCC=CCC=CCC=CCC=CCCCCCCCCCCCCCCCC=CC(=O)SCCNC(=O)CCNC(=O)C(O)C(C)(C)COP(=O)(O)OP(=O)(O)OCC1OC(n2cnc3c(N)ncnc32)C(O)C1OP(=O)(O)O,"(2E,19Z,22Z,25Z,28Z)-tetratriacontapentaenoyl-CoA",4,83
4682,CCCCCC=CCC=CCC=CCC=CCCCCCCCCCCCCCCCCCC(=O)CC(=O)SCCNC(=O)CCNC(=O)C(O)C(C)(C)COP(=O)(O)OP(=O)(O)OCC1OC(n2cnc3c(N)ncnc32)C(O)C1OP(=O)(O)O,"3-oxo-(21Z,24Z,27Z,30Z)-hexatriacontatetraenoyl-CoA",4,86
4683,CCCCCC=CCC=CCC=CCC=CCCCCCCCCCCCCCCCCCC(=O)SCCNC(=O)CCNC(=O)C(O)C(C)(C)COP(=O)(O)OP(=O)(O)OCC1OC(n2cnc3c(N)ncnc32)C(O)C1OP(=O)(O)O,"(19Z,22Z,25Z,28Z)-tetratriacontatetraenoyl-CoA",4,83
4684,CCCCCC=CCC=CCC=CCC=CCCCCCCCCCCCCCCCCCC(O)CC(=O)SCCNC(=O)CCNC(=O)C(O)C(C)(C)COP(=O)(O)OP(=O)(O)OCC1OC(n2cnc3c(N)ncnc32)C(O)C1OP(=O)(O)O,"(3R)-hydroxy-(21Z,24Z,27Z,30Z)-hexatriacontatetraenoyl-CoA",4,86
4685,CCCCCC=CCC=CCC=CCC=CCCCCCCCCCCCCCCCCCC=CC(=O)SCCNC(=O)CCNC(=O)C(O)C(C)(C)COP(=O)(O)OP(=O)(O)OCC1OC(n2cnc3c(N)ncnc32)C(O)C1OP(=O)(O)O,"(2E,21Z,24Z,27Z,30Z)-hexatriacontapentaenoyl-CoA",4,85
4686,CCCCCC=CCC=CCC=CCC=CCCCCCCCCCCCCCCCCCCCC(=O)CC(=O)SCCNC(=O)CCNC(=O)C(O)C(C)(C)COP(=O)(O)OP(=O)(O)OCC1OC(n2cnc3c(N)ncnc32)C(O)C1OP(=O)(O)O,"3-oxo-(23Z,26Z,29Z,32Z)-octatriacontatetraenoyl-CoA",4,88
4687,CCCCCC=CCC=CCC=CCC=CCCCCCCCCCCCCCCCCCCCC(=O)SCCNC(=O)CCNC(=O)C(O)C(C)(C)COP(=O)(O)OP(=O)(O)OCC1OC(n2cnc3c(N)ncnc32)C(O)C1OP(=O)(O)O,"(21Z,24Z,27Z,30Z)-hexatriacontatetraenoyl-CoA",4,85
4688,CCCCCC=CCC=CCC=CCC=CCCCCCCCCCCCCCCCCCCCC(O)CC(=O)SCCNC(=O)CCNC(=O)C(O)C(C)(C)COP(=O)(O)OP(=O)(O)OCC1OC(n2cnc3c(N)ncnc32)C(O)C1OP(=O)(O)O,"(3R)-hydroxy-(23Z,26Z,29Z,32Z)-octatriacontatetraenoyl-CoA",4,88
4689,CCCCCC=CCC=CCC=CCC=CCCCCCCCCCCCCCCCCCCCC=CC(=O)SCCNC(=O)CCNC(=O)C(O)C(C)(C)COP(=O)(O)OP(=O)(O)OCC1OC(n2cnc3c(N)ncnc32)C(O)C1OP(=O)(O)O,"(2E,23Z,26Z,29Z,32Z)-octatriacontapentaenoyl-CoA",4,87
4690,CCCCCC=CCC=CCC=CCC=CCCCCCCCCCCCCCCCCCCCCCC(=O)SCCNC(=O)CCNC(=O)C(O)C(C)(C)COP(=O)(O)OP(=O)(O)OCC1OC(n2cnc3c(N)ncnc32)C(O)C1OP(=O)(O)O,"(23Z,26Z,29Z,32Z)-octatriacontatetraenoyl-CoA",2,87
4691,CCCCCC=CCC=CCC=CCC=CCCCCOC(CO)CO,"2-O-(5Z,8Z,11Z,14Z)-eicosatetraenylglycerol",2,26
4692,CCCCCC=CCC=CCC=CCC=CCCCCOC(CO)COC(=O)CCCCCCCC=CCCCCCCCC,"1-(9Z-octadecenoyl)-2-O-(5Z,8Z,11Z,14Z-eicosatetraenyl)-sn-glycerol",2,45
4693,CCCCCC=CCC=CCC=CCCC=CC=CC(=O)SCCNC(=O)CCNC(=O)C(O)C(C)(C)COP(=O)(O)OP(=O)(O)OCC1OC(n2cnc3c(N)ncnc32)C(O)C1OP(=O)(O)O,"(2E,4E,8Z,11Z,14Z)-eicosapentaenoyl-CoA",2,69
4694,CCCCCC=CCC=CCC=CCCCCC(=O)CC(=O)SCCNC(=O)CCNC(=O)C(O)C(C)(C)COP(=O)(O)OP(=O)(O)OCC1OC(n2cnc3c(N)ncnc32)C(O)C1OP(=O)(O)O,"(8Z,11Z,14Z)-3-oxoeicosatrienoyl-CoA",4,70
4695,CCCCCC=CCC=CCC=CCCCCC(=O)O,"(6Z,9Z,12Z)-octadecatrienoate",4,20
4696,CCCCCC=CCC=CCC=CCCCCC(=O)OC(COC(=O)CCCCCCCCCCCCCCC)COP(=O)(O)OCC[N+](C)(C)C,"1-hexadecanoyl-2-(6Z,9Z,12Z-octadecatrienoyl)-sn-glycero-3-phosphocholine",2,52
4697,CCCCCC=CCC=CCC=CCCCCC(=O)OC1CCC2(C)C(=CCC3C2CCC2(C)C(C(C)CCCC(C)C)CCC32)C1,"(6Z,9Z,12Z-octadecatrienoyl)-cholesterol",2,47
4698,CCCCCC=CCC=CCC=CCCCCC(=O)OCC(COP(=O)(O)O)OC(=O)CCCCCCCC=CCCCCCCCC,"(6Z,9Z,12Z)-octadecatrienoyl-2-(9Z)-octadecenoyl-sn-glycero-3-phosphate",2,48
4699,CCCCCC=CCC=CCC=CCCCCC(=O)OCC(O)COP(=O)(O)O,"1-(6Z,9Z,12Z-octadecatrienoyl)-sn-glycero-3-phosphate",2,29
4700,CCCCCC=CCC=CCC=CCCCCC(=O)SCCNC(=O)CCNC(=O)C(O)C(C)(C)COP(=O)(O)OP(=O)(O)OCC1OC(n2cnc3c(N)ncnc32)C(O)C1OP(=O)(O)O,"(6Z,9Z,12Z)-octadecatrienoyl-CoA",2,67
4701,CCCCCC=CCC=CCC=CCCCCC(O)CC(=O)SCCNC(=O)CCNC(=O)C(O)C(C)(C)COP(=O)(O)OP(=O)(O)OCC1OC(n2cnc3c(N)ncnc32)C(O)C1OP(=O)(O)O,"(3R)-hydroxy-(8Z,11Z,14Z)-eicosatrienoyl-CoA",4,70
4702,CCCCCC=CCC=CCC=CCCCCC=CC(=O)SCCNC(=O)CCNC(=O)C(O)C(C)(C)COP(=O)(O)OP(=O)(O)OCC1OC(n2cnc3c(N)ncnc32)C(O)C1OP(=O)(O)O,"(2E,8Z,11Z,14Z)-eicosatetraenoyl-CoA",4,69
4703,CCCCCC=CCC=CCC=CCCCCCCC(=O)CC(=O)SCCNC(=O)CCNC(=O)C(O)C(C)(C)COP(=O)(O)OP(=O)(O)OCC1OC(n2cnc3c(N)ncnc32)C(O)C1OP(=O)(O)O,"3-oxo-(10Z,13Z,16Z)-docosatrienoyl-CoA",2,72
4704,CCCCCC=CCC=CCC=CCCCCCCC(=O)O,"(8Z,11Z,14Z)-eicosatrienoate",12,22
4705,CCCCCC=CCC=CCC=CCCCCCCC(=O)OC(CO)COP(=O)(O)OC1C(O)C(O)C(O)C(O)C1O,"2-(8Z,11Z,14Z-eicosatrienoyl)-sn-glycero-3-phospho-1D-myo-inositol",2,42
4706,CCCCCC=CCC=CCC=CCCCCCCC(=O)OC(COC(=O)CCCCCCCC=CCCCCCCCC)COP(=O)(O)OC1C(O)C(O)C(O)C(O)C1O,"1-(9Z-octadecenoyl)-2-(8Z,11Z,14Z-eicosatrienoyl)-sn-glycero-3-phospho-1D-myo-inositol",2,61
4707,CCCCCC=CCC=CCC=CCCCCCCC(=O)OC(COC(=O)CCCCCCCCCCCCCCC)COP(=O)(O)OCC[N+](C)(C)C,"1-hexadecanoyl-2-(8Z,11Z,14Z-eicosatrienoyl)-sn-glycero-3-phosphocholine",2,54
4708,CCCCCC=CCC=CCC=CCCCCCCC(=O)OC1CCC2(C)C(=CCC3C2CCC2(C)C(C(C)CCCC(C)C)CCC32)C1,"cholesteryl (8Z,11Z,14Z)-eicosatrienoate",2,49
4709,CCCCCC=CCC=CCC=CCCCCCCC(=O)SCCNC(=O)CCNC(=O)C(O)C(C)(C)COP(=O)(O)OP(=O)(O)OCC1OC(n2cnc3c(N)ncnc32)C(O)C1OP(=O)(O)O,"(8Z,11Z,14Z)-eicosatrienoyl-CoA",4,69
4710,CCCCCC=CCC=CCC=CCCCCCCC(N)=O,"(8Z,11Z,14Z)-eicosatrienamide",2,22
4711,CCCCCC=CCC=CCCCCCCC(OO)C(=O)O,"(2R,9Z,12Z)-2-hydroperoxyoctadecadienoate",2,22
4712,CCCCCC=CCC=CCCCCCCCC(=O)CC(=O)SCCNC(=O)CCNC(=O)C(O)C(C)(C)COP(=O)(O)OP(=O)(O)OCC1OC(n2cnc3c(N)ncnc32)C(O)C1OP(=O)(O)O,"(11Z,14Z)-3-oxoicosa-11,14-dienoyl-CoA",4,70
4713,CCCCCC=CCC=CCCCCCCCC(=O)NCC(=O)O,"N-(9Z,12Z-octadecadienoyl)-glycine",2,24
4714,CCCCCC=CCC=CCCCCCCCC(=O)NCCO,"N-(9Z,12Z-octadecadienoyl)-ethanolamine",2,23
4715,CCCCCC=CCC=CCCCCCCCC(=O)O,"(9Z,12Z)-octadecadienoate",54,20
4716,CCCCCC=CCC=CCCCCCCCC(=O)O*C(=O)NC(CO)C(O)C=CCCCCCCCCCCCCC,"a N-[omega-(9Z,12Z)-octadecadienoyloxy]-acylsphin-4E-enine",2,44
4717,CCCCCC=CCC=CCCCCCCCC(=O)O*C(=O)NC(COC1OC(CO)C(O)C(O)C1O)C(O)C=CCCCCCCCCCCCCC,"N-[omega-(9Z,12Z)-octadecadienoyloxy]acyl-beta-D-glucosyl-(1<->1)-octadecasphing-4E-enine",2,55
4718,CCCCCC=CCC=CCCCCCCCC(=O)OC,"1-O-methyl-(9Z,12Z)-octadecadienoate",4,21
4719,CCCCCC=CCC=CCCCCCCCC(=O)OC(CCCCCCCCC)CCCCCCCC(=O)O,"9-(9Z,12Z-octadecadienoyloxy)-octadecanoate",4,40
4720,CCCCCC=CCC=CCCCCCCCC(=O)OC(CO)CO,"2-(9Z,12Z-octadecadienoyl)-glycerol",4,25
4721,CCCCCC=CCC=CCCCCCCCC(=O)OC(CO)COC(=O)CCCCCCCC=CCCCCCCCC,"1-(9Z-octadecenoyl)-2-(9Z,12Z-octadecadienoyl)-sn-glycerol",2,44
4722,CCCCCC=CCC=CCCCCCCCC(=O)OC(CO)COC(=O)CCCCCCCCCCCCCCC,"1-hexadecanoyl-2-(9Z,12Z-octadecadienoyl)-sn-glycerol",2,42
4723,CCCCCC=CCC=CCCCCCCCC(=O)OC(CO)COC(=O)CCCCCCCCCCCCCCCCC,"1-octadecanoyl-2-(9Z,12Z)-octadecadienoyl-sn-glycerol",6,44
4724,CCCCCC=CCC=CCCCCCCCC(=O)OC(CO)COP(=O)(O)OCCN,"2-(9Z,12Z)-octadecadienoyl-sn-glycero-3-phosphoethanolamine",4,32
4725,CCCCCC=CCC=CCCCCCCCC(=O)OC(CO)COP(=O)(O)OCC[N+](C)(C)C,"2-(9Z,12Z-octadecadienoyl)-sn-glycero-3-phosphocholine",16,35
4726,CCCCCC=CCC=CCCCCCCCC(=O)OC(COC(=O)CCCCCCCC=CCCCCCCCC)COP(=O)(O)O,"1-(9Z)-octadecenoyl-2-(9Z,12Z)-octadecadienoyl-sn-glycero-3-phosphate",6,48
4727,CCCCCC=CCC=CCCCCCCCC(=O)OC(COC(=O)CCCCCCCC=CCCCCCCCC)COP(=O)(O)OCC(N)C(=O)O,"1-(9Z-octadecenoyl)-2-(9Z,12Z-octadienoyl)-sn-glycero-3-phospho-L-serine",2,54
4728,CCCCCC=CCC=CCCCCCCCC(=O)OC(COC(=O)CCCCCCCC=CCCCCCCCC)COP(=O)(O)OCC(O)COP(=O)(O)OCC(COC(=O)CCCCCCCC=CCCCCCCCC)OC(=O)CCCCCCCC=CCCCCCCCC,"1'-[1,2-di-(9Z-octadecenoyl)-sn-glycero-3-phospho]-3'-[1-(9Z-octadecenoyl)-2-(9Z,12Z-octadecadienoyl)-sn-glycero-3-phospho]-glycerol",2,100
4729,CCCCCC=CCC=CCCCCCCCC(=O)OC(COC(=O)CCCCCCCC=CCCCCCCCC)COP(=O)(O)OCCN,"1-(9Z)-octadecenoyl-2-(9Z,12Z)-octadecadienoyl-sn-glycero-3-phosphoethanolamine",4,51
4730,CCCCCC=CCC=CCCCCCCCC(=O)OC(COC(=O)CCCCCCCC=CCCCCCCCC)COP(=O)(O)OCC[N+](C)(C)C,"1-(9Z)-octadecenoyl-2-(9Z,12Z)-octadecadienoyl-sn-glycero-3-phosphocholine",4,54
4731,CCCCCC=CCC=CCCCCCCCC(=O)OC(COC(=O)CCCCCCCCC=CCCCCCC)COP(=O)(O)OCCN,"1-(10Z-heptadecenoyl)-2-(9Z,12Z-octadecadienoyl)-sn-glycero-3-phosphoethanolamine",2,50
4732,CCCCCC=CCC=CCCCCCCCC(=O)OC(COC(=O)CCCCCCCCCCCCC)COP(=O)(O)OCC[N+](C)(C)C,"1-tetradecanoyl-2-(9Z,12Z-octadecadienoyl)-sn-glycero-3-phosphocholine",10,50
4733,CCCCCC=CCC=CCCCCCCCC(=O)OC(COC(=O)CCCCCCCCCCCCCCC)COP(=O)(O)O,"1-hexadecanoyl-2-(9Z,12Z-octadecadienoyl)-sn-glycero-3-phosphate",16,46
4734,CCCCCC=CCC=CCCCCCCCC(=O)OC(COC(=O)CCCCCCCCCCCCCCC)COP(=O)(O)OC1C(O)C(O)C(O)C(O)C1O,"1-hexadecanoyl-2-(9Z,12Z-octadecadienoyl)-sn-glycero-3-phospho-(1D-myo-inositol)",2,57
4735,CCCCCC=CCC=CCCCCCCCC(=O)OC(COC(=O)CCCCCCCCCCCCCCC)COP(=O)(O)OCC(N)C(=O)O,"1-hexadecanoyl-2-(9Z,12Z-octadecadienoyl)-sn-glycero-3-phospho-L-serine",2,52
4736,CCCCCC=CCC=CCCCCCCCC(=O)OC(COC(=O)CCCCCCCCCCCCCCC)COP(=O)(O)OCC(O)CO,"1-hexadecanoyl-2-(9Z,12Z-octadecadienoyl)-sn-glycero-3-phospho-(1'-sn-glycerol)",6,51
4737,CCCCCC=CCC=CCCCCCCCC(=O)OC(COC(=O)CCCCCCCCCCCCCCC)COP(=O)(O)OCCN,"1-hexadecanoyl-2-(9Z,12Z-octadecadienoyl)-sn-glycero-3-phosphoethanolamine",14,49
4738,CCCCCC=CCC=CCCCCCCCC(=O)OC(COC(=O)CCCCCCCCCCCCCCC)COP(=O)(O)OCCNC(=O)CCC,"N-butanoyl-1-hexadecanoyl-2-(9Z,12Z-octadecadienoyl)-sn-glycero-3-phosphoethanolamine",2,54
4739,CCCCCC=CCC=CCCCCCCCC(=O)OC(COC(=O)CCCCCCCCCCCCCCC)COP(=O)(O)OCCNC(=O)CCCCC,"N-hexanoyl-1-hexadecanoyl-2-(9Z,12Z-octadecadienoyl)-sn-glycero-3-phosphoethanolamine",2,56
4740,CCCCCC=CCC=CCCCCCCCC(=O)OC(COC(=O)CCCCCCCCCCCCCCC)COP(=O)(O)OCCNC(=O)CCCCCCC,"N-octanoyl-1-hexadecanoyl-2-(9Z,12Z-octadecadienoyl)-sn-glycero-3-phosphoethanolamine",2,58
4741,CCCCCC=CCC=CCCCCCCCC(=O)OC(COC(=O)CCCCCCCCCCCCCCC)COP(=O)(O)OCCNC(=O)CCCCCCCCC,"N-decanoyl-1-hexadecanoyl-2-(9Z,12Z-octadecadienoyl)-sn-glycero-3-phosphoethanolamine",2,60
4742,CCCCCC=CCC=CCCCCCCCC(=O)OC(COC(=O)CCCCCCCCCCCCCCC)COP(=O)(O)OCCNC(=O)CCCCCCCCCCCCCCC,"N,1-dihexadecanoyl-2-(9Z,12Z-octadecadienoyl)-sn-glycero-3-phosphoethanolamine",4,66
4743,CCCCCC=CCC=CCCCCCCCC(=O)OC(COC(=O)CCCCCCCCCCCCCCC)COP(=O)(O)OCC[N+](C)(C)C,"1-hexadecanoyl-2-(9Z,12Z-octadecadienoyl)-sn-glycero-3-phosphocholine",30,52
4744,CCCCCC=CCC=CCCCCCCCC(=O)OC(COC(=O)CCCCCCCCCCCCCCCCC)COP(=O)(O)O,"1-octadecanoyl-2-(9Z,12Z-octadecadienoyl)-sn-glycero-3-phosphate",8,48
4745,CCCCCC=CCC=CCCCCCCCC(=O)OC(COC(=O)CCCCCCCCCCCCCCCCC)COP(=O)(O)OC1C(O)C(O)C(O)C(O)C1O,"1-octadecanoyl-2-(9Z,12Z)-octadecadienoyl-sn-glycero-3-phospho-1D-myo-inositol",2,59
4746,CCCCCC=CCC=CCCCCCCCC(=O)OC(COC(=O)CCCCCCCCCCCCCCCCC)COP(=O)(O)OC1C(O)C(O)C(O)C(OP(=O)(O)O)C1O,"1-octadecanoyl-2-(9Z,12Z)-octadecadienoyl-sn-glycero-3-phospho-1D-myo-inositol 5-phosphate",2,63
4747,CCCCCC=CCC=CCCCCCCCC(=O)OC(COC(=O)CCCCCCCCCCCCCCCCC)COP(=O)(O)OCC(N)C(=O)O,"1-octadecanoyl-2-(9Z,12Z-octadecadienoyl)-sn-glycero-3-phosphoserine",2,54
4748,CCCCCC=CCC=CCCCCCCCC(=O)OC(COC(=O)CCCCCCCCCCCCCCCCC)COP(=O)(O)OCC[N+](C)(C)C,"1-octadecanoyl-2-(9Z,12Z)-octadecadienoyl-sn-glycero-3-phosphocholine",10,54
4749,CCCCCC=CCC=CCCCCCCCC(=O)OC(COC(=O)CCCCCCCCCCCCCCCCC)COP(=O)(O)OP(=O)(O)OCC1OC(n2ccc(N)nc2=O)C(O)C1O,"1-octadecanoyl-2-(9Z,12Z-octadecadienoyl)-sn-glycero-3-cytidine-5'-diphosphate",2,68
4750,CCCCCC=CCC=CCCCCCCCC(=O)OC(COC(=O)CCCCCCCCCCCCCCCCCC)COP(=O)(O)OCC[N+](C)(C)C,"1-nonadecanoyl-2-(9Z,12Z-octadecadienoyl)-sn-glycero-3-phosphocholine",2,55
4751,CCCCCC=CCC=CCCCCCCCC(=O)OC1CCC2(C)C(=CCC3C2CCC2(C)C(C(C)CCC(O)C(C)C)CCC32)C1,(24S)-hydroxycholesterol 3-linoleoate,2,48
4752,CCCCCC=CCC=CCCCCCCCC(=O)OC1CCC2(C)C(=CCC3C2CCC2(C)C(C(C)CCCC(C)C)CCC32)C1,"cholesteryl (9Z,12Z)-octadecadienoate",4,47
4753,CCCCCC=CCC=CCCCCCCCC(=O)OCC(=O)COP(=O)(O)O,"1-(9Z,12Z)-octadecadienoylglycerone 3-phosphate",2,29
4754,CCCCCC=CCC=CCCCCCCCC(=O)OCC(CO)OC(=O)CCCCCCCC=CCC=CCCCCC,"2,3-di-(9Z,12Z)-octadecadienoyl-sn-glycerol",10,44
4755,CCCCCC=CCC=CCCCCCCCC(=O)OCC(CO)OC(=O)CCCCCCCC=CCCCCCCCC,"1-(9Z,12Z)-octadecadienoyl-2-(9Z)-octadecenoyl-sn-glycerol",4,44
4756,CCCCCC=CCC=CCCCCCCCC(=O)OCC(COC(=O)CCCCCCCC=CCC=CCCCCC)OC(=O)CCCCCCCC=CCC=CCCCCC,"1,2,3-tri-(9Z,12Z)-octadecadienoylglycerol",8,63
4757,CCCCCC=CCC=CCCCCCCCC(=O)OCC(COC(=O)CCCCCCCC=CCCCCCCCC)OC(=O)CCCCCCCC=CCCCCCCCC,"1,2-di-(9Z)-octadecenoyl-3-(9Z,12Z)-octadecadienoyl-sn-glycerol",4,63
4758,CCCCCC=CCC=CCCCCCCCC(=O)OCC(COC1OC(CO)C(O)C(O)C1O)OC(=O)CCCCCCCC=CCC=CCCCCC,"1,2-di-(9Z,12Z-octadecadienoyl)-3-beta-D-galactosyl-sn-glycerol",2,55
4759,CCCCCC=CCC=CCCCCCCCC(=O)OCC(COCCCCCCCCCCCCCCCC)OC(C)=O,"1-O-hexadecyl-2-acetyl-3-(9Z,12Z)-octadecadienoyl-sn-glycerol",2,44
4760,CCCCCC=CCC=CCCCCCCCC(=O)OCC(COP(=O)(O)O)OC(=O)CCCCCCCC=CCC=CCCCCC,"1,2-di-(9Z,12Z-octadecadienoyl)-sn-glycero-3-phosphate",6,48
4761,CCCCCC=CCC=CCCCCCCCC(=O)OCC(COP(=O)(O)O)OC(=O)CCCCCCCC=CCCCCCCCC,"1-(9Z,12Z)-octadecadienoyl-2-(9Z)-octadecenoyl-sn-glycero-3-phosphate",2,48
4762,CCCCCC=CCC=CCCCCCCCC(=O)OCC(COP(=O)(O)OC1C(O)C(O)C(O)C(O)C1O)OC(=O)CCCCCCCC=CCC=CCCCCC,"1,2-di-(9Z,12Z)-octadecadienoyl-sn-glycero-3-phospho-1D-myo-inositol",2,59
4763,CCCCCC=CCC=CCCCCCCCC(=O)OCC(COP(=O)(O)OC1C(O)C(O)C(O)C(OP(=O)(O)O)C1O)OC(=O)CCCCCCCC=CCC=CCCCCC,"1,2-di(9Z,12Z)-octadecadienoyl-sn-glycero-3-phospho-1D-myo-inositol 5-phosphate",2,63
4764,CCCCCC=CCC=CCCCCCCCC(=O)OCC(COP(=O)(O)OCC(=O)COP(=O)(O)OCC(COC(=O)CCCCCCCC=CCC=CCCCCC)OC(=O)CCCCCCCC=CCC=CCCCCC)OC(=O)CCCCCCCC=CCC=CCCCCC,"1',3'-bis-[1,2-di-(9Z,12Z-octadecadienoyl)-sn-glycero-3-phospho]-glycerone",2,100
4765,CCCCCC=CCC=CCCCCCCCC(=O)OCC(COP(=O)(O)OCC(O)COP(=O)(O)OCC(CO)OC(=O)CCCCCCCC=CCC=CCCCCC)OC(=O)CCCCCCCC=CCC=CCCCCC,"1'-[1,2-di-(9Z,12Z-octadecadienoyl)-sn-glycero-3-phospho]-3'-[2-(9Z,12Z-octadecadienoyl)-sn-glycero-3-phospho]-glycerol",2,81
4766,CCCCCC=CCC=CCCCCCCCC(=O)OCC(COP(=O)(O)OCC(O)COP(=O)(O)OCC(COC(=O)CCCCCCCC=CCC=CCCCCC)OC(=O)CCCCCCCC=CCC=CCCCCC)OC(=O)CCCCCCCC=CCC=CCCCCC,"1',3'-bis-[1,2-di-(9Z,12Z-octadecadienoyl)-sn-glycero-3-phospho]-glycerol",20,100
4767,CCCCCC=CCC=CCCCCCCCC(=O)OCC(COP(=O)(O)OCC(O)COP(=O)(O)OCC(COC(=O)CCCCCCCC=CCC=CCCCCC)OC(=O)CCCCCCCC=CCCCCCCCC)OC(=O)CCCCCCCC=CCC=CCCCCC,"1'-[1,2-di-(9Z,12Z-octadecadienoyl)-sn-glycero-3-phospho]-3'-[1-(9Z,12Z-octadecadienoyl)-2-(9Z-octadecenoyl)-sn-glycero-3-phospho]-glycerol",6,100
4768,CCCCCC=CCC=CCCCCCCCC(=O)OCC(COP(=O)(O)OCC(O)COP(=O)(O)OCC(COC(=O)CCCCCCCC=CCC=CCCCCC)OC(=O)CCCCCCCCCCCCCCC)OC(=O)CCCCCCCC=CCC=CCCCCC,"1'-[1,2-di-(9Z,12Z-octadecadienoyl)-sn-glycero-3-phospho]-3'-[1-(9Z,12Z-octadecadienoyl)-2-hexadecanoyl-sn-glycero-3-phospho]-glycerol",2,98
4769,CCCCCC=CCC=CCCCCCCCC(=O)OCC(COP(=O)(O)OCCN(C)C)OC(=O)CCCCCCCC=CCC=CCCCCC,"1,2-di-(9Z,12Z-octadecadienoyl)-sn-glycero-3-phospho-N,N-dimethylethanolamine",4,53
4770,CCCCCC=CCC=CCCCCCCCC(=O)OCC(COP(=O)(O)OCCN)OC(=O)CCCCCCCC=CCC=CCCCCC,"1,2-di-(9Z,12Z-octadecadienoyl)-sn-glycero-3-phosphoethanolamine",4,51
4771,CCCCCC=CCC=CCCCCCCCC(=O)OCC(COP(=O)(O)OCCNC)OC(=O)CCCCCCCC=CCC=CCCCCC,"1,2-di-(9Z,12Z-octadecadienoyl)-sn-glycero-3-phospho-N-methylethanolamine",4,52
4772,CCCCCC=CCC=CCCCCCCCC(=O)OCC(COP(=O)(O)OCC[N+](C)(C)C)OC(=O)CCCCCCCC=CCC=CCCCCC,"1,2-di-(9Z,12Z-octadecadienoyl)-sn-glycero-3-phosphocholine",14,54
4773,CCCCCC=CCC=CCCCCCCCC(=O)OCC(COP(=O)(O)OP(=O)(O)OCC1OC(n2ccc(N)nc2=O)C(O)C1O)OC(=O)CCCCCCCC=CCC=CCCCCC,"1,2-di-(9Z,12Z-octadecadienoyl)-sn-glycero-3-cytidine-5'-diphosphate",2,68
4774,CCCCCC=CCC=CCCCCCCCC(=O)OCC(NC(C)=O)C(O)C=CCCCCCCCCCCCCC,"1-(9Z,12Z-octadecadienoyl)-N-acetylsphing-4-enine",6,43
4775,CCCCCC=CCC=CCCCCCCCC(=O)OCC(O)CO,"1-(9Z,12Z-octadecadienoyl)-sn-glycerol",8,25
4776,CCCCCC=CCC=CCCCCCCCC(=O)OCC(O)COC(=O)CCCCCCCC=CCC=CCCCCC,"1,3-di-(9Z,12Z)-octadecadienoylglycerol",4,44
4777,CCCCCC=CCC=CCCCCCCCC(=O)OCC(O)COC(=O)CCCCCCCC=CCCCCCCCC,"1-(9Z-octadecenoyl)-3-(9Z,12Z-octadecadienoyl)-glycerol",2,44
4778,CCCCCC=CCC=CCCCCCCCC(=O)OCC(O)COP(=O)(O)O,"1-(9Z,12Z)-octadecadienoyl-sn-glycero-3-phosphate",6,29
4779,CCCCCC=CCC=CCCCCCCCC(=O)OCC(O)COP(=O)(O)OCC(O)COP(=O)(O)OCC(COC(=O)CCCCCCCC=CCC=CCCCCC)OC(=O)CCCCCCCC=CCC=CCCCCC,"1'-[1,2-di-(9Z,12Z-octadecadienoyl)-sn-glycero-3-phospho]-3'-[1-(9Z,12Z-octadecadienoyl)-sn-glycero-3-phospho]-glycerol",22,81
4780,CCCCCC=CCC=CCCCCCCCC(=O)OCC(O)COP(=O)(O)OCC(O)COP(=O)(O)OCC(COC(=O)CCCCCCCC=CCC=CCCCCC)OC(=O)CCCCCCCC=CCCCCCCCC,"1'-[1-(9Z,12Z-octadecadienoyl)-2-(9Z-octadecenoyl)-sn-glycero-3-phospho]-3'-[1-(9Z,12Z-octadecadienoyl)-sn-glycero-3-phospho]-glycerol",2,81
4781,CCCCCC=CCC=CCCCCCCCC(=O)OCC(O)COP(=O)(O)OCCN,"1-(9Z,12Z-octadecadienoyl)-sn-glycero-3-phosphoethanolamine",2,32
4782,CCCCCC=CCC=CCCCCCCCC(=O)OCC(O)COP(=O)(O)OCC[N+](C)(C)C,"1-(9Z,12Z)-octadecadienoyl-sn-glycero-3-phosphocholine",14,35
4783,CCCCCC=CCC=CCCCCCCCC(=O)OC[1*]C(=O)NC(CO)C(O)C=CCCCCCCCCCCCCC,"an N-(omega-(9Z,12Z-octadecadienoyloxy)-ultra-long chain fatty acyl)-sphing-4-enine",4,45
4784,CCCCCC=CCC=CCCCCCCCC(=O)SCCNC(=O)CCNC(=O)C(O)C(C)(C)COP(=O)(O)O,"S-(9Z,12Z-octadecadienoyl)-4'-phosphopantetheine",2,41
4785,CCCCCC=CCC=CCCCCCCCC(=O)SCCNC(=O)CCNC(=O)C(O)C(C)(C)COP(=O)(O)OP(=O)(O)OCC1OC(n2cnc3c(N)ncnc32)C(O)C1OP(=O)(O)O,"(9Z,12Z)-octadecadienoyl-CoA",54,67
4786,CCCCCC=CCC=CCCCCCCCC(N)=O,"(9Z,12Z)-octadecadienamide",2,20
4787,CCCCCC=CCC=CCCCCCCCC(O)CC(=O)SCCNC(=O)CCNC(=O)C(O)C(C)(C)COP(=O)(O)OP(=O)(O)OCC1OC(n2cnc3c(N)ncnc32)C(O)C1OP(=O)(O)O,"(3R)-hydroxy-(11Z,14Z)-eicosadienoyl-CoA",4,70
4788,CCCCCC=CCC=CCCCCCCCC=CC(=O)SCCNC(=O)CCNC(=O)C(O)C(C)(C)COP(=O)(O)OP(=O)(O)OCC1OC(n2cnc3c(N)ncnc32)C(O)C1OP(=O)(O)O,"(2E,11Z,14Z)-eicosatrienoyl-CoA",4,69
4789,CCCCCC=CCC=CCCCCCCCCCC(=O)O,"(11Z,14Z)-eicosadienoate",6,22
4790,CCCCCC=CCC=CCCCCCCCCCC(=O)SCCNC(=O)CCNC(=O)C(O)C(C)(C)COP(=O)(O)OP(=O)(O)OCC1OC(n2cnc3c(N)ncnc32)C(O)C1OP(=O)(O)O,"(11Z,14Z)-eicosadienoyl-CoA",2,69
4791,CCCCCC=CCC=CCCCCCCCCCC(N)=O,"(11Z,14Z)-eicosadienamide",2,22
4792,CCCCCC=CCC=CCCCCCCCCO,"(9Z,12Z)-octadecadien-1-ol",4,19
4793,CCCCCC=CCC=CCCCCCCCCOCC(=O)COP(=O)(O)O,"1-O-(9Z,12Z)-octadecadienylglycerone 3-phosphate",2,28
4794,CCCCCC=CCO,(E)-oct-2-en-1-ol,2,9
4795,CCCCCC=O,hexanal,20,7
4796,CCCCCCC,heptane,2,7
4797,CCCCCCC(=O)C(=O)O,2-oxooctanoate,2,11
4798,CCCCCCC(=O)O,heptanoate,6,9
4799,CCCCCCC(=O)OC(COC(=O)CCCCC)COP(=O)(O)OCC[N+](C)(C)C,1-hexanoyl-2-heptanoyl-sn-glycero-3-phosphocholine,4,31
4800,CCCCCCC(=O)OCC(COP(=O)(O)OCCN)OC(=O)CCCCC,1-heptanoyl-2-hexanoyl-sn-glycero-3-phosphoethanolamine,2,28
4801,CCCCCCC(=O)OCC(COP(=O)(O)OCC[N+](C)(C)C)OC(=O)CCCCC,1-heptanoyl-2-hexanoyl-sn-glycero-3-phosphocholine,2,31
4802,CCCCCCC(=O)OCC(COP(=O)(O)OCC[N+](C)(C)C)OC(=O)CCCCCC,"1,2-diheptanoyl-sn-glycero-3-phosphocholine",6,32
4803,CCCCCCC(=O)SCCNC(=O)CCNC(=O)C(O)C(C)(C)COP(=O)(O)OP(=O)(O)OCC1OC(n2cnc3c(N)ncnc32)C(O)C1OP(=O)(O)O,heptanoyl-CoA,8,56
4804,CCCCCCC(C)=O,2-octanone,2,9
4805,CCCCCCC(C)C(O)C(=O)SCCNC(=O)CCNC(=O)C(O)C(C)(C)COP(=O)(O)OP(=O)(O)OCC1OC(n2cnc3c(N)ncnc32)C(O)C1OP(=O)(O)O,2-hydroxy-3-methylnonanoyl-CoA,2,60
4806,CCCCCCC(C)CC(=O)SCCNC(=O)CCNC(=O)C(O)C(C)(C)COP(=O)(O)OP(=O)(O)OCC1OC(n2cnc3c(N)ncnc32)C(O)C1OP(=O)(O)O,3-methylnonanoyl-CoA,2,59
4807,CCCCCCC(C)CC(C)=CC(C)C=C(C)C=CC(O)C(C)(C)c1cc(O)c(C2OC(CO)C(O)C(O)C2O)c(=O)o1,verapyrone B,2,43
4808,CCCCCCC(C)CC(C)=CC(C)C=C(C)C=CC(O)C(C)(C)c1cc(O)cc(=O)o1,verapyrone B aglycone,2,32
4809,CCCCCCC(C)CCCCCCCCCCC(=O)O,12-methyloctadecanoate,2,21
4810,CCCCCCC(C)CCCCCCCCCCC(=O)SCCNC(=O)CCNC(=O)C(O)C(C)(C)COP(=O)(O)OP(=O)(O)OCC1OC(n2cnc3c(N)ncnc32)C(O)C1OP(=O)(O)O,12-methyloctadecanoyl-CoA,2,68
4811,CCCCCCC(C)O,(2R)-octan-2-ol,2,9
4812,CCCCCCC(CC=CCCCCCCCC(=O)O)OP(=O)(O)O,12-phosphooxy-(9E)-octadecenoate,2,25
4813,CCCCCCC(CCCC)COS(=O)(=O)O,2-butyloctyl sulfate,2,17
4814,CCCCCCC(CCCCCCCCCCC(=O)O)OP(=O)(O)O,12-(phosphooxy)octadecanoate,2,25
4815,CCCCCCC(CO)CCCC,2-butyloctan-1-ol,2,13
4816,CCCCCCC(O)C(=O)O,2-hydroxyoctanoate,2,11
4817,CCCCCCC(O)C(=O)SCCNC(=O)CCNC(=O)C(O)C(C)(C)COP(=O)(O)OP(=O)(O)OCC1OC(n2cnc3c(N)ncnc32)C(O)C1OP(=O)(O)O,2-hydroxyoctanoyl-CoA,2,58
4818,CCCCCCC(O)CC=CCCCCCCCC(=O)O,12-hydroxy-(9Z)-octadecenoate,2,21
4819,CCCCCCC(O)CC=CCCCCCCCC(=O)OCC(CO)OC(=O)CCCCCCCC=CCC(O)CCCCCC,"1,2-di-(12R-hydroxy-9Z-octadecenoyl)-sn-glycerol",2,46
4820,CCCCCCC(O)CC=CCCCCCCCC(=O)OCC(COC(=O)CCCCCCCC=CCC(O)CCCCCC)OC(=O)CCCCCCCC=CCC(O)CCCCCC,"1,2,3-tri-(12R-hydroxy-9Z-octadecenoyl)-glycerol",2,66
4821,CCCCCCC(O)CC=CCCCCCCCC(=O)SCCNC(=O)CCNC(=O)C(O)C(C)(C)COP(=O)(O)OP(=O)(O)OCC1OC(n2cnc3c(N)ncnc32)C(O)C1OP(=O)(O)O,(12R)-hydroxy-(9Z)-octadecenoyl-CoA,2,68
4822,CCCCCCC(O)CCCCCCC=CC(O)C(O)C(O)C(N)C(=O)O,sphingofungin B,4,27
4823,CCCCCCC(O)CCCCCCC=CC(O)CC(O)C(N)C(=O)O,sphingofungin B1,2,26
4824,CCCCCCC(O)CCCCCCC=CC(OC(C)=O)C(O)C(O)C(N)C(=O)O,sphingofungin C,2,30
4825,CCCCCCC(O)CCCCCCCCC(=O)O,10-hydroxyhexadecanoate,2,19
4826,CCCCCCC(O)CCCCCCCCCCC(=O)O,12-hydroxyoctadecanoate,12,21
4827,CCCCCCC(O)CCCCCCCCCCC(=O)SCCNC(=O)CCNC(=O)C(O)C(C)(C)COP(=O)(O)OP(=O)(O)OCC1OC(n2cnc3c(N)ncnc32)C(O)C1OP(=O)(O)O,12-hydroxyoctadecanoyl-CoA,2,68
4828,CCCCCCC=CC(=O)CCCCCCCCC(=O)O,10-oxo-(11E)-octadecenoate,6,21
4829,CCCCCCC=CC(=O)O,(E)-non-2-enoate,4,11
4830,CCCCCCC=CC(=O)SCCNC(=O)CCNC(=O)C(O)C(C)(C)COP(=O)(O)OP(=O)(O)OCC1OC(n2cnc3c(N)ncnc32)C(O)C1OP(=O)(O)O,(2E)-nonenoyl-CoA,4,58
4831,CCCCCCC=CC(O)CCCCCCCCC(=O)O,10-hydroxy-(11E)-octadecenoate,4,21
4832,CCCCCCC=CC=CCC(=O)O,"(3E,5Z)-dodecadienoate",2,14
4833,CCCCCCC=CC=CCC(=O)SCCNC(=O)CCNC(=O)C(O)C(C)(C)COP(=O)(O)OP(=O)(O)OCC1OC(n2cnc3c(N)ncnc32)C(O)C1OP(=O)(O)O,"(3E,5Z)-dodecadienoyl-CoA",2,61
4834,CCCCCCC=CC=CCCCCCCCC(=O)O,"(9Z,11E)-octadecadienoate",4,20
4835,CCCCCCC=CC=O,(E)-non-2-enal,6,10
4836,CCCCCCC=CCC(=O)SCCNC(=O)CCNC(=O)C(O)C(C)(C)COP(=O)(O)OP(=O)(O)OCC1OC(n2cnc3c(N)ncnc32)C(O)C1OP(=O)(O)O,(3E)-decenoyl-CoA,4,59
4837,CCCCCCC=CCCCCCCCC(=O)CC(=O)SCCNC(=O)CCNC(=O)C(O)C(C)(C)COP(=O)(O)OP(=O)(O)OCC1OC(n2cnc3c(N)ncnc32)C(O)C1OP(=O)(O)O,3-oxo-(11Z)-octadecenoyl-CoA,4,68
4838,CCCCCCC=CCCCCCCCC(=O)NC(CO)C(=O)CCCCCCCCCCCCCCC,N-(9Z-hexadecenoyl)-3-oxosphinganine,2,38
4839,CCCCCCC=CCCCCCCCC(=O)NCC(=O)O,N-(9Z-hexadecenoyl)-glycine,2,22
4840,CCCCCCC=CCCCCCCCC(=O)NCCO,N-(9Z-hexadecenoyl) ethanolamine,2,21
4841,CCCCCCC=CCCCCCCCC(=O)O,(9Z)-hexadecenoate,26,18
4842,CCCCCCC=CCCCCCCCC(=O)OC(CCCCC)CCCCCCCCCCCC(=O)O,13-(9Z-hexadecenoyloxy)-octadecanoate,2,38
4843,CCCCCCC=CCCCCCCCC(=O)OC(CCCCCC)CCCCCCCCCCC(=O)O,12-(9Z-hexadecenoyloxy)-octadecanoate,2,38
4844,CCCCCCC=CCCCCCCCC(=O)OC(CCCCCCCCC)CCCCCCCC(=O)O,9-(9Z-hexadecenoyloxy)-octadecanoate,6,38
4845,CCCCCCC=CCCCCCCCC(=O)OC(CCCCCCCCCCC)CC(=O)NC1C(OCC2OC(OP(=O)(O)O)C(NC(=O)CC(O)CCCCCCCCCCC)C(OC(=O)CC(O)CCCCCCCCCCC)C2O)OC(COC2(C(=O)O)CC(OC3(C(=O)O)CC(O)C(O)C(C(O)CO)O3)C(O)C(C(O)CO)O2)C(OP(=O)(O)O)C1OC(=O)CC(CCCCCCCCCCC)OC(=O)CCCCCCCCCCCCC,((9Z)-hexadecenoyl-tetradecanoyl)-(Kdo)2-lipid A,2,157
4846,CCCCCCC=CCCCCCCCC(=O)OC(CCCCCCCCCCC)CC(=O)NC1C(OCC2OC(OP(=O)(O)O)C(NC(=O)CC(O)CCCCCCCCCCC)C(OC(=O)CC(O)CCCCCCCCCCC)C2O)OC(COC2(C(=O)O)CC(OC3(C(=O)O)CC(O)C(O)C(C(O)CO)O3)C(O)C(C(O)CO)O2)C(OP(=O)(O)O)C1OC(=O)CC(O)CCCCCCCCCCC,(9Z)-hexadecenoyl-(Kdo)2-lipid IVA (E. coli),4,142
4847,CCCCCCC=CCCCCCCCC(=O)OC(CCCCCCCCCCCCC)CCCC(=O)O,5-(9Z-hexadecenoyloxy)-octadecanoate,2,38
4848,CCCCCCC=CCCCCCCCC(=O)OC(COC(=O)CCCCCCCC=CCCCCCCCC)COP(=O)(O)O,1-(9Z-octadecenoyl)-2-(9Z-hexadecenoyl)-sn-glycero-3-phosphate,2,46
4849,CCCCCCC=CCCCCCCCC(=O)OC(COC(=O)CCCCCCCC=CCCCCCCCC)COP(=O)(O)OCC(N)C(=O)O,1-(9Z-octadecenoyl)-2-(9Z-hexadecenoyl)-sn-glycero-3-phospho-L-serine,2,52
4850,CCCCCCC=CCCCCCCCC(=O)OC(COC(=O)CCCCCCCC=CCCCCCCCC)COP(=O)(O)OCC(O)COP(=O)(O)OCC(COC(=O)CCCCCCCC=CCCCCCCCC)OC(=O)CCCCCCCC=CCCCCCCCC,"1'-[1,2-di-(9Z-octadecenoyl)-sn-glycero-3-phospho]-3'-[1-(9Z-octadecenoyl)-2-(9Z-hexadecenoyl)-sn-glycero-3-phospho]-glycerol",4,98
4851,CCCCCCC=CCCCCCCCC(=O)OC(COC(=O)CCCCCCCC=CCCCCCCCC)COP(=O)(O)OCCN,1-(9Z)-octadecenoyl-2-(9Z)-hexadecenoyl-sn-glycero-3-phosphoethanolamine,2,49
4852,CCCCCCC=CCCCCCCCC(=O)OC(COC(=O)CCCCCCCCCCCCCCC)COP(=O)(O)O,1-hexadecanoyl-2-[(9Z)-hexadec-9-enoyl]-sn-glycero-3-phosphate,2,44
4853,CCCCCCC=CCCCCCCCC(=O)OC(COC(=O)CCCCCCCCCCCCCCC)COP(=O)(O)OCCN,1-hexadecanoyl-2-(9Z)-hexadecenoyl-sn-glycero-3-phosphoethanolamine,2,47
4854,CCCCCCC=CCCCCCCCC(=O)OC(COC(=O)CCCCCCCCCCCCCCC)COP(=O)(O)OCC[N+](C)(C)C,1-hexadecanoyl-2-(9Z-hexadecenoyl)-sn-glycero-3-phosphocholine,6,50
4855,CCCCCCC=CCCCCCCCC(=O)OC1CCC2(C)C(=CCC3C2CCC2(C)C(C(C)CCCC(C)C)CCC32)C1,cholesteryl (9Z)-hexadecenoate,2,45
4856,CCCCCCC=CCCCCCCCC(=O)OCC,ethyl (9Z)-hexadecenoate,2,20
4857,CCCCCCC=CCCCCCCCC(=O)OCC(CO)OC(=O)CCCCCCCC=CCCCCCC,"2,3-di-(9Z)-hexadecenoyl-sn-glycerol",8,40
4858,CCCCCCC=CCCCCCCCC(=O)OCC(COC(=O)CCCCCCCC=CCCCCCC)OC(=O)CCCCCCCC=CCCCCCC,"1,2,3-tri-(9Z)-hexadecenoylglycerol",8,57
4859,CCCCCCC=CCCCCCCCC(=O)OCC(COC(=O)CCCCCCCCCCCCCCC)OC(=O)CCCCCCCCCCCCCCC,"1,2-dihexadecanoyl-3-(9Z-hexadecenoyl)-sn-glycerol",2,57
4860,CCCCCCC=CCCCCCCCC(=O)OCC(COP(=O)(O)OCCN)OC(=O)CCCCCCCC=CCCCCCC,"1,2-di-(9Z-hexadecenoyl)-sn-glycero-3-phosphoethanolamine",2,47
4861,CCCCCCC=CCCCCCCCC(=O)OCC(COP(=O)(O)OCC[N+](C)(C)C)OC(=O)CCCCCCCC=CCCCCCC,"1,2-di-(9Z-hexadecenoyl)-sn-glycero-3-phosphocholine",6,50
4862,CCCCCCC=CCCCCCCCC(=O)OCC(COP(=O)(O)OCC[N+](C)(C)C)OC(=O)CCCCCCCCCCCCCCC,1-(9Z-hexadecenoyl)-2-hexadecanoyl-sn-glycero-3-phosphocholine,2,50
4863,CCCCCCC=CCCCCCCCC(=O)OCC(O)COC(=O)CCCCCCCC=CCCCCCC,"1,3-di-(9Z)-hexadecenoylglycerol",4,40
4864,CCCCCCC=CCCCCCCCC(=O)OCC(O)COP(=O)(O)O,1-(9Z-hexadecenoyl)-sn-glycero-3-phosphate,2,27
4865,CCCCCCC=CCCCCCCCC(=O)OCC(O)COP(=O)(O)OCC[N+](C)(C)C,1-(9Z-hexadecenoyl)-sn-glycero-3-phosphocholine,6,33
4866,CCCCCCC=CCCCCCCCC(=O)OCCCCCCCCCCCCCCCC,1-O-hexadecyl (9Z)-hexadecenoate,2,34
4867,CCCCCCC=CCCCCCCCC(=O)SCCNC(=O)CCNC(=O)C(O)C(C)(C)COP(=O)(O)O,S-(9Z-hexadecenoyl)-4'-phosphopantetheine,2,39
4868,CCCCCCC=CCCCCCCCC(=O)SCCNC(=O)CCNC(=O)C(O)C(C)(C)COP(=O)(O)OP(=O)(O)OCC1OC(n2cnc3c(N)ncnc32)C(O)C1OP(=O)(O)O,(9Z)-hexadecenoyl-CoA,36,65
4869,CCCCCCC=CCCCCCCCC(N)=O,(9Z)-hexadecenamide,2,18
4870,CCCCCCC=CCCCCCCCC(O)C(CCCCCCCCCCCCCC)C(=O)OCC1OC(OC2OC(CO)C(O)C(O)C2O)C(O)C(O)C1O,"alpha,alpha'-trehalose 6-mycolate",2,57
4871,CCCCCCC=CCCCCCCCC(O)C(CCCCCCCCCCCCCC)C(=O)OCC1OC(OC2OC(COC(=O)C(CCCCCCCCCCCCCC)C(O)CCCCCCCC=CCCCCCC)C(O)C(O)C2O)C(O)C(O)C1O,"alpha,alpha'-trehalose 6,6'-bismycolate",2,91
4872,CCCCCCC=CCCCCCCCC(O)CC(=O)SCCNC(=O)CCNC(=O)C(O)C(C)(C)COP(=O)(O)OP(=O)(O)OCC1OC(n2cnc3c(N)ncnc32)C(O)C1OP(=O)(O)O,(R)-3-hydroxy-(11Z)-octadecenoyl-CoA,4,68
4873,CCCCCCC=CCCCCCCCC=CC(=O)SCCNC(=O)CCNC(=O)C(O)C(C)(C)COP(=O)(O)OP(=O)(O)OCC1OC(n2cnc3c(N)ncnc32)C(O)C1OP(=O)(O)O,"(2E,11Z)-octadecadienoyl-CoA",4,67
4874,CCCCCCC=CCCCCCCCCC(=O)OC(CCCCCCCCC)CCCCCCCC(=O)O,9-(10Z-heptadecenoyloxy)-octadecanoate,4,39
4875,CCCCCCC=CCCCCCCCCC(=O)OCC(CO)OC(=O)CCCCCCCCC=CCCCCCC,"2,3-di-(10Z-heptadecenoyl)-sn-glycerol",2,42
4876,CCCCCCC=CCCCCCCCCC(=O)OCC(COC(=O)CCCCCCCCC=CCCCCCC)OC(=O)CCCCCCCCC=CCCCCCC,"1,2,3-tri-(10Z)-heptadecenoylglycerol",4,60
4877,CCCCCCC=CCCCCCCCCC(=O)OCC(COP(=O)(O)OCCN)OC(=O)CCCCCCCC=CCCCCCCCC,1-(10Z-heptadecenoyl)-2-(9Z-octadecenoyl)-sn-glycero-3-phosphoethanolamine,2,50
4878,CCCCCCC=CCCCCCCCCC(=O)OCC(COP(=O)(O)OCCN)OC(=O)CCCCCCCCCCCCCCC,1-(10Z-heptadecenoyl)-2-hexadecanoyl-sn-glycero-3-phosphoethanolamine,2,48
4879,CCCCCCC=CCCCCCCCCC(=O)OCC(O)COC(=O)CCCCCCCCC=CCCCCCC,"1,3-di-(10Z-heptadecenoyl)-glycerol",2,42
4880,CCCCCCC=CCCCCCCCCC(=O)OCC(O)COP(=O)(O)OCCN,1-(10Z-heptadecenoyl)-sn-glycero-3-phosphoethanolamine,8,31
4881,CCCCCCC=CCCCCCCCCCC(=O)CC(=O)SCCNC(=O)CCNC(=O)C(O)C(C)(C)COP(=O)(O)OP(=O)(O)OCC1OC(n2cnc3c(N)ncnc32)C(O)C1OP(=O)(O)O,3-oxo-(13Z)-eicosenoyl-CoA,4,70
4882,CCCCCCC=CCCCCCCCCCC(=O)O,(11Z)-octadecenoate,2,20
4883,CCCCCCC=CCCCCCCCCCC(=O)OC(COC(=O)CCCCCCCC=CCCCCCCCC)COP(=O)(O)O,1-(9Z)-octadecenoyl-2-(11Z)-octadecenoyl-sn-glycero-3-phosphate,2,48
4884,CCCCCCC=CCCCCCCCCCC(=O)OC1CCC2(C)C(=CCC3C2CCC2(C)C(C(C)CCCC(C)C)CCC32)C1,cholesteryl (11Z)-octadecenoate,2,47
4885,CCCCCCC=CCCCCCCCCCC(=O)SCCNC(=O)CCNC(=O)C(O)C(C)(C)COP(=O)(O)OP(=O)(O)OCC1OC(n2cnc3c(N)ncnc32)C(O)C1OP(=O)(O)O,(11E)-octadecenoyl-CoA,10,67
4886,CCCCCCC=CCCCCCCCCCC(O)CC(=O)SCCNC(=O)CCNC(=O)C(O)C(C)(C)COP(=O)(O)OP(=O)(O)OCC1OC(n2cnc3c(N)ncnc32)C(O)C1OP(=O)(O)O,(R)-3-hydroxy-(13Z)-eicosenoyl-CoA,4,70
4887,CCCCCCC=CCCCCCCCCCC=CC(=O)SCCNC(=O)CCNC(=O)C(O)C(C)(C)COP(=O)(O)OP(=O)(O)OCC1OC(n2cnc3c(N)ncnc32)C(O)C1OP(=O)(O)O,"(2E,13Z)-eicosadienoyl-CoA",4,69
4888,CCCCCCC=CCCCCCCCCCCCC(=O)SCCNC(=O)CCNC(=O)C(O)C(C)(C)COP(=O)(O)OP(=O)(O)OCC1OC(n2cnc3c(N)ncnc32)C(O)C1OP(=O)(O)O,(13Z)-eicosenoyl-CoA,2,69
4889,CCCCCCC=CCCCCCCCCO,(9Z)-hexadecen-1-ol,2,17
4890,CCCCCCC=CCCCCCCCCOC(=O)CCCCCCCC=CCCCCCCCC,1-O-(9Z)-hexadecenyl (9Z)-octadecenoate,2,36
4891,CCCCCCC=CCO,(E)-non-2-en-1-ol,2,10
4892,CCCCCCC=O,heptanal,8,8
4893,CCCCCCCC(=O)CC(=O)SCCNC(=O)CCNC(=O)C(O)C(C)(C)COP(=O)(O)OP(=O)(O)OCC1OC(n2cnc3c(N)ncnc32)C(O)C1OP(=O)(O)O,3-oxodecanoyl-CoA,6,60
4894,CCCCCCCC(=O)CC(=O)c1ccccc1N,"1-(2-aminophenyl)decane-1,3-dione",3,19
4895,CCCCCCCC(=O)NC(O)C(=O)O,N-octanoyl-(2S)-hydroxyglycine,2,15
4896,CCCCCCCC(=O)NCC(=O)O,N-octanoylglycine,2,14
4897,CCCCCCCC(=O)NCCO,N-octanoyl ethanolamine,2,13
4898,CCCCCCCC(=O)Nc1ccccc1C(=O)O,N-octanoylanthranilate,2,19
4899,CCCCCCCC(=O)O,octanoate,34,10
4900,CCCCCCCC(=O)OC(CC(=O)O)C[N+](C)(C)C,O-octanoyl-(R)-carnitine,2,20
4901,CCCCCCCC(=O)OC(CO)COC1OC(CO)C(O)C(O)C1O,2-octanoyl-3-O-beta-D-galactosyl-sn-glycerol,2,26
4902,CCCCCCCC(=O)OC(CO)COC1OC(COC2OC(CO)C(O)C(O)C2O)C(O)C(O)C1O,2-octanoyl-3-O-[alpha-D-galactosyl-(1->6)-beta-D-galactosyl]-sn-glycerol,2,37
4903,CCCCCCCC(=O)OC1C(O)OC(COP(=O)(O)OP(=O)(O)OCC2OC(n3cnc4c(N)ncnc43)C(O)C2O)C1O,2''-O-octanoyl-ADP-D-ribose,2,45
4904,CCCCCCCC(=O)OCC(CO)OC(=O)CCCCCCC,"1,2-dioctanoyl-sn-glycerol",6,24
4905,CCCCCCCC(=O)OCC(COC(=O)CCCCCCC)OC(=O)CCCCCCC,"1,2,3-trioctanoylglycerol",2,33
4906,CCCCCCCC(=O)OCC(COC1OC(CO)C(O)C(O)C1O)OC(=O)CCCCCCC,"1,2-dioctanoyl-3-O-beta-D-galactosyl-sn-glycerol",2,35
4907,CCCCCCCC(=O)OCC(COC1OC(COC2OC(CO)C(O)C(O)C2O)C(O)C(O)C1O)OC(=O)CCCCCCC,"1,2-dioctanoyl-3-O-[alpha-D-galactosyl-(1->6)-beta-D-galactosyl]-sn-glycerol",2,46
4908,CCCCCCCC(=O)OCC(COP(=O)(O)O)OC(=O)CCCCCCC,"1,2-dioctanoyl-sn-glycero-3-phosphate",6,28
4909,CCCCCCCC(=O)OCC(COP(=O)(O)OC1C(O)C(O)C(O)C(O)C1O)OC(=O)CCCCCCC,"1,2-dioctanoyl-sn-glycero-3-phospho-(1D-myo-inositol)",4,39
4910,CCCCCCCC(=O)OCC(COP(=O)(O)OC1C(O)C(O)C(O)C(OP(=O)(O)O)C1O)OC(=O)CCCCCCC,"1,2-dioctanoyl-sn-glycero-3-phospho-(1D-myo-inositol-5-phosphate)",4,43
4911,CCCCCCCC(=O)OCC(COP(=O)(O)OC1C(O)C(O)C(OP(=O)(O)O)C(O)C1O)OC(=O)CCCCCCC,"1,2-dioctanoyl-sn-glycero-3-phospho-(1-D-myo-inositol-4-phosphate)",2,43
4912,CCCCCCCC(=O)OCC(COP(=O)(O)OC1C(O)C(O)C(OP(=O)(O)O)C(OP(=O)(O)O)C1O)OC(=O)CCCCCCC,"1,2-dioctanoyl-sn-glycero-3-phospho-(1D-myo-inositol-3,4-bisphosphate)",4,47
4913,CCCCCCCC(=O)OCC(COP(=O)(O)OC1C(O)C(OP(=O)(O)O)C(O)C(OP(=O)(O)O)C1O)OC(=O)CCCCCCC,"1,2-dioctanoyl-sn-glycero-3-phospho-(1D-myo-inositol-3,5-bisphosphate)",2,47
4914,CCCCCCCC(=O)OCC(COP(=O)(O)OC1C(O)C(OP(=O)(O)O)C(OP(=O)(O)O)C(OP(=O)(O)O)C1O)OC(=O)CCCCCCC,"1,2-dioctanoyl-sn-glycero-3-phospho-(1D-myo-inositol-3,4,5-trisphosphate)",4,51
4915,CCCCCCCC(=O)OCC(COP(=O)(O)OCC[N+](C)(C)C)OC(=O)CCCCCCC,"1,2-dioctanoyl-sn-glycero-3-phosphocholine",4,34
4916,CCCCCCCC(=O)OCC(COP(=O)(O)OP(=O)(O)O)OC(=O)CCCCCCC,"1,2-dioctanoyl-sn-glycero-3-diphosphate",2,32
4917,CCCCCCCC(=O)OCC(O)CO,1-octanoylglycerol,4,15
4918,CCCCCCCC(=O)OCC(O)COP(=O)(O)OCC[N+](C)(C)C,1-octanoyl-sn-glycero-3-phosphocholine,2,25
4919,CCCCCCCC(=O)OCC1COP(=O)(O)O1,"1-octanoyl-sn-glycero-2,3-cyclic phosphate",2,18
4920,CCCCCCCC(=O)OCC1OC(OCC2OC(OC(CO)C(=O)O)C(O)C(O)C2O)C(O)C(O)C1O,(2R)-2-O-[6-O-octanoyl-alpha-D-glucopyranosyl-(1->6)-alpha-D-glucopyranosyl-(1->2)]-glycerate,2,38
4921,CCCCCCCC(=O)OCCCCCC,hexyl octanoate,2,16
4922,CCCCCCCC(=O)OP(=O)(O)OCC1OC(n2cnc3c(N)ncnc32)C(O)C1O,octanoyl-AMP,4,32
4923,CCCCCCCC(=O)SCCNC(=O)CCNC(=O)C(O)C(C)(C)COP(=O)(O)O,S-octanoyl-4'-phosphopantetheine,2,31
4924,CCCCCCCC(=O)SCCNC(=O)CCNC(=O)C(O)C(C)(C)COP(=O)(O)OP(=O)(O)OCC1OC(n2cnc3c(N)ncnc32)C(O)C1OP(=O)(O)O,octanoyl-CoA,44,57
4925,CCCCCCCC(C)=O,nonan-2-one,2,10
4926,CCCCCCCC(N)=O,octanamide,2,10
4927,CCCCCCCC(O)CC(=O)SCCNC(=O)CCNC(=O)C(O)C(C)(C)COP(=O)(O)OP(=O)(O)OCC1OC(n2cnc3c(N)ncnc32)C(O)C1OP(=O)(O)O,(3S)-hydroxydecanoyl-CoA,6,60
4928,CCCCCCCC(O)CCCC(=O)O,5-hydroxydodecanoate,2,15
4929,CCCCCCCC1CCCC(=O)O1,delta-dodecalactone,2,14
4930,CCCCCCCC=CC(=O)O,(2E)-decenoate,2,12
4931,CCCCCCCC=CC(=O)SCCNC(=O)CCNC(=O)C(O)C(C)(C)COP(=O)(O)OP(=O)(O)OCC1OC(n2cnc3c(N)ncnc32)C(O)C1OP(=O)(O)O,(2E)-decenoyl-CoA,10,59
4932,CCCCCCCC=CC(CCCCCCCC(=O)O)OO,9-hydroperoxy-10E-octadecenoate,2,22
4933,CCCCCCCC=CC(CCCCCCCC(=O)OC(COC(=O)CCCCCCCCCCCCCCC)COP(=O)(O)OCC[N+](C)(C)C)OO,1-hexadecanoyl-2-[9-hydroperoxy-(10E-octadecenoyl)]-sn-glycero-3-phosphocholine,2,54
4934,CCCCCCCC=CC=O,(2E)-decenal,2,11
4935,CCCCCCCC=CCCCCC=CC(O)CC(=O)C(N)C(=O)O,3-oxopresphingofungin,6,25
4936,CCCCCCCC=CCCCCC=CC(O)CC(=O)CN,decarboxy 3-dehydropresphingofungin,2,22
4937,CCCCCCCC=CCCCCC=CC(O)CC(O)C(N)C(=O)O,presphingofungin,2,25
4938,CCCCCCCC=CCCCCCCCCC(=O)O,(10E)-octadecenoate,2,20
4939,CCCCCCCC=O,octanal,18,9
4940,CCCCCCCCC(=O)CCCCCCCCC(=O)O,10-oxooctadecanoate,4,21
4941,CCCCCCCCC(=O)O,nonanoate,12,11
4942,CCCCCCCCC(=O)OP(=O)(O)OCC1OC(n2cnc3c(N)ncnc32)C(O)C1O,nonanoyl-AMP,4,33
4943,CCCCCCCCC(=O)SCCNC(=O)CCNC(=O)C(O)C(C)(C)COP(=O)(O)OP(=O)(O)OCC1OC(n2cnc3c(N)ncnc32)C(O)C1OP(=O)(O)O,nonanoyl-CoA,8,58
4944,CCCCCCCCC(C)C(O)C(=O)SCCNC(=O)CCNC(=O)C(O)C(C)(C)COP(=O)(O)OP(=O)(O)OCC1OC(n2cnc3c(N)ncnc32)C(O)C1OP(=O)(O)O,2-hydroxy-3-methylundecanoyl-CoA,2,62
4945,CCCCCCCCC(C)CC(=O)O,3-methylundecanoate,2,14
4946,CCCCCCCCC(C)CC(=O)SCCNC(=O)CCNC(=O)C(O)C(C)(C)COP(=O)(O)OP(=O)(O)OCC1OC(n2cnc3c(N)ncnc32)C(O)C1OP(=O)(O)O,3-methylundecanoyl-CoA,4,61
4947,CCCCCCCCC(C=CC=CCC=CCCCC(=O)O)OO,"(12S)-hydroperoxy-(5Z,8Z,10E)-eicosatrienoate",2,24
4948,CCCCCCCCC(C=CCCCCCCC(=O)O)OO,"(8E,10S)-10-hydroperoxy-octadeca-8-enoate",4,22
4949,CCCCCCCCC(O)C#N,(2S)-2-hydroxydecanenitrile,2,12
4950,CCCCCCCCC(O)C(=O)SCCNC(=O)CCNC(=O)C(O)C(C)(C)COP(=O)(O)OP(=O)(O)OCC1OC(n2cnc3c(N)ncnc32)C(O)C1OP(=O)(O)O,2-hydroxydecanoyl-CoA,2,60
4951,CCCCCCCCC(O)C(CCCCCCCC(=O)O)OP(=O)(O)O,"(9S,10S)-10-hydroxy-9-(phosphooxy)octadecanoate",2,26
4952,CCCCCCCCC(O)C(O)CCCCCCCC(=O)O,"(9S,10S)-9,10-dihydroxyoctadecanoate",4,22
4953,CCCCCCCCC(O)CCCCCCCCC(=O)O,(R)-10-hydroxyoctadecanoate,10,21
4954,CCCCCCCCC1OC1CCCCCCCC(=O)O,"9,10-epoxyoctadecanoate",4,21
4955,CCCCCCCCC=CC(CCCCCCC(=O)O)OO,(8R)-hydroperoxy-(9Z)-octadecenoate,2,22
4956,CCCCCCCCC=CC=CCC(=O)O,"(3E,5Z)-tetradecadienoate",2,16
4957,CCCCCCCCC=CC=CCC(=O)SCCNC(=O)CCNC(=O)C(O)C(C)(C)COP(=O)(O)OP(=O)(O)OCC1OC(n2cnc3c(N)ncnc32)C(O)C1OP(=O)(O)O,"(3E,5Z)-tetradecadienoyl-CoA",6,63
4958,CCCCCCCCC=CCC(=O)CC(=O)SCCNC(=O)CCNC(=O)C(O)C(C)(C)COP(=O)(O)OP(=O)(O)OCC1OC(n2cnc3c(N)ncnc32)C(O)C1OP(=O)(O)O,3-oxo-(5Z-tetradecenoyl)-CoA,4,64
4959,CCCCCCCCC=CCC(=O)SCCNC(=O)CCNC(=O)C(O)C(C)(C)COP(=O)(O)OP(=O)(O)OCC1OC(n2cnc3c(N)ncnc32)C(O)C1OP(=O)(O)O,(3Z)-dodecenoyl-CoA,4,61
4960,CCCCCCCCC=CCC(O)CC(=O)SCCNC(=O)CCNC(=O)C(O)C(C)(C)COP(=O)(O)OP(=O)(O)OCC1OC(n2cnc3c(N)ncnc32)C(O)C1OP(=O)(O)O,(3S)-hydroxy-(5Z-tetradecenoyl)-CoA,4,64
4961,CCCCCCCCC=CCC=CC(=O)SCCNC(=O)CCNC(=O)C(O)C(C)(C)COP(=O)(O)OP(=O)(O)OCC1OC(n2cnc3c(N)ncnc32)C(O)C1OP(=O)(O)O,"(2E,5Z)-tetradecadienoyl-CoA",4,63
4962,CCCCCCCCC=CCC=CCC=CCCCC(=O)O,"(5Z,8Z,11Z)-eicosatrienoate",2,22
4963,CCCCCCCCC=CCC=CCC=CCCCC(=O)OC(COC(=O)CCCCCCCCCCCCCCC)COP(=O)(O)OCC[N+](C)(C)C,"1-hexadecanoyl-2-(5Z,8Z,11Z-eicosatrienoyl)-sn-glycero-3-phosphocholine",2,54
4964,CCCCCCCCC=CCC=CCC=CCCCC(=O)OC1CCC2(C)C(=CCC3C2CCC2(C)C(C(C)CCCC(C)C)CCC32)C1,"cholesteryl (5Z,8Z,11Z)-eicosatrienoate",2,49
4965,CCCCCCCCC=CCCCC(=O)CC(=O)SCCNC(=O)CCNC(=O)C(O)C(C)(C)COP(=O)(O)OP(=O)(O)OCC1OC(n2cnc3c(N)ncnc32)C(O)C1OP(=O)(O)O,3-oxo-(7Z-hexadecenoyl)-CoA,4,66
4966,CCCCCCCCC=CCCCC(=O)OC(CC(=O)O)C[N+](C)(C)C,O-(5Z)-tetradecenoyl-(R)-carnitine,2,26
4967,CCCCCCCCC=CCCCC(=O)SCCNC(=O)CCNC(=O)C(O)C(C)(C)COP(=O)(O)OP(=O)(O)OCC1OC(n2cnc3c(N)ncnc32)C(O)C1OP(=O)(O)O,(5Z)-tetradecenoyl-CoA,4,63
4968,CCCCCCCCC=CCCCC(O)CC(=O)SCCNC(=O)CCNC(=O)C(O)C(C)(C)COP(=O)(O)OP(=O)(O)OCC1OC(n2cnc3c(N)ncnc32)C(O)C1OP(=O)(O)O,(3S)-hydroxy-(7Z-hexadecenoyl)-CoA,4,66
4969,CCCCCCCCC=CCCCC=CC(=O)SCCNC(=O)CCNC(=O)C(O)C(C)(C)COP(=O)(O)OP(=O)(O)OCC1OC(n2cnc3c(N)ncnc32)C(O)C1OP(=O)(O)O,"(2E,7Z)-hexadecadienoyl-CoA",2,65
4970,CCCCCCCCC=CCCCCCC(=O)CC(=O)SCCNC(=O)CCNC(=O)C(O)C(C)(C)COP(=O)(O)OP(=O)(O)OCC1OC(n2cnc3c(N)ncnc32)C(O)C1OP(=O)(O)O,3-oxo-(9Z-octadecenoyl)-CoA,4,68
4971,CCCCCCCCC=CCCCCCC(=O)SCCNC(=O)CCNC(=O)C(O)C(C)(C)COP(=O)(O)OP(=O)(O)OCC1OC(n2cnc3c(N)ncnc32)C(O)C1OP(=O)(O)O,(7Z)-hexadecenoyl-CoA,2,65
4972,CCCCCCCCC=CCCCCCC(O)CC(=O)SCCNC(=O)CCNC(=O)C(O)C(C)(C)COP(=O)(O)OP(=O)(O)OCC1OC(n2cnc3c(N)ncnc32)C(O)C1OP(=O)(O)O,(3S)-hydroxy-(9Z-octadecenoyl)-CoA,4,68
4973,CCCCCCCCC=CCCCCCC=CC(=O)SCCNC(=O)CCNC(=O)C(O)C(C)(C)COP(=O)(O)OP(=O)(O)OCC1OC(n2cnc3c(N)ncnc32)C(O)C1OP(=O)(O)O,"(2E,9E)-octadecadienoyl-CoA",2,67
4974,CCCCCCCCC=CCCCCCCC(OO)C(=O)O,"(2R,9Z)-2-hydroperoxyoctadecenoate",2,22
4975,CCCCCCCCC=CCCCCCCCC(=O)CC(=O)SCCNC(=O)CCNC(=O)C(O)C(C)(C)COP(=O)(O)OP(=O)(O)OCC1OC(n2cnc3c(N)ncnc32)C(O)C1OP(=O)(O)O,3-oxo-(11Z)-eicosenoyl-CoA,4,70
4976,CCCCCCCCC=CCCCCCCCC(=O)NC(C(=O)O)C(C)CC,N-(9Z-octadecenoyl)-L-isoleucine,2,28
4977,CCCCCCCCC=CCCCCCCCC(=O)NC(CC(C)C)C(=O)O,N-(9Z-octadecenoyl)-L-leucine,2,28
4978,CCCCCCCCC=CCCCCCCCC(=O)NC(CC(N)=O)C(=O)O,N-(9Z-octadecenoyl)-L-asparagine,2,28
4979,CCCCCCCCC=CCCCCCCCC(=O)NC(CCC(=O)O)C(=O)O,N-(9Z-octadecenoyl)-L-glutamate,2,29
4980,CCCCCCCCC=CCCCCCCCC(=O)NC(CCC(N)=O)C(=O)O,N-(9Z-octadecenoyl)-L-glutamine,2,29
4981,CCCCCCCCC=CCCCCCCCC(=O)NC(CCCCN)C(=O)O,N-(9Z-octadecenoyl)-L-lysine,2,29
4982,CCCCCCCCC=CCCCCCCCC(=O)NC(CCSC)C(=O)O,N-(9Z-octadecenoyl)-L-methionine,2,28
4983,CCCCCCCCC=CCCCCCCCC(=O)NC(CO)C(=O)O,N-(9Z-octadecenoyl)-L-serine,2,26
4984,CCCCCCCCC=CCCCCCCCC(=O)NC(CO)C(O)C(O)CCCCCCCCCCCCCC,N-(9Z-octadecenoyl)-(4R)-hydroxysphinganine,2,41
4985,CCCCCCCCC=CCCCCCCCC(=O)NC(CO)C(O)C=CCCCCCCCCCCCCC,N-(9Z-octadecenoyl)-sphing-4-enine,8,40
4986,CCCCCCCCC=CCCCCCCCC(=O)NC(CO)C(O)CCCCCCCCCCCCCCC,N-(9Z-octadecenoyl)-sphinganine,4,40
4987,CCCCCCCCC=CCCCCCCCC(=O)NC(COC1OC(CO)C(O)C(O)C1O)C(O)C=CCCCCCCCCCCCCC,beta-D-glucosyl-N-(9Z-octadecenoyl)-sphing-4E-enine,2,51
4988,CCCCCCCCC=CCCCCCCCC(=O)NC(COC1OCC(O)C(O)C1O)C(O)C=CCCCCCCCCCCCCC,beta-D-xylosyl-(1<->1')-N-(9Z-octadecenoyl)-sphing-4-enine,4,49
4989,CCCCCCCCC=CCCCCCCCC(=O)NC(Cc1c[nH]c2ccccc12)C(=O)O,N-(9Z-octadecenoyl)-L-tryptophan,2,34
4990,CCCCCCCCC=CCCCCCCCC(=O)NC(Cc1ccc(O)cc1)C(=O)O,N-(9Z-octadecenoyl)-L-tyrosine,2,32
4991,CCCCCCCCC=CCCCCCCCC(=O)NC(Cc1ccccc1)C(=O)O,N-(9Z-octadecenoyl)-L-phenylalanine,2,31
4992,CCCCCCCCC=CCCCCCCCC(=O)NC(O)C(=O)O,N-(9Z-octadecenoyl)-(2S)-hydroxyglycine,2,25
4993,CCCCCCCCC=CCCCCCCCC(=O)NCC(=O)O,N-(9Z-octadecenoyl)glycine,4,24
4994,CCCCCCCCC=CCCCCCCCC(=O)NCCO,N-(9Z-octadecenoyl) ethanolamine,12,23
4995,CCCCCCCCC=CCCCCCCCC(=O)NCCOP(=O)(O)O,N-(9Z-octadecenoyl)-ethanolamine phosphate,2,27
4996,CCCCCCCCC=CCCCCCCCC(=O)NCCOP(=O)(O)OCC(COC(=O)CCCCCCCC=CCCCCCCCC)OC(=O)CCCCCCCC=CCCCCCCCC,"N,1,2-tri-(9Z-octadecenoyl)-sn-glycero-3-phosphoethanolamine",6,70
4997,CCCCCCCCC=CCCCCCCCC(=O)NCCOP(=O)(O)OCC(COC(=O)CCCCCCCCCCCCCCCC)OC(=O)CCCCCCCCCCCCCCCC,"1,2-diheptadecanoyl-sn-glycero-3-phospho-N-(9Z-octadecenoyl)-ethanolamine",2,68
4998,CCCCCCCCC=CCCCCCCCC(=O)NCCOP(=O)(O)OCC(O)CO,N-(9Z-octadecenoyl)-sn-glycero-3-phosphoethanolamine,4,32
4999,CCCCCCCCC=CCCCCCCCC(=O)NCCOP(=O)(O)OCC(O)COC(=O)CCCCCCCC=CCCCCCCCC,"N,1-di-(9Z-octadecenoyl)-sn-glycero-3-phosphoethanolamine",4,51
5000,CCCCCCCCC=CCCCCCCCC(=O)NCCOP(=O)(O)OCC(O)COC=CCCCCCCCCCCCCCCCC,1-O-(1Z-octadecenyl)-sn-glycero-3-phospho-(N-9Z-octadecenoyl)-ethanolamine,2,50
5001,CCCCCCCCC=CCCCCCCCC(=O)NCCS(=O)(=O)O,N-(9Z-octadecenoyl)-taurine,2,26
5002,CCCCCCCCC=CCCCCCCCC(=O)NCCc1c[nH]c2ccc(O)cc12,N-(9Z-octadecenoyl)-serotonin,2,32
5003,CCCCCCCCC=CCCCCCCCC(=O)NCCc1ccc(O)c(O)c1,N-(9Z-octadecanoyl)-dopamine,2,30
5004,CCCCCCCCC=CCCCCCCCC(=O)O,(9Z)-octadecenoate,174,20
5005,CCCCCCCCC=CCCCCCCCC(=O)OC(CC(=O)O)C[N+](C)(C)C,O-(9Z)-octadecenoyl-(R)-carnitine,2,30
5006,CCCCCCCCC=CCCCCCCCC(=O)OC(CCCCC)CCCCCCCCCCCC(=O)O,13-(9Z-octadecenoyloxy)-octadecanoate,2,40
5007,CCCCCCCCC=CCCCCCCCC(=O)OC(CCCCCC)CCCCCCCCCCC(=O)O,12-(9Z-octadecenoyloxy)-octadecanoate,2,40
5008,CCCCCCCCC=CCCCCCCCC(=O)OC(CCCCCCCCC)CCCCCCCC(=O)O,9-(9Z-octadecenoyloxy)-octadecanoate,12,40
5009,CCCCCCCCC=CCCCCCCCC(=O)OC(CCCCCCCCCCCCC)CCCC(=O)O,5-(9Z-octadecenoyloxy)-octadecanoate,2,40
5010,CCCCCCCCC=CCCCCCCCC(=O)OC(CO)CO,2-(9Z-octadecenoyl)-glycerol,34,25
5011,CCCCCCCCC=CCCCCCCCC(=O)OC(CO)COC(=O)CCC,1-butanoyl-2-(9Z)-octadecenoyl-sn-glycerol,2,30
5012,CCCCCCCCC=CCCCCCCCC(=O)OC(CO)COC(=O)CCCCCCC,1-octanoyl-2-(9Z)-octadecenoyl-sn-glycerol,2,34
5013,CCCCCCCCC=CCCCCCCCC(=O)OC(CO)COC(=O)CCCCCCCCC,1-decanoyl-2-(9Z-octadecenoyl)-glycerol,2,36
5014,CCCCCCCCC=CCCCCCCCC(=O)OC(CO)COC(=O)CCCCCCCCCCC,1-dodecanoyl-2-(9Z)-octadecenoyl-sn-glycerol,4,38
5015,CCCCCCCCC=CCCCCCCCC(=O)OC(CO)COC(=O)CCCCCCCCCCCCC,1-tetradecanoyl-2-(9Z)-octadecenoyl-sn-glycerol,4,40
5016,CCCCCCCCC=CCCCCCCCC(=O)OC(CO)COC(=O)CCCCCCCCCCCCCCC,1-hexadecanoyl-2-(9Z-octadecenoyl)-sn-glycerol,22,42
5017,CCCCCCCCC=CCCCCCCCC(=O)OC(CO)COC(=O)CCCCCCCCCCCCCCCCC,1-octadecanoyl-2-(9Z-octadecenoyl)-sn-glycerol,12,44
5018,CCCCCCCCC=CCCCCCCCC(=O)OC(CO)COC(=O)CCCCCCCCCCCCCCCCCCC,1-eicosanoyl-2-(9Z)-octadecenoyl-sn-glycerol,2,46
5019,CCCCCCCCC=CCCCCCCCC(=O)OC(CO)COCCCCCCCCCCCCCCCC,1-O-hexadecyl-2-(9Z-octadecenoyl)-sn-glycerol,4,41
5020,CCCCCCCCC=CCCCCCCCC(=O)OC(CO)COP(=O)(O)O,2-(9Z-octadecenoyl)-sn-glycero-3-phosphate,10,29
5021,CCCCCCCCC=CCCCCCCCC(=O)OC(CO)COP(=O)(O)OC1C(O)C(O)C(O)C(O)C1O,2-(9Z-octadecenoyl)-sn-glycero-3-phospho-1D-myo-inositol,2,40
5022,CCCCCCCCC=CCCCCCCCC(=O)OC(CO)COP(=O)(O)OCC(CO)OC(=O)CCCCCCCC=CCCCCCCCC,"(S,S)-2-(9Z-octadecenoyl)-sn-glycero-1-phospho-(2'-(9Z-octadecenoyl)-1'-sn-glycerol)",2,53
5023,CCCCCCCCC=CCCCCCCCC(=O)OC(CO)COP(=O)(O)OCC(N)C(=O)O,2-(9Z-octadecenoyl)-sn-glycero-3-phospho-L-serine,10,35
5024,CCCCCCCCC=CCCCCCCCC(=O)OC(CO)COP(=O)(O)OCC(O)CO,"(S,S)-2-(9Z-octadecenoyl)-sn-glycero-1-phospho-(1'-sn-glycerol)",6,34
5025,CCCCCCCCC=CCCCCCCCC(=O)OC(CO)COP(=O)(O)OCCN,2-(9Z-octadecenoyl)-sn-glycero-3-phosphoethanolamine,10,32
5026,CCCCCCCCC=CCCCCCCCC(=O)OC(CO)COP(=O)(O)OCC[N+](C)(C)C,2-(9Z-octadecenoyl)-sn-glycero-3-phosphocholine,16,35
5027,CCCCCCCCC=CCCCCCCCC(=O)OC(COC(=O)CCCCCCCCCCCCC)COP(=O)(O)O,1-tetradecanoyl-2-(9Z)-octadecenoyl-sn-glycero-3-phosphate,2,44
5028,CCCCCCCCC=CCCCCCCCC(=O)OC(COC(=O)CCCCCCCCCCCCC)COP(=O)(O)OCC(O)CO,1-tetradecanoyl-2-(9Z-octadecenoyl)-sn-glycero-3-phospho-(1'-sn-glycerol),2,49
5029,CCCCCCCCC=CCCCCCCCC(=O)OC(COC(=O)CCCCCCCCCCCCC)COP(=O)(O)OCCN,1-tetradecanoyl-2-(9Z-octadecenoyl)-sn-glycero-3-phosphoethanolamine,2,47
5030,CCCCCCCCC=CCCCCCCCC(=O)OC(COC(=O)CCCCCCCCCCCCCCC)COC(=O)CCCCCCCCCCCCCCC,"1,3-dihexadecanoyl-2-(9Z-octadecenoyl)glycerol",6,59
5031,CCCCCCCCC=CCCCCCCCC(=O)OC(COC(=O)CCCCCCCCCCCCCCC)COC(=O)CCCCCCCCCCCCCCCCC,1-hexadecanoyl-2-(9Z)-octadecenoyl-3-octadecanoyl-sn-glycerol,6,61
5032,CCCCCCCCC=CCCCCCCCC(=O)OC(COC(=O)CCCCCCCCCCCCCCC)COP(=O)(O)O,1-hexadecanoyl-2-(9Z-octadecenoyl)-sn-glycero-3-phosphate,10,46
5033,CCCCCCCCC=CCCCCCCCC(=O)OC(COC(=O)CCCCCCCCCCCCCCC)COP(=O)(O)OC1C(O)C(O)C(O)C(O)C1O,1-hexadecanoyl-2-(9Z-octadecenoyl)-sn-glycero-3-phospho-(1D-myo-inositol),4,57
5034,CCCCCCCCC=CCCCCCCCC(=O)OC(COC(=O)CCCCCCCCCCCCCCC)COP(=O)(O)OCC(N)C(=O)O,1-hexadecanoyl-2-(9Z-octadecenoyl)-sn-glycero-3-phospho-L-serine,10,52
5035,CCCCCCCCC=CCCCCCCCC(=O)OC(COC(=O)CCCCCCCCCCCCCCC)COP(=O)(O)OCC(O)CO,1-hexadecanoyl-2-(9Z-octadecenoyl)-sn-glycero-3-phospho-(1'-sn-glycerol),6,51
5036,CCCCCCCCC=CCCCCCCCC(=O)OC(COC(=O)CCCCCCCCCCCCCCC)COP(=O)(O)OCCN,1-hexadecanoyl-2-(9Z-octadecenoyl)-sn-glycero-3-phosphoethanolamine,16,49
5037,CCCCCCCCC=CCCCCCCCC(=O)OC(COC(=O)CCCCCCCCCCCCCCC)COP(=O)(O)OCC[N+](C)(C)C,1-hexadecanoyl-2-(9Z-octadecenoyl)-sn-glycero-3-phosphocholine,22,52
5038,CCCCCCCCC=CCCCCCCCC(=O)OC(COC(=O)CCCCCCCCCCCCCCCC)COP(=O)(O)O,1-heptadecanoyl-2-(9Z)-octadecenoyl-sn-glycero-3-phosphate,2,47
5039,CCCCCCCCC=CCCCCCCCC(=O)OC(COC(=O)CCCCCCCCCCCCCCCCC)COP(=O)(O)O,1-octadecanoyl-2-(9Z-octadecenoyl)-sn-glycero-3-phosphate,8,48
5040,CCCCCCCCC=CCCCCCCCC(=O)OC(COC(=O)CCCCCCCCCCCCCCCCC)COP(=O)(O)OC1C(O)C(O)C(O)C(O)C1O,1-octadecanoyl-2-(9Z)-octadecenoyl-sn-glycero-3-phospho-1D-myo-inositol,2,59
5041,CCCCCCCCC=CCCCCCCCC(=O)OC(COC(=O)CCCCCCCCCCCCCCCCC)COP(=O)(O)OC1C(O)C(O)C(O)C(OP(=O)(O)O)C1O,1-octadecanoyl-2-(9Z)-octadecenoyl-sn-glycero-3-phospho-1D-myo-inositol 5-phosphate,2,63
5042,CCCCCCCCC=CCCCCCCCC(=O)OC(COC(=O)CCCCCCCCCCCCCCCCC)COP(=O)(O)OC1C(O)C(O)C(OP(=O)(O)O)C(O)C1O,1-octadecanoyl-2-(9Z)-octadecenoyl-sn-glycero-3-phospho-1D-myo-inositol 4-phosphate,2,63
5043,CCCCCCCCC=CCCCCCCCC(=O)OC(COC(=O)CCCCCCCCCCCCCCCCC)COP(=O)(O)OC1C(O)C(O)C(OP(=O)(O)O)C(OP(=O)(O)O)C1O,"1-octadecanoyl-2-(9Z)-octadecenoyl-sn-glycero-3-phospho-1D-myo-inositol 4,5-bisphosphate",2,67
5044,CCCCCCCCC=CCCCCCCCC(=O)OC(COC(=O)CCCCCCCCCCCCCCCCC)COP(=O)(O)OCC(N)C(=O)O,1-octadecanoyl-2-(9Z-octadecenoyl)-sn-glycero-3-phospho-L-serine,6,54
5045,CCCCCCCCC=CCCCCCCCC(=O)OC(COC(=O)CCCCCCCCCCCCCCCCC)COP(=O)(O)OCC(NC(=O)CCCCCCCCCCCCCCC)C(=O)O,1-octadecanoyl-2-(9Z-octadecenoyl)-sn-glycero-3-phospho-(N-hexadecanoyl)-serine,2,71
5046,CCCCCCCCC=CCCCCCCCC(=O)OC(COC(=O)CCCCCCCCCCCCCCCCC)COP(=O)(O)OCC(O)CO,1-octadecanoyl-2-(9Z-octadecenoyl)-sn-glycero-3-phospho-(1'-sn-glycerol),6,53
5047,CCCCCCCCC=CCCCCCCCC(=O)OC(COC(=O)CCCCCCCCCCCCCCCCC)COP(=O)(O)OCCN,1-octadecanoyl-2-(9Z-octadecenoyl)-sn-glycero-3-phosphoethanolamine,6,51
5048,CCCCCCCCC=CCCCCCCCC(=O)OC(COC(=O)CCCCCCCCCCCCCCCCC)COP(=O)(O)OCC[N+](C)(C)C,1-octadecanoyl-2-(9Z-octadecenoyl)-sn-glycero-3-phosphocholine,14,54
5049,CCCCCCCCC=CCCCCCCCC(=O)OC(COC(=O)CCCCCCCCCCCCCCCCC)COP(=O)(O)OP(=O)(O)OCC1OC(n2ccc(N)nc2=O)C(O)C1O,1-octadecanoyl-2-(9Z-octadecenoyl)-sn-glycero-3-cytidine-5'-diphosphate,2,68
5050,CCCCCCCCC=CCCCCCCCC(=O)OC(COC(=O)CCCCCCCCCCCCCCCCCC)COP(=O)(O)OCC[N+](C)(C)C,1-nonadecanoyl-2-(9Z-octadecenoyl)-sn-glycero-3-phosphocholine,8,55
5051,CCCCCCCCC=CCCCCCCCC(=O)OC(COC(=O)CCCCCCCCCCCCCCCCCCC)COP(=O)(O)O,1-eicosanoyl-2-(9Z)-octadecenoyl-sn-glycero-3-phosphate,2,50
5052,CCCCCCCCC=CCCCCCCCC(=O)OC(COC=CCCCCCCCCCCCCCC)COP(=O)(O)OCC[N+](C)(C)C,1-O-(1Z-hexadecenyl)-2-(9Z-octadecenoyl)-sn-glycero-3-phosphocholine,2,51
5053,CCCCCCCCC=CCCCCCCCC(=O)OC(COC=CCCCCCCCCCCCCCCCC)COP(=O)(O)O,1-O-(1Z-octadecenoyl)-2-(9Z-octadecenoyl)-sn-glycero-3-phosphate,2,47
5054,CCCCCCCCC=CCCCCCCCC(=O)OC(COC=CCCCCCCCCCCCCCCCC)COP(=O)(O)OCC(N)C(=O)O,1-(1Z-octadecenyl)-2-(9Z-octadecenoyl)-sn-glycero-3-phospho-L-serine,2,53
5055,CCCCCCCCC=CCCCCCCCC(=O)OC(COC=CCCCCCCCCCCCCCCCC)COP(=O)(O)OCCN,1-(1Z-octadecenyl)-2-(9Z-octadecenoyl)-sn-glycero-3-phosphoethanolamine,4,50
5056,CCCCCCCCC=CCCCCCCCC(=O)OC(COC=CCCCCCCCCCCCCCCCC)COP(=O)(O)OCCNC(=O)CCCCCCCCCCCCCCC,1-O-(1Z-octadecenoyl)-2-(9Z-octadecenoyl)-sn-glycero-3-phospho-N-hexadecanoyl-ethanolamine,6,67
5057,CCCCCCCCC=CCCCCCCCC(=O)OC(COCCCCCCCCCCCCCCCC)COP(=O)(O)O,1-O-hexadecyl-2-(9Z-octadecenoyl)-sn-glycero-3-phosphate,2,45
5058,CCCCCCCCC=CCCCCCCCC(=O)OC(COCCCCCCCCCCCCCCCC)COP(=O)(O)OCCN,1-O-hexadecyl-2-(9Z-octadecenoyl)-sn-glycero-3-phosphoethanolamine,2,48
5059,CCCCCCCCC=CCCCCCCCC(=O)OC(COCCCCCCCCCCCCCCCC)COP(=O)(O)OCC[N+](C)(C)C,1-O-hexadecyl-2-(9Z)-octadecenoyl-sn-glycero-3-phosphocholine,4,51
5060,CCCCCCCCC=CCCCCCCCC(=O)OC1CCC2(C)C(=CCC3C2CCC2(C)C(C(C)CCCC(C)C)CCC32)C1,cholesteryl (9Z-octadecenoate),6,47
5061,CCCCCCCCC=CCCCCCCCC(=O)OCC,ethyl (9Z)-octadecenoate,2,22
5062,CCCCCCCCC=CCCCCCCCC(=O)OCC(=O)COP(=O)(O)O,1-(9Z)-octadecenoylglycerone 3-phosphate,4,29
5063,CCCCCCCCC=CCCCCCCCC(=O)OCC(CO)OC(=O)CCCCCCCC=CCCCCCCCC,"1,2-di-(9Z-octadecenoyl)-glycerol",66,44
5064,CCCCCCCCC=CCCCCCCCC(=O)OCC(CO)OC(=O)CCCCCCCCCCCCCCC,1-(9Z-octadecenoyl)-2-hexadecanoyl-sn-glycerol,6,42
5065,CCCCCCCCC=CCCCCCCCC(=O)OCC(CO)OC(=O)CCCCCCCCCCCCCCCCC,1-(9Z-octadecenoyl)-2-octadecanoyl-sn-glycerol,2,44
5066,CCCCCCCCC=CCCCCCCCC(=O)OCC(COC(=O)CCCCC)OC(=O)CCCCC,"1,2-dihexanoyl-3-(9Z-octadecenoyl)-sn-glycerol",2,39
5067,CCCCCCCCC=CCCCCCCCC(=O)OCC(COC(=O)CCCCCCCC=CCCCCCCCC)OC(=O)CCCCCCCC=CCCCCCCCC,"1,2,3-tri-(9Z-octadecenoyl)-glycerol",20,63
5068,CCCCCCCCC=CCCCCCCCC(=O)OCC(COC(=O)CCCCCCCC=CCCCCCCCC)OC(=O)CCCCCCCCCCCCCCC,"1,3-di-(9Z)-octadecenoyl-2-hexadecanoylglycerol",4,61
5069,CCCCCCCCC=CCCCCCCCC(=O)OCC(COC(=O)CCCCCCCCCCC)OC(=O)CCCCCCCC=CCCCCCCCC,"1,2-di-(9Z)-octadecenoyl-3-dodecanoyl-sn-glycerol",2,57
5070,CCCCCCCCC=CCCCCCCCC(=O)OCC(COC(=O)CCCCCCCCCCCCC)OC(=O)CCCCCCCC=CCCCCCCCC,"1,2-di-(9Z)-octadecenoyl-3-tetradecanoyl-sn-glycerol",2,59
5071,CCCCCCCCC=CCCCCCCCC(=O)OCC(COC(=O)CCCCCCCCCCCCCCC)OC(=O)CCCCCCCC=CCCCCCCCC,"1,2-di-(9Z)-octadecenoyl-3-hexadecanoyl-sn-glycerol",14,61
5072,CCCCCCCCC=CCCCCCCCC(=O)OCC(COC(=O)CCCCCCCCCCCCCCCCC)OC(=O)CCCCCCCC=CCCCCCCCC,"1,2-di-(9Z)-octadecenoyl-3-octadecanoyl-sn-glycerol",4,63
5073,CCCCCCCCC=CCCCCCCCC(=O)OCC(COC1OC(CO)C(O)C(O)C1O)OC(=O)CCCCCCCC=CCCCCCCCC,"1,2-di-(9Z-octadecenoyl)-3-beta-D-galactosyl-sn-glycerol",2,55
5074,CCCCCCCCC=CCCCCCCCC(=O)OCC(COC1OC(CO)C(O)C(O)C1O)OC(=O)CCCCCCCCCCCCCCC,1-(9Z-octadecenoyl)-2-hexadecanoyl-3-beta-D-galactosyl-sn-glycerol,2,53
5075,CCCCCCCCC=CCCCCCCCC(=O)OCC(COCCCCCCCCCCCCCCCC)OC(C)=O,1-O-hexadecyl-2-acetyl-3-(9Z)-octadecenoyl-sn-glycerol,2,44
5076,CCCCCCCCC=CCCCCCCCC(=O)OCC(COP(=O)(O)O)OC(=O)CCCCC=CCCCCCCCCCCC,1-(9Z)-octadecenoyl-2-(6Z)-octadecenoyl-sn-glycero-3-phosphate,2,48
5077,CCCCCCCCC=CCCCCCCCC(=O)OCC(COP(=O)(O)O)OC(=O)CCCCCCCC=CCCCCCCCC,"1,2-di-(9Z-octadecenoyl)-sn-glycero-3-phosphate",26,48
5078,CCCCCCCCC=CCCCCCCCC(=O)OCC(COP(=O)(O)O)OC(=O)CCCCCCCCCCC,1-(9Z)-octadecenoyl-2-dodecanoyl-sn-glycero-3-phosphate,2,42
5079,CCCCCCCCC=CCCCCCCCC(=O)OCC(COP(=O)(O)O)OC(=O)CCCCCCCCCCCCC,1-(9Z)-octadecenoyl-2-tetradecanoyl-sn-glycero-3-phosphate,2,44
5080,CCCCCCCCC=CCCCCCCCC(=O)OCC(COP(=O)(O)O)OC(=O)CCCCCCCCCCCCCC,1-(9Z)-octadecenoyl-2-pentadecanoyl-sn-glycero-3-phosphate,2,45
5081,CCCCCCCCC=CCCCCCCCC(=O)OCC(COP(=O)(O)O)OC(=O)CCCCCCCCCCCCCCC,1-(9Z)-octadecenoyl-2-hexadecanoyl-sn-glycero-3-phosphate,4,46
5082,CCCCCCCCC=CCCCCCCCC(=O)OCC(COP(=O)(O)O)OC(=O)CCCCCCCCCCCCCCCC,1-(9Z)-octadecenoyl-2-heptadecanoyl-sn-glycero-3-phosphate,2,47
5083,CCCCCCCCC=CCCCCCCCC(=O)OCC(COP(=O)(O)O)OC(=O)CCCCCCCCCCCCCCCCC,1-(9Z-octadecenoyl)-2-octadecanoyl-sn-glycero-3-phosphate,2,48
5084,CCCCCCCCC=CCCCCCCCC(=O)OCC(COP(=O)(O)O)OC(=O)CCCCCCCCCCCCCCCCCC,1-(9Z)-octadecenoyl-2-nonadecanoyl-sn-glycero-3-phosphate,2,49
5085,CCCCCCCCC=CCCCCCCCC(=O)OCC(COP(=O)(O)O)OC(=O)CCCCCCCCCCCCCCCCCCC,1-(9Z)-octadecenoyl-2-eicosanoyl-sn-glycero-3-phosphate,2,50
5086,CCCCCCCCC=CCCCCCCCC(=O)OCC(COP(=O)(O)OC1C(O)C(O)C(O)C(O)C1O)OC(=O)CCCCCCCC=CCCCCCCCC,"1,2-di-(9Z-octadecenoyl)-sn-glycero-3-phospho-1D-myo-inositol",2,59
5087,CCCCCCCCC=CCCCCCCCC(=O)OCC(COP(=O)(O)OC1C(O)C(O)C(O)C(OP(=O)(O)O)C1O)OC(=O)CCCCCCCC=CCCCCCCCC,"1,2-di-(9Z-octadecenoyl)-sn-glycero-3-phospho-(1D-myo-inositol-3-phosphate)",2,63
5088,CCCCCCCCC=CCCCCCCCC(=O)OCC(COP(=O)(O)OCC(N)C(=O)O)OC(=O)CCCCCCCC=CCCCCCCCC,"1,2-di-(9Z)-octadecenoyl-sn-glycero-3-phospho-L-serine",6,54
5089,CCCCCCCCC=CCCCCCCCC(=O)OCC(COP(=O)(O)OCC(N)C(=O)O)OC(=O)CCCCCCCCCCCCCCC,1-(9Z)-octadecenoyl-2-hexadecanoyl-sn-glycero-3-phosphoserine,2,52
5090,CCCCCCCCC=CCCCCCCCC(=O)OCC(COP(=O)(O)OCC(N)C(=O)O)OC(=O)CCCCCCCCCCCCCCCCC,1-(9Z-octadecenoyl)-2-octadecanoyl-sn-glycero-3-phospho-L-serine,2,54
5091,CCCCCCCCC=CCCCCCCCC(=O)OCC(COP(=O)(O)OCC(O)CO)OC(=O)CCCCCCCC=CCCCCCCCC,"1,2-di-(9Z-octadecenoyl)-sn-glycero-3-phospho-(1'-sn-glycerol)",8,53
5092,CCCCCCCCC=CCCCCCCCC(=O)OCC(COP(=O)(O)OCC(O)CO)OC(=O)CCCCCCCCCCC,1-(9Z-octadecenoyl)-2-dodecanoyl-sn-glycero-3-phospho-(1'-sn-glycerol),2,47
5093,CCCCCCCCC=CCCCCCCCC(=O)OCC(COP(=O)(O)OCC(O)CO)OC(=O)CCCCCCCCCCCCCCC,1-(9Z-octadecenoyl)-2-hexadecanoyl-sn-glycero-3-phospho-(1'-sn-glycerol),2,51
5094,CCCCCCCCC=CCCCCCCCC(=O)OCC(COP(=O)(O)OCC(O)COP(=O)(O)O)OC(=O)CCCCCCCC=CCCCCCCCC,"1,2-di-(9Z-octadecenoyl)-sn-glycero-3-phospho-(1'-sn-glycerol-3'-phosphate)",2,57
5095,CCCCCCCCC=CCCCCCCCC(=O)OCC(COP(=O)(O)OCC(O)COP(=O)(O)OCC(COC(=O)CCCCCCCC=CCCCCCCCC)OC(=O)CCCCCCCC=CCCCCCCCC)OC(=O)CCCCCCCC=CCCCCCCCC,"1',3'-bis[1,2-di-(9Z-octadecenoyl)-sn-glycero-3-phospho]-glycerol",8,100
5096,CCCCCCCCC=CCCCCCCCC(=O)OCC(COP(=O)(O)OCC(O)COP(=O)(O)OCC(COC(=O)CCCCCCCC=CCCCCCCCC)OC(=O)CCCCCCCCCCCCCCC)OC(=O)CCCCCCCC=CCCCCCCCC,"1'-[1,2-di-(9Z-octadecenoyl)-sn-glycero-3-phospho]-3'-[1-(9Z-octadecenoyl)-2-hexadecanoyl-sn-glycero-3-phospho]-glycerol",4,98
5097,CCCCCCCCC=CCCCCCCCC(=O)OCC(COP(=O)(O)OCCN(C)C)OC(=O)CCCCCCCC=CCCCCCCCC,"1,2-di-(9Z-octadecenoyl)-sn-glycero-3-phospho-N,N-dimethylethanolamine",4,53
5098,CCCCCCCCC=CCCCCCCCC(=O)OCC(COP(=O)(O)OCCN)OC(=O)CCCCCCCC=CCCCCCCCC,"1,2-di-(9Z-octadecenoyl)-sn-glycero-3-phosphoethanolamine",26,51
5099,CCCCCCCCC=CCCCCCCCC(=O)OCC(COP(=O)(O)OCCN)OC(=O)CCCCCCCCCCCCC,1-(9Z)-octadecenoyl-2-tetradecanoyl-sn-glycero-3-phosphoethanolamine,2,47
5100,CCCCCCCCC=CCCCCCCCC(=O)OCC(COP(=O)(O)OCCN)OC(=O)CCCCCCCCCCCCCCC,1-(9Z-octadecenoyl)-2-hexadecanoyl-sn-glycero-3-phosphoethanolamine,4,49
5101,CCCCCCCCC=CCCCCCCCC(=O)OCC(COP(=O)(O)OCCN)OC(=O)CCCCCCCCCCCCCCCCC,1-(9Z-octadecenoyl)-2-octadecanoyl-sn-glycero-3-phosphoethanolamine,2,51
5102,CCCCCCCCC=CCCCCCCCC(=O)OCC(COP(=O)(O)OCCNC(=O)CCCCCCCCCCC)OC(=O)CCCCCCCC=CCCCCCCCC,"N-dodecanoyl-1,2-di-(9Z-octadecenoyl)-sn-glycero-3-phosphoethanolamine",2,64
5103,CCCCCCCCC=CCCCCCCCC(=O)OCC(COP(=O)(O)OCCNC(=O)CCCCCCCCCCCCC)OC(=O)CCCCCCCC=CCCCCCCCC,"N-tetradecanoyl-1,2-di-(9Z-octadecenoyl)-sn-glycero-3-phosphoethanolamine",2,66
5104,CCCCCCCCC=CCCCCCCCC(=O)OCC(COP(=O)(O)OCCNC(=O)CCCCCCCCCCCCCCC)OC(=O)CCCCCCCC=CCCCCCCCC,"N-hexadecanoyl-1,2-di-(9Z-octadecenoyl)-sn-glycero-3-phosphoethanolamine",10,68
5105,CCCCCCCCC=CCCCCCCCC(=O)OCC(COP(=O)(O)OCCNC(=O)CCCCCCCCCCCCCCCCC)OC(=O)CCCCCCCC=CCCCCCCCC,"N-octadecanoyl-1,2-di-(9Z-octadecenoyl)-sn-glycero-3-phosphoethanolamine",4,70
5106,CCCCCCCCC=CCCCCCCCC(=O)OCC(COP(=O)(O)OCCNC)OC(=O)CCCCCCCC=CCCCCCCCC,"1,2-di-(9Z-octadecenoyl)-sn-glycero-3-phospho-N-methylethanolamine",4,52
5107,CCCCCCCCC=CCCCCCCCC(=O)OCC(COP(=O)(O)OCC[N+](C)(C)C)OC(=O)CCCCCCCC=CCCCCCCCC,"1,2-di-(9Z-octadecenoyl)-sn-glycero-3-phosphocholine",30,54
5108,CCCCCCCCC=CCCCCCCCC(=O)OCC(COP(=O)(O)OCC[N+](C)(C)C)OC(=O)CCCCCCCCCCCCCCC,1-(9Z-octadecenoyl)-2-hexadecanoyl-sn-glycero-3-phosphocholine,14,52
5109,CCCCCCCCC=CCCCCCCCC(=O)OCC(COP(=O)(O)OCC[N+](C)(C)C)OC(=O)CCCCCCCCCCCCCCCCC,1-(9Z)-octadecenoyl-2-octadecanoyl-sn-glycero-3-phosphocholine,6,54
5110,CCCCCCCCC=CCCCCCCCC(=O)OCC(COP(=O)(O)OCC[N+](C)(C)C)OC(C)=O,1-O-(9Z)-octadecenoyl-2-O-acetyl-sn-glycero-3-phosphocholine,2,38
5111,CCCCCCCCC=CCCCCCCCC(=O)OCC(COP(=O)(O)OP(=O)(O)O)OC(=O)CCCCCCCC=CCCCCCCCC,"1,2-di-(9Z-octadecenoyl)-sn-glycero-3-diphosphate",2,52
5112,CCCCCCCCC=CCCCCCCCC(=O)OCC(COP(=O)(O)OP(=O)(O)OCC1OC(n2ccc(N)nc2=O)C(O)C1O)OC(=O)CCCCCCCC=CCCCCCCCC,"1,2-di-(9Z-octadecenoyl)-sn-glycero-3-cytidine-5'-diphosphate",4,68
5113,CCCCCCCCC=CCCCCCCCC(=O)OCC(NC(C)=O)C(O)C=CCCCCCCCCCCCCC,1-(9Z-octadecenoyl)-N-(acetyl)-sphing-4-enine,16,43
5114,CCCCCCCCC=CCCCCCCCC(=O)OCC(O)CO,1-(9Z-octadecenoyl)-glycerol,26,25
5115,CCCCCCCCC=CCCCCCCCC(=O)OCC(O)COC(=O)CCCCCCC,1-octanoyl-3-(9Z-octadecenoyl)-glycerol,2,34
5116,CCCCCCCCC=CCCCCCCCC(=O)OCC(O)COC(=O)CCCCCCCC=CCCCCCCCC,"1,3-di-(9Z-octadecenoyl)-glycerol",14,44
5117,CCCCCCCCC=CCCCCCCCC(=O)OCC(O)COC(=O)CCCCCCCCC,1-decanoyl-3-(9Z-octadecenoyl)-glycerol,2,36
5118,CCCCCCCCC=CCCCCCCCC(=O)OCC(O)COC(=O)CCCCCCCCCCC,1-dodecanoyl-3-(9Z-octadecenoyl)-glycerol,2,38
5119,CCCCCCCCC=CCCCCCCCC(=O)OCC(O)COC(=O)CCCCCCCCCCCCC,1-tetradecanoyl-3-(9Z-octadecenoyl)-glycerol,2,40
5120,CCCCCCCCC=CCCCCCCCC(=O)OCC(O)COC(=O)CCCCCCCCCCCCCCC,1-(9Z)-octadecenoyl-3-hexadecanoyl-sn-glycerol,10,42
5121,CCCCCCCCC=CCCCCCCCC(=O)OCC(O)COC(=O)CCCCCCCCCCCCCCCCC,1-(9Z-octadecenoyl)-3-octadecanoyl-sn-glycerol,2,44
5122,CCCCCCCCC=CCCCCCCCC(=O)OCC(O)COCCCCCCCCCCCCCCCC,1-O-hexadecyl-3-(9Z)-octadecenoylglycerol,2,41
5123,CCCCCCCCC=CCCCCCCCC(=O)OCC(O)COP(=O)(O)O,1-(9Z-octadecenoyl)-sn-glycero-3-phosphate,56,29
5124,CCCCCCCCC=CCCCCCCCC(=O)OCC(O)COP(=O)(O)OC1C(O)C(O)C(O)C(O)C1O,1-(9Z-octadecenoyl)-sn-glycero-3-phospho-(1D-myo-inositol),4,40
5125,CCCCCCCCC=CCCCCCCCC(=O)OCC(O)COP(=O)(O)OCC(N)C(=O)O,1-(9Z-octadecenoyl)-sn-glycero-3-phospho-L-serine,18,35
5126,CCCCCCCCC=CCCCCCCCC(=O)OCC(O)COP(=O)(O)OCC(O)CO,1-(9Z-octadecenoyl)-sn-glycero-3-phospho-(1'-sn-glycerol),18,34
5127,CCCCCCCCC=CCCCCCCCC(=O)OCC(O)COP(=O)(O)OCC(O)COC(=O)CCCCCCCC=CCCCCCCCC,3-(9Z-octadecenoyl)-sn-glycero-1-phospho-(3'-(9Z-octadecenoyl)-1'-sn-glycerol),6,53
5128,CCCCCCCCC=CCCCCCCCC(=O)OCC(O)COP(=O)(O)OCC(O)COP(=O)(O)OCC(COC(=O)CCCCCCCC=CCCCCCCCC)OC(=O)CCCCCCCC=CCCCCCCCC,"1'-[1,2-di-(9Z-octadecenoyl)-sn-glycero-3-phospho]-3'-[1-(9Z-octadecenoyl)-sn-glycero-3-phospho]-glycerol",20,81
5129,CCCCCCCCC=CCCCCCCCC(=O)OCC(O)COP(=O)(O)OCC(O)COP(=O)(O)OCC(O)COC(=O)CCCCCCCC=CCCCCCCCC,"1',3'-bis-[1-(9Z-octadecenoyl)-sn-glycero-3-phospho]-glycerol",4,62
5130,CCCCCCCCC=CCCCCCCCC(=O)OCC(O)COP(=O)(O)OCCN,1-(9Z-octadecenoyl)-sn-glycero-3-phosphoethanolamine,24,32
5131,CCCCCCCCC=CCCCCCCCC(=O)OCC(O)COP(=O)(O)OCCNC(=O)CCCCCCCCCCCCCCC,N-hexadecanoyl-1-(9Z-octadecenoyl)-sn-glycero-3-phosphoethanolamine,6,49
5132,CCCCCCCCC=CCCCCCCCC(=O)OCC(O)COP(=O)(O)OCCNC(=O)CCCCCCCCCCCCCCCCC,N-octadecanoyl-1-(9Z-octadecenoyl)-sn-glycero-3-phosphoethanolamine,2,51
5133,CCCCCCCCC=CCCCCCCCC(=O)OCC(O)COP(=O)(O)OCCNC(=O)CCCCCCCCCCCCCCCCCCC,N-eicosanoyl-1-(9Z-octadecenoyl)-sn-glycero-3-phosphoethanolamine,2,53
5134,CCCCCCCCC=CCCCCCCCC(=O)OCC(O)COP(=O)(O)OCC[N+](C)(C)C,1-(9Z-octadecenoyl)-sn-glycero-3-phosphocholine,44,35
5135,CCCCCCCCC=CCCCCCCCC(=O)OCCCCCCCCCC,1-O-decyl-(9Z)-octadecenoate,2,30
5136,CCCCCCCCC=CCCCCCCCC(=O)OCCCCCCCCCCCCCCCC,hexadecanyl (9Z)-octadecenoate,2,36
5137,CCCCCCCCC=CCCCCCCCC(=O)OCCCCCCCCCCCCCCCC(C)C,1-O-16-methylheptadecyl (9Z)-octadecenoate,2,38
5138,CCCCCCCCC=CCCCCCCCC(=O)OCCCCCCCCCCCCCCCCCC,1-O-octadecyl (9Z)-octadecenoate,2,38
5139,CCCCCCCCC=CCCCCCCCC(=O)OCCCCCCCCCCCCCCCCCC(C)C,1-O-18-methylnonadecyl (9Z)-octadecenoate,2,40
5140,CCCCCCCCC=CCCCCCCCC(=O)OCCCCCCCCCCCCCCCCCCCC,1-O-eicosanyl (9Z)-octadecenoate,2,40
5141,CCCCCCCCC=CCCCCCCCC(=O)OCCCCCCCCCCCCCCCCCCCC(C)C,1-O-20-methylheneicosyl (9Z)-octadecenoate,2,42
5142,CCCCCCCCC=CCCCCCCCC(=O)OCCCCCCCCCCCCCCCCCCCCCC,1-O-docosyl (9Z)-octadecenoate,2,42
5143,CCCCCCCCC=CCCCCCCCC(=O)OCCCCCCCCCCCCCCCCCCCCCC(C)C,1-O-22-methyltricosyl (9Z)-octadecenoate,2,44
5144,CCCCCCCCC=CCCCCCCCC(=O)OCCCCCCCCCCCCCCCCCCCCCCCC,1-O-tetracosyl (9Z)-octadecenoate,2,44
5145,CCCCCCCCC=CCCCCCCCC(=O)OCCCCCCCCCCCCCCCCCCCCCCCC(C)C,1-O-24-methylpentacosyl (9Z)-octadecenoate,2,46
5146,CCCCCCCCC=CCCCCCCCC(=O)OCCCCCCCCCCCCCCCCCCCCCCCCCC,1-O-hexacosyl (9Z)-octadecenoate,2,46
5147,CCCCCCCCC=CCCCCCCCC(=O)SCCNC(=O)CCNC(=O)C(O)C(C)(C)COP(=O)(O)O,S-(9Z-octadecenoyl)-4'-phosphopantetheine,2,41
5148,CCCCCCCCC=CCCCCCCCC(=O)SCCNC(=O)CCNC(=O)C(O)C(C)(C)COP(=O)(O)OP(=O)(O)OCC1OC(n2cnc3c(N)ncnc32)C(O)C1OP(=O)(O)O,(9Z)-octadecenoyl-CoA,180,67
5149,CCCCCCCCC=CCCCCCCCC(N)=O,(9Z)-octadecenamide,4,20
5150,CCCCCCCCC=CCCCCCCCC(O)CC(=O)SCCNC(=O)CCNC(=O)C(O)C(C)(C)COP(=O)(O)OP(=O)(O)OCC1OC(n2cnc3c(N)ncnc32)C(O)C1OP(=O)(O)O,(3R)-hydroxy-(11Z)-eicosenoyl-CoA,4,70
5151,CCCCCCCCC=CCCCCCCCC=CC(=O)SCCNC(=O)CCNC(=O)C(O)C(C)(C)COP(=O)(O)OP(=O)(O)OCC1OC(n2cnc3c(N)ncnc32)C(O)C1OP(=O)(O)O,"(2E,11Z)-eicosadienoyl-CoA",4,69
5152,CCCCCCCCC=CCCCCCCCCCC(=O)CC(=O)SCCNC(=O)CCNC(=O)C(O)C(C)(C)COP(=O)(O)OP(=O)(O)OCC1OC(n2cnc3c(N)ncnc32)C(O)C1OP(=O)(O)O,3-oxo-(13Z)-docosenoyl-CoA,4,72
5153,CCCCCCCCC=CCCCCCCCCCC(=O)NC(CO)C(O)C(O)CCCCCCCCCCCCCC,N-(11Z-eicosenoyl)-(4R)-hydroxysphinganine,2,43
5154,CCCCCCCCC=CCCCCCCCCCC(=O)NC(CO)C(O)C=CCCCCCCCCCCCCC,N-(11Z-eicosenoyl)-sphing-4-enine,2,42
5155,CCCCCCCCC=CCCCCCCCCCC(=O)NC(CO)C(O)CCCCCCCCCCCCCCC,N-(11Z-eicosenoyl)-sphinganine,2,42
5156,CCCCCCCCC=CCCCCCCCCCC(=O)O,(11Z)-eicosenoate,10,22
5157,CCCCCCCCC=CCCCCCCCCCC(=O)OCC(O)CO,1-(11Z-eicosenoyl)-glycerol,2,27
5158,CCCCCCCCC=CCCCCCCCCCC(=O)SCCNC(=O)CCNC(=O)C(O)C(C)(C)COP(=O)(O)OP(=O)(O)OCC1OC(n2cnc3c(N)ncnc32)C(O)C1OP(=O)(O)O,(11Z)-eicosenoyl-CoA,4,69
5159,CCCCCCCCC=CCCCCCCCCCC(N)=O,(11Z)-eicosenamide,2,22
5160,CCCCCCCCC=CCCCCCCCCCC(O)CC(=O)SCCNC(=O)CCNC(=O)C(O)C(C)(C)COP(=O)(O)OP(=O)(O)OCC1OC(n2cnc3c(N)ncnc32)C(O)C1OP(=O)(O)O,(3R)-hydroxy-(13Z)-docosenoyl-CoA,4,72
5161,CCCCCCCCC=CCCCCCCCCCC=CC(=O)SCCNC(=O)CCNC(=O)C(O)C(C)(C)COP(=O)(O)OP(=O)(O)OCC1OC(n2cnc3c(N)ncnc32)C(O)C1OP(=O)(O)O,"(2E,13Z)-docosadienoyl-CoA",4,71
5162,CCCCCCCCC=CCCCCCCCCCCCC(=O)CC(=O)SCCNC(=O)CCNC(=O)C(O)C(C)(C)COP(=O)(O)OP(=O)(O)OCC1OC(n2cnc3c(N)ncnc32)C(O)C1OP(=O)(O)O,3-oxo-(15Z)-tetracosenoyl-CoA,4,74
5163,CCCCCCCCC=CCCCCCCCCCCCC(=O)NC(CO)C(O)C(O)CCCCCCCCCCCCCC,N-(13Z-docosenoyl)-4R-hydroxysphinganine,2,45
5164,CCCCCCCCC=CCCCCCCCCCCCC(=O)NC(CO)C(O)C=CCCCCCCCCCCCCC,N-(13Z-docosenoyl)-sphing-4-enine,2,44
5165,CCCCCCCCC=CCCCCCCCCCCCC(=O)NC(CO)C(O)CCCCCCCCCCCCCCC,N-(13Z-docosenoyl)-sphinganine,2,44
5166,CCCCCCCCC=CCCCCCCCCCCCC(=O)O,(13Z)-docosenoate,4,24
5167,CCCCCCCCC=CCCCCCCCCCCCC(=O)OCC(O)CO,1-(13Z-docosenoyl)-glycerol,2,29
5168,CCCCCCCCC=CCCCCCCCCCCCC(=O)SCCNC(=O)CCNC(=O)C(O)C(C)(C)COP(=O)(O)OP(=O)(O)OCC1OC(n2cnc3c(N)ncnc32)C(O)C1OP(=O)(O)O,(13Z)-docosenoyl-CoA,10,71
5169,CCCCCCCCC=CCCCCCCCCCCCC(N)=O,(13Z)-docosenamide,2,24
5170,CCCCCCCCC=CCCCCCCCCCCCC(O)CC(=O)SCCNC(=O)CCNC(=O)C(O)C(C)(C)COP(=O)(O)OP(=O)(O)OCC1OC(n2cnc3c(N)ncnc32)C(O)C1OP(=O)(O)O,(3R)-hydroxy-(15Z)-tetracosenoyl-CoA,4,74
5171,CCCCCCCCC=CCCCCCCCCCCCC=CC(=O)SCCNC(=O)CCNC(=O)C(O)C(C)(C)COP(=O)(O)OP(=O)(O)OCC1OC(n2cnc3c(N)ncnc32)C(O)C1OP(=O)(O)O,"(2E,15Z)-tetracosadienoyl-CoA",4,73
5172,CCCCCCCCC=CCCCCCCCCCCCCCC(=O)NC(CO)C(O)C=CCCCCCCCCCCCCC,N-(15Z-tetracosenoyl)-sphing-4-enine,8,46
5173,CCCCCCCCC=CCCCCCCCCCCCCCC(=O)NC(CO)C(O)CCCCCCCCCCCCCCC,N-(15Z-tetracosenoyl)-sphinganine,2,46
5174,CCCCCCCCC=CCCCCCCCCCCCCCC(=O)NC(COC1OC(CO)C(O)C(O)C1O)C(O)C=CCCCCCCCCCCCCC,beta-D-glucosyl-(1<->1')-N-(15Z-tetracosenoyl)-sphing-4-enine,2,57
5175,CCCCCCCCC=CCCCCCCCCCCCCCC(=O)NC(COP(=O)(O)OCC[N+](C)(C)C)C(O)C=CCCCCCCCCCCCCC,N-(15Z-tetracosenoyl)sphing-4-enine-1-phosphocholine,2,56
5176,CCCCCCCCC=CCCCCCCCCCCCCCC(=O)NCCO,N-(15Z-tetracosenoyl)-ethanolamine,2,29
5177,CCCCCCCCC=CCCCCCCCCCCCCCC(=O)NCCS(=O)(=O)O,N-(15Z-tetracosenoyl)-taurine,2,32
5178,CCCCCCCCC=CCCCCCCCCCCCCCC(=O)O,(15Z)-tetracosenoate,10,26
5179,CCCCCCCCC=CCCCCCCCCCCCCCC(=O)OCC(O)CO,1-(15Z-tetracosenoyl)-glycerol,2,31
5180,CCCCCCCCC=CCCCCCCCCCCCCCC(=O)SCCNC(=O)CCNC(=O)C(O)C(C)(C)COP(=O)(O)OP(=O)(O)OCC1OC(n2cnc3c(N)ncnc32)C(O)C1OP(=O)(O)O,(15Z)-tetracosenoyl-CoA,6,73
5181,CCCCCCCCC=CCCCCCCCCCCCCCC(N)=O,(15Z)-tetracosenamide,2,26
5182,CCCCCCCCC=CCCCCCCCCCCCCCCCC(=O)NC(CO)C(O)CCCCCCCCCCCCCCC,N-[(17Z)-hexacosenoyl]dihydrosphingosine,2,48
5183,CCCCCCCCC=CCCCCCCCCCCCCCCCC(=O)SCCNC(=O)CCNC(=O)C(O)C(C)(C)COP(=O)(O)OP(=O)(O)OCC1OC(n2cnc3c(N)ncnc32)C(O)C1OP(=O)(O)O,(17Z)-hexacosenoyl-CoA,2,75
5184,CCCCCCCCC=CCCCCCCCCO,(9Z)-octadecen-1-ol,6,19
5185,CCCCCCCCC=CCCCCCCCCOC(=O)CCCCCCCC=CCCCCCCCC,1-O-(9Z)-octadecenyl (9Z)-octadecenoate,2,38
5186,CCCCCCCCC=CCCCCCCCCOCC(=O)COP(=O)(O)O,1-O-(9Z)-octadecenylglycerone 3-phosphate,2,28
5187,CCCCCCCCC=CCCCCCCCCOCC(COC(=O)CCCCCCCC=CCCCCCCCC)OC(=O)CCCCCCCC=CCCCCCCCC,"1-O-(9Z-octadecenyl)-2,3-di-(9Z-octadecenoyl)glycerol",2,62
5188,CCCCCCCCC=CCCCCCCCCOCC(O)CO,1-O-(9Z-octadecenyl)-glycerol,2,24
5189,CCCCCCCCC=CCCCCCCCCOCC(O)COC(=O)CCCCCCCC=CCCCCCCCC,1-O-(9Z-octadecyl)-3-(9Z-octadecenoyl)-glycerol,4,43
5190,CCCCCCCCC=CCCCCCCCCOCC(O)COP(=O)(O)O,1-O-(9Z-octadecenyl)-sn-glycero-3-phosphate,4,28
5191,CCCCCCCCC=CCCCCCCCCOCC(O)COP(=O)(O)OCC[N+](C)(C)C,1-O-(9Z-octadecenyl)-sn-glycero-3-phosphocholine,2,34
5192,CCCCCCCCC=O,nonanal,12,10
5193,CCCCCCCCCC(=O)CC(=O)O,3-oxododecanoate,4,15
5194,CCCCCCCCCC(=O)CC(=O)SCCNC(=O)CCNC(=O)C(O)C(C)(C)COP(=O)(O)OP(=O)(O)OCC1OC(n2cnc3c(N)ncnc32)C(O)C1OP(=O)(O)O,3-oxododecanoyl-CoA,8,62
5195,CCCCCCCCCC(=O)NC(O)C(=O)O,N-decanoyl-(2S)-hydroxyglycine,2,17
5196,CCCCCCCCCC(=O)NCC(=O)O,N-decanoylglycine,2,16
5197,CCCCCCCCCC(=O)NCCO,N-decanoyl ethanolamine,2,15
5198,CCCCCCCCCC(=O)O,decanoate,18,12
5199,CCCCCCCCCC(=O)OC(CC(=O)O)C[N+](C)(C)C,O-decanoyl-(R)-carnitine,2,22
5200,CCCCCCCCCC(=O)OC1C(O)OC(COP(=O)(O)OP(=O)(O)OCC2OC(n3cnc4c(N)ncnc43)C(O)C2O)C1O,2''-O-decanoyl-ADP-D-ribose,2,47
5201,CCCCCCCCCC(=O)OCC(CO)OC(=O)CCCCCCCCC,"1,2-didecanoylglycerol",6,28
5202,CCCCCCCCCC(=O)OCC(COC(=O)CCCCCCCCC)OC(=O)CCCCCCCCC,tridecanoylglycerol,2,39
5203,CCCCCCCCCC(=O)OCC(COP(=O)(O)O)OC(=O)CCCCCCCCC,"1,2-didecanoyl-sn-glycero-3-phosphate",4,32
5204,CCCCCCCCCC(=O)OCC(COP(=O)(O)OCC[N+](C)(C)C)OC(=O)CCCCCCCCC,"1,2-didecanoyl-sn-glycero-3-phosphocholine",4,38
5205,CCCCCCCCCC(=O)OCC(O)CO,1-decanoylglycerol,6,17
5206,CCCCCCCCCC(=O)OCC(O)COP(=O)(O)O,1-decanoyl-sn-glycero-3-phosphate,2,21
5207,CCCCCCCCCC(=O)OCC(O)COP(=O)(O)OCC[N+](C)(C)C,1-decanoyl-sn-glycero-3-phosphocholine,2,27
5208,CCCCCCCCCC(=O)OCC=C(C)CCCC(C)CCCC(C)CCCC(C)C,decanoate phytyl ester,2,32
5209,CCCCCCCCCC(=O)OP(=O)(O)OCC1OC(n2cnc3c(N)ncnc32)C(O)C1O,decanoyl-AMP,4,34
5210,CCCCCCCCCC(=O)SCCNC(=O)CCNC(=O)C(O)C(C)(C)COP(=O)(O)O,decanoyl-4'-phosphopantetheine,2,33
5211,CCCCCCCCCC(=O)SCCNC(=O)CCNC(=O)C(O)C(C)(C)COP(=O)(O)OP(=O)(O)OCC1OC(n2cnc3c(N)ncnc32)C(O)C1OP(=O)(O)O,decanoyl-CoA,30,59
5212,CCCCCCCCCC(C)=O,2-undecanone,2,12
5213,CCCCCCCCCC(C)C(O)C(=O)SCCNC(=O)CCNC(=O)C(O)C(C)(C)COP(=O)(O)OP(=O)(O)OCC1OC(n2cnc3c(N)ncnc32)C(O)C1OP(=O)(O)O,2-hydroxy-3-methyldodecanoyl-CoA,2,63
5214,CCCCCCCCCC(C)CC(=O)SCCNC(=O)CCNC(=O)C(O)C(C)(C)COP(=O)(O)OP(=O)(O)OCC1OC(n2cnc3c(N)ncnc32)C(O)C1OP(=O)(O)O,3-methyldodecanoyl-CoA,2,62
5215,CCCCCCCCCC(CCCCCCCCCCCC(=O)O)OC1OC(CO)C(O)C(O)C1O,13-(beta-D-glucosyloxy)docosanoate,2,36
5216,CCCCCCCCCC(N)=O,decanamide,2,12
5217,CCCCCCCCCC(O)C(O)C(=O)O,"2,3-dihydroxydodecanoate",2,16
5218,CCCCCCCCCC(O)CC(=O)O,3-hydroxydodecanoate,4,15
5219,CCCCCCCCCC(O)CC(=O)SCCNC(=O)CCNC(=O)C(O)C(C)(C)COP(=O)(O)OP(=O)(O)OCC1OC(n2cnc3c(N)ncnc32)C(O)C1OP(=O)(O)O,(3S)-3-hydroxydodecanoyl-CoA,8,62
5220,CCCCCCCCCC(O)CCCCCCCC(=O)O,9-hydroxy-octadecanoate,32,21
5221,CCCCCCCCCC(O)CCCCCCCCCCCC(=O)O,13-hydroxydocosanoate,2,25
5222,CCCCCCCCCC=CC(=O)O,(2E)-dodecenoate,2,14
5223,CCCCCCCCCC=CC(=O)SCCNC(=O)CCNC(=O)C(O)C(C)(C)COP(=O)(O)OP(=O)(O)OCC1OC(n2cnc3c(N)ncnc32)C(O)C1OP(=O)(O)O,(2E)-dodecenoyl-CoA,12,61
5224,CCCCCCCCCC=CC=CC(=O)SCCNC(=O)CCNC(=O)C(O)C(C)(C)COP(=O)(O)OP(=O)(O)OCC1OC(n2cnc3c(N)ncnc32)C(O)C1OP(=O)(O)O,"(2E,4E)-tetradecadienoyl-CoA",4,63
5225,CCCCCCCCCC=CC=CC(CCCC(=O)O)OO,"(5S)-hydroperoxy-(6E,8Z)-octadecadienoate",4,22
5226,CCCCCCCCCC=CC=CC(O)CCCC(=O)O,"(5S)-hydroxy-(6E,8Z)-octadecadienoate",2,21
5227,CCCCCCCCCC=CC=O,(2E)-dodecenal,2,13
5228,CCCCCCCCCC=CCC=CCCCC(=O)O,"(5Z,8Z)-octadecadienoate",2,20
5229,CCCCCCCCCC=CCCC=CC(O)C(CO)NC(=O)CCCCCCCCCCCCCCC,"N-hexadecanoylsphinga-(4E,8E)-dienine",2,38
5230,CCCCCCCCCC=CCCC=CC(O)C(CO)NC(=O)CCCCCCCCCCCCCCCCCCCCCCC,"N-tetracosanoylsphinga-(4E,8Z)-dienine",2,46
5231,CCCCCCCCCC=CCCC=CC(O)C(N)CO,"sphinga-(4E,8E)-dienine",4,21
5232,CCCCCCCCCC=CCCCC(O)C(O)C(CO)NC(=O)CCCCCCCCCCCCCCCCCCCCCCC,N-tetracosanoyl-(4R)-hydroxysphing-(8E)-enine,2,47
5233,CCCCCCCCCC=CCCCC(O)C(O)C(N)CO,(4R)-hydroxysphing-(8E)-enine,2,22
5234,CCCCCCCCCC=O,decanal,10,11
5235,CCCCCCCCCCC(=O)C(=O)O,2-oxododecanoate,2,15
5236,CCCCCCCCCCC(=O)O,undecanoate,2,13
5237,CCCCCCCCCCC(=O)SCCNC(=O)CCNC(=O)C(O)C(C)(C)COP(=O)(O)OP(=O)(O)OCC1OC(n2cnc3c(N)ncnc32)C(O)C1OP(=O)(O)O,undecanoyl-CoA,2,60
5238,CCCCCCCCCCC(C(=O)O)C(O)(CC(=O)O)C(=O)O,"(2S,3S)-2-hydroxytridecane-1,2,3-tricarboxylate",2,23
5239,CCCCCCCCCCC(C(=O)O)C(O)(CCC(=O)O)C(=O)O,"(3S,4S)-3-hydroxytetradecane-1,3,4-tricarboxylate",2,24
5240,CCCCCCCCCCC(O)C(=O)O,2-hydroxydodecanoate,6,15
5241,CCCCCCCCCCC(O)C(=O)SCCNC(=O)CCNC(=O)C(O)C(C)(C)COP(=O)(O)OP(=O)(O)OCC1OC(n2cnc3c(N)ncnc32)C(O)C1OP(=O)(O)O,2-hydroxydodecanoyl-CoA,2,62
5242,CCCCCCCCCCC(OO)C(=O)O,(2R)-2-hydroperoxydodecanoate,2,16
5243,CCCCCCCCCCC=CCC(=O)SCCNC(=O)CCNC(=O)C(O)C(C)(C)COP(=O)(O)OP(=O)(O)OCC1OC(n2cnc3c(N)ncnc32)C(O)C1OP(=O)(O)O,(3Z)-tetradecenoyl-CoA,4,63
5244,CCCCCCCCCCC=CCCCCCC(=O)OC1CCC2(C)C(=CCC3C2CCC2(C)C(C(C)CCCC(C)C)CCC32)C1,cholesteryl (7Z)-octadecenoate,2,47
5245,CCCCCCCCCCC=CCCCCCC(=O)SCCNC(=O)CCNC(=O)C(O)C(C)(C)COP(=O)(O)OP(=O)(O)OCC1OC(n2cnc3c(N)ncnc32)C(O)C1OP(=O)(O)O,(7Z)-octadecenoyl-CoA,2,67
5246,CCCCCCCCCCC=O,undecanal,2,12
5247,CCCCCCCCCCCC(=O)C(N)CO,3-oxotetradecasphinganine,4,17
5248,CCCCCCCCCCCC(=O)CC(=O)SCCNC(=O)CCNC(=O)C(O)C(C)(C)COP(=O)(O)OP(=O)(O)OCC1OC(n2cnc3c(N)ncnc32)C(O)C1OP(=O)(O)O,3-oxotetradecanoyl-CoA,6,64
5249,CCCCCCCCCCCC(=O)NC(O)C(=O)O,N-dodecanoyl-(2S)-hydroxyglycine,2,19
5250,CCCCCCCCCCCC(=O)NCC(=O)O,N-dodecanoylglycine,2,18
5251,CCCCCCCCCCCC(=O)NCCO,N-dodecanoylethanolamine,4,17
5252,CCCCCCCCCCCC(=O)NCCS(=O)(=O)O,N-dodecanoyl-taurine,2,20
5253,CCCCCCCCCCCC(=O)O,dodecanoate,40,14
5254,CCCCCCCCCCCC(=O)OC(CC(=O)O)C[N+](C)(C)C,O-dodecanoyl-R-carnitine,2,24
5255,CCCCCCCCCCCC(=O)OC(CCCCCCCCCCC)CC(=O)NC1C(OCC2OC(OP(=O)(O)O)C(NC(=O)CC(O)CCCCCCCCCCC)C(OC(=O)CC(O)CCCCCCCCCCC)C2O)OC(COC2(C(=O)O)CC(OC3(C(=O)O)CC(O)C(O)C(C(O)CO)O3)C(O)C(C(O)CO)O2)C(OP(=O)(O)O)C1OC(=O)CC(O)CCCCCCCCCCC,alpha-Kdo-(2->4)-alpha-Kdo-(2->6)-(dodecanoyl)-lipid IVA (E. coli),4,138
5256,CCCCCCCCCCCC(=O)OC1C(O)OC(COP(=O)(O)OP(=O)(O)OCC2OC(n3cnc4c(N)ncnc43)C(O)C2O)C1O,2''-O-dodecanoyl-ADP-D-ribose,2,49
5257,CCCCCCCCCCCC(=O)OCC(CO)OC(=O)CCCCCCCCCCC,"2,3-didodecanoyl-sn-glycerol",2,32
5258,CCCCCCCCCCCC(=O)OCC(COC(=O)CCCCCCCCCCC)OC(=O)CCCCCCCCCCC,tridodecanoylglycerol,2,45
5259,CCCCCCCCCCCC(=O)OCC(O)CO,1-dodecanoyl-sn-glycerol,8,19
5260,CCCCCCCCCCCC(=O)OCC(O)COP(=O)(O)O,1-dodecanoyl-sn-glycerol 3-phosphate,4,23
5261,CCCCCCCCCCCC(=O)OCC(O)COP(=O)(O)OCC[N+](C)(C)C,1-dodecanoyl-sn-glycero-3-phosphocholine,8,29
5262,CCCCCCCCCCCC(=O)OCC=C(C)CCCC(C)CCCC(C)CCCC(C)C,dodecanoate phytyl ester,2,34
5263,CCCCCCCCCCCC(=O)OP(=O)(O)OCC1OC(n2cnc3c(N)ncnc32)C(O)C1O,dodecanoyl-AMP,4,36
5264,CCCCCCCCCCCC(=O)SCCNC(=O)CCNC(=O)C(O)C(C)(C)COP(=O)(O)O,S-dodecanoyl-4'-phosphopantetheine,2,35
5265,CCCCCCCCCCCC(=O)SCCNC(=O)CCNC(=O)C(O)C(C)(C)COP(=O)(O)OP(=O)(O)OCC1OC(n2cnc3c(N)ncnc32)C(O)C1OP(=O)(O)O,dodecanoyl-CoA,64,61
5266,CCCCCCCCCCCC(N)=O,dodecanamide,4,14
5267,CCCCCCCCCCCC(O)C(N)CO,tetradecasphinganine,2,17
5268,CCCCCCCCCCCC(O)CC(=O)NC1C(OCC2OC(OP(=O)(O)O)C(NC(=O)CC(O)CCCCCCCCCCC)C(OC(=O)CC(O)CCCCCCCCCCC)C2O)OC(CO)C(O)C1OC(=O)CC(O)CCCCCCCCCCC,lipid A disaccharide (E. coli),4,91
5269,CCCCCCCCCCCC(O)CC(=O)NC1C(OP(=O)(O)O)OC(CO)C(O)C1OC(=O)CC(O)CCCCCCCCCCC,"2-N,3-O-bis[(3R)-3-hydroxytetradecanoyl]-alpha-D-glucosaminyl 1-phosphate",4,48
5270,CCCCCCCCCCCC(O)CC(=O)NC1C(OP(=O)(O)O)OC(COC2OC(CO)C(OP(=O)(O)O)C(OC(=O)CC(O)CCCCCCCCCCC)C2NC(=O)CC(O)CCCCCCCCCCC)C(O)C1OC(=O)CC(O)CCCCCCCCCCC,lipid IVA (E. coli),4,95
5271,CCCCCCCCCCCC(O)CC(=O)NC1C(OP(=O)(O)O)OC(COC2OC(COC3(C(=O)O)CC(O)C(O)C(C(O)CO)O3)C(OP(=O)(O)O)C(OC(=O)CC(O)CCCCCCCCCCC)C2NC(=O)CC(O)CCCCCCCCCCC)C(O)C1OC(=O)CC(O)CCCCCCCCCCC,alpha-Kdo-(2->6)-lipid IVA (E. coli),6,110
5272,CCCCCCCCCCCC(O)CC(=O)NC1C(OP(=O)(O)O)OC(COC2OC(COC3(C(=O)O)CC(OC4(C(=O)O)CC(O)C(O)C(C(CO)OP(=O)(O)OCCN)O4)C(O)C(C(O)CO)O3)C(OP(=O)(O)O)C(OC(=O)CC(O)CCCCCCCCCCC)C2NC(=O)CC(O)CCCCCCCCCCC)C(O)C1OC(=O)CC(O)CCCCCCCCCCC,7-O-[2-aminoethoxy(hydroxy)phosphoryl]-alpha-Kdo-(2->4)-alpha-Kdo-(2->6)-lipid IVA (E. coli),2,132
5273,CCCCCCCCCCCC(O)CC(=O)NC1C(OP(=O)(O)O)OC(COC2OC(COC3(C(=O)O)CC(OC4(C(=O)O)CC(O)C(O)C(C(O)CO)O4)C(O)C(C(O)CO)O3)C(OP(=O)(O)O)C(OC(=O)CC(O)CCCCCCCCCCC)C2NC(=O)CC(O)CCCCCCCCCCC)C(O)C1OC(=O)CC(O)CCCCCCCCCCC,alpha-Kdo-(2->4)-alpha-Kdo-(2->6)-lipid IVA (E. coli),14,125
5274,CCCCCCCCCCCC(O)CC(=O)NC1C(OP(=O)(O)O)OC(COC2OC(COC3(C(=O)O)CC(OC4(C(=O)O)CC(O)C(O)C(C(O)COC5(C(=O)O)CC(O)C(O)C(C(O)CO)O5)O4)C(O)C(C(O)CO)O3)C(OP(=O)(O)O)C(OC(=O)CC(O)CCCCCCCCCCC)C2NC(=O)CC(O)CCCCCCCCCCC)C(O)C1OC(=O)CC(O)CCCCCCCCCCC,alpha-Kdo-(2->8)-alpha-Kdo-(2->4)-alpha-Kdo-(2->6)-lipid IVA (E. coli),4,140
5275,CCCCCCCCCCCC(O)CC(=O)NC1C(OP(=O)(O)O)OC(COC2OC(COC3(C(=O)O)CC(OC4(C(=O)O)CC(OC5(C(=O)O)CC(O)C(O)C(C(O)CO)O5)C(O)C(C(O)CO)O4)C(O)C(C(O)CO)O3)C(OP(=O)(O)O)C(OC(=O)CC(O)CCCCCCCCCCC)C2NC(=O)CC(O)CCCCCCCCCCC)C(O)C1OC(=O)CC(O)CCCCCCCCCCC,alpha-Kdo-(2->4)-alpha-Kdo-(2->4)-alpha-Kdo-(2->6)-lipid IVA,2,140
5276,CCCCCCCCCCCC(O)CC(=O)NC1C(OP(=O)(O)O)OC(COC2OC(COC3(C(=O)O)CC(OC4(C(=O)O)CC(OC5(C(=O)O)CC(O)C(O)C(C(O)CO)O5)C(O)C(C(O)COC5(C(=O)O)CC(O)C(O)C(C(O)CO)O5)O4)C(O)C(C(O)CO)O3)C(OP(=O)(O)O)C(OC(=O)CC(O)CCCCCCCCCCC)C2NC(=O)CC(O)CCCCCCCCCCC)C(O)C1OC(=O)CC(O)CCCCCCCCCCC,alpha-Kdo-(2->8)-[alpha-Kdo-(2->4)]-alpha-Kdo-(2->4)-alpha-Kdo-(2->6)-lipid IVA,2,155
5277,CCCCCCCCCCCC(O)CC(=O)NC1C(OP(=O)(O)O)OC(COC2OC(COC3(C(=O)O)CC(OP(=O)(O)O)C(O)C(C(O)CO)O3)C(OP(=O)(O)O)C(OC(=O)CC(O)CCCCCCCCCCC)C2NC(=O)CC(O)CCCCCCCCCCC)C(O)C1OC(=O)CC(O)CCCCCCCCCCC,4-O-phospho-alpha-Kdo-(2->6)-lipid IVA (E. coli),2,114
5278,CCCCCCCCCCCC(O)CC(=O)NC1C(OP(=O)(O)OP(=O)(O)OCC2OC(n3ccc(=O)[nH]c3=O)C(O)C2O)OC(CO)C(O)C1OC(=O)CC(O)CCCCCCCCCCC,"UDP-2-N,3-O-bis[(3R)-3-hydroxytetradecanoyl]-alpha-D-glucosamine",6,68
5279,CCCCCCCCCCCC(O)CC(=O)O,3-hydroxytetradecanoate,6,17
5280,CCCCCCCCCCCC(O)CC(=O)OC1C(N)C(OP(=O)(O)OP(=O)(O)OCC2OC(n3ccc(=O)[nH]c3=O)C(O)C2O)OC(CO)C1O,UDP-3-O-[(3R)-3-hydroxytetradecanoyl]-alpha-D-glucosamine,4,52
5281,CCCCCCCCCCCC(O)CC(=O)OC1C(O)C(CO)OC(OP(=O)(O)OP(=O)(O)OCC2OC(n3ccc(=O)[nH]c3=O)C(O)C2O)C1NC(C)=O,UDP-3-O-[(3R)-3-hydroxytetradecanoyl]-N-acetyl-alpha-D-glucosamine,4,55
5282,CCCCCCCCCCCC(O)CC(=O)SCCNC(=O)CCNC(=O)C(O)C(C)(C)COP(=O)(O)OP(=O)(O)OCC1OC(n2cnc3c(N)ncnc32)C(O)C1OP(=O)(O)O,(3S)-hydroxytetradecanoyl-CoA,8,64
5283,CCCCCCCCCCCC=CC(=O)SCCNC(=O)CCNC(=O)C(O)C(C)(C)COP(=O)(O)OP(=O)(O)OCC1OC(n2cnc3c(N)ncnc32)C(O)C1OP(=O)(O)O,(2E)-tetradecenoyl-CoA,8,63
5284,CCCCCCCCCCCC=CC=CC(CCCC(=O)O)OO,"(5S)-hydroperoxy-(6E,8Z)-eicosadienoate",2,24
5285,CCCCCCCCCCCC=CCC=CCCCC(=O)O,"(5Z,8Z)-eicosadienoate",2,22
5286,CCCCCCCCCCCC=CCCCCC(=O)O,(6Z)-octadecenoate,2,20
5287,CCCCCCCCCCCC=CCCCCC(=O)SCCNC(=O)CCNC(=O)C(O)C(C)(C)COP(=O)(O)OP(=O)(O)OCC1OC(n2cnc3c(N)ncnc32)C(O)C1OP(=O)(O)O,(6Z)-octadecenoyl-CoA,2,67
5288,CCCCCCCCCCCC=CCCCCC(N)=O,(6Z)-octadecenamide,2,20
5289,CCCCCCCCCCCC=O,dodecanal,14,13
5290,CCCCCCCCCCCCC,tridecane,2,13
5291,CCCCCCCCCCCCC(O)C(=O)O,(2R)-hydroxytetradecanoate,2,17
5292,CCCCCCCCCCCCC(O)C(=O)SCCNC(=O)CCNC(=O)C(O)C(C)(C)COP(=O)(O)OP(=O)(O)OCC1OC(n2cnc3c(N)ncnc32)C(O)C1OP(=O)(O)O,2-hydroxytetradecanoyl-CoA,2,64
5293,CCCCCCCCCCCCC(OO)C(=O)O,(2R)-2-hydroperoxytetradecanoate,2,18
5294,CCCCCCCCCCCCC=C(C)C(=O)SCCNC(=O)CCNC(=O)C(O)C(C)(C)COP(=O)(O)OP(=O)(O)OCC1OC(n2cnc3c(N)ncnc32)C(O)C1OP(=O)(O)O,2-methyl-(2E)-pentadecenoyl-CoA,2,65
5295,CCCCCCCCCCCCC=CC(O)C(CO)NC(=O)CCCCCCCCCCCCCCCCC,N-octadecanoyl-heptadecasphing-4-enine,2,39
5296,CCCCCCCCCCCCC=CC(O)C(CO)NC(=O)CCCCCCCCCCCCCCCCCCCCCCC,N-tetracosanoyl-heptadecasphing-4-enine,2,45
5297,CCCCCCCCCCCCC=CC(O)C(COP(=O)(O)OCCN)NC(=O)CCCCCCCCCCC,N-dodecanoyl-heptadecasphing-4-enine-1-phosphoethanolamine,2,40
5298,CCCCCCCCCCCCC=CC(O)C(N)CO,heptadecasphing-4-enine,6,20
5299,CCCCCCCCCCCCC=CC1OP(=O)(O)OCC1NC(=O)CCCCCCCCCCC,"N-dodecanoyl-heptadecasphing-4-enine-1,3-cyclic phosphate",2,36
5300,CCCCCCCCCCCCCC(=O)C(C)C(=O)SCCNC(=O)CCNC(=O)C(O)C(C)(C)COP(=O)(O)OP(=O)(O)OCC1OC(n2cnc3c(N)ncnc32)C(O)C1OP(=O)(O)O,3-oxo-2-methylhexadecanoyl-CoA,2,67
5301,CCCCCCCCCCCCCC(=O)C(N)CO,3-oxohexadecasphinganine,4,19
5302,CCCCCCCCCCCCCC(=O)CC(=O)SCCNC(=O)CCNC(=O)C(O)C(C)(C)COP(=O)(O)OP(=O)(O)OCC1OC(n2cnc3c(N)ncnc32)C(O)C1OP(=O)(O)O,3-oxohexadecanoyl-CoA,8,66
5303,CCCCCCCCCCCCCC(=O)NC(O)C(=O)O,N-tetradecanoyl-(2S)-hydroxyglycine,2,21
5304,CCCCCCCCCCCCCC(=O)NCC(=O)O,N-tetradecanoylglycine,2,20
5305,CCCCCCCCCCCCCC(=O)NCCO,N-tetradecanoylethanolamine,4,19
5306,CCCCCCCCCCCCCC(=O)NCCS(=O)(=O)O,N-tetradecanoyl-taurine,2,22
5307,CCCCCCCCCCCCCC(=O)O,tetradecanoate,44,16
5308,CCCCCCCCCCCCCC(=O)OC(CC(=O)O)C[N+](C)(C)C,O-tetradecanoyl-(R)-carnitine,2,26
5309,CCCCCCCCCCCCCC(=O)OC(CCCCCCCCCCC)CC(=O)OC1C(NC(=O)CC(CCCCCCCCCCC)OC(=O)CCCCCCCCCCC)C(OCC2OC(OP(=O)(O)O)C(NC(=O)CC(O)CCCCCCCCCCC)C(OC(=O)CC(O)CCCCCCCCCCC)C2O)OC(CO)C1OP(=O)(O)O,lipid A (E. coli),6,123
5310,CCCCCCCCCCCCCC(=O)OC(CCCCCCCCCCC)CC(=O)OC1C(NC(=O)CC(CCCCCCCCCCC)OC(=O)CCCCCCCCCCC)C(OCC2OC(OP(=O)(O)O)C(NC(=O)CC(O)CCCCCCCCCCC)C(OC(=O)CC(O)CCCCCCCCCCC)C2O)OC(CO)C1OP(=O)(O)OC1OCC(N)C(O)C1O,beta-L-Ara4N-lipid A (E. coli),2,132
5311,CCCCCCCCCCCCCC(=O)OC(CCCCCCCCCCC)CC(=O)OC1C(NC(=O)CC(CCCCCCCCCCC)OC(=O)CCCCCCCCCCC)C(OCC2OC(OP(=O)(O)O)C(NC(=O)CC(O)CCCCCCCCCCC)C(OC(=O)CC(O)CCCCCCCCCCC)C2O)OC(CO)C1OP(=O)(O)OP(=O)(O)OCCN,lipid A 4'-(2-aminoethyl diphosphate) (E. coli),2,130
5312,CCCCCCCCCCCCCC(=O)OC(CCCCCCCCCCC)CC(=O)OC1C(NC(=O)CC(CCCCCCCCCCC)OC(=O)CCCCCCCCCCC)C(OCC2OC(OP(=O)(O)O)C(NC(=O)CC(O)CCCCCCCCCCC)C(OC(=O)CC(O)CCCCCCCCCCC)C2O)OC(COC2(C(=O)O)CC(OC3(C(=O)O)CC(O)C(O)C(C(CO)OP(=O)(O)OCCN)O3)C(O)C(C(O)CO)O2)C1OP(=O)(O)O,7-O-[2-aminoethoxy(hydroxy)phosphoryl]-alpha-Kdo-(2->4)-alpha-Kdo-(2->6)-lipid A,4,160
5313,CCCCCCCCCCCCCC(=O)OC(CCCCCCCCCCC)CC(=O)OC1C(NC(=O)CC(CCCCCCCCCCC)OC(=O)CCCCCCCCCCC)C(OCC2OC(OP(=O)(O)O)C(NC(=O)CC(O)CCCCCCCCCCC)C(OC(=O)CC(O)CCCCCCCCCCC)C2O)OC(COC2(C(=O)O)CC(OC3(C(=O)O)CC(O)C(O)C(C(O)CO)O3)C(O)C(C(O)CO)O2)C1OP(=O)(O)O,alpha-Kdo-(2->4)-alpha-Kdo-(2->6)-lipid A (E. coli),10,153
5314,CCCCCCCCCCCCCC(=O)OC(CCCCCCCCCCC)CC(=O)OC1C(NC(=O)CC(CCCCCCCCCCC)OC(=O)CCCCCCCCCCC)C(OCC2OC(OP(=O)(O)O)C(NC(=O)CC(O)CCCCCCCCCCC)C(OC(=O)CC(O)CCCCCCCCCCC)C2O)OC(COC2(C(=O)O)CC(OC3(C(=O)O)CC(O)C(O)C(C(O)CO)O3)C(OC3OC(C(O)CO)C(O)C(O)C3O)C(C(O)CO)O2)C1OP(=O)(O)O,L-alpha-D-Hep-(1->5)-[alpha-Kdo-(2->4)]-alpha-Kdo-(2->6)-lipid A (E. coli),4,166
5315,CCCCCCCCCCCCCC(=O)OC(CCCCCCCCCCC)CC(=O)OC1C(NC(=O)CC(CCCCCCCCCCC)OC(=O)CCCCCCCCCCC)C(OCC2OC(OP(=O)(O)O)C(NC(=O)CC(O)CCCCCCCCCCC)C(OC(=O)CC(O)CCCCCCCCCCC)C2O)OC(COC2(C(=O)O)CC(OC3(C(=O)O)CC(O)C(O)C(C(O)CO)O3)C(OC3OC(C(O)CO)C(O)C(OC4OC(C(O)CO)C(O)C(O)C4O)C3O)C(C(O)CO)O2)C1OP(=O)(O)O,L-alpha-D-Hep-(1->3)-L-alpha-D-Hep-(1->5)-[alpha-Kdo-(2->4)]-alpha-Kdo-(2->6)-lipid A (E. coli),6,179
5316,CCCCCCCCCCCCCC(=O)OC(CCCCCCCCCCC)CC(=O)OC1C(NC(=O)CC(CCCCCCCCCCC)OC(=O)CCCCCCCCCCC)C(OCC2OC(OP(=O)(O)O)C(NC(=O)CC(O)CCCCCCCCCCC)C(OC(=O)CC(O)CCCCCCCCCCC)C2O)OC(COC2(C(=O)O)CC(OC3(C(=O)O)CC(O)C(O)C(C(O)CO)O3)C(OC3OC(C(O)CO)C(O)C(OC4OC(C(O)CO)C(O)C(OC5OC(CO)C(O)C(O)C5O)C4O)C3O)C(C(O)CO)O2)C1OP(=O)(O)O,alpha-D-Glc-(1->3)-L-alpha-D-Hep-(1->3)-L-alpha-D-Hep-(1->5)-[alpha-Kdo-(2->4)]-alpha-Kdo-(2->6)-lipid A,4,190
5317,CCCCCCCCCCCCCC(=O)OC(CCCCCCCCCCC)CC(=O)OC1C(NC(=O)CC(CCCCCCCCCCC)OC(=O)CCCCCCCCCCC)C(OCC2OC(OP(=O)(O)O)C(NC(=O)CC(O)CCCCCCCCCCC)C(OC(=O)CC(O)CCCCCCCCCCC)C2O)OC(COC2(C(=O)O)CC(OC3(C(=O)O)CC(O)C(O)C(C(O)CO)O3)C(OC3OC(C(O)CO)C(OP(=O)(O)O)C(OC4OC(C(O)CO)C(O)C(O)C4O)C3O)C(C(O)CO)O2)C1OP(=O)(O)O,L-alpha-D-Hep-(1->3)-4-O-phospho-L-alpha-D-Hep-(1->5)-[alpha-Kdo-(2->4)]-alpha-Kdo-(2->6)-lipid A (E. coli),4,183
5318,CCCCCCCCCCCCCC(=O)OC(CCCCCCCCCCC)CC(=O)OC1C(NC(=O)CC(CCCCCCCCCCC)OC(=O)CCCCCCCCCCC)C(OCC2OC(OP(=O)(O)O)C(NC(=O)CC(O)CCCCCCCCCCC)C(OC(=O)CC(O)CCCCCCCCCCC)C2O)OC(COC2(C(=O)O)CC(OC3(C(=O)O)CC(O)C(O)C(C(O)CO)O3)C(OC3OC(C(O)CO)C(OP(=O)(O)O)C(OC4OC(C(O)CO)C(O)C(OC5OC(CO)C(O)C(O)C5O)C4O)C3O)C(C(O)CO)O2)C1OP(=O)(O)O,alpha-D-Glc-(1->3)-L-alpha-D-Hep-(1->3)-4-O-PO3(2-)-L-alpha-D-Hep-(1->5)-[alpha-Kdo-(2->4)]-alpha-Kdo-(2->6)-lipid A,4,194
5319,CCCCCCCCCCCCCC(=O)OC(CCCCCCCCCCC)CC(=O)OC1C(NC(=O)CC(CCCCCCCCCCC)OC(=O)CCCCCCCCCCC)C(OCC2OC(OP(=O)(O)O)C(NC(=O)CC(O)CCCCCCCCCCC)C(OC(=O)CC(O)CCCCCCCCCCC)C2O)OC(COC2(C(=O)O)CC(OC3(C(=O)O)CC(O)C(O)C(C(O)CO)O3)C(OC3OC(C(O)CO)C(OP(=O)(O)O)C(OC4OC(C(O)COC5OC(C(O)CO)C(O)C(O)C5O)C(O)C(OC5OC(CO)C(O)C(O)C5O)C4O)C3O)C(C(O)CO)O2)C1OP(=O)(O)O,alpha-D-Glc-(1->3)-[L-alpha-D-Hep-(1->7)]-L-alpha-D-Hep-(1->3)-4-O-PO3(2-)-L-alpha-D-Hep-(1->5)-[alpha-Kdo-(2->4)]-alpha-Kdo-(2->6)-lipid A,4,207
5320,CCCCCCCCCCCCCC(=O)OC(CCCCCCCCCCC)CC(=O)OC1C(NC(=O)CC(CCCCCCCCCCC)OC(=O)CCCCCCCCCCC)C(OCC2OC(OP(=O)(O)O)C(NC(=O)CC(O)CCCCCCCCCCC)C(OC(=O)CC(O)CCCCCCCCCCC)C2O)OC(COC2(C(=O)O)CC(OC3(C(=O)O)CC(O)C(O)C(C(O)CO)O3)C(OC3OC(C(O)CO)C(OP(=O)(O)O)C(OC4OC(C(O)COC5OC(C(O)CO)C(O)C(O)C5O)C(OP(=O)(O)O)C(OC5OC(CO)C(O)C(O)C5O)C4O)C3O)C(C(O)CO)O2)C1OP(=O)(O)O,alpha-D-Glc-(1->3)-[L-alpha-D-Hep-(1->7)]-4-O-PO3(2-)-L-alpha-D-Hep-(1->3)-4-O-PO3(2-)-L-alpha-D-Hep-(1->5)-[alpha-Kdo-(2->4)]-alpha-Kdo-(2->6)-lipid A,4,211
5321,CCCCCCCCCCCCCC(=O)OC(CCCCCCCCCCC)CC(=O)OC1C(NC(=O)CC(CCCCCCCCCCC)OC(=O)CCCCCCCCCCC)C(OCC2OC(OP(=O)(O)O)C(NC(=O)CC(O)CCCCCCCCCCC)C(OC(=O)CC(O)CCCCCCCCCCC)C2O)OC(COC2(C(=O)O)CC(OC3(C(=O)O)CC(O)C(O)C(C(O)CO)O3)C(OC3OC(C(O)CO)C(OP(=O)(O)O)C(OC4OC(C(O)COC5OC(C(O)CO)C(O)C(O)C5O)C(OP(=O)(O)O)C(OC5OC(COC6OC(CO)C(O)C(O)C6O)C(O)C(O)C5O)C4O)C3O)C(C(O)CO)O2)C1OP(=O)(O)O,alpha-D-Gal-(1->6)-alpha-D-Glc-(1->3)-[L-alpha-D-Hep-(1->7)]-4-O-PO3(2-)-L-alpha-D-Hep-(1->3)-4-O-PO3(2-)-L-alpha-D-Hep-(1->5)-[alpha-Kdo-(2->4)]-alpha-Kdo-(2->6)-lipid A,4,222
5322,CCCCCCCCCCCCCC(=O)OC(CCCCCCCCCCC)CC(=O)OC1C(NC(=O)CC(CCCCCCCCCCC)OC(=O)CCCCCCCCCCC)C(OCC2OC(OP(=O)(O)O)C(NC(=O)CC(O)CCCCCCCCCCC)C(OC(=O)CC(O)CCCCCCCCCCC)C2O)OC(COC2(C(=O)O)CC(OC3(C(=O)O)CC(O)C(O)C(C(O)CO)O3)C(OC3OC(C(O)CO)C(OP(=O)(O)O)C(OC4OC(C(O)COC5OC(C(O)CO)C(O)C(O)C5O)C(OP(=O)(O)O)C(OC5OC(COC6OC(CO)C(O)C(O)C6O)C(O)C(OC6OC(CO)C(O)C(O)C6O)C5O)C4O)C3O)C(C(O)CO)O2)C1OP(=O)(O)O,alpha-D-Glc-(1->3)-[alpha-D-Gal-(1->6)]-alpha-D-Glc-(1->3)-[L-alpha-D-Hep-(1->7)]-4-O-PO3(2-)-L-alpha-D-Hep-(1->3)-4-O-PO3(2-)-L-alpha-D-Hep-(1->5)-[alpha-Kdo-(2->4)]-alpha-Kdo-(2->6)-lipid A,4,233
5323,CCCCCCCCCCCCCC(=O)OC(CCCCCCCCCCC)CC(=O)OC1C(NC(=O)CC(CCCCCCCCCCC)OC(=O)CCCCCCCCCCC)C(OCC2OC(OP(=O)(O)O)C(NC(=O)CC(O)CCCCCCCCCCC)C(OC(=O)CC(O)CCCCCCCCCCC)C2O)OC(COC2(C(=O)O)CC(OC3(C(=O)O)CC(O)C(O)C(C(O)CO)O3)C(OC3OC(C(O)CO)C(OP(=O)(O)O)C(OC4OC(C(O)COC5OC(C(O)CO)C(O)C(O)C5O)C(OP(=O)(O)O)C(OC5OC(COC6OC(CO)C(O)C(O)C6O)C(O)C(OC6OC(CO)C(O)C(O)C6OC6OC(CO)C(O)C(O)C6O)C5O)C4O)C3O)C(C(O)CO)O2)C1OP(=O)(O)O,alpha-D-Glc-(1->2)-alpha-D-Glc-(1->3)-[alpha-D-Gal-(1->6)]-alpha-D-Glc-(1->3)-[L-alpha-D-Hep-(1->7)]-4-O-PO3(2-)-L-alpha-D-Hep-(1->3)-4-O-PO3(2-)-L-alpha-D-Hep-(1->5)-[alpha-Kdo-(2->4)]-alpha-Kdo-(2->6)-lipid A,4,244
5324,CCCCCCCCCCCCCC(=O)OC(CCCCCCCCCCC)CC(=O)OC1C(NC(=O)CC(CCCCCCCCCCC)OC(=O)CCCCCCCCCCC)C(OCC2OC(OP(=O)(O)O)C(NC(=O)CC(O)CCCCCCCCCCC)C(OC(=O)CC(O)CCCCCCCCCCC)C2O)OC(COC2(C(=O)O)CC(OC3(C(=O)O)CC(O)C(O)C(C(O)CO)O3)C(OC3OC(C(O)CO)C(OP(=O)(O)O)C(OC4OC(C(O)COC5OC(C(O)CO)C(O)C(O)C5O)C(OP(=O)(O)O)C(OC5OC(COC6OC(CO)C(O)C(O)C6O)C(O)C(OC6OC(CO)C(O)C(O)C6OC6OC(COC7OC(C(O)CO)C(O)C(O)C7O)C(O)C(O)C6O)C5O)C4O)C3O)C(C(O)CO)O2)C1OP(=O)(O)O,lipid A-core,4,257
5325,CCCCCCCCCCCCCC(=O)OC(CCCCCCCCCCC)CC(=O)OC1C(NC(=O)CC(CCCCCCCCCCC)OC(=O)CCCCCCCCCCC)C(OCC2OC(OP(=O)(O)O)C(NC(=O)CC(O)CCCCCCCCCCC)C(OC(=O)CC(O)CCCCCCCCCCC)C2O)OC(COC2(C(=O)O)CC(OC3(C(=O)O)CC(O)C(O)C(C(O)CO)O3)C(OC3OC(C(O)COC4OC(C(O)CO)C(O)C(O)C4O)C(OP(=O)(O)O)C(OC4OC(C(O)CO)C(O)C(O)C4O)C3O)C(C(O)CO)O2)C1OP(=O)(O)O,L-alpha-D-Hep-(1->7)-L-alpha-D-Hep-(1->3)-4-O-phospho-L-alpha-D-Hep-(1->5)-[alpha-Kdo-(2->4)]-alpha-Kdo-(2->6)-lipid A (E. coli),2,196
5326,CCCCCCCCCCCCCC(=O)OC(CCCCCCCCCCC)CC(=O)OC1C(NC(=O)CC(CCCCCCCCCCC)OC(=O)CCCCCCCCCCC)C(OCC2OC(OP(=O)(O)OC3OCC(N)C(O)C3O)C(NC(=O)CC(O)CCCCCCCCCCC)C(OC(=O)CC(O)CCCCCCCCCCC)C2O)OC(COC2(C(=O)O)CC(OC3(C(=O)O)CC(O)C(O)C(C(O)CO)O3)C(O)C(C(O)CO)O2)C1OP(=O)(O)OC1OCC(N)C(O)C1O,(beta-L-Ara4N)2-(Kdo)2-lipid A,2,171
5327,CCCCCCCCCCCCCC(=O)OC(CCCCCCCCCCC)CC(=O)OC1C(NC(=O)CC(CCCCCCCCCCC)OC(=O)CCCCCCCCCCC)C(OCC2OC(OP(=O)(O)OP(=O)(O)O)C(NC(=O)CC(O)CCCCCCCCCCC)C(OC(=O)CC(O)CCCCCCCCCCC)C2O)OC(COC2(C(=O)O)CC(OC3(C(=O)O)CC(O)C(O)C(C(O)CO)O3)C(O)C(C(O)CO)O2)C1OP(=O)(O)O,(Kdo)2-lipid A 1-diphosphate,2,157
5328,CCCCCCCCCCCCCC(=O)OC(CCCCCCCCCCC)CC(=O)OC1C(NC(=O)CC(CCCCCCCCCCC)OC(=O)CCCCCCCCCCC)C(OCC2OC(OP(=O)(O)OP(=O)(O)OCCN)C(NC(=O)CC(O)CCCCCCCCCCC)C(OC(=O)CC(O)CCCCCCCCCCC)C2O)OC(CO)C1OP(=O)(O)O,lipid A hexaacyl 1-(2-aminoethyl diphosphate) (E. coli),4,130
5329,CCCCCCCCCCCCCC(=O)OC(CCCCCCCCCCC)CC(=O)OC1C(NC(=O)CC(CCCCCCCCCCC)OC(=O)CCCCCCCCCCC)C(OCC2OC(OP(=O)(O)OP(=O)(O)OCCN)C(NC(=O)CC(O)CCCCCCCCCCC)C(OC(=O)CC(O)CCCCCCCCCCC)C2O)OC(CO)C1OP(=O)(O)OP(=O)(O)OCCN,"lipid A 1,4'-bis(2-aminoethyl diphosphate) (E. coli)",2,137
5330,CCCCCCCCCCCCCC(=O)OC(CO)COP(=O)(O)OCC[N+](C)(C)C,2-tetradecanoyl-sn-glycero-3-phosphocholine,2,31
5331,CCCCCCCCCCCCCC(=O)OC1C(O)OC(COP(=O)(O)OP(=O)(O)OCC2OC(n3cnc4c(N)ncnc43)C(O)C2O)C1O,2''-O-tetradecanoyl-ADP-D-ribose,2,51
5332,CCCCCCCCCCCCCC(=O)OCC(CO)OC(=O)CCCCCCCCCCCCC,"2,3-ditetradecanoyl-sn-glycerol",6,36
5333,CCCCCCCCCCCCCC(=O)OCC(COC(=O)CCCCC)OC(=O)CCCCC,"1,2-dihexanoyl-3-tetradecanoylglycerol",2,35
5334,CCCCCCCCCCCCCC(=O)OCC(COC(=O)CCCCCCCCCCCCC)OC(=O)CCCCCCCCCCCCC,tritetradecanoylglycerol,2,51
5335,CCCCCCCCCCCCCC(=O)OCC(COP(=O)(O)O)OC(=O)CCCCCCCCCCCCC,"1,2-ditetradecanoyl-sn-glycero-3-phosphate",2,40
5336,CCCCCCCCCCCCCC(=O)OCC(COP(=O)(O)OCC[N+](C)(C)C)OC(=O)CCCCCCCCCCCCC,"1,2-ditetradecanoyl-sn-glycero-3-phosphocholine",6,46
5337,CCCCCCCCCCCCCC(=O)OCC(O)CO,1-tetradecanoyl-sn-glycerol,10,21
5338,CCCCCCCCCCCCCC(=O)OCC(O)COP(=O)(O)O,1-tetradecanoyl-sn-glycerol 3-phosphate,8,25
5339,CCCCCCCCCCCCCC(=O)OCC(O)COP(=O)(O)OCC(O)CO,1-tetradecanoyl-sn-glycero-3-phospho-(1'-sn-glycerol),6,30
5340,CCCCCCCCCCCCCC(=O)OCC(O)COP(=O)(O)OCC(O)COC(=O)CCCCCCCCCCCCC,1-tetradecanoyl-sn-glycero-3-phospho-(3'-tetradecanoyl-1'-sn-glycerol),2,45
5341,CCCCCCCCCCCCCC(=O)OCC(O)COP(=O)(O)OCCN,1-tetradecanoyl-sn-glycero-3-phosphoethanolamine,4,28
5342,CCCCCCCCCCCCCC(=O)OCC(O)COP(=O)(O)OCC[N+](C)(C)C,1-tetradecanoyl-sn-glycero-3-phosphocholine,20,31
5343,CCCCCCCCCCCCCC(=O)OCC1COP(=O)(O)O1,"1-tetradecanoyl-sn-glycero-2,3-cyclic phosphate",4,24
5344,CCCCCCCCCCCCCC(=O)OCC=C(C)C=CC=C(C)C=CC1=C(C)CCCC1(C)C,11-cis-retinyl tetradecanoate,2,36
5345,CCCCCCCCCCCCCC(=O)OCC=C(C)CCCC(C)CCCC(C)CCCC(C)C,tetradecanoate phytyl ester,2,36
5346,CCCCCCCCCCCCCC(=O)OP(=O)(O)OCC1OC(n2cnc3c(N)ncnc32)C(O)C1O,tetradecanoyl-AMP,4,38
5347,CCCCCCCCCCCCCC(=O)SCCNC(=O)CCNC(=O)C(O)C(C)(C)COP(=O)(O)O,tetradecanoyl-4'-phosphopantetheine,2,37
5348,CCCCCCCCCCCCCC(=O)SCCNC(=O)CCNC(=O)C(O)C(C)(C)COP(=O)(O)OP(=O)(O)OCC1OC(n2cnc3c(N)ncnc32)C(O)C1OP(=O)(O)O,tetradecanoyl-CoA,70,63
5349,CCCCCCCCCCCCCC(C)C(=O)SCCNC(=O)CCNC(=O)C(O)C(C)(C)COP(=O)(O)OP(=O)(O)OCC1OC(n2cnc3c(N)ncnc32)C(O)C1OP(=O)(O)O,(2S)-methylpentadecanoyl-CoA,2,65
5350,CCCCCCCCCCCCCC(C)C(O)C(=O)SCCNC(=O)CCNC(=O)C(O)C(C)(C)COP(=O)(O)OP(=O)(O)OCC1OC(n2cnc3c(N)ncnc32)C(O)C1OP(=O)(O)O,2-hydroxy-3-methylhexadecanoyl-CoA,4,67
5351,CCCCCCCCCCCCCC(C)C=O,2-methylpentadecanal,2,17
5352,CCCCCCCCCCCCCC(C)CC(=O)SCCNC(=O)CCNC(=O)C(O)C(C)(C)COP(=O)(O)OP(=O)(O)OCC1OC(n2cnc3c(N)ncnc32)C(O)C1OP(=O)(O)O,3-methylhexadecanoyl-CoA,2,66
5353,CCCCCCCCCCCCCC(N)=O,tetradecamide,4,16
5354,CCCCCCCCCCCCCC(O)C(N)CO,hexadecasphinganine,6,19
5355,CCCCCCCCCCCCCC(O)CC(=O)NCC(=O)O,N-[(3R)-3-hydroxyhexadecanoyl]-glycine,4,23
5356,CCCCCCCCCCCCCC(O)CC(=O)SCCNC(=O)CCNC(=O)C(O)C(C)(C)COP(=O)(O)OP(=O)(O)OCC1OC(n2cnc3c(N)ncnc32)C(O)C1OP(=O)(O)O,(3S)-hydroxyhexadecanoyl-CoA,6,66
5357,CCCCCCCCCCCCCC(O)CCCC(=O)O,5-hydroxy-octadecanoate,4,21
5358,CCCCCCCCCCCCCC=CC(=O)O,(E)-hexadec-2-enoate,4,18
5359,CCCCCCCCCCCCCC=CC(=O)SCCNC(=O)CCNC(=O)C(O)C(C)(C)COP(=O)(O)OP(=O)(O)OCC1OC(n2cnc3c(N)ncnc32)C(O)C1OP(=O)(O)O,(2E)-hexadecenoyl-CoA,10,65
5360,CCCCCCCCCCCCCC=CC(O)C(CO)N(C)C,"N,N-dimethylsphing-4-enine",2,23
5361,CCCCCCCCCCCCCC=CC(O)C(CO)NC(=O)*OC(=O)CCCCCCCC1OC1C=CC(=O)CCCCC,"a N-[omega-(9R,10R)-epoxy-13-oxo-(11E)-octadecenoyloxy]-acylsphing-4E-enine",2,46
5362,CCCCCCCCCCCCCC=CC(O)C(CO)NC(=O)*OC(=O)CCCCCCCC1OC1C=CC(O)CCCCC,"a N-[omega-(9R,10R)-epoxy-(13R)-hydroxy-(11E)-octadecenoyloxy]-acylsphing-4E-enine",4,46
5363,CCCCCCCCCCCCCC=CC(O)C(CO)NC(=O)C(O)CCCC,N-(2-hydroxy-hexanoyl)-sphing-4-enine,2,29
5364,CCCCCCCCCCCCCC=CC(O)C(CO)NC(=O)CCCCC,N-(hexanoyl)sphing-4-enine,4,28
5365,CCCCCCCCCCCCCC=CC(O)C(CO)NC(=O)CCCCCCC,N-octanoylsphing-4-enine,6,30
5366,CCCCCCCCCCCCCC=CC(O)C(CO)NC(=O)CCCCCCCCCCC,N-dodecanoylsphing-4-enine,4,34
5367,CCCCCCCCCCCCCC=CC(O)C(CO)NC(=O)CCCCCCCCCCCCC,N-tetradecanoylsphing-4-enine,2,36
5368,CCCCCCCCCCCCCC=CC(O)C(CO)NC(=O)CCCCCCCCCCCCCCC,N-hexadecanoylsphing-4-enine,14,38
5369,CCCCCCCCCCCCCC=CC(O)C(CO)NC(=O)CCCCCCCCCCCCCCCCC,N-octadecanoylsphing-4-enine,10,40
5370,CCCCCCCCCCCCCC=CC(O)C(CO)NC(=O)CCCCCCCCCCCCCCCCCCC,N-eicosanoyl-sphing-4-enine,4,42
5371,CCCCCCCCCCCCCC=CC(O)C(CO)NC(=O)CCCCCCCCCCCCCCCCCCCCCCC,N-tetracosanoyl-sphing-4-enine,6,46
5372,CCCCCCCCCCCCCC=CC(O)C(CO)NC(=O)[1*]CO,N-(32-hydroxydotriacontenoyl)-sphing-4-enine,4,26
5373,CCCCCCCCCCCCCC=CC(O)C(CO)NC(C)=O,N-(acetyl)-sphing-4-enine,74,24
5374,CCCCCCCCCCCCCC=CC(O)C(COC(=O)CCCCCCCCCCCCCCC)NC(C)=O,1-hexadecanoyl-N-(acetyl)-sphing-4-enine,18,41
5375,CCCCCCCCCCCCCC=CC(O)C(COC(=O)CCCCCCCCCCCCCCCCC)NC(C)=O,1-octadecanoyl-N-(acetyl)-sphing-4-enine,12,43
5376,CCCCCCCCCCCCCC=CC(O)C(COC1OC(CO)C(O)C(O)C1O)NC(=O)*OC(=O)CCCCCCCC1OC1C=CC(=O)CCCCC,"a N-[omega-(9R,10R)-epoxy-13-oxo-(11E)-octadecenoyloxy]acyl-beta-D-glucosyl-(1<->1)-sphing-4E-enine",2,57
5377,CCCCCCCCCCCCCC=CC(O)C(COC1OC(CO)C(O)C(O)C1O)NC(=O)*OC(=O)CCCCCCCC1OC1C=CC(O)CCCCC,"a N-[omega-(9R,10R)-epoxy-(13R)-hydroxy-(11E)-octadecenoyloxy]acyl-beta-D-glucosyl-(1<->1)-sphing-4E-enine",4,57
5378,CCCCCCCCCCCCCC=CC(O)C(COC1OC(CO)C(O)C(O)C1O)NC(=O)C(O)CCCC,N-(2-hydroxy-hexanoyl)-beta-D-galactosyl-sphing-4-enine,2,40
5379,CCCCCCCCCCCCCC=CC(O)C(COC1OC(CO)C(O)C(O)C1O)NC(=O)CCCCCCC,beta-D-glucosyl-N-octanoylsphing-4E-enine,2,41
5380,CCCCCCCCCCCCCC=CC(O)C(COC1OC(CO)C(O)C(O)C1O)NC(=O)CCCCCCCCCCC,1-(beta-D-galactosyl)-N-dodecanoylsphing-4-enine,2,45
5381,CCCCCCCCCCCCCC=CC(O)C(COC1OC(CO)C(O)C(O)C1O)NC(=O)CCCCCCCCCCCCCCC,beta-D-galactosyl-(1<->1')-N-hexadecanoylsphing-4-enine,6,49
5382,CCCCCCCCCCCCCC=CC(O)C(COC1OC(CO)C(O)C(O)C1O)NC(=O)CCCCCCCCCCCCCCCCC,beta-D-glucosyl-(1<->1)-N-octadecanoylsphing-4-enine,4,51
5383,CCCCCCCCCCCCCC=CC(O)C(COC1OC(CO)C(OC2OC(CO)C(O)C(OC3(C(=O)O)CC(O)C(NC(C)=O)C(C(O)C(CO)OC4(C(=O)O)CC(O)C(NC(C)=O)C(C(O)C(O)CO)O4)O3)C2O)C(O)C1O)NC(=O)CCCCCCCCCCCCCCCCC,N-acetyl-alpha-neuraminyl-(2->8)-N-acetyl-alpha-neuraminyl-(2->3)-beta-D-galactosyl-(1->4)-beta-D-glucosyl-(1<->1)-N-(octadecanoyl)-sphing-4-enine,2,102
5384,CCCCCCCCCCCCCC=CC(O)C(COC1OC(CO)C(OC2OC(CO)C(O)C(OC3(C(=O)O)CC(O)C(NC(C)=O)C(C(O)C(O)CO)O3)C2O)C(O)C1O)NC(=O)CCCCCCCCCCCCCCCCC,N-acetyl-alpha-neuraminyl-(2->3)-beta-D-galactosyl-(1->4)-beta-D-glucosyl-(1<->1)-N-(octadecanoyl)-sphing-4-enine,2,82
5385,CCCCCCCCCCCCCC=CC(O)C(COC1OC(CO)C(OC2OC(CO)C(OC3OC(CO)C(O)C(O)C3NC(C)=O)C(O)C2O)C(O)C1O)NC(=O)CCCCCCCCCCCCCCCCC,ganglioside GA2 (d18:1(4E)/18:0),4,76
5386,CCCCCCCCCCCCCC=CC(O)C(COC1OC(CO)C(OC2OC(CO)C(OC3OC(CO)C(O)C(O)C3NC(C)=O)C(OC3(C(=O)O)CC(O)C(NC(C)=O)C(C(O)C(O)CO)O3)C2O)C(O)C1O)NC(=O)CCCCCCCCCCCCCCCCC,ganglioside GM2 (d18:1(4E)/18:0),6,96
5387,CCCCCCCCCCCCCC=CC(O)C(COC1OC(CO)C(OC2OC(CO)C(OC3OC(CO)C(O)C(OC4OC(CO)C(O)C(O)C4O)C3NC(C)=O)C(O)C2O)C(O)C1O)NC(=O)CCCCCCCCCCCCCCCCC,ganglioside GA1 (d18:1(4E)/18:0),2,87
5388,CCCCCCCCCCCCCC=CC(O)C(COC1OC(CO)C(OC2OC(CO)C(OC3OC(CO)C(O)C(OC4OC(CO)C(O)C(O)C4O)C3NC(C)=O)C(OC3(C(=O)O)CC(O)C(NC(C)=O)C(C(O)C(CO)OC4(C(=O)O)CC(O)C(NC(C)=O)C(C(O)C(O)CO)O4)O3)C2O)C(O)C1O)NC(=O)CCCCCCCCCCCCCCCCC,ganglioside GD1b(d18:1(4E)/18:0),4,127
5389,CCCCCCCCCCCCCC=CC(O)C(COC1OC(CO)C(OC2OC(CO)C(OC3OC(CO)C(O)C(OC4OC(CO)C(O)C(O)C4O)C3NC(C)=O)C(OC3(C(=O)O)CC(O)C(NC(C)=O)C(C(O)C(O)CO)O3)C2O)C(O)C1O)NC(=O)CCCCCCCCCCCCCCCCC,ganglioside GM1 (d18:1(4E)/18:0),8,107
5390,CCCCCCCCCCCCCC=CC(O)C(COC1OC(CO)C(OC2OC(CO)C(OC3OC(CO)C(O)C(OC4OC(CO)C(O)C(OC5(C(=O)O)CC(O)C(NC(C)=O)C(C(O)C(CO)OC6(C(=O)O)CC(O)C(NC(C)=O)C(C(O)C(O)CO)O6)O5)C4O)C3NC(C)=O)C(OC3(C(=O)O)CC(O)C(NC(C)=O)C(C(O)C(CO)OC4(C(=O)O)CC(O)C(NC(C)=O)C(C(O)C(O)CO)O4)O3)C2O)C(O)C1O)NC(=O)CCCCCCCCCCCCCCCCC,N-acetyl-alpha-neuraminosyl-(2->8)-N-acetyl-alpha-neuraminosyl-(2->3)-beta-D-galactosyl-(1->3)-N-acetyl-beta-D-galactosaminyl-(1->4)-[N-acetyl-alpha-neuraminosyl-(2->8)-N-acetyl-alpha-neuraminosyl-(2->3)]-beta-D-galactosyl-(1->4)-beta-D-glucosyl-(1<->1')-N-(octadecanoyl)-sphing-4-enine,2,167
5391,CCCCCCCCCCCCCC=CC(O)C(COC1OC(CO)C(OC2OC(CO)C(OC3OC(CO)C(O)C(OC4OC(CO)C(O)C(OC5(C(=O)O)CC(O)C(NC(C)=O)C(C(O)C(O)CO)O5)C4O)C3NC(C)=O)C(OC3(C(=O)O)CC(O)C(NC(C)=O)C(C(O)C(CO)OC4(C(=O)O)CC(O)C(NC(C)=O)C(C(O)C(O)CO)O4)O3)C2O)C(O)C1O)NC(=O)CCCCCCCCCCCCCCCCC,ganglioside GT1b (d18:1(4E)/18:0),4,147
5392,CCCCCCCCCCCCCC=CC(O)C(COC1OC(CO)C(OC2OC(CO)C(OC3OC(CO)C(O)C(OC4OC(CO)C(O)C(OC5(C(=O)O)CC(O)C(NC(C)=O)C(C(O)C(O)CO)O5)C4O)C3NC(C)=O)C(OC3(C(=O)O)CC(O)C(NC(C)=O)C(C(O)C(O)CO)O3)C2O)C(O)C1O)NC(=O)CCCCCCCCCCCCCCCCC,ganglioside GD1a (18:1(4E)/18:0),2,127
5393,CCCCCCCCCCCCCC=CC(O)C(COP(=O)(O)O)NC(=O)CCCCC,N-hexanoylsphing-4-enine 1-phosphate,2,32
5394,CCCCCCCCCCCCCC=CC(O)C(COP(=O)(O)O)NC(=O)CCCCCCC,N-(octanoyl)-sphing-4-enine-1-phosphate,2,34
5395,CCCCCCCCCCCCCC=CC(O)C(COP(=O)(O)O)NC(=O)CCCCCCCCCCCCCCC,N-(hexadecanoyl)-sphing-4-enine-1-phosphate,2,42
5396,CCCCCCCCCCCCCC=CC(O)C(COP(=O)(O)O)NC(C)=O,N-(acetyl)-sphing-4-enine-1-phosphate,2,28
5397,CCCCCCCCCCCCCC=CC(O)C(COP(=O)(O)OCC[N+](C)(C)C)NC(=O)CCCCC,N-hexanoyl-sphing-4-enine-1-phosphocholine,2,38
5398,CCCCCCCCCCCCCC=CC(O)C(COP(=O)(O)OCC[N+](C)(C)C)NC(=O)CCCCCCCCCCC,N-(dodecanoyl)-sphing-4-enine-1-phosphocholine,2,44
5399,CCCCCCCCCCCCCC=CC(O)C(COP(=O)(O)OCC[N+](C)(C)C)NC(=O)CCCCCCCCCCCCCCC,N-(hexadecanoyl)-sphing-4-enine-1-phosphocholine,2,48
5400,CCCCCCCCCCCCCC=CC(O)C(COP(=O)(O)OCC[N+](C)(C)C)NC(=O)CCCCCCCCCCCCCCCCC,N-(octadecanoyl)-sphing-4-enine-1-phosphocholine,2,50
5401,CCCCCCCCCCCCCC=CC(O)C(COP(=O)(O)OCC[N+](C)(C)C)NC(=O)CCCCCCCCCCCCCCCCCCCCCCC,N-(tetracosanoyl)-sphing-4-enine-1-phosphocholine,2,56
5402,CCCCCCCCCCCCCC=CC(O)C(N)CO,sphing-4-enine,58,21
5403,CCCCCCCCCCCCCC=CC(O)C(N)COC1OC(CO)C(O)C(O)C1O,beta-D-galactosyl-(1<->1)-sphing-4-enine,8,32
5404,CCCCCCCCCCCCCC=CC(O)C(N)COC1OC(CO)C(OC2OC(CO)C(OC3OC(CO)C(O)C(O)C3O)C(O)C2O)C(O)C1O,a lysoGb3(d18:1(4E)),2,54
5405,CCCCCCCCCCCCCC=CC(O)C(N)COC1OC(COS(=O)(=O)O)C(O)C(O)C1O,6-O-sulfo-beta-D-galactosyl-(1<->1)-sphing-4-enine,2,36
5406,CCCCCCCCCCCCCC=CC(O)C(N)COP(=O)(O)O,sphing-4-enine 1-phosphate,10,25
5407,CCCCCCCCCCCCCC=CC(O)C(N)COP(=O)(O)OCC[N+](C)(C)C,sphing-4-enine-phosphocholine,6,31
5408,CCCCCCCCCCCCCC=CC1OP(=O)(O)OCC1NC(=O)CCCCC,"N-(hexanoyl)-sphing-4-enine-1,3-cyclic phosphate",2,31
5409,CCCCCCCCCCCCCC=CC1OP(=O)(O)OCC1NC(=O)CCCCCCCCCCC,"N-dodecanoyl-sphing-4-enine-1,3-cyclic phosphate",2,37
5410,CCCCCCCCCCCCCC=CC=O,(2E)-hexadecenal,6,17
5411,CCCCCCCCCCCCCC=O,tetradecanal,6,15
5412,CCCCCCCCCCCCCCC,pentadecane,2,15
5413,CCCCCCCCCCCCCCC(=O)C(=O)O,2-oxohexadecanoate,2,19
5414,CCCCCCCCCCCCCCC(=O)O,pentadecanoate,4,17
5415,CCCCCCCCCCCCCCC(=O)SCCNC(=O)CCNC(=O)C(O)C(C)(C)COP(=O)(O)OP(=O)(O)OCC1OC(n2cnc3c(N)ncnc32)C(O)C1OP(=O)(O)O,pentadecanoyl-CoA,4,64
5416,CCCCCCCCCCCCCCC(C)C(=O)O,2-methylhexadecanoate,2,19
5417,CCCCCCCCCCCCCCC(C)C(=O)SCCNC(=O)CCNC(=O)C(O)C(C)(C)COP(=O)(O)OP(=O)(O)OCC1OC(n2cnc3c(N)ncnc32)C(O)C1OP(=O)(O)O,2-methylhexadecanoyl-CoA,2,66
5418,CCCCCCCCCCCCCCC(O)C(=O)O,2-hydroxyhexadecanoate,6,19
5419,CCCCCCCCCCCCCCC(O)C(=O)SCCNC(=O)CCNC(=O)C(O)C(C)(C)COP(=O)(O)OP(=O)(O)OCC1OC(n2cnc3c(N)ncnc32)C(O)C1OP(=O)(O)O,2-hydroxyhexadecanoyl-CoA,8,66
5420,CCCCCCCCCCCCCCC(O)C(O)C(CO)NC(=O)CCCCC,N-hexanoyl-(4R)-hydroxysphinganine,2,29
5421,CCCCCCCCCCCCCCC(O)C(O)C(CO)NC(=O)CCCCCCCCCCC,N-dodecanoyl-(4R)-hydroxysphinganine,2,35
5422,CCCCCCCCCCCCCCC(O)C(O)C(COP(=O)(O)O)NC(=O)CCCCC,N-hexanoyl-(4R)-hydroxysphinganine-1-phosphate,2,33
5423,CCCCCCCCCCCCCCC(O)C(O)C(N)CO,(4R)-hydroxysphinganine,42,22
5424,CCCCCCCCCCCCCCC(O)C(O)C(N)COP(=O)(O)O,(4R)-hydroxysphinganine 1-phosphate,6,26
5425,CCCCCCCCCCCCCCC(O)C=O,(2R)-hydroxyhexadecanal,2,18
5426,CCCCCCCCCCCCCCC(O)CO,"hexadecane-1,2-diol",2,18
5427,CCCCCCCCCCCCCCC(OO)C(=O)O,(2R)-2-hydroperoxyhexadecanoate,2,20
5428,CCCCCCCCCCCCCCC=COCC(COP(=O)(O)OCC[N+](C)(C)C)OC(=O)CCCC=O,1-O-(1Z-hexadecenyl)-2-(5-oxopentanoyl)-sn-glycero-3-phosphocholine,2,39
5429,CCCCCCCCCCCCCCC=COCC(COP(=O)(O)OCC[N+](C)(C)C)OC(=O)CCCCO,1-O-(1Z-hexadecenyl)-2-(5-hydroxypentanoyl)-sn-glycero-3-phosphocholine,2,39
5430,CCCCCCCCCCCCCCC=COCC(O)COP(=O)(O)OCC[N+](C)(C)C,1-(1Z-hexadecenyl)-sn-glycero-3-phosphocholine,4,32
5431,CCCCCCCCCCCCCCC=O,pentadecanal,2,16
5432,CCCCCCCCCCCCCCCC,hexadecane,2,16
5433,CCCCCCCCCCCCCCCC(=O)C(C)N,1-deoxy-3-dehydrosphinganine,4,20
5434,CCCCCCCCCCCCCCCC(=O)C(CO)NC(=O)CCCCCCC,N-octanoyl-3-oxosphinganine,2,30
5435,CCCCCCCCCCCCCCCC(=O)C(CO)NC(=O)CCCCCCCCC,N-decanoyl-3-oxosphinganine,2,32
5436,CCCCCCCCCCCCCCCC(=O)C(CO)NC(=O)CCCCCCCCCCC,N-dodecanoyl-3-oxosphinganine,2,34
5437,CCCCCCCCCCCCCCCC(=O)C(CO)NC(=O)CCCCCCCCCCCCC,N-tetradecanoyl-3-oxosphinganine,2,36
5438,CCCCCCCCCCCCCCCC(=O)C(N)CO,3-oxosphinganine,26,21
5439,CCCCCCCCCCCCCCCC(=O)C(N)CS(=O)(=O)O,2-amino-3-oxo-octadecane-1-sulfonate,4,24
5440,CCCCCCCCCCCCCCCC(=O)CC(=O)SCCNC(=O)CCNC(=O)C(O)C(C)(C)COP(=O)(O)OP(=O)(O)OCC1OC(n2cnc3c(N)ncnc32)C(O)C1OP(=O)(O)O,3-oxooctadecanoyl-CoA,8,68
5441,CCCCCCCCCCCCCCCC(=O)CN,1-deoxymethyl-3-dehydrosphinganine,4,19
5442,CCCCCCCCCCCCCCCC(=O)NC(CO)C(=O)CCCCCCCCCCCCCCC,N-hexadecanoyl-3-oxosphinganine,2,38
5443,CCCCCCCCCCCCCCCC(=O)NC(CO)C(O)C(O)CCCCCCCCCCCCCC,N-hexadecanoyl-(4R)-hydroxysphinganine,8,39
5444,CCCCCCCCCCCCCCCC(=O)NC(CO)C(O)CCCCCCCCCCCCC,N-hexadecanoylhexadecasphinganine,2,36
5445,CCCCCCCCCCCCCCCC(=O)NC(CO)C(O)CCCCCCCCCCCCCCC,N-hexadecanoylsphinganine,10,38
5446,CCCCCCCCCCCCCCCC(=O)NC(COC1OC(CO)C(O)C(O)C1O)C(O)CCCCCCCCCCCCCCC,beta-D-glucosyl-(1<->1')-N-hexadecanoylsphinganine,2,49
5447,CCCCCCCCCCCCCCCC(=O)NC(COP(=O)(O)OCCN)C(O)C(O)CCCCCCCCCCCCCC,N-hexadecanoyl-(4R)-hydroxysphinganine-1-phosphoethanolamine,2,46
5448,CCCCCCCCCCCCCCCC(=O)NC(COP(=O)(O)OCCN)C(O)CCCCCCCCCCCCCCC,N-hexadecanoyl-sphinganine-1-phosphoethanolamine,2,45
5449,CCCCCCCCCCCCCCCC(=O)NC(COP(=O)(O)OCC[N+](C)(C)C)C(O)C(O)CCCCCCCCCCCCCC,N-hexadecanoyl-(4R)-hydroxysphinganine-phosphocholine,2,49
5450,CCCCCCCCCCCCCCCC(=O)NC(COP(=O)(O)OCC[N+](C)(C)C)C(O)CCCCCCCCCCCCCCC,N-hexadecanoyl-sphinganine-1-phosphocholine,2,48
5451,CCCCCCCCCCCCCCCC(=O)NC(Cc1ccccc1)C(=O)O,N-hexadecanoyl-L-phenylalanine,2,29
5452,CCCCCCCCCCCCCCCC(=O)NCC(=O)O,N-hexadecanoylglycine,2,22
5453,CCCCCCCCCCCCCCCC(=O)NCCO,N-hexadecanoylethanolamine,18,21
5454,CCCCCCCCCCCCCCCC(=O)NCCOP(=O)(O)OCC(COC(=O)CCCCCCCCCCCCCCC)OC(=O)CCCCCCCCCCCCCCC,"1,2-dihexadecanoyl-sn-glycero-3-phospho-(N-hexadecanoyl)-ethanolamine",2,64
5455,CCCCCCCCCCCCCCCC(=O)NCCOP(=O)(O)OCC(O)CO,N-hexadecanoyl-sn-glycero-3-phosphoethanolamine,4,30
5456,CCCCCCCCCCCCCCCC(=O)NCCOP(=O)(O)OCC(O)COC(=O)CCCCCCCCCCCCCCC,"N,1-dihexadecanoyl-sn-glycero-3-phosphoethanolamine",4,47
5457,CCCCCCCCCCCCCCCC(=O)NCCS(=O)(=O)O,N-hexadecanoyl-taurine,2,24
5458,CCCCCCCCCCCCCCCC(=O)NCCc1c[nH]c2ccc(O)cc12,N-hexadecanoyl-serotonin,2,30
5459,CCCCCCCCCCCCCCCC(=O)NCCc1ccc(O)c(O)c1,N-hexadecanoyl-dopamine,2,28
5460,CCCCCCCCCCCCCCCC(=O)O,hexadecanoate,152,18
5461,CCCCCCCCCCCCCCCC(=O)OC(CC(=O)O)C[N+](C)(C)C,O-hexadecanoyl-(R)-carnitine,2,28
5462,CCCCCCCCCCCCCCCC(=O)OC(CCCCCC)CCCCCCCCCCC(=O)O,12-hexadecanoyloxy-octadecanoate,2,38
5463,CCCCCCCCCCCCCCCC(=O)OC(CCCCCCCCC)CCCCCCCC(=O)O,9-hexadecanoyloxy-octadecanoate,4,38
5464,CCCCCCCCCCCCCCCC(=O)OC(CCCCCCCCCCCCC)CC(=O)NCC(=O)O,N-[(3R)-3-(hexadecanoyloxy)hexadecanoyl]-glycine,2,40
5465,CCCCCCCCCCCCCCCC(=O)OC(CO)CO,2-hexadecanoylglycerol,2,23
5466,CCCCCCCCCCCCCCCC(=O)OC(CO)COP(=O)(O)OC1C(O)C(O)C(O)C(O)C1O,2-hexadecanoyl-sn-glycero-3-phospho-(1D-myo-inositol),2,38
5467,CCCCCCCCCCCCCCCC(=O)OC(CO)COP(=O)(O)OCC[N+](C)(C)C,2-hexadecanoyl-sn-glycero-3-phosphocholine,22,33
5468,CCCCCCCCCCCCCCCC(=O)OC(COC(=O)CCCCCC)COP(=O)(O)OCC[N+](C)(C)C,1-heptanoyl-2-hexadecanoyl-sn-glycero-3-phosphocholine,2,41
5469,CCCCCCCCCCCCCCCC(=O)OC(COC(=O)CCCCCCCCCCC)COP(=O)(O)OCC[N+](C)(C)C,1-dodecanoyl-2-hexadecanoyl-sn-glycero-3-phosphocholine,2,46
5470,CCCCCCCCCCCCCCCC(=O)OC(COC(=O)CCCCCCCCCCCCC)COP(=O)(O)OCC(O)CO,1-tetradecanoyl-2-hexadecanoyl-sn-glycero-3-phospho-(1'-sn-glycerol),2,47
5471,CCCCCCCCCCCCCCCC(=O)OC(COC(=O)CCCCCCCCCCCCC)COP(=O)(O)OCC[N+](C)(C)C,1-tetradecanoyl-2-hexadecanoyl-sn-glycero-3-phosphocholine,2,48
5472,CCCCCCCCCCCCCCCC(=O)OC1C(O)OC(COP(=O)(O)OP(=O)(O)OCC2OC(n3cnc4c(N)ncnc43)C(O)C2O)C1O,2''-O-hexadecanoyl-ADP-D-ribose,2,53
5473,CCCCCCCCCCCCCCCC(=O)OC1C(OC2OC(CO)C(O)C(O)C2O)OC(CO)C(O)C1O,"2-O-hexadecanoyl-alpha,alpha-trehalose",4,40
5474,CCCCCCCCCCCCCCCC(=O)OC1C(OC2OC(CO)C(O)C(O)C2O)OC(CO)C(O)C1OC(=O)CCCCCCCCCCCCCCC,"2-O,3-O-dihexadecanoyl-alpha,alpha-trehalose",2,57
5475,CCCCCCCCCCCCCCCC(=O)OC1C(OC2OC(CO)C(O)C(O)C2OS(=O)(=O)O)OC(CO)C(O)C1O,"2-O-sulfo-2'-O-hexadecanoyl-alpha,alpha-trehalose",2,44
5476,CCCCCCCCCCCCCCCC(=O)OC1CC2C(=O)C=C3C(CCC4(C)C(C(C)C(O)CCC(C)(C)O)CCC34O)C2(C)CC1O,ecdysone hexadecanoate,2,50
5477,CCCCCCCCCCCCCCCC(=O)OC1CCC2(C)C(=CC=C3C2CCC2(C)C3CCC2C(C)C=CC(C)C(C)C)C1,ergosteryl hexadecanoate,2,46
5478,CCCCCCCCCCCCCCCC(=O)OC1CCC2(C)C(=CCC3C2CCC2(C)C(C(C)CCCC(C)C)CCC32)C1,cholesteryl hexadecanoate,2,45
5479,CCCCCCCCCCCCCCCC(=O)OC1CCC2(C)C3=C(CCC2C1(C)C)C1(C)CCC(C(C)CCC=C(C)C)C1(C)CC3,lanosteryl hexadecanoate,2,48
5480,CCCCCCCCCCCCCCCC(=O)OCC,ethyl hexadecanoate,2,20
5481,CCCCCCCCCCCCCCCC(=O)OCC(=O)COP(=O)(O)O,1-hexadecanoylglycerone 3-phosphate,30,27
5482,CCCCCCCCCCCCCCCC(=O)OCC(CO)OC(=O)CCCCCCCCCCCCCCC,"2,3-dihexadecanoyl-sn-glycerol",12,40
5483,CCCCCCCCCCCCCCCC(=O)OCC(COC(=O)CCCCC)OC(=O)CCCCC,"1,2-dihexanoyl-3-hexadecanoylglycerol",2,37
5484,CCCCCCCCCCCCCCCC(=O)OCC(COC(=O)CCCCCCCCCCCCCCC)OC(=O)CCCCCCCCCCCCCCC,trihexadecanoylglycerol,2,57
5485,CCCCCCCCCCCCCCCC(=O)OCC(COP(=O)(O)O)OC(=O)CCCC=O,1-hexadecanoyl-2-(5-oxopentanoyl)-sn-glycero-3-phosphate,2,34
5486,CCCCCCCCCCCCCCCC(=O)OCC(COP(=O)(O)O)OC(=O)CCCCCCCCCCCCC,1-hexadecanoyl-2-tetradecanoyl-sn-glycero-3-phosphate,2,42
5487,CCCCCCCCCCCCCCCC(=O)OCC(COP(=O)(O)O)OC(=O)CCCCCCCCCCCCCCC,"1,2-dihexadecanoyl-sn-glycero-3-phosphate",14,44
5488,CCCCCCCCCCCCCCCC(=O)OCC(COP(=O)(O)O)OC(=O)CCCCO,1-hexadecanoyl-2-(5-hydroxypentanoyl)-sn-glycero-3-phosphate,2,34
5489,CCCCCCCCCCCCCCCC(=O)OCC(COP(=O)(O)OC1C(O)C(O)C(O)C(O)C1O)OC(=O)CCCCCCCCCCC,1-hexadecanoyl-2-dodecanoyl-sn-glycero-3-phospho-(1D-myo-inositol),2,51
5490,CCCCCCCCCCCCCCCC(=O)OCC(COP(=O)(O)OC1C(O)C(O)C(O)C(O)C1O)OC(=O)CCCCCCCCCCCCCCC,"1,2-dihexadecanoyl-sn-glycero-3-phospho-(1D-myo-inositol)",8,55
5491,CCCCCCCCCCCCCCCC(=O)OCC(COP(=O)(O)OC1C(O)C(O)C(O)C(OP(=O)(O)O)C1O)OC(=O)CCCCCCCCCCCCCCC,"1,2-dihexadecanoyl-sn-glycero-3-phospho-(1D-myo-inositol-3-phosphate)",12,59
5492,CCCCCCCCCCCCCCCC(=O)OCC(COP(=O)(O)OC1C(O)C(O)C(OP(=O)(O)O)C(O)C1O)OC(=O)CCCCCCCCCCCCCCC,"1,2-dihexadecanoyl-sn-glycero-3-phospho-(1D-myo-inositol-4-phosphate)",4,59
5493,CCCCCCCCCCCCCCCC(=O)OCC(COP(=O)(O)OC1C(O)C(O)C(OP(=O)(O)O)C(OP(=O)(O)O)C1O)OC(=O)CCCCCCCCCCCCCCC,"1,2-dihexadecanoyl-sn-glycero-3-phospho-(1D-myo-inositol-3,4-bisphosphate)",10,63
5494,CCCCCCCCCCCCCCCC(=O)OCC(COP(=O)(O)OC1C(O)C(OP(=O)(O)O)C(O)C(OP(=O)(O)O)C1O)OC(=O)CCCCCCCCCCCCCCC,"1,2-dihexadecanoyl-sn-glycero-3-phospho-(1D-myo-inositol-3,5-phosphate)",4,63
5495,CCCCCCCCCCCCCCCC(=O)OCC(COP(=O)(O)OC1C(O)C(OP(=O)(O)O)C(OP(=O)(O)O)C(OP(=O)(O)O)C1O)OC(=O)CCCCCCCCCCCCCCC,"1,2-dihexadecanoyl-sn-glycero-3-phospho-(1D-myo-inositol-3,4,5-trisphosphate)",2,67
5496,CCCCCCCCCCCCCCCC(=O)OCC(COP(=O)(O)OCC(N)C(=O)O)OC(=O)CCCCCCCCC(O)CCCCCCCC,1-hexadecanoyl-2-(10-hydroxyoctadecanoyl)-sn-glycero-3-phospho-L-serine,2,53
5497,CCCCCCCCCCCCCCCC(=O)OCC(COP(=O)(O)OCC(O)CO)OC(=O)CCCC=O,1-hexadecanoyl-2-(5-oxopentanoyl)-sn-glycero-3-phospho-(1'-sn-glycerol),2,39
5498,CCCCCCCCCCCCCCCC(=O)OCC(COP(=O)(O)OCC(O)CO)OC(=O)CCCCCCCCCCC,1-hexadecanoyl-2-dodecanoyl-sn-glycero-3-phospho-(1'-sn-glycerol),2,45
5499,CCCCCCCCCCCCCCCC(=O)OCC(COP(=O)(O)OCC(O)CO)OC(=O)CCCCCCCCCCCCCCC,"1,2-dihexadecanoyl-sn-glycero-3-phospho-(1'-sn-glycerol)",4,49
5500,CCCCCCCCCCCCCCCC(=O)OCC(COP(=O)(O)OCC(O)CO)OC(=O)CCCCO,1-hexadecanoyl-2-(5-hydroxypentanoyl)-sn-glycero-3-phospho-(1'-sn-glycerol),2,39
5501,CCCCCCCCCCCCCCCC(=O)OCC(COP(=O)(O)OCCN)OC(=O)CCCC=O,1-hexadecanoyl-2-(5-oxopentanoyl)-sn-glycero-3-phosphoethanolamine,2,37
5502,CCCCCCCCCCCCCCCC(=O)OCC(COP(=O)(O)OCCN)OC(=O)CCCCCCCCCCCCCCC,"1,2-dihexadecanoyl-sn-glycero-3-phosphoethanolamine",10,47
5503,CCCCCCCCCCCCCCCC(=O)OCC(COP(=O)(O)OCCN)OC(=O)CCCCO,1-hexadecanoyl-2-(5-hydroxypentanoyl)-sn-glycero-3-phosphoethanolamine,2,37
5504,CCCCCCCCCCCCCCCC(=O)OCC(COP(=O)(O)OCC[N+](C)(C)C)OC(=O)CC,1-hexadecanoyl-2-propionyl-sn-glycero-3-phosphocholine,2,37
5505,CCCCCCCCCCCCCCCC(=O)OCC(COP(=O)(O)OCC[N+](C)(C)C)OC(=O)CCC,1-hexadecanoyl-2-butanoyl-sn-glycero-3-phosphocholine,2,38
5506,CCCCCCCCCCCCCCCC(=O)OCC(COP(=O)(O)OCC[N+](C)(C)C)OC(=O)CCCC,1-hexadecanoyl-2-pentanoyl-sn-glycero-3-phosphocholine,2,39
5507,CCCCCCCCCCCCCCCC(=O)OCC(COP(=O)(O)OCC[N+](C)(C)C)OC(=O)CCCC(=O)O,1-hexadecanoyl-2-glutaroyl-sn-glycero-3-phosphocholine,4,41
5508,CCCCCCCCCCCCCCCC(=O)OCC(COP(=O)(O)OCC[N+](C)(C)C)OC(=O)CCCC=O,1-hexadecanoyl-2-(5-oxopentanoyl)-sn-glycero-3-phosphocholine,6,40
5509,CCCCCCCCCCCCCCCC(=O)OCC(COP(=O)(O)OCC[N+](C)(C)C)OC(=O)CCCCC,1-hexadecanoyl-2-hexanoyl-sn-glycero-3-phosphocholine,2,40
5510,CCCCCCCCCCCCCCCC(=O)OCC(COP(=O)(O)OCC[N+](C)(C)C)OC(=O)CCCCCC,1-hexadecanoyl-2-heptanoyl-sn-glycero-3-phosphocholine,2,41
5511,CCCCCCCCCCCCCCCC(=O)OCC(COP(=O)(O)OCC[N+](C)(C)C)OC(=O)CCCCCC=O,1-hexadecanoyl-2-(7-oxoheptanoyl)-sn-glycero-3-phosphocholine,2,42
5512,CCCCCCCCCCCCCCCC(=O)OCC(COP(=O)(O)OCC[N+](C)(C)C)OC(=O)CCCCCCC,1-hexadecanoyl-2-octanoyl-sn-glycero-3-phosphocholine,2,42
5513,CCCCCCCCCCCCCCCC(=O)OCC(COP(=O)(O)OCC[N+](C)(C)C)OC(=O)CCCCCCC=CC(CCCCCCCC)OO,1-hexadecanoyl-2-(10-hydroperoxy-8E-octadecenoyl)-sn-glycero-3-phosphocholine,2,54
5514,CCCCCCCCCCCCCCCC(=O)OCC(COP(=O)(O)OCC[N+](C)(C)C)OC(=O)CCCCCCCC(=O)O,1-hexadecanoyl-2-nonadioyl-sn-glycero-3-phosphocholine,6,45
5515,CCCCCCCCCCCCCCCC(=O)OCC(COP(=O)(O)OCC[N+](C)(C)C)OC(=O)CCCCCCCC=O,1-hexadecanoyl-2-(9-oxononanoyl)-sn-glycero-3-phosphocholine,6,44
5516,CCCCCCCCCCCCCCCC(=O)OCC(COP(=O)(O)OCC[N+](C)(C)C)OC(=O)CCCCCCCCC,1-hexadecanoyl-2-decanoyl-sn-glycero-3-phosphocholine,2,44
5517,CCCCCCCCCCCCCCCC(=O)OCC(COP(=O)(O)OCC[N+](C)(C)C)OC(=O)CCCCCCCCCCC,1-hexadecanoyl-2-dodecanoyl-sn-glycero-3-phosphocholine,2,46
5518,CCCCCCCCCCCCCCCC(=O)OCC(COP(=O)(O)OCC[N+](C)(C)C)OC(=O)CCCCCCCCCCCCC,1-hexadecanoyl-2-tetradecanoyl-sn-glycero-3-phosphocholine,2,48
5519,CCCCCCCCCCCCCCCC(=O)OCC(COP(=O)(O)OCC[N+](C)(C)C)OC(=O)CCCCCCCCCCCCCCC,"1,2-dihexadecanoyl-sn-glycero-3-phosphocholine",30,50
5520,CCCCCCCCCCCCCCCC(=O)OCC(COP(=O)(O)OCC[N+](C)(C)C)OC(=O)CCCCCCCCO,1-hexadecanoyl-2-(9-hydroxynonanoyl)-sn-glycero-3-phosphocholine,2,44
5521,CCCCCCCCCCCCCCCC(=O)OCC(COP(=O)(O)OCC[N+](C)(C)C)OC(=O)CCCCCCO,1-hexadecanoyl-2-(7-hydroxyheptanoyl)-sn-glycero-3-phosphocholine,2,42
5522,CCCCCCCCCCCCCCCC(=O)OCC(COP(=O)(O)OCC[N+](C)(C)C)OC(=O)CCCCO,1-hexadecanoyl-2-(5-hydroxypentanoyl)-sn-glycero-3-phosphocholine,2,40
5523,CCCCCCCCCCCCCCCC(=O)OCC(COP(=O)(O)OCC[N+](C)(C)C)OC(C)=O,1-hexadecanoyl-2-acetyl-sn-glycero-3-phosphocholine,6,36
5524,CCCCCCCCCCCCCCCC(=O)OCC(COP(=O)(O)OP(=O)(O)OCC1OC(n2ccc(N)nc2=O)C(O)C1O)OC(=O)CCCCCCCCCCCCCCC,"1,2-dihexadecanoyl-sn-glycero-3-CDP",4,64
5525,CCCCCCCCCCCCCCCC(=O)OCC(O)CCCCCCCCCCCCCC,2-hydroxyhexadecyl hexadecanoate,2,35
5526,CCCCCCCCCCCCCCCC(=O)OCC(O)CO,3-hexadecanoyl-sn-glycerol,16,23
5527,CCCCCCCCCCCCCCCC(=O)OCC(O)COC(=O)CCCCCCCCCCCCCCC,"1,3-dihexadecanoylglycerol",2,40
5528,CCCCCCCCCCCCCCCC(=O)OCC(O)COP(=O)(O)O,1-hexadecanoyl-sn-glycero-3-phosphate,44,27
5529,CCCCCCCCCCCCCCCC(=O)OCC(O)COP(=O)(O)OC1C(O)C(O)C(O)C(O)C1O,1-hexadecanoyl-sn-glycero-3-phospho-(1D-myo-inositol),14,38
5530,CCCCCCCCCCCCCCCC(=O)OCC(O)COP(=O)(O)OCC(N)C(=O)O,1-hexadecanoyl-sn-glycero-3-phospho-L-serine,12,33
5531,CCCCCCCCCCCCCCCC(=O)OCC(O)COP(=O)(O)OCC(O)CO,1-hexadecanoyl-sn-glycero-3-phospho-(1'-sn-glycerol),20,32
5532,CCCCCCCCCCCCCCCC(=O)OCC(O)COP(=O)(O)OCC(O)COC(=O)CCCCCCCCCCCCCCC,1-hexadecanoyl-sn-glycero-3-phospho-(3'-hexadecanoyl-1'-sn-glycerol),2,49
5533,CCCCCCCCCCCCCCCC(=O)OCC(O)COP(=O)(O)OCCN,1-hexadecanoyl-sn-glycero-3-phosphoethanolamine,42,30
5534,CCCCCCCCCCCCCCCC(=O)OCC(O)COP(=O)(O)OCC[N+](C)(C)C,1-hexadecanoyl-sn-glycero-3-phosphocholine,148,33
5535,CCCCCCCCCCCCCCCC(=O)OCC1COP(=O)(O)O1,"1-hexadecanoyl-sn-glycero-2,3-cyclic phosphate",2,26
5536,CCCCCCCCCCCCCCCC(=O)OCC=C(C)C=CC=C(C)C=CC1=C(C)CCCC1(C)C,11-cis-retinyl hexadecanoate,6,38
5537,CCCCCCCCCCCCCCCC(=O)OCC=C(C)CCCC(C)CCCC(C)CCCC(C)C,hexadecanoate phytyl ester,2,38
5538,CCCCCCCCCCCCCCCC(=O)OCCCCCCCC,octyl hexadecanoyl,2,26
5539,CCCCCCCCCCCCCCCC(=O)OCCCCCCCCC,nonyl hexadecanoate,2,27
5540,CCCCCCCCCCCCCCCC(=O)OCCCCCCCCCC,decanyl hexadecanoate,2,28
5541,CCCCCCCCCCCCCCCC(=O)OCCCCCCCCCCCCCC,tetradecanyl hexadecanoate,2,32
5542,CCCCCCCCCCCCCCCC(=O)OP(=O)(O)O,hexadecanoyl phosphate,4,22
5543,CCCCCCCCCCCCCCCC(=O)OP(=O)(O)OCC1OC(n2cnc3c(N)ncnc32)C(O)C1O,hexadecanoyl-AMP,4,40
5544,CCCCCCCCCCCCCCCC(=O)SCCNC(=O)CCNC(=O)C(O)C(C)(C)COP(=O)(O)O,S-hexadecanoyl-4'-phosphopantetheine,2,39
5545,CCCCCCCCCCCCCCCC(=O)SCCNC(=O)CCNC(=O)C(O)C(C)(C)COP(=O)(O)OP(=O)(O)OCC1OC(n2cnc3c(N)ncnc32)C(O)C1OP(=O)(O)O,hexadecanoyl-CoA,166,65
5546,CCCCCCCCCCCCCCCC(N)=O,hexadecanamide,2,18
5547,CCCCCCCCCCCCCCCC(O)C(=O)SCCNC(=O)CCNC(=O)C(O)C(C)(C)COP(=O)(O)OP(=O)(O)OCC1OC(n2cnc3c(N)ncnc32)C(O)C1OP(=O)(O)O,2-hydroxyheptadecanoyl-CoA,2,67
5548,CCCCCCCCCCCCCCCC(O)C(C)N,1-deoxysphinganine,4,20
5549,CCCCCCCCCCCCCCCC(O)C(CO)NC(=O)C(O)CCCC,N-(2-hydroxy-hexanoyl)-sphinganine,2,29
5550,CCCCCCCCCCCCCCCC(O)C(CO)NC(=O)C(O)CCCCCCCCCCCCCC,N-(2-hydroxyhexadecanoyl)-sphinganine,2,39
5551,CCCCCCCCCCCCCCCC(O)C(CO)NC(=O)CCCCC,N-hexanoyl-sphinganine,2,28
5552,CCCCCCCCCCCCCCCC(O)C(CO)NC(=O)CCCCCCCCCCC,N-(dodecanoyl)-sphinganine,2,34
5553,CCCCCCCCCCCCCCCC(O)C(CO)NC(=O)CCCCCCCCCCCCC,N-(tetradecanoyl)-sphinganine,2,36
5554,CCCCCCCCCCCCCCCC(O)C(COC1OC(CO)C(O)C(O)C1O)NC(=O)C(O)CCCC,N-(2-hydroxyhexanoyl)-beta-D-galactosylsphinganine,2,40
5555,CCCCCCCCCCCCCCCC(O)C(N)CO,sphinganine,64,21
5556,CCCCCCCCCCCCCCCC(O)C(N)COC1OC(CO)C(O)C(O)C1O,beta-D-galactosyl-(1<->1')-sphinganine,2,32
5557,CCCCCCCCCCCCCCCC(O)C(N)COP(=O)(O)O,sphinganine 1-phosphate,6,25
5558,CCCCCCCCCCCCCCCC(O)C(N)CS(=O)(=O)O,2-amino-3-hydroxy-octadecane-1-sulfonate,2,24
5559,CCCCCCCCCCCCCCCC(O)CC(=O)SCCNC(=O)CCNC(=O)C(O)C(C)(C)COP(=O)(O)OP(=O)(O)OCC1OC(n2cnc3c(N)ncnc32)C(O)C1OP(=O)(O)O,3-hydroxyoctadecanoyl-CoA,6,68
5560,CCCCCCCCCCCCCCCC(O)CN,1-deoxymethyl-sphinganine,2,19
5561,CCCCCCCCCCCCCCCC=CC(=O)SCCNC(=O)CCNC(=O)C(O)C(C)(C)COP(=O)(O)OP(=O)(O)OCC1OC(n2cnc3c(N)ncnc32)C(O)C1OP(=O)(O)O,(2E)-octadecenoyl-CoA,6,67
5562,CCCCCCCCCCCCCCCC=O,hexadecanal,16,17
5563,CCCCCCCCCCCCCCCCC,heptadecane,2,17
5564,CCCCCCCCCCCCCCCCC(=O)C(=O)O,2-oxooctadecanoate,4,21
5565,CCCCCCCCCCCCCCCCC(=O)O,heptadecanoate,4,19
5566,CCCCCCCCCCCCCCCCC(=O)OCC(COP(=O)(O)O)OC(=O)CCCCCCCCCCC,1-heptadecanoyl-2-dodecanoyl-sn-glycero-3-phosphate,2,41
5567,CCCCCCCCCCCCCCCCC(=O)OCC(COP(=O)(O)O)OC(=O)CCCCCCCCCCCCC,1-heptadecanoyl-2-tetradecanoyl-sn-glycero-3-phosphate,2,43
5568,CCCCCCCCCCCCCCCCC(=O)OCC(COP(=O)(O)O)OC(=O)CCCCCCCCCCCCCCC,1-heptadecanoyl-2-hexadecanoyl-sn-glycero-3-phosphate,2,45
5569,CCCCCCCCCCCCCCCCC(=O)OCC(COP(=O)(O)OCCN)OC(=O)CCCCCCCCCCCCCCCC,"1,2-diheptadecanoyl-sn-glycero-3-phosphoethanolamine",4,49
5570,CCCCCCCCCCCCCCCCC(=O)OCC(COP(=O)(O)OCCNC(=O)CCCCCCCCCCCCCCC)OC(=O)CCCCCCCCCCCCCCCC,"1,2-diheptadecanoyl-sn-glycero-3-phospho-N-hexadecanoyl-ethanolamine",2,66
5571,CCCCCCCCCCCCCCCCC(=O)OCC(O)COP(=O)(O)O,1-heptadecanoyl-sn-glycero-3-phosphate,12,28
5572,CCCCCCCCCCCCCCCCC(=O)OCC(O)COP(=O)(O)OCC(N)C(=O)O,1-heptadecanoyl-sn-glycero-3-phosphoserine,2,34
5573,CCCCCCCCCCCCCCCCC(=O)OCC(O)COP(=O)(O)OCCN,1-heptadecanoyl-sn-glycero-3-phosphoethanolamine,2,31
5574,CCCCCCCCCCCCCCCCC(=O)OCC(O)COP(=O)(O)OCC[N+](C)(C)C,1-heptadecanoyl-sn-glycero-3-phosphocholine,2,34
5575,CCCCCCCCCCCCCCCCC(=O)SCCNC(=O)CCNC(=O)C(O)C(C)(C)COP(=O)(O)OP(=O)(O)OCC1OC(n2cnc3c(N)ncnc32)C(O)C1OP(=O)(O)O,heptadecanoyl-CoA,6,66
5576,CCCCCCCCCCCCCCCCC(C)C(=O)O,2-methyloctadecanoate,2,21
5577,CCCCCCCCCCCCCCCCC(C)C(=O)SCCNC(=O)CCNC(=O)C(O)C(C)(C)COP(=O)(O)OP(=O)(O)OCC1OC(n2cnc3c(N)ncnc32)C(O)C1OP(=O)(O)O,2-methyloctadecanoyl-CoA,2,68
5578,CCCCCCCCCCCCCCCCC(O)C(=O)NC(CO)C(O)CCCCCCCCCCCCCCC,N-(2-hydroxyoctadecanoyl)-sphinganine,2,41
5579,CCCCCCCCCCCCCCCCC(O)C(=O)O,(R)-2-hydroxyoctadecanoate,4,21
5580,CCCCCCCCCCCCCCCCC(O)C(=O)SCCNC(=O)CCNC(=O)C(O)C(C)(C)COP(=O)(O)OP(=O)(O)OCC1OC(n2cnc3c(N)ncnc32)C(O)C1OP(=O)(O)O,2-hydroxyoctadecanoyl-CoA,6,68
5581,CCCCCCCCCCCCCCCCC(O)C(O)C(N)CO,(4R)-hydroxyeicosasphinganine,6,24
5582,CCCCCCCCCCCCCCCCC(O)C(O)C(N)COP(=O)(O)O,4-hydroxyeicosasphinganine 1-phosphate,4,28
5583,CCCCCCCCCCCCCCCCC(O)C=O,2-hydroxyoctadecanal,2,20
5584,CCCCCCCCCCCCCCCCC(OO)C(=O)O,(2R)-2-hydroperoxyoctadecanoate,2,22
5585,CCCCCCCCCCCCCCCCC=COCC(O)COP(=O)(O)O,1-O-(1Z-octadecenyl)-sn-glycero-3-phosphate,6,28
5586,CCCCCCCCCCCCCCCCC=COCC(O)COP(=O)(O)OCCN,1-(1Z-octadecenyl)-sn-glycero-3-phosphoethanolamine,2,31
5587,CCCCCCCCCCCCCCCCC=COCC(O)COP(=O)(O)OCCNC(=O)CCCCCCCCCCCCCCC,1-O-(1Z-octadecenyl)-sn-glycero-3-phospho-N-hexadecanoyl-ethanolamine,4,48
5588,CCCCCCCCCCCCCCCCC=O,heptadecanal,2,18
5589,CCCCCCCCCCCCCCCCCC(=O)C(N)CO,3-oxoeicosasphinganine,4,23
5590,CCCCCCCCCCCCCCCCCC(=O)CC(=O)SCCNC(=O)CCNC(=O)C(O)C(C)(C)COP(=O)(O)OP(=O)(O)OCC1OC(n2cnc3c(N)ncnc32)C(O)C1OP(=O)(O)O,3-oxoeicosanoyl-CoA,8,70
5591,CCCCCCCCCCCCCCCCCC(=O)NC(CO)C(=O)CCCCCCCCCCCCCCC,N-octadecanoyl-3-oxosphinganine,2,40
5592,CCCCCCCCCCCCCCCCCC(=O)NC(CO)C(O)C(O)CCCCCCCCCCCCCC,N-octadecanoyl-(4R)-hydroxysphinganine,4,41
5593,CCCCCCCCCCCCCCCCCC(=O)NC(CO)C(O)CCCCCCCCCCCCC,N-octadecanoylhexadecasphinganine,2,38
5594,CCCCCCCCCCCCCCCCCC(=O)NC(CO)C(O)CCCCCCCCCCCCCCC,N-(octadecanoyl)-sphinganine,4,40
5595,CCCCCCCCCCCCCCCCCC(=O)NC(Cc1ccccc1)C(=O)O,N-octadecanoyl-L-phenylalanine,2,31
5596,CCCCCCCCCCCCCCCCCC(=O)NCC(=O)O,N-octadecanoylglycine,2,24
5597,CCCCCCCCCCCCCCCCCC(=O)NCCO,N-octadecanoyl ethanolamine,4,23
5598,CCCCCCCCCCCCCCCCCC(=O)NCCOP(=O)(O)OCC(O)CO,N-octadecanoyl-sn-glycero-3-phospho-ethanolamine,2,32
5599,CCCCCCCCCCCCCCCCCC(=O)NCCS(=O)(=O)O,N-octadecanoyl-taurine,2,26
5600,CCCCCCCCCCCCCCCCCC(=O)NCCc1c[nH]c2ccc(O)cc12,N-octadecanoyl-serotonin,2,32
5601,CCCCCCCCCCCCCCCCCC(=O)O,octadecanoate,68,20
5602,CCCCCCCCCCCCCCCCCC(=O)OC(CC(=O)O)C[N+](C)(C)C,O-octadecanoyl-(R)-carnitine,2,30
5603,CCCCCCCCCCCCCCCCCC(=O)OC(CCCCC)CCCCCCCCCCCC(=O)O,13-octadecanoyloxy-octadecanoate,2,40
5604,CCCCCCCCCCCCCCCCCC(=O)OC(CCCCCC)CCCCCCCCCCC(=O)O,12-octadecanoyloxy-octadecanoate,2,40
5605,CCCCCCCCCCCCCCCCCC(=O)OC(CCCCCCCCC)CCCCCCCC(=O)O,9-octadecanoyloxy-octadecanoate,2,40
5606,CCCCCCCCCCCCCCCCCC(=O)OC(CO)CO,2-octadecanoylglycerol,2,25
5607,CCCCCCCCCCCCCCCCCC(=O)OC(CO)COP(=O)(O)OCC[N+](C)(C)C,2-octadecanoyl-sn-glycero-3-phosphocholine,8,35
5608,CCCCCCCCCCCCCCCCCC(=O)OC(COC(=O)CCCCCCCCCCCCCCC)COP(=O)(O)O,1-hexadecanoyl-2-octadecanoyl-sn-glycero-3-phosphate,2,46
5609,CCCCCCCCCCCCCCCCCC(=O)OC(COC(=O)CCCCCCCCCCCCCCC)COP(=O)(O)OC1C(O)C(O)C(O)C(O)C1O,1-hexadecanoyl-2-octadecanoyl-sn-glycero-3-phospho-(1D-myo-inositol),2,57
5610,CCCCCCCCCCCCCCCCCC(=O)OC(COC(=O)CCCCCCCCCCCCCCC)COP(=O)(O)OCC(O)CO,1-hexadecanoyl-2-octadecanoyl-sn-glycero-3-phospho-(1'-sn-glycerol),2,51
5611,CCCCCCCCCCCCCCCCCC(=O)OC(COC(=O)CCCCCCCCCCCCCCC)COP(=O)(O)OCCN,1-hexadecanoyl-2-octadecanoyl-sn-glycero-3-phosphoethanolamine,2,49
5612,CCCCCCCCCCCCCCCCCC(=O)OC(COC(=O)CCCCCCCCCCCCCCC)COP(=O)(O)OCC[N+](C)(C)C,1-hexadecanoyl-2-octadecanoyl-sn-glycero-3-phosphocholine,10,52
5613,CCCCCCCCCCCCCCCCCC(=O)OC(COC(=O)CCCCCCCCCCCCCCCC)COP(=O)(O)O,1-heptadecanoyl-2-octadecanoyl-sn-glycero-3-phosphate,2,47
5614,CCCCCCCCCCCCCCCCCC(=O)OC1C(OC2OC(CO)C(O)C(O)C2OS(=O)(=O)O)OC(CO)C(O)C1O,"2-O-sulfo-2'-O-octadecanoyl-alpha,alpha-trehalose",2,46
5615,CCCCCCCCCCCCCCCCCC(=O)OC1CCC2(C)C(=CCC3C2CCC2(C)C(C(C)CCCC(C)C)CCC32)C1,cholesteryl octadecanoate,2,47
5616,CCCCCCCCCCCCCCCCCC(=O)OCC,ethyl octadecanoate,2,22
5617,CCCCCCCCCCCCCCCCCC(=O)OCC(=O)COP(=O)(O)O,1-octadecanoylglycerone 3-phosphate,2,29
5618,CCCCCCCCCCCCCCCCCC(=O)OCC(CO)OC(=O)CCCCCCCCCCCCCCCCC,"1,2-dioctadecanoyl-sn-glycerol",4,44
5619,CCCCCCCCCCCCCCCCCC(=O)OCC(COC(=O)CCCCC)OC(=O)CCCCC,"1,2-dihexanoyl-3-octadecanoylglycerol",2,39
5620,CCCCCCCCCCCCCCCCCC(=O)OCC(COC(=O)CCCCCCCCCCCCCCCCC)OC(=O)CCCCCCCCCCCCCCCCC,trioctadecanoylglycerol,2,63
5621,CCCCCCCCCCCCCCCCCC(=O)OCC(COCCCCCCCCCCCCCCCC)OC(C)=O,1-O-hexadecyl-2-acetyl-3-octadecanoyl-sn-glycerol,2,44
5622,CCCCCCCCCCCCCCCCCC(=O)OCC(COP(=O)(O)O)OC(=O)CCCCCCCCCCCCCCCCC,"1,2-dioctadecanoyl-sn-glycero-3-phosphate",2,48
5623,CCCCCCCCCCCCCCCCCC(=O)OCC(COP(=O)(O)OC1C(O)C(O)C(O)C(O)C1O)OC(=O)CCCC=CCC=CCC=CC=CC(CCCCC)OO,"1-octadecanoyl-2-(15-hydroperoxy-5Z,8Z,11Z,13E-eicosatetraenoyl)-sn-glycero-3-phospho-(1D-myo-inositol)",2,63
5624,CCCCCCCCCCCCCCCCCC(=O)OCC(COP(=O)(O)OCC(N)C(=O)O)OC(=O)CCCCCCCC1OC1CCCCCCCC,"1-octadecanoyl-2-(9,10-epoxyoctadecanoyl)-sn-glycero-3-phospho-L-serine",2,55
5625,CCCCCCCCCCCCCCCCCC(=O)OCC(COP(=O)(O)OCC(N)C(=O)O)OC(=O)CCCCCCCCC(O)CCCCCCCC,1-octadecanoyl-2-(10-hydroxyoctadecanoyl)-sn-glycero-3-phospho-L-serine,2,55
5626,CCCCCCCCCCCCCCCCCC(=O)OCC(COP(=O)(O)OCC(O)CO)OC(=O)CCCCCCCCCCCCCCC,1-octadecanoyl-2-hexadecanoyl-sn-glycero-3-phospho-(1'-sn-glycerol),2,51
5627,CCCCCCCCCCCCCCCCCC(=O)OCC(COP(=O)(O)OCCN)OC(=O)CCCC=CCC=CCC=CC=CC(CCCCC)OO,"1-octadecanoyl-2-(15-hydroperoxy-5Z,8Z,11Z,13E-eicosatetraenoyl)-sn-glycero-3-phosphoethanolamine",2,55
5628,CCCCCCCCCCCCCCCCCC(=O)OCC(COP(=O)(O)OCCN)OC(=O)CCCC=CCC=CCC=CC=CC(O)CCCCC,"1-octadecanoyl-2-(15-hydroxy-(5Z,8Z,11Z,13E)-eicosatetraenoyl)-sn-glycero-3-phosphoethanolamine",2,54
5629,CCCCCCCCCCCCCCCCCC(=O)OCC(COP(=O)(O)OCC[N+](C)(C)C)OC(=O)CCCC,1-octadecanoyl-2-pentanoyl-sn-glycero-3-phosphocholine,2,41
5630,CCCCCCCCCCCCCCCCCC(=O)OCC(COP(=O)(O)OCC[N+](C)(C)C)OC(=O)CCCC=CCC=CCC=CC=CC(CCCCC)OO,"1-octadecanoyl-2-(15-hydroperoxy-5Z,8Z,11Z,13E-eicosatetraenoyl)-sn-glycero-3-phosphocholine",2,58
5631,CCCCCCCCCCCCCCCCCC(=O)OCC(COP(=O)(O)OCC[N+](C)(C)C)OC(=O)CCCCC,1-octadecanoyl-2-hexanoyl-sn-glycero-3-phosphocholine,2,42
5632,CCCCCCCCCCCCCCCCCC(=O)OCC(COP(=O)(O)OCC[N+](C)(C)C)OC(=O)CCCCCCC,1-octadecanoyl-2-octanoyl-sn-glycero-3-phosphocholine,2,44
5633,CCCCCCCCCCCCCCCCCC(=O)OCC(COP(=O)(O)OCC[N+](C)(C)C)OC(=O)CCCCCCCC,1-octadecanoyl-2-nonanoyl-sn-glycero-3-phosphocholine,2,45
5634,CCCCCCCCCCCCCCCCCC(=O)OCC(COP(=O)(O)OCC[N+](C)(C)C)OC(=O)CCCCCCCCCCC,1-octadecanoyl-2-dodecanoyl-sn-glycero-3-phosphocholine,2,48
5635,CCCCCCCCCCCCCCCCCC(=O)OCC(COP(=O)(O)OCC[N+](C)(C)C)OC(=O)CCCCCCCCCCCCC,1-octadecanoyl-2-tetradecanoyl-sn-glycero-3-phosphocholine,2,50
5636,CCCCCCCCCCCCCCCCCC(=O)OCC(COP(=O)(O)OCC[N+](C)(C)C)OC(=O)CCCCCCCCCCCCCCC,1-octadecanoyl-2-hexadecanoyl-sn-glycero-3-phosphocholine,8,52
5637,CCCCCCCCCCCCCCCCCC(=O)OCC(COP(=O)(O)OCC[N+](C)(C)C)OC(=O)CCCCCCCCCCCCCCCCC,"1,2-dioctadecanoyl-sn-glycero-3-phosphocholine",2,54
5638,CCCCCCCCCCCCCCCCCC(=O)OCC(COP(=O)(O)OCC[N+](C)(C)C)OC(C)=O,1-octadecanoyl-2-acetyl-sn-glycero-3-phosphocholine,4,38
5639,CCCCCCCCCCCCCCCCCC(=O)OCC(O)CO,1-octadecanoyl-sn-glycerol,10,25
5640,CCCCCCCCCCCCCCCCCC(=O)OCC(O)COC(=O)CCCCCCCCCCCCCCC,1-hexadecanoyl-3-octadecanoyl-sn-glycerol,2,42
5641,CCCCCCCCCCCCCCCCCC(=O)OCC(O)COP(=O)(O)O,1-octadecanoyl-sn-glycero-3-phosphate,16,29
5642,CCCCCCCCCCCCCCCCCC(=O)OCC(O)COP(=O)(O)OC1C(O)C(O)C(O)C(O)C1O,1-octadecanoyl-sn-glycero-3-phospho-(1D-myo-inositol),6,40
5643,CCCCCCCCCCCCCCCCCC(=O)OCC(O)COP(=O)(O)OCC(N)C(=O)O,1-octadecanoyl-sn-glycero-3-phosphoserine,10,35
5644,CCCCCCCCCCCCCCCCCC(=O)OCC(O)COP(=O)(O)OCC(NC(=O)CCCCCCCCCCCCCCC)C(=O)O,1-octadecanoyl-2-hydroxy-sn-glycero-3-phospho-(N-hexadecanoyl)-serine,2,52
5645,CCCCCCCCCCCCCCCCCC(=O)OCC(O)COP(=O)(O)OCC(O)CO,1-octadecanoyl-sn-glycero-3-phospho-(1'-sn-glycerol),10,34
5646,CCCCCCCCCCCCCCCCCC(=O)OCC(O)COP(=O)(O)OCC(O)COC(=O)CCCCCCCCCCCCCCCCC,1-octadecanoyl-sn-glycero-3-phospho-(3'-octadecanoyl-1'-sn-glycerol),2,53
5647,CCCCCCCCCCCCCCCCCC(=O)OCC(O)COP(=O)(O)OCCN,1-octadecanoyl-sn-glycero-3-phosphoethanolamine,8,32
5648,CCCCCCCCCCCCCCCCCC(=O)OCC(O)COP(=O)(O)OCC[N+](C)(C)C,1-octadecanoyl-sn-glycero-3-phosphocholine,52,35
5649,CCCCCCCCCCCCCCCCCC(=O)OCCCCCCCCCCCCCCCC,hexadecanyl octadecanoate,2,36
5650,CCCCCCCCCCCCCCCCCC(=O)OP(=O)(O)OCC1OC(n2cnc3c(N)ncnc32)C(O)C1O,octadecanoyl-AMP,4,42
5651,CCCCCCCCCCCCCCCCCC(=O)SCCNC(=O)CCNC(=O)C(O)C(C)(C)COP(=O)(O)OP(=O)(O)OCC1OC(n2cnc3c(N)ncnc32)C(O)C1OP(=O)(O)O,octadecanoyl-CoA,98,67
5652,CCCCCCCCCCCCCCCCCC(N)=O,octadecanamide,2,20
5653,CCCCCCCCCCCCCCCCCC(O)C(N)CO,C20 sphinganine,4,23
5654,CCCCCCCCCCCCCCCCCC(O)C(N)COP(=O)(O)O,C20 sphinganine 1-phosphate,2,27
5655,CCCCCCCCCCCCCCCCCC(O)CC(=O)SCCNC(=O)CCNC(=O)C(O)C(C)(C)COP(=O)(O)OP(=O)(O)OCC1OC(n2cnc3c(N)ncnc32)C(O)C1OP(=O)(O)O,3-hydroxyicosanoyl-CoA,6,70
5656,CCCCCCCCCCCCCCCCCC=CC(=O)SCCNC(=O)CCNC(=O)C(O)C(C)(C)COP(=O)(O)OP(=O)(O)OCC1OC(n2cnc3c(N)ncnc32)C(O)C1OP(=O)(O)O,(2E)-eicosenoyl-CoA,8,69
5657,CCCCCCCCCCCCCCCCCC=O,octadecanal,4,19
5658,CCCCCCCCCCCCCCCCCCC(=O)O,nonadecanoate,2,21
5659,CCCCCCCCCCCCCCCCCCC(=O)OCC(O)COP(=O)(O)OCC[N+](C)(C)C,1-nonadecanoyl-sn-glycero-3-phosphocholine,10,36
5660,CCCCCCCCCCCCCCCCCCC(=O)SCCNC(=O)CCNC(=O)C(O)C(C)(C)COP(=O)(O)OP(=O)(O)OCC1OC(n2cnc3c(N)ncnc32)C(O)C1OP(=O)(O)O,nonadecanoyl-CoA,4,68
5661,CCCCCCCCCCCCCCCCCCC(O)C(=O)SCCNC(=O)CCNC(=O)C(O)C(C)(C)COP(=O)(O)OP(=O)(O)OCC1OC(n2cnc3c(N)ncnc32)C(O)C1OP(=O)(O)O,2-hydroxyeicosanoyl-CoA,2,70
5662,CCCCCCCCCCCCCCCCCCCC(=O)CC(=O)SCCNC(=O)CCNC(=O)C(O)C(C)(C)COP(=O)(O)OP(=O)(O)OCC1OC(n2cnc3c(N)ncnc32)C(O)C1OP(=O)(O)O,3-oxodocosanoyl-CoA,8,72
5663,CCCCCCCCCCCCCCCCCCCC(=O)NC(CO)C(=O)CCCCCCCCCCCCCCC,N-eicosanoyl-3-oxosphinganine,2,42
5664,CCCCCCCCCCCCCCCCCCCC(=O)NC(CO)C(O)C(O)CCCCCCCCCCCCCC,N-eicosanoyl-(4R)-hydroxysphinganine,2,43
5665,CCCCCCCCCCCCCCCCCCCC(=O)NC(CO)C(O)CCCCCCCCCCCCCCC,N-eicosanoylsphinganine,2,42
5666,CCCCCCCCCCCCCCCCCCCC(=O)NCC(=O)O,N-eicosanoylglycinate,4,26
5667,CCCCCCCCCCCCCCCCCCCC(=O)NCCO,N-eicosanoyl ethanolamine,2,25
5668,CCCCCCCCCCCCCCCCCCCC(=O)NCCOP(=O)(O)OCC(O)CO,N-eicosanoyl-sn-glycero-3-phosphoethanolamine,4,34
5669,CCCCCCCCCCCCCCCCCCCC(=O)NCCS(=O)(=O)O,N-eicosanoyl-taurine,2,28
5670,CCCCCCCCCCCCCCCCCCCC(=O)O,eicosanoate,14,22
5671,CCCCCCCCCCCCCCCCCCCC(=O)OC(CC(=O)O)C[N+](C)(C)C,O-eicosanoyl-(R)-carnitine,2,32
5672,CCCCCCCCCCCCCCCCCCCC(=O)OC(COC(=O)CCCCCCCCCCCCCCC)COP(=O)(O)OCC[N+](C)(C)C,1-hexadecanoyl-2-eicosanoyl-sn-glycero-3-phosphocholine,2,54
5673,CCCCCCCCCCCCCCCCCCCC(=O)OCC(COP(=O)(O)OCC[N+](C)(C)C)OC(=O)CCCCCCCCCCCCCCC,1-eicosanoyl-2-hexadecanoyl-sn-glycero-3-phosphocholine,2,54
5674,CCCCCCCCCCCCCCCCCCCC(=O)OCC(O)CO,1-eicosanoylglycerol,2,27
5675,CCCCCCCCCCCCCCCCCCCC(=O)OCC(O)COP(=O)(O)O,1-eicosanoyl-sn-glycero-3-phosphate,2,31
5676,CCCCCCCCCCCCCCCCCCCC(=O)OCC(O)COP(=O)(O)OCC[N+](C)(C)C,1-eicosanoyl-sn-glycero-3-phosphocholine,4,37
5677,CCCCCCCCCCCCCCCCCCCC(=O)OP(=O)(O)OCC1OC(n2cnc3c(N)ncnc32)C(O)C1O,icosanoyl-AMP,4,44
5678,CCCCCCCCCCCCCCCCCCCC(=O)SCCNC(=O)CCNC(=O)C(O)C(C)(C)COP(=O)(O)OP(=O)(O)OCC1OC(n2cnc3c(N)ncnc32)C(O)C1OP(=O)(O)O,eicosanoyl-CoA,38,69
5679,CCCCCCCCCCCCCCCCCCCC(O)CC(=O)SCCNC(=O)CCNC(=O)C(O)C(C)(C)COP(=O)(O)OP(=O)(O)OCC1OC(n2cnc3c(N)ncnc32)C(O)C1OP(=O)(O)O,3-hydroxydocosanoyl-CoA,6,72
5680,CCCCCCCCCCCCCCCCCCCC=CC(=O)SCCNC(=O)CCNC(=O)C(O)C(C)(C)COP(=O)(O)OP(=O)(O)OCC1OC(n2cnc3c(N)ncnc32)C(O)C1OP(=O)(O)O,(2E)-docosenoyl-CoA,6,71
5681,CCCCCCCCCCCCCCCCCCCCC(O)C(=O)NC(CO)C(O)CCCCCCCCCCCCCCC,N-(2-hydroxydocosanoyl)-sphinganine,2,45
5682,CCCCCCCCCCCCCCCCCCCCC(O)C(=O)SCCNC(=O)CCNC(=O)C(O)C(C)(C)COP(=O)(O)OP(=O)(O)OCC1OC(n2cnc3c(N)ncnc32)C(O)C1OP(=O)(O)O,2-hydroxydocosanoyl-CoA,2,72
5683,CCCCCCCCCCCCCCCCCCCCCC(=O)CC(=O)SCCNC(=O)CCNC(=O)C(O)C(C)(C)COP(=O)(O)OP(=O)(O)OCC1OC(n2cnc3c(N)ncnc32)C(O)C1OP(=O)(O)O,3-oxotetracosanoyl-CoA,8,74
5684,CCCCCCCCCCCCCCCCCCCCCC(=O)NC(CO)C(=O)CCCCCCCCCCCCCCC,N-docosanoyl-3-ketodihydrosphingosine,2,44
5685,CCCCCCCCCCCCCCCCCCCCCC(=O)NC(CO)C(O)C(O)CCCCCCCCCCCCCC,N-docosanoyl-(4R)-hydroxysphinganine,2,45
5686,CCCCCCCCCCCCCCCCCCCCCC(=O)NC(CO)C(O)CCCCCCCCCCCCCCC,N-docosanoylsphinganine,2,44
5687,CCCCCCCCCCCCCCCCCCCCCC(=O)NCC(=O)O,N-docosanoylglycine,4,28
5688,CCCCCCCCCCCCCCCCCCCCCC(=O)NCCO,N-docosanoyl-ethanolamine,2,27
5689,CCCCCCCCCCCCCCCCCCCCCC(=O)NCCS(=O)(=O)O,N-docosanoyl-taurine,2,30
5690,CCCCCCCCCCCCCCCCCCCCCC(=O)O,docosanoate,18,24
5691,CCCCCCCCCCCCCCCCCCCCCC(=O)OCC(O)CO,1-docosanoylglycerol,2,29
5692,CCCCCCCCCCCCCCCCCCCCCC(=O)OP(=O)(O)OCC1OC(n2cnc3c(N)ncnc32)C(O)C1O,docosanoyl-AMP,4,46
5693,CCCCCCCCCCCCCCCCCCCCCC(=O)SCCNC(=O)CCNC(=O)C(O)C(C)(C)COP(=O)(O)OP(=O)(O)OCC1OC(n2cnc3c(N)ncnc32)C(O)C1OP(=O)(O)O,docosanoyl-CoA,22,71
5694,CCCCCCCCCCCCCCCCCCCCCC(O)C(O)C(=O)NC(CO)C(O)C(O)CCCCCCCCCCCCCC,"N-(2,3-dihydroxytetracosanoyl)-(4R)-hydroxysphinganine",2,49
5695,CCCCCCCCCCCCCCCCCCCCCC(O)CC(=O)SCCNC(=O)CCNC(=O)C(O)C(C)(C)COP(=O)(O)OP(=O)(O)OCC1OC(n2cnc3c(N)ncnc32)C(O)C1OP(=O)(O)O,(3R)-hydroxytetracosanoyl-CoA,6,74
5696,CCCCCCCCCCCCCCCCCCCCCC=CC(=O)SCCNC(=O)CCNC(=O)C(O)C(C)(C)COP(=O)(O)OP(=O)(O)OCC1OC(n2cnc3c(N)ncnc32)C(O)C1OP(=O)(O)O,(2E)-tetracosenoyl-CoA,8,73
5697,CCCCCCCCCCCCCCCCCCCCCCC(=O)NCCS(=O)(=O)O,N-tricosanoyl-taurine,2,31
5698,CCCCCCCCCCCCCCCCCCCCCCC(=O)O,tricosanoate,2,25
5699,CCCCCCCCCCCCCCCCCCCCCCC(C(=O)O)C(=O)SCCNC(=O)CCNC(=O)C(O)C(C)(C)COP(=O)(O)OP(=O)(O)OCC1OC(n2cnc3c(N)ncnc32)C(O)C1OP(=O)(O)O,2-carboxytetracosanoyl-CoA,2,76
5700,CCCCCCCCCCCCCCCCCCCCCCC(O)C(=O)NC(CO)C(O)C(O)CCCCCCCCCCCCCC,N-(2-hydroxytetracosanoyl)-(4R)-hydroxysphinganine,4,48
5701,CCCCCCCCCCCCCCCCCCCCCCC(O)C(=O)NC(CO)C(O)CCCCCCCCCCCCCCC,N-(2-hydroxytetracosanoyl)-sphinganine,4,47
5702,CCCCCCCCCCCCCCCCCCCCCCC(O)C(=O)SCCNC(=O)CCNC(=O)C(O)C(C)(C)COP(=O)(O)OP(=O)(O)OCC1OC(n2cnc3c(N)ncnc32)C(O)C1OP(=O)(O)O,2-hydroxytetracosanoyl-CoA,2,74
5703,CCCCCCCCCCCCCCCCCCCCCCCC(=O)CC(=O)SCCNC(=O)CCNC(=O)C(O)C(C)(C)COP(=O)(O)OP(=O)(O)OCC1OC(n2cnc3c(N)ncnc32)C(O)C1OP(=O)(O)O,3-oxohexacosanoyl-CoA,8,76
5704,CCCCCCCCCCCCCCCCCCCCCCCC(=O)NC(CO)C(=O)CCCCCCCCCCCCCCC,N-tetracosanoyl-3-oxosphinganine,2,46
5705,CCCCCCCCCCCCCCCCCCCCCCCC(=O)NC(CO)C(O)C(O)CCCCCCCCCCCCCC,N-tetracosanoyl-(4R)-hydroxysphinganine,6,47
5706,CCCCCCCCCCCCCCCCCCCCCCCC(=O)NC(CO)C(O)CCCCCCCCCCCCCCC,N-tetracosanoylsphinganine,6,46
5707,CCCCCCCCCCCCCCCCCCCCCCCC(=O)NC(COP(=O)(O)OC1C(O)C(O)C(O)C(O)C1O)C(O)CCCCCCCCCCCCCCC,N-tetracosanoylsphinganine-(1D-myo-inositol),2,61
5708,CCCCCCCCCCCCCCCCCCCCCCCC(=O)NC(COP(=O)(O)OC1C(O)C(O)C(O)C(O)C1OC1OC(CO)C(O)C(O)C1O)C(O)CCCCCCCCCCCCCCC,mannosyl-alpha-1->6-inositol phospho-N-tetracosanoylsphinganine,2,72
5709,CCCCCCCCCCCCCCCCCCCCCCCC(=O)NCCS(=O)(=O)O,N-tetracosanoyl-taurine,4,32
5710,CCCCCCCCCCCCCCCCCCCCCCCC(=O)O,tetracosanoate,16,26
5711,CCCCCCCCCCCCCCCCCCCCCCCC(=O)OCC(O)CO,1-tetracosanoylglycerol,2,31
5712,CCCCCCCCCCCCCCCCCCCCCCCC(=O)SCCNC(=O)CCNC(=O)C(O)C(C)(C)COP(=O)(O)OP(=O)(O)OCC1OC(n2cnc3c(N)ncnc32)C(O)C1OP(=O)(O)O,tetracosanoyl-CoA,36,73
5713,CCCCCCCCCCCCCCCCCCCCCCCC(O)CC(=O)SCCNC(=O)CCNC(=O)C(O)C(C)(C)COP(=O)(O)OP(=O)(O)OCC1OC(n2cnc3c(N)ncnc32)C(O)C1OP(=O)(O)O,(3R)-hydroxyhexacosanoyl-CoA,6,76
5714,CCCCCCCCCCCCCCCCCCCCCCCC=CC(=O)SCCNC(=O)CCNC(=O)C(O)C(C)(C)COP(=O)(O)OP(=O)(O)OCC1OC(n2cnc3c(N)ncnc32)C(O)C1OP(=O)(O)O,(2E)-hexacosenoyl-CoA,6,75
5715,CCCCCCCCCCCCCCCCCCCCCCCCC(C(=O)O)C(=O)SCCNC(=O)CCNC(=O)C(O)C(C)(C)COP(=O)(O)OP(=O)(O)OCC1OC(n2cnc3c(N)ncnc32)C(O)C1OP(=O)(O)O,2-carboxyhexacosanoyl-CoA,2,78
5716,CCCCCCCCCCCCCCCCCCCCCCCCC(O)C(=O)NC(CO)C(O)C(O)CCCCCCCCCCCCCC,N-(2-hydroxyhexacosanyl)-(4R)-hydroxysphinganine,2,50
5717,CCCCCCCCCCCCCCCCCCCCCCCCC(O)C(=O)NC(CO)C(O)CCCCCCCCCCCCCCC,N-(2-hydroxyhexacosanoyl)-sphinganine,4,49
5718,CCCCCCCCCCCCCCCCCCCCCCCCC(O)C(=O)SCCNC(=O)CCNC(=O)C(O)C(C)(C)COP(=O)(O)OP(=O)(O)OCC1OC(n2cnc3c(N)ncnc32)C(O)C1OP(=O)(O)O,2-hydroxyhexacosanoyl-CoA,4,76
5719,CCCCCCCCCCCCCCCCCCCCCCCCCC(=O)CC(=O)SCCNC(=O)CCNC(=O)C(O)C(C)(C)COP(=O)(O)OP(=O)(O)OCC1OC(n2cnc3c(N)ncnc32)C(O)C1OP(=O)(O)O,3-oxooctacosanyol-CoA,4,78
5720,CCCCCCCCCCCCCCCCCCCCCCCCCC(=O)NC(CO)C(O)C(O)CCCCCCCCCCCCCC,N-hexacosanoyl-(4R)-hydroxysphinganine,4,49
5721,CCCCCCCCCCCCCCCCCCCCCCCCCC(=O)NC(CO)C(O)C(O)CCCCCCCCCCCCCCCC,N-hexacosanoyl-eicosan-(4R)-hydroxysphinganine,2,51
5722,CCCCCCCCCCCCCCCCCCCCCCCCCC(=O)NC(CO)C(O)CCCCCCCCCCCCCCC,N-hexacosanoylsphinganine,4,48
5723,CCCCCCCCCCCCCCCCCCCCCCCCCC(=O)NCC(=O)O,N-hexacosanoylglycine,4,32
5724,CCCCCCCCCCCCCCCCCCCCCCCCCC(=O)O,hexacosanoate,10,28
5725,CCCCCCCCCCCCCCCCCCCCCCCCCC(=O)SCCNC(=O)CCNC(=O)C(O)C(C)(C)COP(=O)(O)OP(=O)(O)OCC1OC(n2cnc3c(N)ncnc32)C(O)C1OP(=O)(O)O,hexacosanoyl-CoA,22,75
5726,CCCCCCCCCCCCCCCCCCCCCCCCCC(O)CC(=O)SCCNC(=O)CCNC(=O)C(O)C(C)(C)COP(=O)(O)OP(=O)(O)OCC1OC(n2cnc3c(N)ncnc32)C(O)C1OP(=O)(O)O,(3R)-hydroxyoctacosanoyl-CoA,4,78
5727,CCCCCCCCCCCCCCCCCCCCCCCCCC=CC(=O)SCCNC(=O)CCNC(=O)C(O)C(C)(C)COP(=O)(O)OP(=O)(O)OCC1OC(n2cnc3c(N)ncnc32)C(O)C1OP(=O)(O)O,(2E)-octacosenoyl-CoA,4,77
5728,CCCCCCCCCCCCCCCCCCCCCCCCCCCC(=O)CC(=O)SCCNC(=O)CCNC(=O)C(O)C(C)(C)COP(=O)(O)OP(=O)(O)OCC1OC(n2cnc3c(N)ncnc32)C(O)C1OP(=O)(O)O,3-oxo-triacontanoyl-CoA,4,80
5729,CCCCCCCCCCCCCCCCCCCCCCCCCCCC(=O)NC(CO)C(O)CCCCCCCCCCCCCCC,N-(octacosanoyl)-sphinganine,2,50
5730,CCCCCCCCCCCCCCCCCCCCCCCCCCCC(=O)SCCNC(=O)CCNC(=O)C(O)C(C)(C)COP(=O)(O)OP(=O)(O)OCC1OC(n2cnc3c(N)ncnc32)C(O)C1OP(=O)(O)O,octacosanoyl-CoA,8,77
5731,CCCCCCCCCCCCCCCCCCCCCCCCCCCC(O)CC(=O)SCCNC(=O)CCNC(=O)C(O)C(C)(C)COP(=O)(O)OP(=O)(O)OCC1OC(n2cnc3c(N)ncnc32)C(O)C1OP(=O)(O)O,(3R)-hydroxytriacontanoyl-CoA,4,80
5732,CCCCCCCCCCCCCCCCCCCCCCCCCCCC=CC(=O)SCCNC(=O)CCNC(=O)C(O)C(C)(C)COP(=O)(O)OP(=O)(O)OCC1OC(n2cnc3c(N)ncnc32)C(O)C1OP(=O)(O)O,(2E)-triacontenoyl-CoA,4,79
5733,CCCCCCCCCCCCCCCCCCCCCCCCCCCCCC(=O)CC(=O)SCCNC(=O)CCNC(=O)C(O)C(C)(C)COP(=O)(O)OP(=O)(O)OCC1OC(n2cnc3c(N)ncnc32)C(O)C1OP(=O)(O)O,3-oxo-dotriacontanoyl-CoA,2,82
5734,CCCCCCCCCCCCCCCCCCCCCCCCCCCCCC(=O)SCCNC(=O)CCNC(=O)C(O)C(C)(C)COP(=O)(O)OP(=O)(O)OCC1OC(n2cnc3c(N)ncnc32)C(O)C1OP(=O)(O)O,triacontanoyl-CoA,6,79
5735,CCCCCCCCCCCCCCCCCCCCCCCCCCCCCCO,triacontan-1-ol,2,31
5736,CCCCCCCCCCCCCCCCCCCCCCCCCCCCO,octacosan-1-ol,2,29
5737,CCCCCCCCCCCCCCCCCCCCCCCCCCO,hexacosan-1-ol,4,27
5738,CCCCCCCCCCCCCCCCCCCCCCCCO,tetracosan-1-ol,4,25
5739,CCCCCCCCCCCCCCCCCCCCCCO,docosan-1-ol,4,23
5740,CCCCCCCCCCCCCCCCCCCCO,eicosan-1-ol,6,21
5741,CCCCCCCCCCCCCCCCCCCCOC(=O)CCCCCCCCCCCCCCC,eicosanyl hexadecanoate,2,38
5742,CCCCCCCCCCCCCCCCCCO,octadecan-1-ol,10,19
5743,CCCCCCCCCCCCCCCCCCOC(=O)CCCCCCCCCCCCCCC,octadecanyl hexadecanoate,2,36
5744,CCCCCCCCCCCCCCCCCCOCC(=O)COP(=O)(O)O,1-O-octadecylglycerone 3-phosphate,2,28
5745,CCCCCCCCCCCCCCCCCCOCC(CO)OC(C)=O,1-O-octadecyl-2-acetyl-sn-glycerol,2,27
5746,CCCCCCCCCCCCCCCCCCOCC(COP(=O)(O)OCC[N+](C)(C)C)OC(=O)CCCCCCCCCCCCCCC,1-O-octadecyl-2-hexadecanoyl-sn-glycero-3-phosphocholine,2,51
5747,CCCCCCCCCCCCCCCCCCOCC(COP(=O)(O)OCC[N+](C)(C)C)OC(C)=O,1-O-octadecyl-2-acetyl-sn-glycero-3-phosphocholine,6,37
5748,CCCCCCCCCCCCCCCCCCOCC(O)CO,1-O-octadecyl-sn-glycerol,2,24
5749,CCCCCCCCCCCCCCCCCCOCC(O)COP(=O)(O)OCC[N+](C)(C)C,1-O-octadecyl-sn-glycero-3-phosphocholine,10,34
5750,CCCCCCCCCCCCCCCCCO,heptadecan-1-ol,2,18
5751,CCCCCCCCCCCCCCCCCOCC(=O)COP(=O)(O)O,1-O-heptadecylglycerone 3-phosphate,2,27
5752,CCCCCCCCCCCCCCCCO,hexadecan-1-ol,26,17
5753,CCCCCCCCCCCCCCCCOC(=O)CCCCCCCCCCC,hexadecanyl dodecanoate,2,30
5754,CCCCCCCCCCCCCCCCOC(=O)CCCCCCCCCCCCCCC,hexadecanyl hexadecanoate,2,34
5755,CCCCCCCCCCCCCCCCOC(CO)COP(=O)(O)OCC[N+](C)(C)C,2-O-hexadecyl-sn-glycero-3-phosphocholine,2,32
5756,CCCCCCCCCCCCCCCCOCC(=O)COP(=O)(O)O,1-O-hexadecylglycerone 3-phosphate,8,26
5757,CCCCCCCCCCCCCCCCOCC(CO)OC(C)=O,1-O-hexadecyl-2-acetyl-sn-glycerol,22,25
5758,CCCCCCCCCCCCCCCCOCC(COC(=O)CCCCCCC)OC(C)=O,1-O-hexadecyl-2-acetyl-3-octanoyl-sn-glycerol,2,34
5759,CCCCCCCCCCCCCCCCOCC(COC(=O)CCCCCCCCC)OC(C)=O,1-O-hexadecyl-2-acetyl-3-decanoyl-sn-glycerol,2,36
5760,CCCCCCCCCCCCCCCCOCC(COC(=O)CCCCCCCCCCC)OC(C)=O,1-O-hexadecyl-2-acetyl-3-dodecanoyl-sn-glycerol,2,38
5761,CCCCCCCCCCCCCCCCOCC(COC(=O)CCCCCCCCCCCCC)OC(C)=O,1-O-hexadecyl-2-acetyl-3-tetradecanoyl-sn-glycerol,2,40
5762,CCCCCCCCCCCCCCCCOCC(COC(=O)CCCCCCCCCCCCCCC)OC(C)=O,1-O-hexadecyl-2-acetyl-3-hexadecanoyl-sn-glycerol,2,42
5763,CCCCCCCCCCCCCCCCOCC(COP(=O)(O)O)OC(C)=O,1-O-hexadecyl-2-acetyl-sn-glycero-3-phosphate,4,29
5764,CCCCCCCCCCCCCCCCOCC(COP(=O)(O)OCCN)OC(C)=O,1-O-hexadecyl-2-acetyl-sn-glycero-3-phosphoethanolamine,2,32
5765,CCCCCCCCCCCCCCCCOCC(COP(=O)(O)OCC[N+](C)(C)C)OC(=O)CC,1-O-hexadecyl-2-propanoyl-sn-glycero-3-phosphocholine,2,36
5766,CCCCCCCCCCCCCCCCOCC(COP(=O)(O)OCC[N+](C)(C)C)OC(=O)CCC,1-O-hexadecyl-2-butanoyl-sn-glycero-3-phosphocholine,2,37
5767,CCCCCCCCCCCCCCCCOCC(COP(=O)(O)OCC[N+](C)(C)C)OC(=O)CCC(=O)O,1-O-hexadecyl-2-succinyl-sn-glycero-3-phosphocholine,2,39
5768,CCCCCCCCCCCCCCCCOCC(COP(=O)(O)OCC[N+](C)(C)C)OC(=O)CCCC(=O)O,1-O-hexadecyl-2-glutaryl-sn-glycero-3-phosphocholine,2,40
5769,CCCCCCCCCCCCCCCCOCC(COP(=O)(O)OCC[N+](C)(C)C)OC(=O)CCCC=O,1-O-hexadecyl-2-(5-oxopentanoyl)-sn-glycero-3-phosphocholine,2,39
5770,CCCCCCCCCCCCCCCCOCC(COP(=O)(O)OCC[N+](C)(C)C)OC(=O)CCCCCCCC(=O)O,1-O-hexadecyl-2-nonadioyl-sn-glycero-3-phosphocholine,2,44
5771,CCCCCCCCCCCCCCCCOCC(COP(=O)(O)OCC[N+](C)(C)C)OC(=O)CCCCCCCCCCCCCCC,1-O-hexadecyl-2-hexadecanoyl-sn-glycero-3-phosphocholine,6,49
5772,CCCCCCCCCCCCCCCCOCC(COP(=O)(O)OCC[N+](C)(C)C)OC(=O)CCCCO,1-O-hexadecyl-2-(5-hydroxypentanoyl)-sn-glycero-3-phosphocholine,2,39
5773,CCCCCCCCCCCCCCCCOCC(COP(=O)(O)OCC[N+](C)(C)C)OC(C)=O,1-O-hexadecyl-2-acetyl-sn-glycero-3-phosphocholine,10,35
5774,CCCCCCCCCCCCCCCCOCC(N)CO,1-O-hexadecyl-2-amino-sn-glycerol,2,22
5775,CCCCCCCCCCCCCCCCOCC(N)COP(=O)(O)O,1-O-hexadecyl-2-desoxy-2-amino-sn-glycero-3-phosphate,2,26
5776,CCCCCCCCCCCCCCCCOCC(O)CO,1-O-hexadecyl-sn-glycerol,8,22
5777,CCCCCCCCCCCCCCCCOCC(O)COP(=O)(O)O,1-O-hexadecyl-sn-glycero-3-phosphate,8,26
5778,CCCCCCCCCCCCCCCCOCC(O)COP(=O)(O)OCCN,1-O-hexadecyl-sn-glycero-3-phosphoethanolamine,2,29
5779,CCCCCCCCCCCCCCCCOCC(O)COP(=O)(O)OCC[N+](C)(C)C,1-O-hexadecyl-sn-glycero-3-phosphocholine,38,32
5780,CCCCCCCCCCCCCCCO,pentadecan-1-ol,2,16
5781,CCCCCCCCCCCCCCCOCC(=O)COP(=O)(O)O,1-O-pentadecylglycerone 3-phosphate,2,25
5782,CCCCCCCCCCCCCCO,tetradecan-1-ol,10,15
5783,CCCCCCCCCCCCCCOC(=O)CCCCCCCCCCCCC,tetradecanyl tetradecanoate,2,30
5784,CCCCCCCCCCCCCCOCC(=O)COP(=O)(O)O,1-O-tetradecylglycerone 3-phosphate,2,24
5785,CCCCCCCCCCCCCCOCC(COP(=O)(O)OCC[N+](C)(C)C)OC(C)=O,1-O-tetradecyl-2-acetyl-sn-glycero-3-phosphocholine,2,33
5786,CCCCCCCCCCCCCCOCC(O)COP(=O)(O)OCC[N+](C)(C)C,1-O-tetradecyl-sn-glycero-3-phosphocholine,2,30
5787,CCCCCCCCCCCCO,dodecan-1-ol,6,13
5788,CCCCCCCCCCCCOCC(=O)COP(=O)(O)O,1-O-dodecylglycerone 3-phosphate,2,22
5789,CCCCCCCCCCCCOCC(COP(=O)(O)OCC[N+](C)(C)C)OC(C)=O,1-O-dodecyl-2-acetyl-sn-glycero-3-phosphocholine,2,31
5790,CCCCCCCCCCCCOCC(O)COP(=O)(O)OCC[N+](C)(C)C,1-O-dodecyl-sn-glycero-3-phosphocholine,2,28
5791,CCCCCCCCCCCCOS(=O)(=O)O,dodecyl sulfate,2,17
5792,CCCCCCCCCCCO,undecan-1-ol,2,12
5793,CCCCCCCCCCO,decan-1-ol,8,11
5794,CCCCCCCCCCOCC(COP(=O)(O)OCC[N+](C)(C)C)OC(C)=O,1-O-decyl-2-acetyl-sn-glycero-3-phosphocholine,2,29
5795,CCCCCCCCCCOCC(O)COP(=O)(O)OCC[N+](C)(C)C,1-O-decyl-sn-glycero-3-phosphocholine,2,26
5796,CCCCCCCCCCOS(=O)(=O)O,decyl sulfate,2,15
5797,CCCCCCCCCO,nonan-1-ol,4,10
5798,CCCCCCCCCOS(=O)(=O)O,nonyl sufate,2,14
5799,CCCCCCCCCc1cc(OC(=O)c2c(CCCCCCCCC)cc(O)cc2OC2OC(CO)C(O)C(O)C2O)cc(O)c1C(=O)O,exophillate,4,50
5800,CCCCCCCCCc1cc(OC(=O)c2c(CCCCCCCCC)cc(OC3OC(CO)C(O)C(O)C3O)cc2OC2OC(CO)C(O)C(O)C2O)cc(O)c1C(=O)O,phaeomoniecin D,2,61
5801,CCCCCCCCCc1cc(OC(=O)c2c(O)cc(O)cc2CCCCCCCCC)cc(O)c1C(=O)O,exophillate aglycone,2,39
5802,CCCCCCCCN,octylamine,2,9
5803,CCCCCCCCO,octan-1-ol,14,9
5804,CCCCCCCCOC(=O)c1ccccc1,octyl benzoate,2,17
5805,CCCCCCCCOC(C)=O,octyl acetate,2,12
5806,CCCCCCCCOC1OC(CO)C(O)C(O)C1O,octyl beta-D-glucose,2,20
5807,CCCCCCCCOS(=O)(=O)O,octyl sulfate,2,13
5808,CCCCCCCO,heptan-1-ol,2,8
5809,CCCCCCCOS(=O)(=O)O,heptyl sulfate,2,12
5810,CCCCCCCc1[nH]c2ccccc2c(=O)c1O,2-heptyl-3-hydroxy-4(1H)-quinolone,2,19
5811,CCCCCCCc1c(Br)c(=O)c2ccccc2n1O,3-bromo-2-heptyl-1-hydroxy-4(1H)-quinolinone,2,20
5812,CCCCCCCc1c(Br)c(=O)c2ccccc2n1OC,3-bromo-2-heptyl-1-methoxy-4(1H)-quinolinone,2,21
5813,CCCCCCCc1cc(=O)c2ccccc2[nH]1,2-heptyl-4(1H)-quinolone,3,18
5814,CCCCCCCc1cc(=O)c2ccccc2n1O,2-heptyl-1-hydroxy-4(1H)-quinolinone,2,19
5815,CCCCCCCc1cc(=O)c2ccccc2n1OC,2-heptyl-1-methoxy-4(1H)-quinolinone,2,20
5816,CCCCCCN,hexylamine,2,7
5817,CCCCCCO,hexan-1-ol,14,7
5818,CCCCCCOC(=O)C(C)CC,hexyl 2-methylbutanoate,2,13
5819,CCCCCCOC(=O)CCC,hexyl butanoate,2,12
5820,CCCCCCOC(=O)CCCCC,hexyl hexanoate,2,14
5821,CCCCCCOC(C)=O,hexyl acetate,2,10
5822,CCCCCCOS(=O)(=O)O,hexyl sulfate,2,11
5823,CCCCCN,pentylamine,2,6
5824,CCCCCOC(=O)CC,pentyl propanoate,2,10
5825,CCCCCOC(C)=O,pentyl acetate,2,9
5826,CCCCCOS(=O)(=O)O,pentyl sulfate,2,10
5827,CCCCCc1cc(O)c(CC=C(C)CCC=C(C)C)c(O)c1C(=O)O,cannabinerolate,6,26
5828,CCCCCc1cc(O)c2c(c1)OC(C)(C)C1CCC(C)=CC21,Delta(9)-tetrahydrocannabinol,2,23
5829,CCCCCc1cc(O)cc(O)c1C(=O)O,olivetolate,2,16
5830,CCCCCc1cc2c(c(O)c1C(=O)O)C1C=C(C)CCC1C(C)(C)O2,Delta(9)-tetrahydrocannabinolate,4,26
5831,CCCCN,butylamine,2,5
5832,CCCCO,butan-1-ol,21,5
5833,CCCCOC(=O)CC,butyl propanoate,2,9
5834,CCCCOC(=O)CCC,butyl butanoate,2,10
5835,CCCCOC(=O)CCSC,butyl 3-(methylsulfanyl)propanoate,2,11
5836,CCCCOC(=O)CSC,butyl 2-(methylsulfanyl)acetate,2,10
5837,CCCCOC(=O)c1ccccc1,butyl benzoate,2,13
5838,CCCCOC(C)=O,butyl acetate,2,8
5839,CCCCOS(=O)(=O)O,butyl sulfate,2,9
5840,CCCCc1nc(Cl)c(C(=O)O)n1Cc1ccc2oc(-c3ccccc3-c3nnn[nH]3)c(Br)c2c1,zolasartan,4,35
5841,CCCCc1nc(Cl)c(C(=O)O)n1Cc1ccc2oc(-c3ccccc3-c3nnnn3C3OC(C(=O)O)C(O)C(O)C3O)c(Br)c2c1,zolarsartan-1-N-beta-D-glucuronide,2,47
5842,CCCCc1nc(Cl)c(C(=O)OC2OC(C(=O)O)C(O)C(O)C2O)n1Cc1ccc2oc(-c3ccccc3-c3nnn[nH]3)c(Br)c2c1,zolarsartan O-beta-D-glucuronoside,2,47
5843,CCCCc1nc(Cl)c(CO)n1Cc1ccc(-c2ccccc2-c2nnn[nH]2)cc1,losartan,2,30
5844,CCCCc1nc(Cl)c(CO)n1Cc1ccc(-c2ccccc2-c2nnnn2C2OC(C(=O)O)C(O)C(O)C2O)cc1,losartan-1-N-beta-D-glucuronide,2,42
5845,CCCN,propylamine,2,4
5846,CCCO,1-propanol,8,4
5847,CCCOC(=O)CC,propyl propanoate,2,8
5848,CCCOC(=O)CCC,propyl butanoate,4,9
5849,CCCOC(C)=O,propyl acetate,2,7
5850,CCCc1cccc(O)c1O,3-propylcatechol,2,11
5851,CCCc1ccccc1O,2-propylphenol,2,10
5852,CCN,ethylamine,12,3
5853,CCN1C(=O)C=CC1=O,N-ethylmaleimide,4,9
5854,CCN1C(=O)CCC1=O,N-ethylsuccinimide,4,9
5855,CCNC(=O)CCC(N)C(=O)O,N(5)-ethyl-L-glutamine,4,12
5856,CCNCC(=O)O,N-ethylglycine,2,7
5857,CCNc1nc(O)nc(NC(C)C)n1,hydroxyatrazine,2,14
5858,CCO,ethanol,26,3
5859,CCOC(=O)C(=O)C(C)C(=O)OCC,diethyl 2-methyl-3-oxosuccinate,2,14
5860,CCOC(=O)C(C)C(O)C(=O)OCC,"diethyl (2R,3R)-2-methyl-3-hydroxysuccinate",2,14
5861,CCOC(=O)C(C)CC,ethyl 2-methylbutanoate,2,9
5862,CCOC(=O)CC(C)=O,ethyl 3-oxobutanoate,2,9
5863,CCOC(=O)CC(C)O,ethyl (R)-3-hydroxybutanoate,2,9
5864,CCOC(=O)c1ccccc1,ethyl benzoate,2,11
5865,CCOC(C)=O,ethyl acetate,4,6
5866,CCOC(N)=O,urethane,2,6
5867,CCOP(=O)(O)OCC,diethylphosphate,2,9
5868,CCOP(=O)(OCC)Oc1ccc([N+](=O)[O-])cc1,paraoxon,2,18
5869,CCOc1nc2cccc(C(=O)O)c2n1Cc1ccc(-c2ccccc2-c2nnn[nH]2)cc1,candesartan,2,33
5870,CCOc1nc2cccc(C(=O)OC3OC(C(=O)O)C(O)C(O)C3O)c2n1Cc1ccc(-c2ccccc2-c2nnn[nH]2)cc1,candesartan O-beta-D-glucuronoside,2,45
5871,CCS,ethanethiol,2,3
5872,CCSCC(N)C(=O)O,S-ethyl-L-cysteine,2,9
5873,CC[N+](=O)[O-],nitroethane,2,5
5874,CCc1c2c(nc3ccc(O)cc13)-c1cc3c(c(=O)n1C2)COC(=O)C3(O)CC,SN-38,2,29
5875,CCc1c2c(nc3ccc(OC4OC(C(=O)O)C(O)C(O)C4O)cc13)-c1cc3c(c(=O)n1C2)COC(=O)C3(O)CC,SN-38 O-beta-D-glucuronide,2,41
5876,CCc1cc(C(N)=S)ccn1,ethionamide,2,11
5877,CCc1cc(C(N)=S=O)ccn1,ethionamide S-oxide,2,12
5878,CCc1ccc(C=O)cc1,4-ethylbenzaldehyde,2,10
5879,CCc1ccc(CO)cc1,4-ethylbenzyl alcohol,2,10
5880,CCc1ccc(O)c(O)c1,4-ethylcatechol,2,10
5881,CCc1ccc(O)c(OC)c1,4-ethyl-2-methoxyphenol,2,11
5882,CCc1ccc(O)cc1,4-ethylphenol,4,9
5883,CCc1ccc(OS(=O)(=O)O)cc1,4-ethylphenyl sulfate,2,13
5884,CN,methylamine,38,2
5885,CN(C)C,trimethylamine,10,4
5886,CN(C)C(=N)NCCCC(=O)C(=O)O,"5-(3,3-dimethylguanidino)-2-oxopentanoate",12,14
5887,CN(C)C(=N)NCCCC(N)C(=O)O,"N(omega),N(omega)-dimethyl-L-arginine",14,14
5888,CN(C)C(Cc1c[nH]c2ccccc12)C(=O)O,"N(alpha),N(alpha)-dimethyl-L-tryptophan",4,17
5889,CN(C)C(Cc1c[nH]cn1)C(=O)O,"N(alpha),N(alpha)-dimethyl-L-histidine",4,13
5890,CN(C)C1C(O)=C(C(N)=O)C(=O)C2(O)C(=O)C3(O)C(=O)c4c(O)cccc4C(C)(O)C3C(O)C12,11a-hydroxy-oxytetracycline,2,34
5891,CN(C)C1C(O)=C(C(N)=O)C(=O)C2(O)C(=O)C3(O)C(=O)c4c(O)cccc4C(C)(O)C3CC12,11a-hydroxytetracycline,2,33
5892,CN(C)C1C(O)=C(C(N)=O)C(=O)C2(O)C(=O)C3=C(C(O)C12)C(C)(O)c1cccc(O)c1C3=O,"5a,11a-dehydrooxytetracycline",2,33
5893,CN(C)C1C(O)=C(C(N)=O)C(=O)C2(O)C(=O)C3=C(CC12)C(C)(O)c1cccc(O)c1C3=O,"5a,11a-dehydrotetracycline",4,32
5894,CN(C)C1C(O)=C(C(N)=O)C(=O)C2(O)C(O)=C3C(=O)c4c(O)cccc4C(C)(O)C3C(O)C12,oxytetracycline,2,33
5895,CN(C)C1C(O)=C(C(N)=O)C(=O)C2(O)C(O)=C3C(=O)c4c(O)cccc4C(C)(O)C3CC12,tetracycline,2,32
5896,CN(C)C=O,"N,N-dimethylformamide",2,5
5897,CN(C)CC(=O)O,"N,N-dimethylglycine",12,7
5898,CN(C)CCCCC(N)C(=O)O,"N(6),N(6)-dimethyl-L-lysine",4,12
5899,CN(C)CCCCCN,"N,N-dimethyl-cadaverine",2,9
5900,CN(C)CCOP(=O)(O)O,"N,N-dimethylethanolamine phosphate",4,10
5901,CN(C)CCOP(=O)(O)OP(=O)(O)OCC1OC(n2ccc(N)nc2=O)C(O)C1O,"CDP-N,N-dimethylethanolamine",2,30
5902,CN(C)CCP(=O)(O)O,2-(dimethylaminoethyl)phosphonate,2,9
5903,CN(C)CCc1c[nH]c2cccc(O)c12,psilocin,2,15
5904,CN(C)CCc1c[nH]c2cccc(OP(=O)(O)O)c12,psilocybin,6,19
5905,CN(C)CCc1ccc(O)c(O)c1,"N,N-dimethyldopamine",2,13
5906,CN(C)CCc1ccc(O)cc1,hordenine,2,12
5907,CN(C)Cc1c[nH]c2ccccc12,gramine,4,13
5908,CN(C)c1cc(NC(=O)CNC(C)(C)C)c(O)c2c1CC1CC3C(N(C)C)C(O)=C(C(N)=O)C(=O)C3(O)C(=O)C1(O)C2=O,11a-hydroxytigecycline,2,43
5909,CN(C)c1cc(NC(=O)CNC(C)(C)C)c(O)c2c1CC1CC3C(N(C)C)C(O)=C(C(N)=O)C(=O)C3(O)C(O)=C1C2=O,tigecycline,2,42
5910,CN(C)c1ccc(CC(N)C(=O)O)cc1,4-dimethylamino-L-phenylalanine,2,15
5911,CN(C)c1ccc(N)cc1,"N,N-dimethyl-1,4-phenylenediamine",4,10
5912,CN(C)c1ccc(N=Nc2ccccc2)cc1,4-(dimethylamino)azobenzene,2,17
5913,CN(C)c1ccc(N=Nc2ccccc2C(=O)O)cc1,2-(4-dimethylaminophenyl)diazenylbenzoate,2,20
5914,CN(C)c1nc2c(c(=O)[nH]1)[n+](C)cn2C1OC(COP(=O)(O)O)C(O)C1O,"(N(2),N(2),N(7))-trimethyl-GMP",2,27
5915,CN(C)c1nc2c(c(=O)[nH]1)[n+](C)cn2C1OC(COP(=O)(O)OP(=O)(O)O)C(O)C1O,"N(2),N(2),N(7)-trimethyl-GDP",6,31
5916,CN(C)c1ncnc2c1ncn2C1OC(CO)C(NC(=O)C(N)Cc2ccc(O)cc2)C1O,O-demethylpuromycin,2,33
5917,CN(C=O)C=C(CC(=O)O)C(=O)O,(E)-2-((N-methylformamido) methylene)succinate,4,13
5918,CN(C=O)C=C1CC(O)OC1=O,(Z)-2-((N-methylformamido)methylene)-5-hydroxybutanolactone,2,12
5919,CN(CC(=O)O)C(=N)N,creatine,10,9
5920,CN(CC(=O)O)C(=N)NP(=O)(O)O,N-phosphocreatine,4,13
5921,CN(CC(=O)O)C(N)=O,N-carbamoylsarcosine,4,9
5922,CN(CCC(N)CC(=O)NC1C=CC(n2ccc(=O)[nH]c2=O)OC1C(=O)O)C(=N)N,deaminohydroxyblasticidin S,2,30
5923,CN(CCC(N)CC(=O)NC1C=CC(n2ccc(N)nc2=O)OC1C(=O)O)C(=N)N,blasticidin S,2,30
5924,CN(Cc1cnc2nc(N)nc(N)c2n1)c1ccc(C(=O)NC(CCC(=O)O)C(=O)O)cc1,methotrexate,2,33
5925,CN(O)C=S,fluopsin,2,5
5926,CN1C(=O)c2ccccc2NC(=O)C12OC2c1ccccc1,(-)-cyclopenine,3,22
5927,CN1C(=O)c2ccccc2NC(=O)C1=Cc1ccccc1,(Z)-dehydrocyclopeptine,4,21
5928,CN1C(=O)c2ccccc2NC(=O)C1Cc1ccccc1,cyclopeptine,2,21
5929,CN1C2CC(OC(=O)C(CO)c3ccccc3)CC1C(O)C2,(6S)-6-hydroxyhyoscyamine,4,22
5930,CN1C2CC(OC(=O)C(CO)c3ccccc3)CC1C1OC12,scopolamine,2,22
5931,CN1C2CCC1CC(=O)C2,tropinone,2,10
5932,CN1C2CCC1CC(O)C2,pseudotropine,6,10
5933,CN1C2CCC1CC(OC(=O)C(CO)c1ccccc1)C2,atropine,4,21
5934,CN1C=C(C(N)=O)C2CC(O)C(NC(=O)CS(N)(=O)=O)(C(=O)O)C2C1,altemicidin,4,25
5935,CN1CC(=O)NC1=N,creatinine,4,8
5936,CN1CC(=O)NC1=O,N-methylhydantoin,4,8
5937,CN1CCC23C4=CCC(=O)C2Oc2c(O)ccc(c23)CC41,neomorphinone,4,21
5938,CN1CCC23C4=CCC(O)C2Oc2c(O)ccc(c23)CC41,neomorphine,2,21
5939,CN1CCC23c4c5ccc(O)c4OC2C(=O)C=CC3C1C5,morphinone,6,21
5940,CN1CCC23c4c5ccc(O)c4OC2C(O)C=CC3C1C5,morphine,6,21
5941,CN1CCC=C1c1ccc(O)nc1,6-hydroxy-N-methylmyosmine,4,13
5942,CN1CCC=C1c1cccnc1,N-methylmyosmine,2,12
5943,CN1CCCC1C(=O)O,N-methyl-L-proline,4,9
5944,CN1CCCC1c1ccc(O)nc1,(S)-6-hydroxynicotine,2,13
5945,CN1CCc2ccccc2C1Cc1ccccc1,"N-methyl-(RS)-1-benzyl-1,2,3,4-tetrahydroisoquinoline",2,18
5946,CN1Cc2c(ccc3c2OCO3)-c2ccc3cc4c(cc3c21)OCO4,dihydrosanguinarine,1,25
5947,CN1Cc2c3c(cc(O)c2-c2ccc4cc5c(cc4c21)OCO5)OCO3,10-hydroxydihydrosanguinarine,2,26
5948,CN1c2c(nc(N)[nH]c2=O)NCC1CNc1ccc(C(=O)NC(CCC(=O)NC(CCC(=O)NC(CCC(=O)O)C(=O)O)C(=O)O)C(=O)O)cc1,5-methyltetrahydropteroyltri-L-glutamate,2,51
5949,CN1c2c(nc(N)[nH]c2=O)NCC1CNc1ccc(C(=O)NC(CCC(=O)O)C(=O)O)cc1,"(6S)-5-methyl-5,6,7,8-tetrahydrofolate",16,33
5950,CN=C(C)C(O)c1ccccc1,(R)-2-methylimino-1-phenylpropan-1-ol,2,12
5951,CN=C(NC)NCCCC(=O)C(=O)O,"5-(3,3'-dimethylguanidino)-2-oxopentanoate",4,14
5952,CN=C(NC)NCCCC(N)C(=O)O,"N(omega),N('omega)-dimethyl-L-arginine",4,14
5953,CN=C=O,methyl isocyanate,2,4
5954,CNC,dimethylamine,8,3
5955,CNC(=N)N,methylguanidine,2,5
5956,CNC(=N)N(O)CCCC(N)C(=O)O,N(delta)-hydroxy-N(omega)-methyl-L-arginine,4,14
5957,CNC(=N)NCCCC(=O)C(=O)O,5-(3-methylguanidino)-2-oxopentanoate,4,13
5958,CNC(=N)NCCCC(N)C(=O)O,N(omega)-methyl-L-arginine,10,13
5959,CNC(=NO)N(O)CCCC(N)C(=O)O,"N(delta),N(omega')-dihydroxy-N(omega)-methyl-L-arginine",2,15
5960,CNC(=O)CCC(=O)C(=O)O,N-methyl-2-oxoglutaramate,2,11
5961,CNC(=O)CCC(N)C(=O)O,N(5)-methyl-L-glutamine,2,11
5962,CNC(=O)Oc1cccc2c1OC(C)(C)C2,carbofuran,2,16
5963,CNC(=O)Oc1cccc2ccccc12,carbaryl,2,15
5964,CNC(C)C(=O)O,N-methyl-L-alanine,2,7
5965,CNC(C)C(=O)c1ccccc1,(S)-2-methylamino-1-phenylpropan-1-one,2,12
5966,CNC(C)C(O)c1ccccc1,"(1R,2S)-ephedrine",4,12
5967,CNC(CC(C)C)C(=O)NC1C(=O)NC(CC(N)=O)C(=O)NC2C(=O)NC3C(=O)NC(C(=O)NC(C(=O)O)c4cc(O)cc(O)c4-c4cc3ccc4O)C(O)c3ccc(c(Cl)c3)Oc3cc2cc(c3O)Oc2ccc(cc2Cl)C1O,vancomycin aglycone,2,80
5968,CNC(CC(C)C)C(=O)NC1C(=O)NC(CC(N)=O)C(=O)NC2C(=O)NC3C(=O)NC(C(=O)NC(C(=O)O)c4cc(O)cc(O)c4-c4cc3ccc4O)C(O)c3ccc(c(Cl)c3)Oc3cc2cc(c3OC2OC(CO)C(O)C(O)C2O)Oc2ccc(cc2Cl)C1O,devancoaminyl-vancomycin,6,91
5969,CNC(CC(C)C)C(=O)NC1C(=O)NC(CC(N)=O)C(=O)NC2C(=O)NC3C(=O)NC(C(=O)NC(C(=O)O)c4cc(O)cc(O)c4-c4cc3ccc4O)C(O)c3ccc(c(Cl)c3)Oc3cc2cc(c3OC2OC(CO)C(O)C(O)C2OC2CC(C)(N)C(O)C(C)O2)Oc2ccc(cc2Cl)C1O,vancomycin,2,101
5970,CNC(CC(C)C)C(=O)NC1C(=O)NC(CC(N)=O)C(=O)NC2C(=O)NC3C(=O)NC(C(=O)NC(C(=O)O)c4cc(O)cc(O)c4-c4cc3ccc4O)C(OC3CC(C)(N)C(O)C(C)O3)c3ccc(c(Cl)c3)Oc3cc2cc(c3OC2OC(CO)C(O)C(O)C2O)Oc2ccc(cc2Cl)C1O,chloroorienticin B,4,101
5971,CNC(CC(C)C)C(=O)NC1C(=O)NC(CC(N)=O)C(=O)NC2C(=O)NC3C(=O)NC(C(=O)NC(C(=O)O)c4cc(O)cc(O)c4-c4cc3ccc4O)C(OC3CC(C)(N)C(O)C(C)O3)c3ccc(c(Cl)c3)Oc3cc2cc(c3OC2OC(CO)C(O)C(O)C2OC2CC(C)(N)C(O)C(C)O2)Oc2ccc(cc2Cl)C1O,chloroeremomycin,2,111
5972,CNC(CCC(=O)O)C(=O)O,N-methyl-L-glutamate,2,11
5973,CNC(Cc1c[nH]c2cccc(CC=C(C)C)c12)C(=O)O,4-(3-methylbut-2-enyl)-L-abrine,2,21
5974,CNC(Cc1c[nH]c2ccccc12)C(=O)O,N(alpha)-methyl-L-tryptophan,6,16
5975,CNC(Cc1c[nH]cn1)C(=O)O,N(alpha)-methyl-L-histidine,4,12
5976,CNC1=NC(=O)C(C(C)c2c[nH]c3ccccc23)O1,indolmycin,2,19
5977,CNC1C(O)=C(C(N)=O)C(=O)C2(O)C(=O)c3c(c(C)c4cccc(O)c4c3O)CC12,4-methylamino-4-dedimethylamino-anhydrotetracycline,4,30
5978,CNC1C(O)C(NC)C(OP(=O)(O)OCC2OC(n3cnc4c(N)ncnc43)C(O)C2O)C2OC3OC(C)CC(=O)C3(O)OC12,9-O-adenylylspectinomycin,2,45
5979,CNC1C(O)C(NC)C2OC3(O)C(=O)CC(C)OC3OC2C1O,spectinomycin,2,23
5980,CNC1C(O)C(OC2C(N)CC(N)C(OC3OC(CN)CCC3N)C2O)OCC1(C)O,gentamicin C1a,2,31
5981,CNC1C(O)C(OC2C(N)CC(N)C(OC3OC(CN)CCC3NC(C)=O)C2O)OCC1(C)O,N(2')-acetylgentamicin C1a,2,34
5982,CNC1C(OC2C(OC3C(O)C(O)C(NC(=N)N)C(O)C3NC(=N)N)OC(C)C2(O)C=O)OC(CO)C(O)C1O,streptomycin,12,40
5983,CNC1C(OC2C(OC3C(O)C(O)C(NC(=N)N)C(O)C3NC(=N)N)OC(C)C2(O)C=O)OC(CO)C(O)C1OP(=O)(O)O,streptomycin 3''-phosphate,2,44
5984,CNC1C(OC2C(OC3C(O)C(O)C(NC(=N)N)C(O)C3NC(=N)N)OC(C)C2(O)C=O)OC(CO)C(O)C1OP(=O)(O)OCC1OC(n2cnc3c(N)ncnc32)C(O)C1O,3''-O-adenylylstreptomycin,2,62
5985,CNC1C(OC2C(OC3C(O)C(OP(=O)(O)O)C(NC(=N)N)C(O)C3NC(=N)N)OC(C)C2(O)C=O)OC(CO)C(O)C1O,streptomycin 6-phosphate,4,44
5986,CNC1C(OC2C(OC3C(O)C(OP(=O)(O)O)C(NC(=N)N)C(O)C3NC(=N)N)OC(C)C2(O)CO)OC(CO)C(O)C1O,dihydrostreptomycin 6-phosphate,2,44
5987,CNC1C(OC2C(OC3C(O)C(OP(=O)(O)O)C(NC(=N)N)C(O)C3NC(=N)N)OC(C)C2(O)COP(=O)(O)O)OC(CO)C(O)C1O,"dihydrostreptomycin 3'alpha,6-bisphosphate",2,48
5988,CNC1C(OC2C(OC3C(O)C(OP(=O)(O)OCC4OC(n5cnc6c(=O)[nH]c(N)nc65)C(O)C4O)C(NC(=N)N)C(O)C3NC(=N)N)OC(C)C2(O)C=O)OC(CO)C(O)C1O,6-O-guanylylstreptomycin,2,63
5989,CNC1C(OC2C(OC3C(O)C(OP(=O)(O)OCC4OC(n5cnc6c(N)ncnc65)C(O)C4O)C(NC(=N)N)C(O)C3NC(=N)N)OC(C)C2(O)C=O)OC(CO)C(O)C1O,6-O-adenylylstreptomycin,2,62
5990,CNC1CC(N)C(O)C(OC2OC(CO)C(O)C3OC4(OC(C(N)CO)C(O)C(O)C4O)OC23)C1O,hygromycin B,4,36
5991,CNC1CC(N)C(O)C(OC2OC(CO)C(O)C3OC4(OC(C(N)CO)C(O)C(O)C4O)OC23)C1OP(=O)(O)O,4-O-phosphohygromycin B,2,40
5992,CNC1CC(N)C(O)C(OC2OC(CO)C(O)C3OC4(OC(C(N)COP(=O)(O)O)C(O)C(O)C4O)OC23)C1O,7''-O-phosphohygromycin B,2,40
5993,CNC1CC2OC(C)(C1O)n1c3ccccc3c3c4c(c5c6ccccc6n2c5c31)C(=O)NC4,3'-demethylstaurosporine,2,34
5994,CNC1CC2OC(C)(C1OC)n1c3ccccc3c3c4c(c5c6ccccc6n2c5c31)C(=O)NC4,staurosporine,2,35
5995,CNC1CCC(OP(=O)(O)OP(=O)(O)OCC2OC(n3cc(C)c(=O)[nH]c3=O)CC2O)OC1C,"dTDP-4-(methylamino)-2,3,4,6-tetradeoxy-alpha-D-erythro-hexopyranose",4,34
5996,CNC1Cc2c[nH]c3cccc(c23)C1C=C(C)C=O,chanoclavine-I aldehyde,4,19
5997,CNC1Cc2c[nH]c3cccc(c23)C1C=C(C)CO,chanoclavine-I,2,19
5998,CNC1Cc2c[nH]c3cccc(c23)C1CC(C)C=O,dihydrochanoclavine-I aldehyde,4,19
5999,CNCC(=O)O,sarcosine,14,6
6000,CNCC(C)C,N-methyl-2-methylpropanamine,2,6
6001,CNCC(O)c1ccc(O)c(O)c1,(R)-adrenaline,6,13
6002,CNCC(O)c1ccc(O)c(OC)c1,(R)-metanephrine,4,14
6003,CNCC(O)c1ccc(O)cc1,(R)-synephrine,4,12
6004,CNCC(O)c1ccccc1,N-methylphenylethanolamine,2,11
6005,CNCCCC(=O)O,4-(methylamino)butanoate,6,8
6006,CNCCCC(=O)c1ccc(O)nc1,6-hydroxypseudooxynicotine,2,14
6007,CNCCCC(=O)c1ccc(O)nc1O,"2,6-dihydroxypseudooxynicotine",2,15
6008,CNCCCC(=O)c1cccnc1,pseudooxynicotine,2,13
6009,CNCCCC=O,4-methylaminobutanal,2,7
6010,CNCCCCC(N)C(=O)O,N(6)-methyl-L-lysine,2,11
6011,CNCCCCN,N-methylputrescine,4,7
6012,CNCCOP(=O)(O)O,N-methylethanolamine phosphate,6,9
6013,CNCCOP(=O)(O)OP(=O)(O)OCC1OC(n2ccc(N)nc2=O)C(O)C1O,CDP-N-methylethanolamine,4,29
6014,CNCCP(=O)(O)O,2-(methylaminoethyl)phosphonate,2,8
6015,CNCCc1c[nH]c2cccc(OP(=O)(O)O)c12,baeocystin,4,18
6016,CNCCc1cc(O)c(O)c(OC)c1,"N-methyl-3,4-dihydroxy-5-methoxyphenethylamine",4,14
6017,CNCCc1cc(O)c(OC)c(OC)c1,"N-methyl-3-hydroxy-4,5-dimethoxyphenethylamine",4,15
6018,CNCCc1cc(OC)c(O)c(OC)c1,"N-methyl-4-hydroxy-3,5-dimethoxyphenethylamine",4,15
6019,CNCCc1cc(OC)c(OC)c(OC)c1,N-methylmescaline,4,16
6020,CNCCc1ccc(O)c(O)c1,N-methyl-dopamine,4,12
6021,CNCCc1ccc(O)c(OC)c1,N-methyl-3-methoxytyramine,4,13
6022,CNCCc1ccc(O)cc1,N-methyltyramine,4,11
6023,CNCc1c[nH]c2ccccc12,(1H-indol-3-yl)-N-methylmethanamine,4,12
6024,CNc1cc2c(cc1C)nc1c(=O)[nH]c(=O)nc-1n2CC(O)C(O)C(O)CO,8-demethyl-8-(methylamino)riboflavin,4,28
6025,CNc1ccc(CC(N)C(=O)O)cc1,4-methylamino-L-phenylalanine,4,14
6026,CNc1ccccc1C(=O)O,N-methylanthranilate,2,11
6027,CNc1nc2c(Cc3cccnc3)c(C)c(OC3OC(C(=O)O)C(O)C(O)C3O)c(C)c2s1,"5,7-dimethyl-2-methylamino-4-(3-pyridylmethyl)-1,3-benzothiazol-6-yl beta-D-glucuronate",2,33
6028,CNc1ncnc2c1ncn2C1CC(O)C(COP(=O)(O)O)O1,N(6)-methyl-dAMP,2,23
6029,CNc1ncnc2c1ncn2C1CC(O)C(COP(=O)(O)OP(=O)(O)OP(=O)(O)O)O1,N(6)-methyl-dATP,2,31
6030,CNc1ncnc2c1ncn2C1OC(COP(=O)(O)O)C(O)C1O,N(6)-methyl-AMP,2,24
6031,CNc1ncnc2c1ncn2C1OC(COP(=O)(O)OP(=O)(O)OP(=O)(O)O)C(O)C1O,N(6)-methyl-ATP,2,32
6032,CO,methanol,62,2
6033,COC(=O)C(=CC(=O)O)CC(=O)O,(E)-3-(methoxycarbonyl)pent-2-enedioate,2,13
6034,COC(=O)C(C)=CC1C(C(=O)SCCNC(=O)CCNC(=O)C(O)C(C)(C)COP(=O)(O)OP(=O)(O)OCC2OC(n3cnc4c(N)ncnc43)C(O)C2OP(=O)(O)O)C1(C)C,"(1R,3R)-pyrethroyl-CoA",6,62
6035,COC(=O)C(C=CC1=C(C)CCCC1(C)C)=COC1C=C(C)C(=O)O1,(11R)-methyl carlactonoate,4,25
6036,COC(=O)C(CC#N)c1ccccc1,methyl 3-cyano-2-phenylpropanoate,2,14
6037,COC(=O)C(CC(=O)O)c1ccccc1,4-methoxy-4-oxo-3-phenylbutanoate,2,15
6038,COC(=O)C(CCCCN)NC(C)=O,N(alpha)-acetyl-L-lysine methyl ester,2,14
6039,COC(=O)C(CCCCNP(=O)(O)OCC1OC(n2cnc3c(=O)[nH]c(N)nc32)C(O)C1O)NC(C)=O,N(epsilon)-(5'-guanylyl)-N(alpha)-acetyl-L-lysine methyl ester,2,37
6040,COC(=O)C(N)Cc1ccc(O)cc1,L-tyrosine methyl ester,2,14
6041,COC(=O)C(N)Cc1ccc(OS(=O)(=O)O)cc1,L-tyrosine methyl ester 4-sulfate,2,18
6042,COC(=O)C1(Cc2ccc(O)c(CC=C(C)C)c2)OC(=O)C(O)=C1c1ccc(O)cc1,butyrolactone I,2,31
6043,COC(=O)C1(Cc2ccc(O)cc2)OC(=O)C(O)=C1c1ccc(O)cc1,butyrolactone II,2,26
6044,COC(=O)C1=C(C)C2(C)CC3(OC2=C(C)C1=O)C(C)CCC1C(C)(C)C(=O)CCC13C,chermesin D methyl ester,2,31
6045,COC(=O)C1=C(C)C2(C)CC3(OC2=C(C)C1=O)C(C)CCC1C(C)(C)OC(=O)CCC13C,asnovolin K,2,32
6046,COC(=O)C1=C2Nc3ccccc3C23CCN2CC4OC4C(C(C)O)(C1)C23,horhammericine,2,27
6047,COC(=O)C1=C2Nc3ccccc3C23CCN2CC4OC4C(C(C)OC(C)=O)(C1)C23,19-O-acetylhorhammericine,2,30
6048,COC(=O)C1=C2Nc3ccccc3C23CCN2CC=CC(C(C)O)(C1)C23,(-)-(R)-19-hydroxytabersonine,2,26
6049,COC(=O)C1=C2Nc3ccccc3C23CCN2CC=CC(C(C)OC(C)=O)(C1)C23,(-)-(R)-19-O-acetyltabersonine,2,29
6050,COC(=O)C1=C2Nc3ccccc3C23CCN2CCCC(C(C)O)(C1)C23,(+)-minovincinine,2,26
6051,COC(=O)C1=C2Nc3ccccc3C23CCN2CCCC(C(C)OC(C)=O)(C1)C23,(+)-echitovenine,2,29
6052,COC(=O)C1=COC(O)C2C(C)CCC12,7-deoxyloganetin,2,15
6053,COC(=O)C1=COC(OC2OC(CO)C(O)C(O)C2O)C2C(C)CCC12,7-deoxyloganin,2,26
6054,COC(=O)C1=COC(OC2OC(CO)C(O)C(O)C2O)C2C1CC(O)C2C,loganin,2,27
6055,COC(=O)C1C(=O)CC2CCC1N2C,ecgonone methyl ester,2,14
6056,COC(=O)C1C(C)OC2(C)CC(=O)C3OC12OC(C(C)C=C(C)C=CC(O)=C1C(=O)CNC1=O)C3C,nocamycin I,2,36
6057,COC(=O)C1C(O)CC2CCC1N2C,ecgonine methyl ester,8,14
6058,COC(=O)C1C(OC(=O)C=Cc2ccccc2)CC2CCC1N2C,cinnamoylcocaine,2,24
6059,COC(=O)C1C(OC(=O)c2ccccc2)CC2CCC1N2C,cocaine,4,22
6060,COC(=O)C1c2cc3c(c(O)c2C(=O)CC1(C)O)C(=O)c1c(O)cccc1C3=O,nogalaviketone,2,29
6061,COC(=O)C=C(C)CCC=C(C)CCC1OC1(C)C,juvenile hormone III,4,19
6062,COC(=O)C=C(C)CCC=C(C)CCC=C(C)C,"methyl (2E,6E)-farnesoate",2,18
6063,COC(=O)C=Cc1ccc(O)cc1,(E)-4-coumaric acid methyl ester,2,13
6064,COC(=O)C=Cc1ccccc1,(E)-cinnamic acid methyl ester,2,12
6065,COC(=O)CC(=CC(=O)O)C(=O)O,(E)-2-(methoxycarbonylmethyl)but-2-enedioate,2,13
6066,COC(=O)CC(=O)C(=O)O,oxaloacetate 4-methyl ester,2,10
6067,COC(=O)CC(=O)SCCNC(=O)CCNC(=O)C(O)C(C)(C)COP(=O)(O)OP(=O)(O)OCC1OC(n2cnc3c(N)ncnc32)C(O)C1OP(=O)(O)O,malonyl-CoA methyl ester,2,55
6068,COC(=O)CC1Cc2cc3cc(OC)cc(O)c3c(O)c2C(=O)O1,semiviriditoxin,2,24
6069,COC(=O)CCCC=CC=CC(CC=CCC=CCCCCCO)OO,"1-O-methyl-9-hydroperoxy-20-hydroxy-(5Z,7E,11Z,14Z)-eicosatetraenoate",2,26
6070,COC(=O)CCCC=CCC(C=CC=CCC=CCCCCCO)OO,"1-O-methyl-8-hydroperoxy-20-hydroxy-(5Z,9E,11Z,14Z)-eicosatetraenoate",2,26
6071,COC(=O)CCCC=CCC=CC=CC(CC=CCCCCCO)OO,"1-O-methyl-12-hydroperoxy-20-hydroxy-(5Z,8Z,10E,14Z)-eicosatetraenoate",2,26
6072,COC(=O)CCCC=CCC=CCC=CCC=CCCCCCO,"1-O-methyl-20-hydroxy-(5Z,8Z,11Z,14Z)-eicosatetraenoate",6,24
6073,COC(=O)CCCCCCCCOC1OC(CO)C(O)C(OC2OC(CO)C(O)C(O)C2O)C1NC(C)=O,methyl 8-{[beta-D-galactosyl-(1->3)-N-acetyl-beta-D-glucosamyl]oxy}nonanoate,2,38
6074,COC(=O)CCCCCCCCOC1OC(CO)C(O)C(OC2OC(CO)C(O)C(O)C2OC2OC(C)C(O)C(O)C2O)C1NC(C)=O,methyl 8-{[alpha-L-fucosyl-(1->2)-beta-D-galactosyl-(1->3)-N-acetyl-beta-D-glucosaminyl]oxy}nonanoate,2,48
6075,COC(=O)CCCCCCCCOC1OC(CO)C(O)C(OC2OC(CO)C(O)C(OC3(C(=O)O)CC(O)C(NC(C)=O)C(C(O)C(O)CO)O3)C2O)C1NC(C)=O,methyl 8-{[N-acetyl-alpha-neuraminosyl-(2->3)-beta-D-galactosyl-(1->3)-N-acetyl-beta-D-glucosaminyl]oxy}nonanoate,2,58
6076,COC(=O)CCCCCCCCOC1OC(CO)C(OC2OC(C)C(O)C(O)C2O)C(OC2OC(CO)C(O)C(O)C2O)C1NC(C)=O,methyl 8-{[beta-D-galactosyl-(1->3)-[alpha-L-fucosyl-(1->4)]-N-acetyl-beta-D-glucosaminyl]oxy}nonanoate,2,48
6077,COC(=O)CCCCCCCCOC1OC(CO)C(OC2OC(C)C(O)C(O)C2O)C(OC2OC(CO)C(O)C(O)C2OC2OC(C)C(O)C(O)C2O)C1NC(C)=O,methyl 8-{[alpha-L-fucosyl-(1->2)-beta-D-galactosyl-(1->3)-[alpha-L-fucosyl-(1->4)]-N-acetyl-beta-D-glucosaminyl]oxy}nonanoate,2,58
6078,COC(=O)CCCCCCCCOC1OC(CO)C(OC2OC(C)C(O)C(O)C2O)C(OC2OC(CO)C(O)C(OC3(C(=O)O)CC(O)C(NC(C)=O)C(C(O)C(O)CO)O3)C2O)C1NC(C)=O,methyl 8-{[N-acetyl-alpha-neuraminosyl-(2->3)-beta-D-galactosyl-(1->3)-[alpha-L-fucosyl-(1->4)]-N-acetyl-beta-D-glucosaminyl]oxy}nonanoate,2,68
6079,COC(=O)CCCCCCCCOC1OC(CO)C(OC2OC(CO)C(O)C(O)C2O)C(O)C1NC(C)=O,methyl-8-{[beta-D-galactosyl-(1->4)-N-acetyl-beta-D-glucosaminyl]oxy}nonanoate,2,38
6080,COC(=O)CCCCCCCCOC1OC(CO)C(OC2OC(CO)C(O)C(O)C2O)C(OC2OC(C)C(O)C(O)C2O)C1NC(C)=O,methyl 8-{[beta-D-galactosyl-(1->4)-[alpha-L-fucosyl-(1->3)]-N-acetyl-beta-D-glucosaminyl]oxy}nonanoate,2,48
6081,COC(=O)CCCCCCCCOC1OC(CO)C(OC2OC(CO)C(O)C(O)C2OC2OC(C)C(O)C(O)C2O)C(O)C1NC(C)=O,methyl 8-{[alpha-L-fucosyl-(1->2)-beta-D-galactosyl-(1->4)-N-acetyl-beta-D-glucosaminyl]oxy}nonanoate,2,48
6082,COC(=O)CCCCCCCCOC1OC(CO)C(OC2OC(CO)C(O)C(O)C2OC2OC(C)C(O)C(O)C2O)C(OC2OC(C)C(O)C(O)C2O)C1NC(C)=O,methyl 8-{[alpha-L-Fuc-(1->2)-beta-D-Gal-(1->4)-[alpha-L-Fuc-(1->3)]-beta-D-GlcNAc]oxy}nonanoate,2,58
6083,COC(=O)CCCCCCCCOC1OC(CO)C(OC2OC(CO)C(O)C(OC3(C(=O)O)CC(O)C(NC(C)=O)C(C(O)C(O)CO)O3)C2O)C(O)C1NC(C)=O,methyl 8-{[N-acetyl-alpha-neuraminosyl-(2->3)-beta-D-galactosyl-(1->4)-N-acetyl-beta-D-glucosaminyl]oxy}nonanoate,2,58
6084,COC(=O)CCCCCCCCOC1OC(CO)C(OC2OC(CO)C(O)C(OC3(C(=O)O)CC(O)C(NC(C)=O)C(C(O)C(O)CO)O3)C2O)C(OC2OC(C)C(O)C(O)C2O)C1NC(C)=O,methyl 8-{[N-acetyl-alpha-neuraminosyl-(2->3)-beta-D-galactosyl-(1->4)-[alpha-L-fucosyl-(1->3)]-N-acetyl-beta-D-glucosaminyl]oxy}nonanoate,2,68
6085,COC(=O)CCc1ccc(O)cc1,3-(4-hydroxyphenyl)propionic acid methyl ether,2,13
6086,COC(=O)CCc1ccccc1,3-phenylpropanoic acid methyl ester,2,12
6087,COC(=O)Cc1c[nH]c2ccccc12,methyl (indol-3-yl)acetate,4,14
6088,COC(=O)Cc1cc2c(c(O)c1C(=O)CC(C)=O)C(=O)c1c(O)cccc1C2=O,methyl nogalonate,2,29
6089,COC(=O)Cc1cc2cc3cc(OC)cc(O)c3c(O)c2c(=O)o1,"methyl 2-[(3S)-9,10-dihydroxy-7-methoxy-1-oxo-1H,3H,4H-naphtho[2,3-c]pyran-3-yl]acetate",2,24
6090,COC(=O)Nc1nc2ccccc2[nH]1,carbendazim,4,14
6091,COC(=O)c1c(C)cc(OC(=O)c2c(C)cc(O)c(C)c2O)c(C)c1O,proatranorin I,2,26
6092,COC(=O)c1c(C)cc(OC(=O)c2c(C)cc(O)c(C=O)c2O)c(C)c1O,atranorin,2,27
6093,COC(=O)c1c(O)cc2cc3c(c(O)c2c1C)C(=O)C1(O)C(=O)C=C(OC)C(O)C1(O)C3=O,8-demethyltetracenomycin C,2,33
6094,COC(=O)c1c(OC2OC(C)C(O)C(O)C2O)cc2cc3c(c(O)c2c1C)C(=O)C1(O)C(=O)C=C(OC)C(O)C1(O)C3=O,8-demethyl-8-alpha-L-rhamnosyl-tetracenomycin C,4,43
6095,COC(=O)c1c(OC2OC(C)C(O)C(O)C2OC)cc2cc3c(c(O)c2c1C)C(=O)C1(O)C(=O)C=C(OC)C(O)C1(O)C3=O,8-demethyl-8-(2-O-methyl-alpha-L-rhamnosyl)-tetracenomycin C,4,44
6096,COC(=O)c1c(OC2OC(C)C(O)C(OC)C2OC)cc2cc3c(c(O)c2c1C)C(=O)C1(O)C(=O)C=C(OC)C(O)C1(O)C3=O,"8-demethyl-8-(2,3-di-O-methyl-alpha-L-rhamnosyl)-tetracenomycin C",4,45
6097,COC(=O)c1c(OC2OC(C)C(OC)C(OC)C2OC)cc2cc3c(c(O)c2c1C)C(=O)C1(O)C(=O)C=C(OC)C(O)C1(O)C3=O,"8-demethyl-8-(2,3,4-tri-O-methyl-alpha-L-rhamnosyl)-tetracenomycin C",2,46
6098,COC(=O)c1ccccc1,methyl benzoate,2,10
6099,COC(=O)c1ccccc1N,O-methyl anthranilate,4,11
6100,COC(=O)c1ccccc1O,methyl salicylate,4,11
6101,COC(C)(C)C(=O)C=CC(C)=CC=CC(C)=CC=CC(C)=CC=CC=C(C)C=CC=C(C)C=CC=C(C)C=CC(=O)C(C)(C)OC,"2,2'-dioxospirilloxanthin",2,46
6102,COC(C)(C)C(=O)C=CC(C)=CC=CC(C)=CC=CC(C)=CC=CC=C(C)C=CC=C(C)C=CC=C(C)C=CC(O)(O)C(C)(C)OC,"2',2'-dihydroxy-2-oxospirilloxanthin",2,47
6103,COC(C)(C)C(=O)C=CC(C)=CC=CC(C)=CC=CC(C)=CC=CC=C(C)C=CC=C(C)CCC=C(C)CCC=C(C)C,spheroiden-2-one,2,43
6104,COC(C)(C)C(O)(O)C=CC(C)=CC=CC(C)=CC=CC(C)=CC=CC=C(C)C=CC=C(C)CCC=C(C)CCC=C(C)C,"2,2-dihydroxyspheroidene",2,44
6105,COC(C)(C)CC=CC(C)=CC=CC(C)=CC=CC(C)=CC=CC=C(C)C=CC=C(C)C=CC=C(C)C=CC(=O)C(C)(C)OC,2-oxospirilloxanthin,2,45
6106,COC(C)(C)CC=CC(C)=CC=CC(C)=CC=CC(C)=CC=CC=C(C)C=CC=C(C)C=CC=C(C)C=CC(O)(O)C(C)(C)OC,"2,2-dihydroxyspirilloxanthin",2,46
6107,COC(C)(C)CC=CC(C)=CC=CC(C)=CC=CC(C)=CC=CC=C(C)C=CC=C(C)CCC=C(C)CCC=C(C)C,spheroidene,2,42
6108,COC(C)=O,methyl acetate,4,5
6109,COC(C=COC1(C)Oc2c(C)c(O)c3c(c2C1=O)C(O)=C(C=NN1CCN(C)CC1)C(=O)C3=O)C(C)C(OC(C)=O)C(C)C(O)C(C)C(O)C(C)C=CC=C(C)C(N)=O,rifampicin ortho-naphthoquinone carboxamide,2,60
6110,COC(C=COC1(C)Oc2c(C)c(O)c3c(c2C1=O)C(O)=CC(=O)C3=O)C(C)C(OC(C)=O)C(C)C(O)C(C)C(O)C(C)C=CC=C(C)C(N)=O,rifamycin SV ortho-naphthoquinone carboxamide,2,51
6111,COC12C(COC(N)=O)C3=C(C(=O)C(C)=C(O)C3=O)N1CC1NC12,6-demethylmitomycin A,2,24
6112,COC1=C(C)C(=O)C2=C(C1=O)C(COC(N)=O)C1(O)C3C(CN21)N3C,mitomycin B,2,25
6113,COC1=C(C)C(=O)C2=C(C1=O)C(COC(N)=O)C1(OC)C3NC3CN21,mitomycin A,2,25
6114,COC1=C(C)C(=O)c2c(O)cc(O)cc2C1=O,"2-O,3-dimethylflaviolin",4,17
6115,COC1=C(C)C(=O)c2c(O)cc(OCC=C(C)CCC=C(C)C)cc2C1=O,"7-O-geranyl-2-O,3-dimethylflaviolin",2,27
6116,COC1=C(O)C(O)C(O)(CO)CC1=O,gadusol,2,14
6117,COC1=C(O)c2c(O)cc(C)c3c4c(c(O)c(c23)C1=O)C(C)(C)C(C)O4,deoxyherqueinone,2,26
6118,COC1=C(OC)C(=O)C(CC=C(C)CCC=C(C)CCC=C(C)CCC=C(C)CCC=C(C)CCC=C(C)CCC=C(C)CCC=C(C)C)=C(C)C1=O,ubiquinone-8,12,53
6119,COC1=C(OC)C(=O)C(CC=C(C)CCC=C(C)CCC=C(C)CCC=C(C)CCC=C(C)CCC=C(C)CCC=C(C)CCC=C(C)CCC=C(C)CCC=C(C)C)=C(C)C1=O,ubiquinone-10,4,63
6120,COC1=C2C(=O)OC13CC(C)C=CC3C=CC(=O)C(C)CC(C)C2=O,"(1R,3R,6S,7E,10S,12R)-17-methoxy-3,10,12-trimethyl-16-oxatricyclo[12.2.1.0(1,6)]heptadeca-4,7,14(17)-triene-9,13,15-trione",2,25
6121,COC1=CC(=O)C(C)=C(CC=C(C)CCC=C(C)CCC=C(C)CCC=C(C)CCC=C(C)CCC=C(C)CCC=C(C)CCC=C(C)C)C1=O,"2-methoxy-5-methyl-6-all-trans-octaprenyl-1,4-benzoquinone",2,51
6122,COC1=CC(=O)C=C(C)C12Oc1c(Cl)c(OC)cc(O)c1C2=O,desmethyl-dehydrogriseofulvin,2,23
6123,COC1=CC(=O)C=C(C)C12Oc1c(Cl)c(OC)cc(OC)c1C2=O,dehydrogriseofulvin,4,24
6124,COC1=CC(=O)C=C(CC=C(C)CCC=C(C)CCC=C(C)CCC=C(C)CCC=C(C)CCC=C(C)CCC=C(C)CCC=C(C)C)C1=O,"6-methoxy-2-all-trans-octaprenyl-1,4-benzoquinone",2,50
6125,COC1=CC(=O)CC(C)C12Oc1c(Cl)c(OC)cc(OC)c1C2=O,griseofulvin,2,24
6126,COC1=CC23CCN(C)C(Cc4ccc(OC)c(O)c42)C3=CC1=O,salutaridine,2,24
6127,COC1=CC23CCN(C)C(Cc4ccc(OC)c(O)c42)C3=CC1O,(7S)-salutaridinol,4,24
6128,COC1=CC23CCN(C)C(Cc4ccc(OC)c(O)c42)C3=CC1OC(C)=O,(7S)-O-acetylsalutaridinol,4,27
6129,COC1=CC=C2C3Cc4ccc(O)c5c4C2(CCN3C)C1O5,oripavine,4,22
6130,COC1=CC=C2C3Cc4ccc(OC)c5c4C2(CCN3C)C1O5,thebaine,8,23
6131,COC1C(=O)CCC2(CO2)C1C1(C)OC1CC=C(C)C,5-dehydrofumagillol,4,20
6132,COC1C(C)OC(OP(=O)(O)OP(=O)(O)OCC2OC(n3cc(C)c(=O)[nH]c3=O)CC2O)CC1(C)N,dTDP-beta-L-evernosamine,2,36
6133,COC1C(C)OC(OP(=O)(O)OP(=O)(O)OCC2OC(n3cc(C)c(=O)[nH]c3=O)CC2O)CC1(C)NO,dTDP-N-hydroxy-beta-L-evernosamine,2,37
6134,COC1C(CO)OC(n2c3c(Cl)cccc3c3c4c(c5c6cccc(Cl)c6[nH]c5c32)C(=O)NC4=O)C(O)C1O,rebeccamycin,2,39
6135,COC1C(O)C(=O)C(O)C(O)C1O,"2D-5-O-methyl-2,3,5/4,6-pentahydroxycyclohexanone",4,13
6136,COC1C(O)C(CO)OC(OC2C(CO)OC(O)C(O)C2OC)C1O,"3,3'-di-O-methyl-4alpha-mannobiose",2,25
6137,COC1C(O)C(O)C(O)C(O)C1O,1D-5-O-methyl-myo-inositol,6,13
6138,COC1C(O)C(O)C(Oc2ccc3c(O)c(NC(=O)c4ccc(O)c(CC=C(C)C)c4)c(=O)oc3c2C)OC1(C)C,descarbamoylnovobiocin,4,41
6139,COC1C(O)CCC2(CO2)C1C1(C)OC1CC=C(C)C,fumagillol,4,20
6140,COC1C(OC(N)=O)C(O)C(Oc2ccc3c(O)c(NC(=O)c4ccc(O)c(CC=C(C)C)c4)c(=O)oc3c2C)OC1(C)C,novobiocin,2,44
6141,COC1C=COC2(C)Oc3c(C)c(O)c4c(O)c(cc(O)c4c3C2=O)NC(=O)C(C)=CC=CC(C)C(O)C(C)C(O)C(C)C(OC(C)=O)C1C,rifamycin SV,2,50
6142,COC1C=COC2(C)Oc3c(C)c(O)c4c(c3C2=O)C(O)=C(C=NN2CCN(C)CC2)C(O)(NC(=O)C(C)=CC=CC(C)C(O)C(C)C(O)C(C)C(OC(C)=O)C1C)C4=O,rifampicin hemiaminal,2,60
6143,COC1C=COC2(C)Oc3c(C)c(O)c4c(c3C2=O)C(O)=CC(O)(NC(=O)C(C)=CC=CC(C)C(O)C(C)C(O)C(C)C(OC(C)=O)C1C)C4=O,rifamycin SV hemiaminal,2,51
6144,COC1CC(OC2C(C)C(=O)OC(C)C(C)C(O)C(C)C(=O)C3(CO3)CC(C)C(O)C2C)OC(C)C1O,L-oleandrosyl-oleandolide,2,37
6145,COC1CC(OC2C(C)C(=O)OC(C)C(C)C(O)C(C)C(=O)C3(CO3)CC(C)C(OC3OC(C)CC(N(C)C)C3O)C2C)OC(C)C1O,oleandomycin,2,48
6146,COC1CC(OC2C(C)C(=O)OC(C)C(C)C(O)C(C)C(=O)C3(CO3)CC(C)C(OC3OC(C)CC(N(C)C)C3OP(=O)(O)O)C2C)OC(C)C1O,oleandomycin 2'-O-phosphate,2,52
6147,COC1OC(CO)C(O)C(O)C1O,methyl beta-D-galactoside,4,13
6148,COC1OC(CO)C(O)C(O)C1OC1OC(C)C(O)C(O)C1O,methyl-2-alpha-L-fucopyranosyl-beta-D-galactoside,2,23
6149,COC1OC(CO)C(OC2OC(CO)C(O)C(OC)C2O)C(OC)C1O,"1,3,3'-tri-O-methyl-4alpha-mannobiose",2,26
6150,CON=CC(C)C,2-methylpropanal O-methyloxime,2,7
6151,COP(=O)(O)OCCNC(=N)N,guanidinoethyl methyl phosphate,2,12
6152,COP(=O)(O)OCCNC(=N)NP(=O)(O)O,N'-phosphoguanidinoethyl methylphosphate,2,16
6153,COS(=O)(=O)O,monomethyl sulfate,2,6
6154,COc1c(-c2cc(O)c(O)c(O)c2)oc2cc(O)cc(O)c2c1=O,3-O-methylmyricetin,2,24
6155,COc1c(-c2ccc(O)c(O)c2)oc2cc(O)cc(O)c2c1=O,"3',4',5,7-tetrahydroxy-3-methoxyflavone",6,23
6156,COc1c(-c2ccc(O)cc2)oc2cc(O)cc(O)c2c1=O,3-O-methylkaempferol,2,22
6157,COc1c(C)c2c(c(O)c1CC=C(C)CCC(=O)C(C)C(=O)SCCNC(=O)CCNC(=O)C(O)C(C)(C)COP(=O)(O)OP(=O)(O)OCC1OC(n3cnc4c(N)ncnc43)C(O)C1OP(=O)(O)O)C(=O)OC2,"(6E)-8-(4-hydroxy-6-methoxy-7-methyl-3-oxo-1,3-dihydro-2-benzofuran-5-yl)-3-oxo-2,6-dimethyloct-6-enoyl-CoA",4,74
6158,COc1c(C)c2c(c(O)c1CC=C(C)CCC(=O)O)C(=O)OC2,mycophenolate,10,23
6159,COc1c(C)c2c(c(O)c1CC=C(C)CCC(=O)OC1OC(C(=O)O)C(O)C(O)C1O)C(=O)OC2,mycophenolic acid O-acyl-beta-D-glucuronide,4,35
6160,COc1c(C)c2c(c(O)c1CC=C(C)CCC(=O)SCCNC(=O)CCNC(=O)C(O)C(C)(C)COP(=O)(O)OP(=O)(O)OCC1OC(n3cnc4c(N)ncnc43)C(O)C1OP(=O)(O)O)C(=O)OC2,mycophenolyl-CoA,4,70
6161,COc1c(C)c2c(c(O)c1CC=C(C)CCC(O)C(C)C(=O)SCCNC(=O)CCNC(=O)C(O)C(C)(C)COP(=O)(O)OP(=O)(O)OCC1OC(n3cnc4c(N)ncnc43)C(O)C1OP(=O)(O)O)C(=O)OC2,"(6E)-8-(4-hydroxy-6-methoxy-7-methyl-3-oxo-1,3-dihydro-2-benzofuran-5-yl)-(3R)-hydroxy-2,6-dimethyloct-6-enoyl-CoA",4,74
6162,COc1c(C)c2c(c(O)c1CC=C(C)CCC=C(C)C(=O)CC(=O)SCCNC(=O)CCNC(=O)C(O)C(C)(C)COP(=O)(O)OP(=O)(O)OCC1OC(n3cnc4c(N)ncnc43)C(O)C1OP(=O)(O)O)C(=O)OC2,"(4E,8E)-10-(4-hydroxy-6-methoxy-7-methyl-3-oxo-1,3-dihydro-2-benzofuran-5-yl)-3-oxo-4,8-dimethyldeca-4,8-dienoyl-CoA",4,76
6163,COc1c(C)c2c(c(O)c1CC=C(C)CCC=C(C)C(=O)SCCNC(=O)CCNC(=O)C(O)C(C)(C)COP(=O)(O)OP(=O)(O)OCC1OC(n3cnc4c(N)ncnc43)C(O)C1OP(=O)(O)O)C(=O)OC2,"(2E,6E)-8-(4-hydroxy-6-methoxy-7-methyl-3-oxo-1,3-dihydro-2-benzofuran-5-yl)-2,6-dimethylocta-2,6-dienoyl-CoA",4,73
6164,COc1c(C)c2c(c(O)c1CC=C(C)CCC=C(C)C(O)CC(=O)SCCNC(=O)CCNC(=O)C(O)C(C)(C)COP(=O)(O)OP(=O)(O)OCC1OC(n3cnc4c(N)ncnc43)C(O)C1OP(=O)(O)O)C(=O)OC2,"(4E,8E)-10-(4-hydroxy-6-methoxy-7-methyl-3-oxo-1,3-dihydro-2-benzofuran-5-yl)-(3R)-hydroxy-4,8-dimethyldeca-4,8-dienoyl-CoA",4,76
6165,COc1c(C)c2c(c(O)c1CC=C(C)CCC=C(C)C=CC(=O)SCCNC(=O)CCNC(=O)C(O)C(C)(C)COP(=O)(O)OP(=O)(O)OCC1OC(n3cnc4c(N)ncnc43)C(O)C1OP(=O)(O)O)C(=O)OC2,"(2E,4E,8E)-10-(4-hydroxy-6-methoxy-7-methyl-3-oxo-1,3-dihydro-2-benzofuran-5-yl)-4,8-dimethyldeca-2,4,8-trienoyl-CoA",4,75
6166,COc1c(C)c2c(c(O)c1CC=C(C)CCC=C(C)CCC(=O)O)C(=O)OC2,"(4E,8E)-10-(4-hydroxy-6-methoxy-7-methyl-3-oxo-1,3-dihydro-2-benzofuran-5-yl)-4,8-dimethyldeca-4,8-dienoate",4,28
6167,COc1c(C)c2c(c(O)c1CC=C(C)CCC=C(C)CCC(=O)SCCNC(=O)CCNC(=O)C(O)C(C)(C)COP(=O)(O)OP(=O)(O)OCC1OC(n3cnc4c(N)ncnc43)C(O)C1OP(=O)(O)O)C(=O)OC2,"(4E,8E)-10-(4-hydroxy-6-methoxy-7-methyl-3-oxo-1,3-dihydro-2-benzofuran-5-yl)-4,8-dimethyldeca-4,8-dienoyl-CoA",4,75
6168,COc1c(C)c2c(c(O)c1CC=C(C)CCC=C(C)CCC=C(C)C)C(=O)OC2,"4-farnesyl-3,5-dihydroxy-6-methoxylphthalide",2,29
6169,COc1c(C)c2c(c(OC3OC(C(=O)O)C(O)C(O)C3O)c1CC=C(C)CCC(=O)O)C(=O)OC2,mycophenolate 7-O-beta-D-glucuronide,2,35
6170,COc1c(C)cc(CC(N)C(=O)O)cc1O,5-hydroxy-3-methyl-O-methyl-L-tyrosine,2,16
6171,COc1c(Cl)cc(Cl)cc1Cl,"2,4,6-trichloroanisole",2,11
6172,COc1c(O)c(C)c(CC=C(C)CCC=C(C)CCC=C(C)CCC=C(C)CCC=C(C)CCC=C(C)C)c(O)c1OC,ubiquinol-6,2,43
6173,COc1c(O)c(C)c(CC=C(C)CCC=C(C)CCC=C(C)CCC=C(C)CCC=C(C)CCC=C(C)CCC=C(C)C)c(O)c1OC,ubiquinol-7,2,48
6174,COc1c(O)c(C)c(CC=C(C)CCC=C(C)CCC=C(C)CCC=C(C)CCC=C(C)CCC=C(C)CCC=C(C)CCC=C(C)C)c(O)c1OC,ubiquinol-8,14,53
6175,COc1c(O)c(C)c(CC=C(C)CCC=C(C)CCC=C(C)CCC=C(C)CCC=C(C)CCC=C(C)CCC=C(C)CCC=C(C)CCC=C(C)C)c(O)c1OC,ubiquinol-9,2,58
6176,COc1c(O)c(C)c(CC=C(C)CCC=C(C)CCC=C(C)CCC=C(C)CCC=C(C)CCC=C(C)CCC=C(C)CCC=C(C)CCC=C(C)CCC=C(C)C)c(O)c1OC,ubiquinol-10,6,63
6177,COc1c(O)c(O)c(C)c(CC=C(C)CCC=C(C)CCC=C(C)CCC=C(C)CCC=C(C)CCC=C(C)C)c1O,3-demethylubiquinol-6,2,42
6178,COc1c(O)c(O)c(C)c(CC=C(C)CCC=C(C)CCC=C(C)CCC=C(C)CCC=C(C)CCC=C(C)CCC=C(C)C)c1O,3-demethylubiquinol-7,2,47
6179,COc1c(O)c(O)c(C)c(CC=C(C)CCC=C(C)CCC=C(C)CCC=C(C)CCC=C(C)CCC=C(C)CCC=C(C)CCC=C(C)C)c1O,3-demethylubiquinol-8,2,52
6180,COc1c(O)c(O)c(C)c(CC=C(C)CCC=C(C)CCC=C(C)CCC=C(C)CCC=C(C)CCC=C(C)CCC=C(C)CCC=C(C)CCC=C(C)C)c1O,3-demethylubiquinol-9,2,57
6181,COc1c(O)c(O)c(C)c(CC=C(C)CCC=C(C)CCC=C(C)CCC=C(C)CCC=C(C)CCC=C(C)CCC=C(C)CCC=C(C)CCC=C(C)CCC=C(C)C)c1O,3-demethylubiquinol-10,2,62
6182,COc1c(O)cc(O)c2c(=O)c(O)c(-c3ccc(O)c(O)c3)oc12,"3,3',4',5,7-pentahydroxy-8-methoxyflavone",2,24
6183,COc1c(O)cc(O)c2c(=O)cc(-c3ccccc3)oc12,wogonin,4,21
6184,COc1c(O)cc2oc(-c3ccccc3)cc(=O)c2c1O,oroxylin A,2,21
6185,COc1c(O)ccc2c(=O)cc(-c3ccc(O)c(O)c3)oc12,"3',4,7-trihydroxy-8-methoxyflavone",2,22
6186,COc1c(O)ccc2c(=O)cc(-c3ccccc3)oc12,7-hydroxy-8-methoxyflavone,2,20
6187,COc1c(O)ccc2c1CCC1C2CCC2(C)C(=O)CCC12,4-methoxyestrone,4,22
6188,COc1c(O)ccc2c1CCC1C2CCC2(C)C(O)CCC12,4-methoxy-17beta-estradiol,4,22
6189,COc1c(O)ccc2ccc(=O)oc12,7-hydroxy-8-methoxycoumarin,2,14
6190,COc1c(OC2OC(C(=O)O)C(O)C(O)C2O)cc(O)c2c(=O)cc(-c3ccccc3)oc12,wogonin 7-O-beta-D-glucuronate,4,33
6191,COc1c(OC2OC(C(=O)O)C(O)C(O)C2O)cc2oc(-c3ccccc3)cc(=O)c2c1O,oroxylin A 7-O-beta-D-glucuronate,2,33
6192,COc1c(OC2OC(C(=O)O)C(O)C(O)C2O)ccc2c1CCC1C2CCC2(C)C(=O)CCC12,4-methoxyestrone 3-O-(beta-D-glucuronate),2,34
6193,COc1c(OC2OC(C(=O)O)C(O)C(O)C2O)ccc2c1CCC1C2CCC2(C)C(O)CCC12,4-methoxy-17beta-estradiol 3-O-(beta-D-glucuronate),2,34
6194,COc1c2ccoc2c(OC)c2oc(=O)ccc12,isopimpinellin,2,18
6195,COc1c2ccoc2cc2oc(=O)ccc12,bergapten,2,16
6196,COc1c2occc2c(O)c2ccc(=O)oc12,5-hydroxyxanthotoxin,2,17
6197,COc1c2occc2cc2ccc(=O)oc12,xanthotoxin,2,16
6198,COc1cc(-c2cc(=O)c3c(O)c(C4OC(CO)C(O)C(O)C4O)c(O)cc3o2)ccc1O,isoscoparin,2,33
6199,COc1cc(-c2cc(=O)c3c(O)cc(O)cc3o2)cc(O)c1O,3'-O-methyltricetin,4,23
6200,COc1cc(-c2cc(=O)c3c(O)cc(O)cc3o2)cc(OC)c1O,"3',5'-di-O-methyltricetin",4,24
6201,COc1cc(-c2cc(=O)c3c(O)cc(O)cc3o2)cc(OC)c1OC,"3',4',5'-O-trimethyltricetin",2,25
6202,COc1cc(-c2cc(=O)c3c(O)cc(O)cc3o2)ccc1O,chrysoeriol,4,22
6203,COc1cc(-c2cc(=O)c3ccc(O)c(O)c3o2)ccc1O,"4',7,8-trihydroxy-3'-methoxyflavone-7-olate",2,22
6204,COc1cc(-c2cc(=O)c3ccc(O)cc3o2)ccc1O,"4',7-dihydroxy-3'-methoxyflavone",2,21
6205,COc1cc(-c2coc3cc(O)ccc3c2=O)ccc1O,"7,4'-dihydroxy-3'-methoxyisoflavone-7-olate",2,21
6206,COc1cc(-c2oc3cc(O)cc(=O)c-3cc2O)cc(O)c1O,petunidin,2,23
6207,COc1cc(-c2oc3cc(O)cc(=O)c-3cc2O)cc(OC)c1O,malvidin,2,24
6208,COc1cc(-c2oc3cc(O)cc(=O)c-3cc2O)ccc1O,peonidin,2,22
6209,COc1cc(-c2oc3cc(O)cc(=O)c-3cc2OC2OC(CO)C(O)C(O)C2O)cc(O)c1O,petunidin 3-O-beta-D-galactoside,2,34
6210,COc1cc(-c2oc3cc(O)cc(=O)c-3cc2OC2OC(CO)C(O)C(O)C2O)cc(OC)c1O,malvidin 3-O-beta-D-glucoside,2,35
6211,COc1cc(-c2oc3cc(O)cc(=O)c-3cc2OC2OC(CO)C(O)C(O)C2O)ccc1O,peonidin 3-O-beta-D-glucoside,2,33
6212,COc1cc(-c2oc3cc(O)cc(O)c3c(=O)c2O)cc(O)c1O,laricitrin,6,24
6213,COc1cc(-c2oc3cc(O)cc(O)c3c(=O)c2O)cc(OC)c1O,syringetin,6,25
6214,COc1cc(-c2oc3cc(O)cc(O)c3c(=O)c2O)cc(OC)c1OC,"3',4',5'-O-trimethylmyricetin",4,26
6215,COc1cc(-c2oc3cc(O)cc(O)c3c(=O)c2O)ccc1O,isorhamnetin,8,23
6216,COc1cc(-c2oc3cc(O)cc(O)c3c(=O)c2OC)cc(O)c1O,"3,3'-O-dimethylmyricetin",2,25
6217,COc1cc(-c2oc3cc(O)cc(O)c3c(=O)c2OC)cc(OC)c1O,"3,3',5'-O-trimethylmyricetin",2,26
6218,COc1cc(-c2oc3cc(O)cc(O)c3c(=O)c2OC)cc(OC)c1OC,"3,3',4',5'-O-tetramethylmyricetin",2,27
6219,COc1cc(-c2oc3cc(O)cc(O)c3c(=O)c2OC)ccc1O,"3,3'-O-dimethylquercetin",4,24
6220,COc1cc(C(=O)O)c2cccc(C)c2c1,3-methoxy-5-methyl-1-naphthoate,2,16
6221,COc1cc(C(=O)O)cc(-c2cc(C(=O)O)cc(O)c2O)c1O,"2,2',3-trihydroxy-3'-methoxy-5,5'-dicarboxybiphenyl",2,23
6222,COc1cc(C(=O)O)cc(-c2cc(C(=O)O)cc(OC)c2O)c1O,"5,5'-dehydrodivanillate",2,24
6223,COc1cc(C(=O)O)cc(CC=C(C)CCC=C(C)CCC=C(C)CCC=C(C)CCC=C(C)CCC=C(C)C)c1O,4-hydroxy-3-methoxy-5-(all-trans-hexaprenyl)benzoate,4,42
6224,COc1cc(C(=O)O)cc(CC=C(C)CCC=C(C)CCC=C(C)CCC=C(C)CCC=C(C)CCC=C(C)CCC=C(C)C)c1O,4-hydroxy-3-methoxy-5-(all-trans-heptaprenyl)benzoate,4,47
6225,COc1cc(C(=O)O)cc(CC=C(C)CCC=C(C)CCC=C(C)CCC=C(C)CCC=C(C)CCC=C(C)CCC=C(C)CCC=C(C)C)c1O,4-hydroxy-3-methoxy-5-(all-trans-octaprenyl)benzoate,4,52
6226,COc1cc(C(=O)O)cc(CC=C(C)CCC=C(C)CCC=C(C)CCC=C(C)CCC=C(C)CCC=C(C)CCC=C(C)CCC=C(C)CCC=C(C)C)c1O,4-hydroxy-3-methoxy-(5-all-trans-nonaprenyl)benzoate,4,57
6227,COc1cc(C(=O)O)cc(CC=C(C)CCC=C(C)CCC=C(C)CCC=C(C)CCC=C(C)CCC=C(C)CCC=C(C)CCC=C(C)CCC=C(C)CCC=C(C)C)c1O,4-hydroxy-3-methoxy-5-(all-trans-decaprenyl)benzoate,4,62
6228,COc1cc(C(=O)O)cc(O)c1O,3-O-methylgallate,4,13
6229,COc1cc(C(=O)O)cc(OC)c1O,syringate,2,14
6230,COc1cc(C(=O)O)ccc1O,vanillate,16,12
6231,COc1cc(C(=O)OC2OC(CO)C(O)C(O)C2O)ccc1O,1-O-(4-hydroxy-3-methoxybenzoyl)-beta-D-glucose,2,23
6232,COc1cc(C(O)C(CO)Oc2ccccc2OC)ccc1O,"1-(4-hydroxy-3-methoxyphenyl)-2-(2-methoxyphenoxy)propane-1,3-diol",2,23
6233,COc1cc(C(O)CC(=O)O)ccc1O,3-hydroxy-3-(4-hydroxy-3-methoxyphenyl)propanoate,4,15
6234,COc1cc(C(O)CC(=O)O)ccc1OC1OC(CO)C(O)C(O)C1O,3-hydroxy-3-(4-O-beta-D-glucosyl-3-methoxyphenyl)propanoate,4,26
6235,COc1cc(C(O)CC(=O)SCCNC(=O)CCNC(=O)C(O)C(C)(C)COP(=O)(O)OP(=O)(O)OCC2OC(n3cnc4c(N)ncnc43)C(O)C2OP(=O)(O)O)ccc1O,3-hydroxy-3-(4-hydroxy-3-methoxyphenyl)propanoyl-CoA,4,62
6236,COc1cc(C(O)CN)ccc1O,(R)-normetanephrine,4,13
6237,COc1cc(C)c2ccc(O)c(C(=O)O)c2c1,2-hydroxy-7-methoxy-5-methyl-1-naphthoate,4,17
6238,COc1cc(C)c2ccc(O)c(C(=O)SCCNC(=O)CCNC(=O)C(O)C(C)(C)COP(=O)(O)OP(=O)(O)OCC3OC(n4cnc5c(N)ncnc54)C(O)C3OP(=O)(O)O)c2c1,2-hydroxy-7-methoxy-5-methyl-1-naphthoyl-CoA,2,64
6239,COc1cc(C)cc(O)c1,3-methoxy-5-methylphenol,4,10
6240,COc1cc(C)cc(OC)c1,"3,5-dimethoxytoluene",2,11
6241,COc1cc(C2C(C)C=CC3CCCCC32)oc(=O)c1C=O,(-)-solanapyrone A,2,22
6242,COc1cc(C2CC(=O)c3c(O)cc(O)cc3O2)ccc1O,(S)-homoeriodictyol,2,22
6243,COc1cc(C2OCC3C(c4ccc(O)c(OC)c4)OCC23)ccc1O,(+)-pinoresinol,2,26
6244,COc1cc(C2Oc3c(OC)cc(C=CC(=O)O)cc3C2C=O)ccc1O,(-)-dehydrodiconiferyl acid ketone,1,27
6245,COc1cc(C2Oc3c(OC)cc(C=CC(=O)O)cc3C2CO)ccc1O,(-)-dehydrodiconiferyl acid,1,27
6246,COc1cc(C2Oc3c(OC)cc(C=CCO)cc3C2CO)ccc1O,(-)-dehydrodiconiferyl alcohol,2,26
6247,COc1cc(C2Oc3c(OC)cc(CCCO)cc3C2CO)ccc1O,"(2S,3R)-dihydrodehydrodiconiferyl alcohol",2,26
6248,COc1cc(C2Oc3cc(O)cc(O)c3C(=O)C2O)ccc1O,taxifolin 3'-methyl ether,2,23
6249,COc1cc(C=CC(=O)CC(=O)C=Cc2ccc(O)c(OC)c2)ccc1O,curcumin,2,27
6250,COc1cc(C=CC(=O)CC(=O)CCc2ccc(O)c(OC)c2)ccc1O,dihydrocurcumin,4,27
6251,COc1cc(C=CC(=O)CC(=O)SCCNC(=O)CCNC(=O)C(O)C(C)(C)COP(=O)(O)OP(=O)(O)OCC2OC(n3cnc4c(N)ncnc43)C(O)C2OP(=O)(O)O)ccc1O,(E)-feruloylacetyl-CoA,2,64
6252,COc1cc(C=CC(=O)NCC(=O)O)ccc1O,N-feruloylglycine,2,18
6253,COc1cc(C=CC(=O)NCCc2ccc(O)cc2)ccc1O,N-[(E)-feruloyl]tyramine,2,23
6254,COc1cc(C=CC(=O)Nc2ccc(O)cc2C(=O)O)ccc1O,avenanthramide B,2,24
6255,COc1cc(C=CC(=O)O)cc(O)c1O,(E)-5-hydroxyferulate,2,15
6256,COc1cc(C=CC(=O)O)cc(OC)c1O,(E)-sinapate,14,16
6257,COc1cc(C=CC(=O)O)cc(OC)c1OC(=O)C(O)CC(=O)O,sinapoyl (S)-malate,2,24
6258,COc1cc(C=CC(=O)O)cc(OC)c1OC1OC(CO)C(O)C(O)C1O,4-O-(beta-D-glucosyl)-trans-sinapate,2,27
6259,COc1cc(C=CC(=O)O)ccc1O,(E)-ferulate,30,14
6260,COc1cc(C=CC(=O)O)ccc1OC1OC(C(=O)O)C(O)C(O)C1O,(E)-4-O-(beta-D-glucuronosyl)-ferulate,2,26
6261,COc1cc(C=CC(=O)O)ccc1OC1OC(CO)C(O)C(O)C1O,4-O-beta-D-glucosyl-trans-ferulate,4,25
6262,COc1cc(C=CC(=O)OC(C(=O)O)C(=O)O)cc(OC)c1O,(E)-sinapoyltartronate,2,23
6263,COc1cc(C=CC(=O)OC(C(=O)O)C(O)(Cc2ccc(O)cc2)C(=O)O)cc(OC)c1O,cimicifugate J,2,33
6264,COc1cc(C=CC(=O)OC(C(=O)O)C(O)(Cc2ccc(O)cc2)C(=O)O)ccc1O,cimicifugate E,2,31
6265,COc1cc(C=CC(=O)OC(C(=O)O)C(O)C(O)C(O)C(=O)O)cc(OC)c1O,2-O-[(E)-sinapoyl]-D-glucarate,2,29
6266,COc1cc(C=CC(=O)OC(C(=O)O)C(O)C(O)C(O)C(=O)O)ccc1O,2-O-[(E)-feruloyl]-D-galactarate,2,27
6267,COc1cc(C=CC(=O)OC2C(O)CC(O)(C(=O)O)CC2O)ccc1O,4-O-feruloyl-D-quinate,2,26
6268,COc1cc(C=CC(=O)OC2C(OC3C(Oc4cc5c(OC6OC(CO)C(O)C(O)C6O)cc(=O)cc-5oc4-c4ccc(O)c(O)c4)OC(COC(=O)C=Cc4ccc(O)cc4)C(O)C3O)OCC(O)C2O)cc(OC)c1O,anthocyanin A7,2,78
6269,COc1cc(C=CC(=O)OC2C(OC3C(Oc4cc5c(OC6OC(CO)C(O)C(O)C6O)cc(=O)cc-5oc4-c4ccc(O)c(O)c4)OC(COC(=O)C=Cc4ccc(OC5OC(CO)C(O)C(O)C5O)cc4)C(O)C3O)OCC(O)C2O)cc(OC)c1O,anthocyanin A10,2,89
6270,COc1cc(C=CC(=O)OC2C(OC3C(Oc4cc5c(OC6OC(COC(=O)CC(=O)O)C(O)C(O)C6O)cc(=O)cc-5oc4-c4ccc(O)c(O)c4)OC(COC(=O)C=Cc4ccc(O)cc4)C(O)C3O)OCC(O)C2O)cc(OC)c1O,anthocyanin A9,2,84
6271,COc1cc(C=CC(=O)OC2C(OC3C(Oc4cc5c(OC6OC(COC(=O)CC(=O)O)C(O)C(O)C6O)cc(=O)cc-5oc4-c4ccc(O)c(O)c4)OC(COC(=O)C=Cc4ccc(OC5OC(CO)C(O)C(O)C5O)cc4)C(O)C3O)OCC(O)C2O)cc(OC)c1O,anthocyanin A11,4,95
6272,COc1cc(C=CC(=O)OC2OC(C(=O)O)C(O)C(O)C2O)ccc1O,(E)-ferulic acid beta-D-glucuronate ester,2,26
6273,COc1cc(C=CC(=O)OC2OC(CO)C(O)C(O)C2O)cc(OC)c1O,1-O-(trans-sinapoyl)-beta-D-glucose,12,27
6274,COc1cc(C=CC(=O)OC2OC(CO)C(O)C(O)C2O)ccc1O,1-O-[(E)-feruloyl]-beta-D-glucose,2,25
6275,COc1cc(C=CC(=O)OC2OC(CO)C(O)C(O)C2OC(=O)C=Cc2cc(OC)c(O)c(OC)c2)cc(OC)c1O,"1,2-di-O-sinapoyl beta-D-glucose",2,42
6276,COc1cc(C=CC(=O)OCC2OC(=O)C(O)C(O)C2O)cc(OC)c1O,"6-O-[(E)-sinapoyl]-D-glucono-1,5-lactone",2,27
6277,COc1cc(C=CC(=O)OCC2OC(OC3C(Oc4c(-c5cc(O)c(O)c(O)c5)oc5cc(O)cc(O)c5c4=O)OC(C)C(O)C3O)C(O)C(O)C2O)ccc1O,myricetin 3-O-[(6-O-[(E)-feruloyl]-beta-D-glucosyl)-(1->2)-alpha-L-rhamnoside],2,57
6278,COc1cc(C=CC(=O)OCCCCCCCCCCCCCCCC(=O)O)ccc1O,16-feruloyloxyhexadecanoate,2,32
6279,COc1cc(C=CC(=O)OCC[N+](C)(C)C)cc(OC)c1O,O-sinapoylcholine,4,22
6280,COc1cc(C=CC(=O)OP(=O)(O)OCC2OC(n3cnc4c(N)ncnc43)C(O)C2O)cc(OC)c1O,(E)-sinapoyl-AMP,4,38
6281,COc1cc(C=CC(=O)OP(=O)(O)OCC2OC(n3cnc4c(N)ncnc43)C(O)C2O)ccc1O,(E)-feruloyl-AMP,4,36
6282,COc1cc(C=CC(=O)SCCNC(=O)CCNC(=O)C(O)C(C)(C)COP(=O)(O)OP(=O)(O)OCC2OC(n3cnc4c(N)ncnc43)C(O)C2OP(=O)(O)O)c(O)cc1O,(E)-6-hydroxyferuloyl-CoA,4,62
6283,COc1cc(C=CC(=O)SCCNC(=O)CCNC(=O)C(O)C(C)(C)COP(=O)(O)OP(=O)(O)OCC2OC(n3cnc4c(N)ncnc43)C(O)C2OP(=O)(O)O)cc(O)c1O,(E)-5-hydroxyferuloyl-CoA,2,62
6284,COc1cc(C=CC(=O)SCCNC(=O)CCNC(=O)C(O)C(C)(C)COP(=O)(O)OP(=O)(O)OCC2OC(n3cnc4c(N)ncnc43)C(O)C2OP(=O)(O)O)cc(OC)c1O,(E)-sinapoyl-CoA,16,63
6285,COc1cc(C=CC(=O)SCCNC(=O)CCNC(=O)C(O)C(C)(C)COP(=O)(O)OP(=O)(O)OCC2OC(n3cnc4c(N)ncnc43)C(O)C2OP(=O)(O)O)ccc1O,(E)-feruloyl-CoA,34,61
6286,COc1cc(C=CC=O)cc(OC)c1O,(E)-sinapaldehyde,8,15
6287,COc1cc(C=CC=O)cc(OC)c1OC1OC(CO)C(O)C(O)C1O,4-O-(beta-D-glucosyl)-4-trans-sinapoyl aldehyde,2,26
6288,COc1cc(C=CC=O)ccc1O,(E)-coniferaldehyde,10,13
6289,COc1cc(C=CC=O)ccc1OC1OC(CO)C(O)C(O)C1O,4-O-(beta-D-glucosyl)-4-(E)-coniferyl aldehyde,2,24
6290,COc1cc(C=CCO)cc(OC)c1O,(E)-sinapyl alcohol,8,15
6291,COc1cc(C=CCO)cc(OC)c1OC1OC(CO)C(O)C(O)C1O,4-O-(beta-D-glucosyl)-trans-4-sinapoyl alcohol,2,26
6292,COc1cc(C=CCO)ccc1O,(E)-coniferol,8,13
6293,COc1cc(C=CCO)ccc1OC1OC(CO)C(O)C(O)C1O,4-O-(beta-D-glucosyl)-(E)-coniferol,4,24
6294,COc1cc(C=CCOC(C)=O)cc(OC)c1O,(E)-sinapoyl actetate,2,18
6295,COc1cc(C=CCOC(C)=O)ccc1O,(E)-coniferyl acetate,6,16
6296,COc1cc(C=Cc2cc(O)cc(O)c2)ccc1O,isorhapontigenin,2,19
6297,COc1cc(C=Cc2ccc(O)c(OC)c2)ccc1O,"1,2-bis(4-hydroxy-3-methoxyphenyl)ethylene",2,20
6298,COc1cc(C=Cc2ccc(O)cc2)cc(OC)c1,pterostilbene,2,19
6299,COc1cc(C=O)ccc1O,vanillin,28,11
6300,COc1cc(C=O)ccc1OC1OC(CO)C(O)C(O)C1O,4-O-beta-D-glucosyl-vanillin,4,22
6301,COc1cc(CC(CO)C(CO)Cc2ccc(O)c(OC)c2)ccc1O,(-)-secoisolariciresinol,2,26
6302,COc1cc(CC(CO)c2cc(C=CCO)cc(OC)c2O)ccc1O,(S)-isodihydrodehydrodiconiferyl alcohol,2,26
6303,COc1cc(CC(CO)c2cc(CCCO)cc(OC)c2O)ccc1O,(S)-tetrahydrodehydrodiconiferyl alcohol,2,26
6304,COc1cc(CC(N)C(=O)O)ccc1O,3-O-methyl-L-dopa,2,15
6305,COc1cc(CC2C(=O)OCC2Cc2ccc3c(c2)OCO3)cc(O)c1OC,(-)-5'-demethylyatein,2,28
6306,COc1cc(CC2C(=O)OCC2Cc2ccc3c(c2)OCO3)cc(OC)c1OC,(-)-yatein,2,29
6307,COc1cc(CC2C(=O)OCC2Cc2ccc3c(c2)OCO3)ccc1O,(-)-pluviatolide,2,26
6308,COc1cc(CC2CN(C(C)=O)C(Cc3ccccc3)CN2C(=O)C=Cc2ccccc2)cc(OC)c1O,hancockiamide B,2,38
6309,COc1cc(CC2CN(C(C)=O)C(Cc3ccccc3)CN2C(=O)C=Cc2ccccc2)cc2c1OCO2,hancockiamide C,2,38
6310,COc1cc(CC2CNC(Cc3ccccc3)CN2)cc(OC)c1O,hancockiamide D,2,25
6311,COc1cc(CC2CNC(Cc3ccccc3)CN2)cc2c1OCO2,hancockiamide H,2,25
6312,COc1cc(CC2CNC(Cc3ccccc3)CN2C(=O)C=Cc2ccccc2)cc(OC)c1O,hancockiamide A,4,35
6313,COc1cc(CC2CNC(Cc3ccccc3)CN2C(=O)C=Cc2ccccc2)cc2c1OCO2,hancockiamide G,4,35
6314,COc1cc(CC2COC(c3ccc(O)c(OC)c3)C2CO)ccc1O,(-)-lariciresinol,4,26
6315,COc1cc(CC2NCCc3cc(OC)c(O)cc32)ccc1O,nororientaline,2,23
6316,COc1cc(CCC(=O)CC(=O)CCc2ccc(O)c(OC)c2)ccc1O,tetrahydrocurcumin,2,27
6317,COc1cc(CCC(=O)O)ccc1O,dihydroferulate,2,14
6318,COc1cc(CCC(=O)SCCNC(=O)CCNC(=O)C(O)C(C)(C)COP(=O)(O)OP(=O)(O)OCC2OC(n3cnc4c(N)ncnc43)C(O)C2OP(=O)(O)O)ccc1O,dihydroferuloyl-CoA,2,61
6319,COc1cc(CCN(C)C)cc(O)c1O,"N,N-dimethyl-3,4-dihydroxy-5-methoxyphenethylamine",2,15
6320,COc1cc(CCN(C)C)cc(O)c1OC,"N,N-dimethyl-3-hydroxy-4,5-dimethoxyphenethylamine",2,16
6321,COc1cc(CCN(C)C)cc(OC)c1O,"N,N-dimethyl-4-hydroxy-3,5-dimethoxyphenethylamine",2,16
6322,COc1cc(CCN(C)C)cc(OC)c1OC,"N,N-dimethylmescaline",2,17
6323,COc1cc(CCN(C)C)ccc1O,"N,N-dimethyl-3-methoxytyramine",2,14
6324,COc1cc(CCN)cc(O)c1O,"3,4-dihydroxy-5-methoxyphenethylamine",6,13
6325,COc1cc(CCN)cc(O)c1OC,"3-hydroxy-4,5-dimethoxyphenethylamine",6,14
6326,COc1cc(CCN)cc(OC)c1O,"4-hydroxy-3,5-dimethoxyphenethylamine",6,14
6327,COc1cc(CCN)cc(OC)c1OC,mescaline,6,15
6328,COc1cc(CCN)ccc1O,3-methoxytyramine,4,12
6329,COc1cc(CN)ccc1O,vanillylamine,4,11
6330,COc1cc(CNC(=O)CCCCC=CC(C)C)ccc1O,capsaicin,2,22
6331,COc1cc(CO)ccc1O,4-hydroxy-3-methoxy-benzenemethanol,6,11
6332,COc1cc(COC(=O)CCCCC=CC(C)C)ccc1O,capsiate,2,22
6333,COc1cc(O)c(C(=O)C=Cc2ccc(O)cc2)c(O)c1CC=C(C)C,xanthogalenol,2,26
6334,COc1cc(O)c(C(=O)c2c(C)cc(O)cc2O)c(O)c1,griseophenone D,4,21
6335,COc1cc(O)c(C(=O)c2c(C)cc(O)cc2OC)c(O)c1,griseophenone C,2,22
6336,COc1cc(O)c(C)c(CC=C(C)CCC=C(C)CCC=C(C)CCC=C(C)CCC=C(C)CCC=C(C)C)c1O,"5-methoxy-2-methyl-3-(all-trans-hexaprenyl)benzene-1,4-diol",2,41
6337,COc1cc(O)c(C)c(CC=C(C)CCC=C(C)CCC=C(C)CCC=C(C)CCC=C(C)CCC=C(C)CCC=C(C)C)c1O,"5-methoxy-2-methyl-3-(all-trans-heptaprenyl)benzene-1,4-diol",2,46
6338,COc1cc(O)c(C)c(CC=C(C)CCC=C(C)CCC=C(C)CCC=C(C)CCC=C(C)CCC=C(C)CCC=C(C)CCC=C(C)C)c1O,"5-methoxy-2-methyl-3-(all-trans-octaprenyl)benzene-1,4-diol",2,51
6339,COc1cc(O)c(C)c(CC=C(C)CCC=C(C)CCC=C(C)CCC=C(C)CCC=C(C)CCC=C(C)CCC=C(C)CCC=C(C)CCC=C(C)C)c1O,"5-methoxy-2-methyl-3-(all-trans-nonaprenyl)benzene-1,4-diol",2,56
6340,COc1cc(O)c(C)c(CC=C(C)CCC=C(C)CCC=C(C)CCC=C(C)CCC=C(C)CCC=C(C)CCC=C(C)CCC=C(C)CCC=C(C)CCC=C(C)C)c1O,"5-methoxy-2-methyl-3-(all-trans-decaprenyl)benzene-1,4-diol",2,61
6341,COc1cc(O)c(CC=C(C)C)c(O)c1C(=O)C=Cc1ccc(O)cc1,xanthohumol,4,26
6342,COc1cc(O)c2c(=O)c(-c3ccc(O)cc3)coc2c1,prunetin,6,21
6343,COc1cc(O)c2c(=O)c(-c3ccc(O)cc3)coc2c1C1OC(C(=O)O)C(O)C(O)C1O,prunetin-C(8)-beta-D-glucuronide,2,33
6344,COc1cc(O)c2c(=O)c(-c3ccc(OC4OC(C(=O)O)C(O)C(O)C4O)cc3)coc2c1,prunetin-4'-O-beta-D-glucuronide,2,33
6345,COc1cc(O)c2c(=O)c(O)c(-c3cc(O)c(O)c(O)c3)oc2c1,7-O-methylmyricetin,2,24
6346,COc1cc(O)c2c(=O)c(O)c(-c3cc(OC)c(O)c(OC)c3)oc2c1,"7,3',5'-O-trimethylmyricetin",2,26
6347,COc1cc(O)c2c(=O)c(O)c(-c3cc(OC)c(OC)c(OC)c3)oc2c1,"7,3',4',5'-O-tetramethylmyricetin",2,27
6348,COc1cc(O)c2c(=O)c(O)c(-c3ccc(O)c(O)c3)oc2c1,rhamnetin,8,23
6349,COc1cc(O)c2c(=O)c(O)c(-c3ccc(O)c(OC)c3)oc2c1,rhamnacene,4,24
6350,COc1cc(O)c2c(=O)c(O)c(-c3ccc(O)cc3)oc2c1,kaempferol 7-methyl ether,2,22
6351,COc1cc(O)c2c(=O)c(O)c(-c3ccc(OC)c(O)c3)oc2c1,"7,4'-O-dimethylquercetin",2,24
6352,COc1cc(O)c2c(=O)c(OC)c(-c3ccc(O)c(O)c3)oc2c1,"3',4',5-trihydroxy-3,7-dimethoxyflavone",6,24
6353,COc1cc(O)c2c(=O)c(OC)c(-c3ccc(OC)c(O)c3)oc2c1,"3',5-dihydroxy-3,4',7-trimethoxyflavone",4,25
6354,COc1cc(O)c2c(=O)c(OC)c(-c3ccc(OC)c(OC)c3)oc2c1,"5-hydroxy-3,7,3',4'-tetramethoxyflavone",2,26
6355,COc1cc(O)c2c(=O)cc(-c3ccc(O)c(O)c3)oc2c1,luteolin 7-methyl ether,2,22
6356,COc1cc(O)c2c(=O)cc(-c3ccc(O)c(OC)c3)oc2c1,velutin,2,23
6357,COc1cc(O)c2c(=O)cc(-c3ccc(O)cc3)oc2c1,genkwanin,4,21
6358,COc1cc(O)c2c(=O)cc(-c3ccc(O)cc3)oc2c1C1OC(CO)C(O)C(O)C1OC1OC(C)C(O)C(O)C1O,7-O-methylvitexin 2''-O-beta-L-rhamnoside,2,42
6359,COc1cc(O)c2c(=O)cc(-c3ccc(OC)c(O)c3)oc2c1,"luteolin 4',7-dimethyl ether",2,23
6360,COc1cc(O)c2c(O)c3c(=O)cc(C)oc3cc2c1,rubrofusarin,2,20
6361,COc1cc(O)c2c(O)c3c(=O)oc(C)cc3cc2c1,toralactone,2,20
6362,COc1cc(O)c2c(O)c3c(=O)oc(CC(C)=O)cc3cc2c1,"9,10-dihydroxy-7-methoxy-3-(2-oxopropyl)-1H-benzo[g]isochromen-1-one",4,23
6363,COc1cc(O)c2c(O)c3c(cc2c1)CC(CC(C)=O)OC3=O,"(3S)-9,10-dihydroxy-7-methoxy-3-(2-oxopropyl)-1H,3H,4H-naphtho[2,3-c]pyran-1-one",2,23
6364,COc1cc(O)c2c(O)c3c(cc2c1)CC1(O)CC(O)=C(C(C)=O)C(=O)C1(O)C3=O,TAN-1612,2,30
6365,COc1cc(O)c2c(c1)C(=O)c1cc(C)cc(O)c1C2=O,physcion,2,21
6366,COc1cc(O)c2c(c1)CC(C)OC2=O,6-methoxymellein,2,15
6367,COc1cc(O)c2c(c1)OC(c1ccc(O)cc1)CC2=O,(2S)-sakuranetin,4,21
6368,COc1cc(O)cc(C=Cc2ccc(O)cc2)c1,"3-methoxy-4',5-dihydroxy-trans-stilbene",4,18
6369,COc1cc(O)cc(CC=C(C)CCC=C(C)CCC=C(C)CCC=C(C)CCC=C(C)CCC=C(C)C)c1O,"2-methoxy-6-(all-trans-hexaprenyl)benzene-1,4-diol",4,40
6370,COc1cc(O)cc(CC=C(C)CCC=C(C)CCC=C(C)CCC=C(C)CCC=C(C)CCC=C(C)CCC=C(C)C)c1O,"2-methoxy-6-(all-trans-heptaprenyl)benzene-1,4-diol",2,45
6371,COc1cc(O)cc(CC=C(C)CCC=C(C)CCC=C(C)CCC=C(C)CCC=C(C)CCC=C(C)CCC=C(C)CCC=C(C)C)c1O,"2-methoxy-6-(all-trans-octaprenyl)benzene-1,4-diol",4,50
6372,COc1cc(O)cc(CC=C(C)CCC=C(C)CCC=C(C)CCC=C(C)CCC=C(C)CCC=C(C)CCC=C(C)CCC=C(C)CCC=C(C)C)c1O,"2-methoxy-6-(all-trans-nonaprenyl)benzene-1,4-diol",2,55
6373,COc1cc(O)cc(CC=C(C)CCC=C(C)CCC=C(C)CCC=C(C)CCC=C(C)CCC=C(C)CCC=C(C)CCC=C(C)CCC=C(C)CCC=C(C)C)c1O,"2-methoxy-6-(all-trans-decaprenyl)benzene-1,4-diol",2,60
6374,COc1cc(O)cc(O)c1,"3,5-dihydroxyanisole",4,10
6375,COc1cc(O)cc(OC)c1,"3,5-dimethoxyphenol",4,11
6376,COc1cc(O)cc2c1C(=O)c1c(O)cc(C)cc1C2=O,questin,2,21
6377,COc1cc(O)ccc1C(=O)C=Cc1ccc(O)cc1,2'-O-methylisoliquiritigenin,2,20
6378,COc1cc(O)ccc1C(=O)CC(=O)c1ccc(O)cc1,2'-O-methyllicodione,2,21
6379,COc1cc(OC)c(-c2coc3cc(OC4OC(COC5OCC(O)(CO)C5O)C(O)C(O)C4O)c(OC)cc3c2=O)cc1OC,dalnigrein beta-D-apiofuranosyl-(1->6)-beta-D-glucopyranoside,2,46
6380,COc1cc(OC)c(C(=O)C=Cc2ccc(O)cc2)c(O)c1CC=C(C)C,4'-O-methylxanthohumol,2,27
6381,COc1cc(OC)cc(OC)c1,"1,3,5-trimethoxybenzene",2,12
6382,COc1cc(OC2OC(C(=O)O)C(O)C(O)C2O)c2c(=O)c(-c3ccc(O)cc3)coc2c1,prunetin-5-O-beta-D-glucuronide,2,33
6383,COc1cc2c(=O)c(-c3cc(OC)c(OC)cc3OC)coc2cc1O,dalnigrein,2,26
6384,COc1cc2c(=O)c(-c3cc4c(cc3OC)OCO4)coc2cc1O,dalpatein,2,25
6385,COc1cc2c(=O)c(-c3cc4c(cc3OC)OCO4)coc2cc1OC1OC(COC2OCC(O)(CO)C2O)C(O)C(O)C1O,dalpatein beta-D-apiofuranosyl-(1->6)-beta-D-glucopyranoside,2,45
6386,COc1cc2c(c3c1-c1cc(O)c4cc5c(cc4c1N(C)C3)OCO5)OCO2,12-hydroxydihydrochelirubine,2,28
6387,COc1cc2c(c3c1-c1cc(OC)c4cc5c(cc4c1N(C)C3)OCO5)OCO2,dihydromacarpine,3,29
6388,COc1cc2c(c3c1-c1ccc4cc5c(cc4c1N(C)C3)OCO5)OCO2,dihydrochelirubine,3,27
6389,COc1cc2c(c3c[n+](C)c4c5cc6c(cc5ccc4c13)OCO6)OCO2,chelirubine,1,27
6390,COc1cc2c(c3oc4cccc(O)c4c(=O)c13)C1C=COC1O2,sterigmatocystin,4,24
6391,COc1cc2c(c3oc4cccc(O)c4c(=O)c13)C1CCOC1O2,dihydrosterigmatocystin,4,24
6392,COc1cc2c(cc1O)-c1cc3ccc(OC)c(OC)c3c[n+]1CC2,columbamine,4,25
6393,COc1cc2c(cc1O)C(Cc1ccc(O)c(O)c1)N(C)CC2,(S)-3'-hydroxy-N-methylcoclaurine,2,23
6394,COc1cc2c(cc1O)C(Cc1ccc(O)c(O)c1)NCC2,6-O-methylnorlaudanosoline,2,22
6395,COc1cc2c(cc1O)C(Cc1ccc(O)cc1)N(C)CC2,(R)-N-methylcoclaurine,2,22
6396,COc1cc2c(cc1O)C(Cc1ccc(O)cc1)NCC2,(S)-coclaurine,4,21
6397,COc1cc2c(cc1O)C(Cc1ccc(OC)c(OC)c1)N(C)CC2,(S)-codamine,2,25
6398,COc1cc2c(cc1O)C(Cc1ccc(OC)c(OC)c1)NCC2,(S)-norcodamine,2,24
6399,COc1cc2c(cc1O)C1CCC3(C)C(=O)CCC3C1CC2,2-hydroxy-3-methoxy-estrone,2,22
6400,COc1cc2c(cc1O)C1CCC3(C)C(O)CCC3C1CC2,2-hydroxy-3-methoxy-17beta-estradiol,2,22
6401,COc1cc2c(cc1O)C1Cc3ccc(OC)c(O)c3CN1CC2,(S)-scoulerine,6,24
6402,COc1cc2c(cc1O)C1Cc3ccc(OC)c(O)c3C[N+]1(C)CC2,(S)-cis-N-methylscoulerine,2,25
6403,COc1cc2c(cc1O)C1Cc3ccc(OC)c(OC)c3CN1CC2,(S)-tetrahydrocolumbamine,4,25
6404,COc1cc2c(cc1O)CCC1C2CCC2(C)C(=O)CCC12,2-methoxyestrone,4,22
6405,COc1cc2c(cc1O)CCC1C2CCC2(C)C(O)CCC12,2-methoxy-17beta-estradiol,4,22
6406,COc1cc2c(cc1O)CCNC2Cc1ccc(O)cc1,isococlaurine,2,21
6407,COc1cc2c(cc1O)CN1CCC23C=CC(=O)CC13,"(10bR,4aS)-noroxomaritidine",2,20
6408,COc1cc2c(cc1O)CN1CCC23CCC(=O)CC13,"(10bR,4aS)-oxomaritidine",2,20
6409,COc1cc2c(cc1O)N1C(=O)CC3OCC=C4CN5CCC26C5CC4C3C16,11-demethylbrucine,2,28
6410,COc1cc2c(cc1OC)-c1c(OC)c(OC)cc3c1C(C2)N(C)CC3,(S)-glaucine,2,26
6411,COc1cc2c(cc1OC)-c1c(OC)c(OC)cc3c1C(C2)[N+](C)(C)CC3,(S)-N-methylglaucine,2,27
6412,COc1cc2c(cc1OC)-c1cc3ccc(OC)c(OC)c3c[n+]1CC2,palmatine,2,26
6413,COc1cc2c(cc1OC)C(Cc1ccc(O)cc1)NCC2,7-O-methylcoclaurine,2,22
6414,COc1cc2c(cc1OC)C13CCN4CC5=CCOC6CC(=O)N2C1C6C5CC43,brucine,2,29
6415,COc1cc2c(cc1OC)C1Cc3cc(OC)c(OC)cc3C(C2)N1,(+-)-pavine,2,25
6416,COc1cc2c(cc1OC)C1Cc3cc(OC)c(OC)cc3C(C2)N1C,N-methylpavine,2,26
6417,COc1cc2c(cc1OC)C1Cc3ccc(OC)c(OC)c3CN1CC2,(S)-tetrahydropalmatine,4,26
6418,COc1cc2c(cc1OC)C1Cc3ccc(OC)c(OC)c3C[N+]1(C)CC2,(S)-cis-N-methyltetrahydropalmatine,2,27
6419,COc1cc2c(cc1OC)CN(C)CC2,N-methylheliamine,2,15
6420,COc1cc2c(cc1OC)CNCC2,heliamine,2,14
6421,COc1cc2c(cc1OC1OC(C(=O)O)C(O)C(O)C1O)CCC1C2CCC2(C)C(=O)CCC12,2-methoxyestrone 3-O-(beta-D-glucuronate),2,34
6422,COc1cc2c(cc1OC1OC(C(=O)O)C(O)C(O)C1O)CCC1C2CCC2(C)C(O)CCC12,2-methoxy-17beta-estradiol 3-O-(beta-D-glucuronate),2,34
6423,COc1cc2c3c(OC)cc4c(c3c[n+](C)c2c2cc3c(cc12)OCO3)OCO4,macarpine,1,29
6424,COc1cc2ccc(=O)oc2c(O)c1O,fraxetin,2,15
6425,COc1cc2ccc(=O)oc2cc1O,scopoletin,10,14
6426,COc1cc2ccc(=O)oc2cc1OC,scoparone,4,15
6427,COc1cc2ccc(=O)oc2cc1OC1OC(CO)C(O)C(O)C1O,scopolin,2,25
6428,COc1cc2oc(-c3ccc(O)c(O)c3)c(OC)c(=O)c2c(O)c1O,"3',4',5,6-tetrahydroxy-3,7-dimethoxyflavone",2,25
6429,COc1cc2oc(-c3ccc(O)c(O)c3)c(OC)c(=O)c2c(O)c1OC,"3',4',5-trihydroxy-3,6,7-trimethoxyflavone",2,26
6430,COc1cc2oc(-c3ccc(O)c(O)c3)cc(=O)c2c(O)c1OC,cirsiliol,2,24
6431,COc1cc2oc(-c3ccc(O)cc3)cc(=O)c2c(O)c1O,scutellarein 7-methyl ether,6,22
6432,COc1cc2oc(-c3ccc(O)cc3)cc(=O)c2c(O)c1OC,cirsimaritin,4,23
6433,COc1cc2oc(=O)ccc2cc1O,isoscopoletin,4,14
6434,COc1ccc(-c2c(O)c(=O)[nH]c3ccccc23)cc1,4'-methoxyviridicatin,1,20
6435,COc1ccc(-c2cc(=O)c3c(O)c(O)c(O)cc3o2)cc1,scutellarein 4'-methyl ether,4,22
6436,COc1ccc(-c2cc(=O)c3c(O)c(O)c(OC)cc3o2)cc1,ladanein,6,23
6437,COc1ccc(-c2cc(=O)c3c(O)c(OC)c(O)c(O)c3o2)cc1,pilosin,2,24
6438,COc1ccc(-c2cc(=O)c3c(O)c(OC)c(O)c(OC)c3o2)cc1,nevadensin,2,25
6439,COc1ccc(-c2cc(=O)c3c(O)c(OC)c(OC)c(O)c3o2)cc1,8-hydroxysalvigenin,2,25
6440,COc1ccc(-c2cc(=O)c3c(O)c(OC)c(OC)c(OC)c3o2)cc1,gardenin B,2,26
6441,COc1ccc(-c2cc(=O)c3c(O)c(OC)c(OC)cc3o2)cc1,salvigenin,4,24
6442,COc1ccc(-c2cc(=O)c3c(O)c(OC)c(OC)cc3o2)cc1O,eupatorin,2,25
6443,COc1ccc(-c2cc(=O)c3c(O)cc(O)cc3o2)cc1,acacetin,4,21
6444,COc1ccc(-c2cc(=O)c3c(O)cc(O)cc3o2)cc1O,diosmetin,4,22
6445,COc1ccc(-c2cc(=O)c3c(O)cc(OC)cc3o2)cc1,"apigenin 4',7-dimethyl ether",4,22
6446,COc1ccc(-c2cc(=O)c3ccc(O)c(O)c3o2)cc1,"7,8-dihydroxy-4'-methoxyflavone",2,21
6447,COc1ccc(-c2coc3cc(O)cc(O)c3c2=O)cc1,biochanin A,3,21
6448,COc1ccc(-c2coc3cc(O)ccc3c2=O)c(O)c1,2'-hydroxyformononetin,1,21
6449,COc1ccc(-c2coc3cc(O)ccc3c2=O)cc1,formononetin,2,20
6450,COc1ccc(-c2coc3cc(OC4OC(CO)C(O)C(O)C4O)cc(O)c3c2=O)cc1,biochanin A 7-O-beta-D-glucoside,4,32
6451,COc1ccc(-c2coc3cc(OC4OC(CO)C(O)C(O)C4O)ccc3c2=O)cc1,ononin,2,31
6452,COc1ccc(-c2coc3cc(OC4OC(COC(=O)CC(=O)O)C(O)C(O)C4O)cc(O)c3c2=O)cc1,biochanin A 7-O-beta-D-glucoside 6''-O-malonate,2,38
6453,COc1ccc(-c2nnc(C(=O)N3CC(Oc4ccc(CN5CC(CO)(CO)C5)cc4)C3)o2)cc1,AZD1979 oxetane hydrolysis product,2,35
6454,COc1ccc(-c2nnc(C(=O)N3CC(Oc4ccc(CN5CC6(COC6)C5)cc4)C3)o2)cc1,AZD1979,2,34
6455,COc1ccc(-c2oc3cc(O)cc(O)c3c(=O)c2O)cc1,kaempferide,6,22
6456,COc1ccc(-c2oc3cc(O)cc(O)c3c(=O)c2O)cc1OC,"3',4'-O-dimethylquercetin",2,24
6457,COc1ccc(-c2oc3cc(O)cc(O)c3c(=O)c2OC)cc1,"3,4'-O-dimethylkaempferol",2,23
6458,COc1ccc(-c2oc3cc(OC)cc(O)c3c(=O)c2O)cc1,"7,4'-O-dimethylkaempferol",2,23
6459,COc1ccc(C(=O)O)c(NC(=O)c2ccccc2)c1,N-benzoyl-4-methoxyanthranilate,2,20
6460,COc1ccc(C(=O)O)c(O)c1,2-hydroxy-4-methoxybenzoate,2,12
6461,COc1ccc(C(=O)O)c(O)c1N,3-amino-2-hydroxy-4-methoxybenzoate,2,13
6462,COc1ccc(C(=O)O)cc1,4-methoxybenzoate,2,11
6463,COc1ccc(C(O)C#N)cc1,(2S)-2-hydroxy-2-(4-methoxyphenyl)acetonitrile,2,12
6464,COc1ccc(C(O)C(CO)Oc2ccccc2OC)cc1OC,"1-(3,4-dimethoxyphenyl)-2-(2-methoxyphenoxy)propane-1,3-diol",2,24
6465,COc1ccc(C(OC(C)=O)C2c3c(cc4c(c3O)OCO4)CCN2C)c(C=O)c1OC,3-O-acetyl-4'-O-demethylpapaveroxine,2,32
6466,COc1ccc(C(OC(C)=O)C2c3c(cc4c(c3OC)OCO4)CCN2C)c(C=O)c1OC,3-O-acetylpapaveroxine,2,33
6467,COc1ccc(C2(O)c3c(O)cccc3NC(=O)C2OC)cc1,quinolinone B,2,23
6468,COc1ccc(C2(O)c3c(ccc(C=CC(C)(O)CCC4OC4(C)C)c3O)NC(=O)C2OC)cc1,"[(1'E)-5'-(3',3'-dimethyloxiran-2'-yl)-3'-hydroxy-3'-methylpent-1'-en-1'-yl]-quinolinone B",6,35
6469,COc1ccc(C2(O)c3c(ccc(C=CC(C)(O)CCC=C(C)C)c3O)NC(=O)C2OC)cc1,"[(1'E)-3'-hydroxy-3',7'-dimethylocta-1',6'-dien-1'-yl]-quinolinone B",2,34
6470,COc1ccc(C2(O)c3c(ccc(C=CC(C)=CCC4OC4(C)C)c3O)NC(=O)C2OC)cc1,"(1'E,3'E)-5-(3,3-dimethyloxiran-2-yl)-3-methylhexa-1,3-dienyl-quinolinone B",2,34
6471,COc1ccc(C2(O)c3c(ccc(C=CC4(C)CCC(C(C)(C)O)O4)c3O)NC(=O)C2OC)cc1,yaequinolone C,2,35
6472,COc1ccc(C2(O)c3c(ccc(C=CC4(C)CCC(C)(C)C(O)O4)c3O)NC(=O)C2OC)cc1,yaequinolone D,2,35
6473,COc1ccc(C2(O)c3c(ccc(C=CC4(C)CCC(C)(C)CO4)c3O)NC(=O)C2OC)cc1,penigequinolone A,2,34
6474,COc1ccc(C2(O)c3c(ccc(CC=C(C)C)c3O)NC(=O)C2OC)cc1,peniprequinolone,2,28
6475,COc1ccc(C2C(=O)c3ccc(O)cc3OC2O)cc1,"(2R,3S)-2,7-dihydroxy-4'-methoxyisoflavanone",2,21
6476,COc1ccc(C2CC(=O)c3c(O)cc(O)cc3O2)cc1,(2S)-naringenin 4'-methyl ether,2,21
6477,COc1ccc(C2CC(=O)c3c(O)cc(O)cc3O2)cc1O,(2S)-hesperetin,4,22
6478,COc1ccc(C2CC(=O)c3c(O)cc(OC)cc3O2)cc1,"(2S)-naringenin 4',7-dimethyl ether",2,22
6479,COc1ccc(C2CC(=O)c3c(O)cc(OC4OC(CO)C(O)C(O)C4O)cc3O2)cc1O,(2S)-hesperetin 7-O-beta-D-glucoside,2,33
6480,COc1ccc(C2CC(=O)c3c(O)cc(OC4OC(COC5OC(C)C(O)C(O)C5O)C(O)C(O)C4O)cc3O2)cc1O,(2S)-hesperidin,2,43
6481,COc1ccc(C2COc3cc(O)cc(O)c3C2=O)cc1,"2,3-dihydrobiochanin A",1,21
6482,COc1ccc(C2COc3cc(O)ccc3C2=O)c(O)c1,(3R)-vestitone,3,21
6483,COc1ccc(C2COc3cc(O)ccc3C2O)c(O)c1,"4'-methoxyisoflavan-2',4,7-triol",4,21
6484,COc1ccc(C2OC23C(=O)Nc2ccccc2C(=O)N3C)cc1,(-)-4'-methoxycyclopenine,3,24
6485,COc1ccc(C2Oc3cc(O)cc(O)c3C(=O)C2O)cc1O,taxifolin 4'-methyl ether,2,23
6486,COc1ccc(C=C2C(=O)Nc3ccccc3C(=O)N2C)cc1,(Z)-4'-methoxydehydrocyclopeptine,4,23
6487,COc1ccc(C=C2NC(=O)C(CCCNC(=N)N)NC2=O)cc1OCCC(NC(=O)CC(O)(CC(=O)NC(CC(=O)O)C(=O)O)C(=O)O)C(=O)O,NK13650 C,2,52
6488,COc1ccc(C=C2NC(=O)C(CCCNC(=N)N)NC2=O)cc1OCCC(NC(=O)CC(O)(CC(=O)O)C(=O)O)C(=O)O,NK13650 D,4,44
6489,COc1ccc(C=CC(=O)O)cc1OC,"3,4-dimethoxy-(E)-cinnamate",2,15
6490,COc1ccc(C=CC(=O)c2c(OC)cc(O)c(CC=C(C)C)c2O)cc1,4-O-methylxanthohumol,2,27
6491,COc1ccc(C=Cc2cc(O)cc(O)c2)cc1,4'-O-methyl-trans-resveratrol,2,18
6492,COc1ccc(C=Cc2cc(O)cc(O)c2)cc1O,rhapontigenin,2,19
6493,COc1ccc(C=Cc2cc(O)cc(O)c2)cc1OC,4'-O-methylisorhapontigenin,2,20
6494,COc1ccc(C=Cc2cc(O)cc(OC3OC(CO)C(O)C(O)C3O)c2)cc1O,rhaponticin,2,30
6495,COc1ccc(C=Cc2cc(O)cc(OC3OC(COC(=O)CC(=O)O)C(O)C(O)C3O)c2)cc1O,6-O-malonyl-rhaponticin,2,36
6496,COc1ccc(C=O)cc1,4-methoxybenzaldehyde,4,10
6497,COc1ccc(C=O)cc1OC,"3,4-dimethoxybenzaldehyde",2,12
6498,COc1ccc(CC(N)C(=O)NC2C(CO)OC(n3cnc4c(N(C)C)ncnc43)C2O)cc1,puromycin,2,34
6499,COc1ccc(CC(N)C(=O)O)cc1OC,"3,4-dimethoxy-L-phenylalanine",2,16
6500,COc1ccc(CC2=[N+](C)CCc3cc(OC)c(O)cc32)cc1O,"1,2-dehydroreticuline",2,24
6501,COc1ccc(CC2C(=O)Nc3ccccc3C(=O)N2C)cc1,(-)-4'-methoxycyclopeptine,2,23
6502,COc1ccc(CC2C(=O)OCC2Cc2ccc3c(c2)OCO3)cc1OC,(-)-bursehernin,2,27
6503,COc1ccc(CC2NCCc3cc(O)c(OC)cc32)cc1O,(S)-norprotosinomenine,2,23
6504,COc1ccc(CC2NCCc3cc(OC)c(O)cc32)cc1O,(S)-norreticuline,4,23
6505,COc1ccc(CC2NCCc3cc(OC)c(OC)cc32)cc1O,(S)-6-O-methylnorprotosinomenine,2,24
6506,COc1ccc(CC2NCCc3cc(OC)c(OC)cc32)cc1OC,(S)-tetrahydropapaverine,2,25
6507,COc1ccc(CC2c3cc(O)c(O)cc3CCN2C)cc1O,(S)-6-O-demethylreticuline,2,23
6508,COc1ccc(CC2c3cc(O)c(OC)cc3CCN2C)cc1O,(S)-reticuline,14,24
6509,COc1ccc(CC2c3cc(O)c(OC)cc3CC[N+]2(C)C)cc1O,(R)-tembetarine,2,25
6510,COc1ccc(CC2c3cc(OC)c(OC)cc3CCN2C)cc1O,(S)-laudanine,2,25
6511,COc1ccc(CC2c3cc(OC)c(OC)cc3CCN2C)cc1OC,(S)-N-methyltetrahydropapaverine,2,26
6512,COc1ccc(CCN)cc1O,4-methoxytyramine,2,12
6513,COc1ccc(CN(C)CC(C)(CO)CO)cc1,"2-{[(4-methoxybenzyl)(methyl)amino]methyl}-2-methylpropane-1,3-diol",2,18
6514,COc1ccc(CN(C)CC2(C)COC2)cc1,1-(4-methoxyphenyl)-N-methyl-N-[(3-methyloxetan-3-yl)methyl]methanamine,2,17
6515,COc1ccc(CNCCc2ccc(O)cc2)cc1O,4'-O-methylnorbelladine,2,20
6516,COc1ccc(O)cc1,4-methoxyphenol,2,9
6517,COc1ccc(OC)cc1,"1,4-dimethoxybenzene",2,10
6518,COc1ccc([N+](=O)[O-])cc1[N+](=O)[O-],"2,4-dinitroanisole",2,14
6519,COc1ccc2[nH]c(O)c(CCNC(C)=O)c2c1,2-hydroxymelatonin,2,18
6520,COc1ccc2[nH]cc(CC=O)c2c1,5-methoxyindoleacetaldehyde,2,14
6521,COc1ccc2[nH]cc(CCN)c2c1,5-methoxytryptamine,8,14
6522,COc1ccc2[nH]cc(CCNC(C)=O)c2c1,melatonin,8,17
6523,COc1ccc2c(=O)cc(-c3ccc(O)cc3)oc2c1O,"4',8-dihydroxy-7-methoxyflavone",2,21
6524,COc1ccc2c(=O)cc(-c3ccccc3)oc2c1O,8-hydroxy-7-methoxyflavone,2,20
6525,COc1ccc2c(=O)cc(-c3ccccc3)oc2c1OC,"7,8-dimethoxyflavone",2,21
6526,COc1ccc2c(CC3NC(=O)C4CCCN4C3=O)c(CC=C(C)C)[nH]c2c1,tryprostatin A,2,28
6527,COc1ccc2c(c1)C13CCN4CC5=CCOC6CC(=O)N2C1C6C5CC43,beta-colubrine,2,27
6528,COc1ccc2c(c1)N1C(=O)CC3OCC=C4CN5CCC26C5CC4C3C16,alpha-colubrine,2,27
6529,COc1ccc2c(c1)OC(O)C(=O)N2O,DIMBOA,4,15
6530,COc1ccc2c(c1)OC(OC1OC(CO)C(O)C(O)C1O)C(=O)N2O,DIMBOA beta-D-glucoside,6,26
6531,COc1ccc2c(c1)OC1c3ccc(O)cc3OCC21,(-)-medicarpin,2,20
6532,COc1ccc2c(c1)OCC1(O)c3cc4c(cc3OC21)OCO4,(+)-pisatin,2,23
6533,COc1ccc2c(c1O)-c1c(O)c(OC)cc3c1C(C2)N(C)CC3,(S)-corytuberine,2,24
6534,COc1ccc2c(c1O)-c1c(O)c(OC)cc3c1C(C2)[N+](C)(C)CC3,magnoflorine,2,25
6535,COc1ccc2c(c1O)-c1c3c(cc4c1C(C2)N(C)CC4)OCO3,(S)-bulbocapnine,2,24
6536,COc1ccc2c(c1O)-c1c3c(cc4c1C(C2)[N+](C)(C)CC4)OCO3,(S)-N-methylbulbocapnine,2,25
6537,COc1ccc2c(c1O)CN1CCc3cc(O)c(O)cc3C1C2,(S)-3-O-demethylscoulerine,2,23
6538,COc1ccc2c(c1OC)C(=O)OC2C1c2c(cc3c(c2OC)OCO3)CCN1C,noscapine,2,30
6539,COc1ccc2c(c1OC)C(O)OC2C1c2c(cc3c(c2OC)OCO3)CCN1C,narcotine hemiacetal,2,30
6540,COc1ccc2c(c1OC)CN1CCc3cc4c(cc3C1C2)OCO4,(S)-canadine,4,25
6541,COc1ccc2c(c1OC)C[N+]1(C)CCc3cc4c(c(O)c3C1C2O)OCO4,"(13S,14R)-1,13-dihydroxy-N-methylcanadine",2,28
6542,COc1ccc2c(c1OC)C[N+]1(C)CCc3cc4c(c(O)c3C1C2OC(C)=O)OCO4,"(13S,14R)-13-O-acetyl-1-hydroxy-N-methylcanadine",2,31
6543,COc1ccc2c(c1OC)C[N+]1(C)CCc3cc4c(cc3C1C2)OCO4,(S)-cis-N-methylcanadine,2,26
6544,COc1ccc2c3c([nH]c2c1)C(C=C(C)C)N1C(=O)C2CCCN2C(=O)C1(O)C3O,"12alpha,13alpha-dihydroxyfumitremorgin C",1,30
6545,COc1ccc2c3c(n(CC=C(C)C)c2c1)C(C=C(C)C)N1C(=O)C2CCCN2C(=O)C1(O)C3O,fumitremorgin B,1,35
6546,COc1ccc2c3c1OC1C(=O)C=CC4C(C2)N(C)CCC314,codeinone,4,22
6547,COc1ccc2c3c1OC1C(=O)CC=C4C(C2)N(C)CCC431,neopinone,4,22
6548,COc1ccc2c3c1OC1C(O)=CC=C4C(C2)N(C)CCC431,6-O-demethylthebaine,2,22
6549,COc1ccc2c3c1OC1C(O)C=CC4C(C2)N(C)CCC341,codeine,4,22
6550,COc1ccc2c3c1OC1C(O)CC=C4C(C2)N(C)CCC431,neopine,2,22
6551,COc1ccc2c3c4n(c2c1)C(C=C(C)C)OOC(C)(C)CC4N1C(=O)C2CCCN2C(=O)C1(O)C3O,verruculogen,2,37
6552,COc1ccc2c3c4n(c2c1)C(C=C(C)C)OOC(C)(C)CC4N1C(=O)C2CCCN2C(=O)C1(O)C3OCC=C(C)C,fumitremorgin A,2,42
6553,COc1ccc2cc3[n+](cc2c1OC)CCc1cc2c(cc1-3)OCO2,berberine,4,25
6554,COc1cccc(C(=O)O)c1,3-methoxybenzoate,2,11
6555,COc1cccc(C(O)C#N)c1,(2S)-2-hydroxy-2-(3-methoxyphenyl)acetonitrile,2,12
6556,COc1cccc(C=O)c1,3-methoxybenzaldehyde,4,10
6557,COc1cccc(CC=C(C)CCC=C(C)CCC=C(C)CCC=C(C)CCC=C(C)CCC=C(C)C)c1O,2-methoxy-6-(all-trans-hexaprenyl)phenol,6,39
6558,COc1cccc(CC=C(C)CCC=C(C)CCC=C(C)CCC=C(C)CCC=C(C)CCC=C(C)CCC=C(C)C)c1O,2-methoxy-6-(all-trans-heptaprenyl)phenol,4,44
6559,COc1cccc(CC=C(C)CCC=C(C)CCC=C(C)CCC=C(C)CCC=C(C)CCC=C(C)CCC=C(C)CCC=C(C)C)c1O,2-methoxy-6-(all-trans-octaprenyl)phenol,6,49
6560,COc1cccc(CC=C(C)CCC=C(C)CCC=C(C)CCC=C(C)CCC=C(C)CCC=C(C)CCC=C(C)CCC=C(C)CCC=C(C)C)c1O,2-methoxy-6-(all-trans-nonaprenyl)phenol,4,54
6561,COc1cccc(CC=C(C)CCC=C(C)CCC=C(C)CCC=C(C)CCC=C(C)CCC=C(C)CCC=C(C)CCC=C(C)CCC=C(C)CCC=C(C)C)c1O,2-methoxy-6-(all-trans-decaprenyl)phenol,4,59
6562,COc1cccc(O)c1,3-methoxyphenol,4,9
6563,COc1cccc2c1C(=O)c1c(O)c3c(c(O)c1C2=O)CC(O)(C(=O)CO)CC3OC1CC(N)C(O)C(C)O1,doxorubicin,2,39
6564,COc1cccc2c1C(=O)c1c(O)c3c(c(O)c1C2=O)CC(O)(C(C)=O)CC3OC1CC(N)C(O)C(C)O1,daunorubicin,10,38
6565,COc1cccc2c1C(=O)c1c(O)c3c(c(O)c1C2=O)CC(O)(C(C)O)CC3OC1CC(N)C(O)C(C)O1,13-dihydrodaunorubicin,6,38
6566,COc1cccc2c1nc1cccc(O)c1[n+]2[O-],1-hydroxy-6-methoxyphenazine N(10)-oxide,2,18
6567,COc1cccc2c1nc1cccc(OC)c1[n+]2[O-],"1,6-dimethoxyphenazine N(5)-oxide",2,19
6568,COc1cccc2nc3c(O)cccc3nc12,1-hydroxy-6-methoxyphenazine,4,17
6569,COc1cccc2nc3c(OC)cccc3nc12,"1,6-dimethoxyphenazine",2,18
6570,COc1cccc2oc3c4c(cc(OC)c3c(=O)c12)OC1OC=CC41,8-O-methylsterigmatocystin,2,25
6571,COc1cccc2oc3c4c(cc(OC)c3c(=O)c12)OC1OCCC41,8-O-methyldihydrosterigmatocystin,2,25
6572,COc1ccccc1,anisole,2,8
6573,COc1ccccc1C(=O)O,2-methoxybenzoate,2,11
6574,COc1ccccc1C(O)C#N,(2S)-2-hydroxy-2-(2-methoxyphenyl)acetonitrile,2,12
6575,COc1ccccc1C=O,2-methoxybenzaldehyde,4,10
6576,COc1ccccc1I,1-iodo-2-methoxybenzene,2,9
6577,COc1ccccc1O,guaiacol,10,9
6578,COc1ccccc1OC,veratrole,2,10
6579,COc1ccn(C)c(=O)c1C#N,ricinine,2,12
6580,COc1ccn(C)c(=O)c1C(=O)O,"4-methoxy-1-methyl-2-oxo-1,2-dihydropyridine-3-carboxylate",2,13
6581,COc1nc(N)nc2c1ncn2C1CC(O)C(COP(=O)(O)O)O1,O(6)-methyl-dGMP,2,24
6582,COc1nc(N)nc2c1ncn2C1CC(O)C(COP(=O)(O)OP(=O)(O)OP(=O)(O)O)O1,O(6)-methyl-dGTP,2,32
6583,COc1oc(CCC(C)=CC(C)=CC(C)=CC(C)=Cc2ccc([N+](=O)[O-])cc2)c(C)c(=O)c1C,deoxyspectinabilin,2,34
6584,COc1oc(CCC(C)=CC(C)=Cc2ccc([N+](=O)[O-])cc2)c(C)c(=O)c1C,luteothin,2,28
6585,CP(=O)(O)CCC(=O)C(=O)O,4-(hydroxy(methyl)phosphoryl)-2-oxobutanoate,2,11
6586,CP(=O)(O)CCC(N)C(=O)O,phosphinothricin,4,11
6587,CP(=O)(O)O,methylphosphonate,4,5
6588,CP(=O)(O)OC1OC(COP(=O)(O)O)C(O)C1O,alpha-D-ribose 1-methylphosphonate 5-phosphate,2,18
6589,CP(=O)(O)OC1OC(COP(=O)(O)OP(=O)(O)OP(=O)(O)O)C(O)C1O,alpha-D-ribose 1-methylphosphonate 5-triphosphate,4,26
6590,CS,methanethiol,16,2
6591,CS(=N)(=O)CCC(N)C(=O)O,L-methionine sulfoximine,2,11
6592,CS(=O)(=O)CCC(N)C(=O)O,L-methionine sulfone,2,11
6593,CS(=O)(=O)O,methanesulfonate,2,5
6594,CSC,dimethyl sulfide,8,3
6595,CSC#N,methyl thiocyanate,2,4
6596,CSC(=O)C(O)CO,(2R)-S-methyl-1-thioglycerate,2,8
6597,CSC(=O)C(O)COP(=O)(O)O,(2R)-S-methyl-3-phospho-1-thioglycerate,2,12
6598,CSC(O)CC(=O)SCCNC(=O)CCNC(=O)C(O)C(C)(C)COP(=O)(O)OP(=O)(O)OCC1OC(n2cnc3c(N)ncnc32)C(O)C1OP(=O)(O)O,3-hydroxy-3-(methylsulfanyl)propanoyl-CoA,4,55
6599,CSC=CC(=O)SCCNC(=O)CCNC(=O)C(O)C(C)(C)COP(=O)(O)OP(=O)(O)OCC1OC(n2cnc3c(N)ncnc32)C(O)C1OP(=O)(O)O,3-(methylsulfanyl)acryloyl-CoA,2,54
6600,CSCC(=O)C(O)C(O)COP(=O)(O)O,1-(methylsulfanyl)ribulose 5-phosphate,4,15
6601,CSCC(=O)O,(methylsulfanyl)acetate,2,6
6602,CSCC(=O)SCCNC(=O)CCNC(=O)C(O)C(C)(C)COP(=O)(O)OP(=O)(O)OCC1OC(n2cnc3c(N)ncnc32)C(O)C1OP(=O)(O)O,2-(methylsulfanyl)acetyl-CoA,2,53
6603,CSCC(N)C(=O)O,S-methyl-L-cysteine,2,8
6604,CSCC(NC(C)=O)C(=O)O,N-acetyl-S-methyl-L-cysteine,2,11
6605,CSCC(O)C(O)C(=O)COP(=O)(O)O,5-(methylsulfanyl)-D-ribulose 1-phosphate,8,15
6606,CSCC1OC(O)C(O)C1O,5-(methylsulfanyl)-D-ribose,4,11
6607,CSCC1OC(OP(=O)(O)O)C(O)C1O,5-(methylsulfanyl)-alpha-D-ribose 1-phosphate,6,15
6608,CSCC1OC(n2cnc3c(N)ncnc32)C(O)C1O,S-methyl-5'-thioadenosine,43,20
6609,CSCC1OC(n2cnc3c(O)ncnc32)C(O)C1O,S-methyl-5'-thioinosine,2,20
6610,CSCC=O,2-(methylsulfanyl)acetaldehyde,2,5
6611,CSCCC(=CC(=O)O)C(=O)O,2-(2-methylsulfanyl)ethylmaleate,4,12
6612,CSCCC(=O)C(=O)COP(=O)(O)O,"5-methylsulfanyl-2,3-dioxopentyl phosphate",4,14
6613,CSCCC(=O)C(=O)O,4-methylsulfanyl-2-oxobutanoate,30,9
6614,CSCCC(=O)C(O)=CO,"1,2-dihydroxy-5-(methylsulfanyl)pent-1-en-3-one",4,10
6615,CSCCC(=O)C(O)=COP(=O)(O)O,2-hydroxy-5-methylsulfanyl-3-oxopent-1-enyl phosphate,4,14
6616,CSCCC(=O)CO,1-hydroxy-4-(methythio)butan-2-one,2,8
6617,CSCCC(=O)O,3-(methylsulfanyl)propanoate,4,7
6618,CSCCC(=O)SCCNC(=O)CCNC(=O)C(O)C(C)(C)COP(=O)(O)OP(=O)(O)OCC1OC(n2cnc3c(N)ncnc32)C(O)C1OP(=O)(O)O,3-(methylsulfanyl)propanoyl-CoA,4,54
6619,CSCCC(C(=O)O)C(O)C(=O)O,3-(2-methylsulfanyl)ethylmalate,4,13
6620,CSCCC(N)C(=O)NC(C)C(=O)O,L-methionyl-L-alanine,4,14
6621,CSCCC(N)C(=O)O,L-methionine,94,9
6622,CSCCC(N)CO,(S)-methioninol,2,8
6623,CSCCC(NC(=N)N)C(=O)O,N-amidino-L-methionine,2,12
6624,CSCCC(NC(=O)C(CC(C)C)NC(=O)CN)C(N)=O,Gly-L-Leu-L-Met-NH2,2,21
6625,CSCCC(NC(=O)C(CC(C)C)NC(=O)CNC(=O)C(Cc1ccccc1)NC(=O)C(Cc1ccccc1)NC(=O)C(CCC(N)=O)NC(=O)C(CCC(N)=O)NC(=O)C1CCCN1C(=O)C(CCCCN)NC(=O)C1CCCN1C(=O)C(N)CCCNC(=N)N)C(N)=O,substance P,8,95
6626,CSCCC(NC(=O)C(CC(C)C)NC(=O)CNC(=O)C(Cc1ccccc1)NC(=O)C(N)Cc1ccccc1)C(N)=O,L-Phe-L-Phe-Gly-L-Leu-L-Met-NH2,2,43
6627,CSCCC(NC(=O)C(CC(C)C)NC(=O)CNC(=O)C(N)Cc1ccccc1)C(N)=O,L-Phe-Gly-L-Leu-L-Met-NH2,2,32
6628,CSCCC(NC(=O)C(Cc1ccccc1)NC(=O)CNC(=O)CNC(=O)C(N)Cc1ccc(O)cc1)C(=O)NC(CCCNC(=N)N)C(=O)NC(Cc1ccccc1)C(=O)O,Met-enkephalin-Arg-Phe,2,62
6629,CSCCC(NC(=O)C(Cc1ccccc1)NC(=O)CNC(=O)CNC(=O)C(N)Cc1ccc(O)cc1)C(=O)O,Met-enkephalin,4,40
6630,CSCCC(NC(=O)C(N)CC(=O)O)C(=O)O,L-aspartyl-L-methionine,2,17
6631,CSCCC(NC(=O)C(N)CC(C)C)C(N)=O,L-Leu-L-Met-NH2,2,17
6632,CSCCC(NC(=O)C(N)Cc1ccccc1)C(=O)O,L-phenylalanyl-L-methionine,2,20
6633,CSCCC(NC(=O)C1CCCN1C(=O)CNC(=O)C(CCCCN)NC(=O)C(Cc1c[nH]cn1)NC(=O)C(CO)NC(=O)C(CC(C)C)NC(=O)C(CCCNC(=N)N)NC(=O)C1CCCN1C(=O)C(CCCNC(=N)N)NC(=O)C(CCC(N)=O)NC(=O)C(CCCNC(=N)N)NC(=O)C(CCCNC(=N)N)NC(=O)C(Cc1ccccc1)NC(=O)C(N)CCCCN)C(=O)N1CCCC1C(=O)NC(Cc1ccccc1)C(=O)O,apelin-17,2,151
6634,CSCCC(NC(=O)C1CCCN1C(=O)CNC(=O)C(CCCCN)NC(=O)C(Cc1c[nH]cn1)NC(=O)C(CO)NC(=O)C(CC(C)C)NC(=O)C(CCCNC(=N)N)NC(=O)C1CCCN1C(=O)C(CCCNC(=N)N)NC(=O)C(CCC(N)=O)NC(=O)C(CCCNC(=N)N)NC(=O)C(CCCNC(=N)N)NC(=O)C(Cc1ccccc1)NC(=O)C(N)CCCCN)C(=O)N1CCCC1C(=O)O,apelin-16,2,140
6635,CSCCC(NC(=O)C1CCCN1C(=O)CNC(=O)C(CCCCN)NC(=O)C(Cc1cnc[nH]1)NC(=O)C(CO)NC(=O)C(CC(C)C)NC(=O)C(CCCNC(=N)N)NC(=O)C1CCCN1C(=O)C(CCCNC(=N)N)NC(=O)C(N)CCC(N)=O)C(=O)N1CCCC1C(=O)NC(Cc1ccccc1)C(=O)O,apelin-13,2,109
6636,CSCCC(NC(=O)C1CCCN1C(=O)CNC(=O)C(CCCCN)NC(=O)C(Cc1cnc[nH]1)NC(=O)C(CO)NC(=O)C(CC(C)C)NC(=O)C(CCCNC(=N)N)NC(=O)C1CCCN1C(=O)C(CCCNC(=N)N)NC(=O)C(N)CCC(N)=O)C(=O)N1CCCC1C(=O)O,apelin-12,2,98
6637,CSCCC(NC(=O)C1CCCN1C(=O)CNC(=O)C(CCCCN)NC(=O)C(Cc1cnc[nH]1)NC(=O)C(CO)NC(=O)C(CC(C)C)NC(=O)C(CCCNC(=N)N)NC(=O)C1CCCN1C(=O)C(CCCNC(=N)N)NC(=O)C1CCC(=O)N1)C(=O)N1CCCC1C(=O)NC(Cc1ccccc1)C(=O)O,[Pyr1]apelin-13,2,108
6638,CSCCC(NC(=O)C1CCCN1C(=O)CNC(=O)C(CCCCN)NC(=O)C(Cc1cnc[nH]1)NC(=O)C(CO)NC(=O)C(CC(C)C)NC(=O)C(CCCNC(=N)N)NC(=O)C1CCCN1C(=O)C(CCCNC(=N)N)NC(=O)C1CCC(=O)N1)C(=O)N1CCCC1C(=O)O,[Pyr1]apelin-12,2,97
6639,CSCCC(NC(=O)CN)C(=O)O,glycyl-L-methionine,4,13
6640,CSCCC(NC(C)=O)C(=O)O,N-acetyl-L-methionine,8,12
6641,CSCCC(NC(N)=O)C(=O)O,N-carbamoyl-L-methionine,2,12
6642,CSCCC(NC=O)C(=O)O,N(alpha)-formyl-L-methionine,2,11
6643,CSCCC(O)(CC(=O)O)C(=O)O,2-(2-methylsulfanyl)ethylmalate,6,13
6644,CSCCC(O)C(=O)O,(2R)-2-hydroxy-4-(methylsulfanyl)butanoate,6,9
6645,CSCCC1NC(=O)NC1=O,L-5-[2-(methysulfanyl)ethyl]hydantoin,2,11
6646,CSCCC=O,3-methylsulfanylpropanal,2,6
6647,CSCCCC(=CC(=O)O)C(=O)O,2-(2-methylsulfanyl)propylmaleate,4,13
6648,CSCCCC(=O)C(=O)O,2-(5-methylsulfanyl)oxopentanoate,2,10
6649,CSCCCC(C(=O)O)C(O)C(=O)O,3-(3-methylsulfanyl)propylmalate,4,14
6650,CSCCCC(O)(CC(=O)O)C(=O)O,2-(3-methylsulfanyl)propylmalate,6,14
6651,CSCCCCC(C(=O)O)N(O)O,"N,N-dihydroxy-L-dihomomethionine",2,13
6652,CSCCCCC=NO,(E)-5-(methylsulfanyl)pentanal oxime,2,9
6653,CSCCCCCC(C(=O)O)N(O)O,"N,N-dihydroxy-L-trihomomethionine",2,14
6654,CSCCCCCC=NO,(E)-6-(methylsulfanyl)hexanal oxime,2,10
6655,CSCCCCCCC(C(=O)O)N(O)O,"N,N-dihydroxy-L-tetrahomomethionine",2,15
6656,CSCCCCCCC=NO,(E)-7-(methylsulfanyl)heptanal oxime,2,11
6657,CSCCCCCCCC(C(=O)O)N(O)O,"N,N-dihydroxy-L-pentahomomethionine",2,16
6658,CSCCCCCCCC=NO,(E)-8-(methylsulfanyl)octanal oxime,2,12
6659,CSCCCCCCCCC(C(=O)O)N(O)O,"N,N-dihydroxy-L-hexahomomethionine",2,17
6660,CSCCCCCCCCC=NO,(E)-9-(methylsulfanyl)nonanal oxime,2,13
6661,CSCCCN,3-(methylsulfanyl)propanamine,2,6
6662,CSCCS(=O)(=O)O,methyl-coenzyme M,4,8
6663,CSSC,dimethyl disulfide,2,4
6664,CSSCC(NC(=O)CCC(N)C(=O)O)C(=O)NCC(=O)O,S-(methylsulfanyl)glutathione,2,22
6665,C[As](C)(=O)O,dimethylarsinate,2,5
6666,C[As](O)O,methylarsonous acid,2,4
6667,C[N+](C)(C)C(Cc1c[nH]c(S)n1)C(=O)O,ergothioneine,4,15
6668,C[N+](C)(C)C(Cc1c[nH]c([S+](O)CC(N)C(=O)O)n1)C(=O)O,S-(hercyn-2-yl)-L-cysteine S-oxide,2,22
6669,C[N+](C)(C)C(Cc1c[nH]c([S+](O)CC(NC(=O)CCC(N)C(=O)O)C(=O)O)n1)C(=O)O,gamma-L-glutamyl-hercynylcysteine S-oxide,2,31
6670,C[N+](C)(C)C(Cc1c[nH]c2ccccc12)C(=O)O,"N(alpha),N(alpha),N(alpha)-trimethyl-L-tryptophan",2,18
6671,C[N+](C)(C)C(Cc1c[nH]cn1)C(=O)O,hercynine,4,14
6672,C[N+](C)(C)CC(=O)CC(=O)O,3-dehydrocarnitine,4,11
6673,C[N+](C)(C)CC(=O)O,glycine betaine,20,8
6674,C[N+](C)(C)CC(CC(=O)O)OC(=O)CCCCCCCCCCCCCCC(=O)O,O-hexadecanedioyl-L-carnitine,2,30
6675,C[N+](C)(C)CC(O)CC(=O)O,(S)-carnitine,72,11
6676,C[N+](C)(C)CC(O)CC(N)=O,(R)-carnitinamide,2,11
6677,C[N+](C)(C)CC(O)P(=O)(O)O,[(1R)-1-hydroxy-2-(trimethylamino)ethyl]phosphonate,2,11
6678,C[N+](C)(C)CC=CC(=O)O,crotonobetaine,4,10
6679,C[N+](C)(C)CC=O,betaine aldehyde,10,7
6680,C[N+](C)(C)CCCC(=O)O,4-(trimethylamino)butanoate,10,10
6681,C[N+](C)(C)CCCC(O)C(N)C(=O)O,"(3S)-3-hydroxy-N(6),N(6),N(6)-trimethyl-L-lysine",4,14
6682,C[N+](C)(C)CCCC=O,4-(trimethylamino)butanal,4,9
6683,C[N+](C)(C)CCCCC(N)C(=O)O,"N(6),N(6),N(6)-trimethyl-L-lysine",2,13
6684,C[N+](C)(C)CCO,choline,80,7
6685,C[N+](C)(C)CCOP(=O)(O)O,phosphocholine,64,11
6686,C[N+](C)(C)CCOP(=O)(O)OC(CO)CO,glycero-2-phosphocholine,2,16
6687,C[N+](C)(C)CCOP(=O)(O)OCC(CO)OC(=O)CCCC(=O)O,2-glutaroyl-sn-glycero-3-phosphocholine,2,24
6688,C[N+](C)(C)CCOP(=O)(O)OCC(CO)OC(=O)CCCC=O,2-(5-oxopentanoyl)-sn-glycero-3-phosphocholine,2,23
6689,C[N+](C)(C)CCOP(=O)(O)OCC(CO)OC(=O)CCCCCCCC(=O)O,2-nonadioyl-sn-glycero-3-phosphocholine,4,28
6690,C[N+](C)(C)CCOP(=O)(O)OCC(CO)OC(=O)CCCCCCCC=O,2-(9-oxononanoyl)-sn-glycero-3-phosphocholine,2,27
6691,C[N+](C)(C)CCOP(=O)(O)OCC(O)CO,sn-glycerol 3-phosphocholine,46,16
6692,C[N+](C)(C)CCOP(=O)(O)OP(=O)(O)OCC1OC(n2ccc(N)nc2=O)C(O)C1O,CDP-choline,34,31
6693,C[N+](C)(C)CCOS(=O)(=O)O,choline sulfate,4,11
6694,C[N+](C)(C)CCP(=O)(O)O,[2-(trimethylamino)ethyl]phosphonate,2,10
6695,C[N+](C)(C)CCc1c[nH]c2cccc(O)c12,"4-hydroxy-N,N,N-trimethyltryptamine",2,16
6696,C[N+](C)(C)CCc1c[nH]c2cccc(OP(=O)(O)O)c12,aeruginascin,2,20
6697,C[N+]([O-])=NCO,methylazoxymethanol,2,6
6698,C[N+]([O-])=NCOC1OC(CO)C(O)C(O)C1O,cycasin,2,17
6699,C[N+]1(C)CCCC1C(=O)O,L-proline betaine,4,10
6700,C[N+]12CCc3cc4c(cc3C1Cc1ccc3c(c1C2)OCO3)OCO4,(S)-cis-N-methylstylopine,2,25
6701,C[S+](C)C,trimethylsulfonium,4,4
6702,C[S+](C)CC(=O)O,dimethylsulfonioacetate,2,7
6703,C[S+](C)CCC(=O)O,"S,S-dimethyl-beta-propiothetin",2,8
6704,C[S+](C)CCC(N)C(=O)O,S-methyl-L-methionine,6,10
6705,C[S+](C)CCC(O)C(=O)O,(2R)-4-(dimethylsulfaniumyl)-2-hydroxybutanoate,2,10
6706,C[S+](CCC(=O)C(=O)O)CC1OC(n2cnc3c(N)ncnc32)C(O)C1O,S-adenosyl-4-methylsulfanyl-2-oxobutanoate,2,27
6707,C[S+](CCC(N)C(=O)O)CC1OC(n2cnc3c(N)ncnc32)C(O)C1O,S-adenosyl-L-methionine,1144,27
6708,C[S+](CCCN)CC1OC(n2cnc3c(N)ncnc32)C(O)C1O,S-adenosyl 3-(methylsulfanyl)propylamine,24,24
6709,C[S+](O)CCCCC(=NOS(=O)(=O)O)SC1OC(CO)C(O)C(O)C1O,glucoraphanin,2,26
6710,C[S+](O)CCCCC(S)=NOS(=O)(=O)O,(Z)-4-methylsufinylbutyl-N-(sulfonatooxy)methanimidothioate,4,15
6711,C[S+](O)CCCCN=C=S,sulforaphane,2,10
6712,C[Se]CC(N)C(=O)O,Se-methyl-L-selenocysteine,2,8
6713,C[n+]1c2ccccc2nc2c(C(=O)O)cccc21,5-methyl-phenazine-1-carboxylate,4,18
6714,C[n+]1c2ccccc2nc2c(O)cccc21,pyocyanin,2,16
6715,C[n+]1cc2c3c(ccc2c2ccc4cc5c(cc4c21)OCO5)OCO3,sanguinarine,1,25
6716,C[n+]1cccc(C(=O)O)c1,N-methylnicotinate,2,10
6717,C[n+]1cccc(C(N)=O)c1,1-methylnicotinamide,2,10
6718,C[n+]1ccccc1,N-methylpyridinium,2,7
6719,C[n+]1cn(C2OC(CO)C(O)C2O)c2[nH]c(=O)[nH]c(=O)c21,7-methylxanthosine,2,21
6720,C[n+]1cn(C2OC(CO)C(O)C2O)c2nc(N)[nH]c(=O)c21,N(7)-methylguanosine,2,21
6721,C[n+]1cn(C2OC(COP(=O)(O)O)C(O)C2O)c2nc(N)[nH]c(=O)c21,N(7)-methyl-GMP,6,25
6722,C[n+]1cn(C2OC(COP(=O)(O)OP(=O)(O)O)C(O)C2O)c2nc(N)[nH]c(=O)c21,N(7)-methyl-GDP,8,29
6723,C[n+]1cn(C2OC(COP(=O)(O)OP(=O)(O)OP(=O)(O)O)C(O)C2O)c2nc(N)[nH]c(=O)c21,N(7)-methyl-GTP,5,33
6724,C[n+]1cn(C2OC(COP(=O)(O)OP(=O)(O)OP(=O)(O)OCC3OC(n4cnc5c(=O)[nH]c(N)nc54)C(O)C3O)C(O)C2O)c2nc(N)[nH]c(=O)c21,(N(7)-methyl 5'-triphospho-guanosine)-guanosine,2,52
6725,C[n+]1cn(C2OC(COP(=O)(O)OP(=O)(O)OP(=O)(O)OCC3OC(n4cnc5c(N)ncnc54)C(O)C3O)C(O)C2O)c2nc(N)[nH]c(=O)c21,(N(7)-methyl 5'-triphospho-guanosine)-adenosine,2,51
6726,Cc1[nH]c2ccccc2c1CC(N)C(=O)O,2-methyl-L-tryptophan,2,16
6727,Cc1c(C(=O)O)c(O)cc2c1C(=O)c1c(O)c(C3OC(CO)C(O)C(=O)C3O)c(O)c(O)c1C2=O,3'-dehydrocarminate,4,35
6728,Cc1c(C(=O)O)c(O)cc2c1C(=O)c1c(O)c(C3OC(CO)C(O)C(O)C3O)c(O)c(O)c1C2=O,carminate,4,35
6729,Cc1c(C(=O)O)c(O)cc2c1C(=O)c1c(O)cc(O)c(O)c1C2=O,kermesate,4,24
6730,Cc1c(C(=O)O)c(O)cc2c1C(=O)c1c(O)cc(O)cc1C2=O,flavokermesate,2,23
6731,Cc1c(C(=O)O)c(O)cc2c1C(=O)c1c(cc(O)c(C3OC(CO)C(O)C(O)C3O)c1O)C2=O,flavokermesate 7-C-beta-D-glucoside,2,34
6732,Cc1c(C(=O)O)c(O)cc2cc3c(c(O)c12)C(=O)c1c(O)cc(O)cc1C3,tetracenomycin F1,2,27
6733,Cc1c(C(=O)O)c(O)cc2cc3c(c(O)c12)C(=O)c1c(O)cc(O)cc1C3=O,tetracenomycin D3,2,28
6734,Cc1c(C)c2c(c(C)c1O)CCC(C)(CCCC(C)CCCC(C)CCCC(C)C)O2,(+)-alpha-tocopherol,2,31
6735,Cc1c(CCC(=O)N2CCCC2)c(=O)n2c([nH]c3ccccc32)c1C#N,"3-methyl-1-oxo-2-[3-oxo-3-(pyrrolidin-1-yl)propyl]-1,5-dihydrobenzo[4,5]imidazo[1,2-a]pyridine-4-carbonitrile",2,26
6736,Cc1c(CCC(=O)N2CCCC2)c(=O)n2c3ccccc3n(C)c2c1C#N,"3,5-dimethyl-1-oxo-2-[3-oxo-3-(pyrrolidin-1-yl)propyl]-1,5-dihydrobenzo[4,5]imidazo[1,2-a]pyridine-4-carbonitrile",2,27
6737,Cc1c(Cl)ccc(O)c1O,4-chloro-3-methylcatechol,2,10
6738,Cc1c(Cl)cccc1[N+](=O)[O-],2-chloro-6-nitrotoluene,2,11
6739,Cc1c(N)cc([N+](=O)[O-])cc1[N+](=O)[O-],"2-amino-4,6-dinitrotoluene",4,14
6740,Cc1c(NC2OC(CO)C(O)C(O)C2O)cc([N+](=O)[O-])cc1[N+](=O)[O-],"2-amino-4,6-dinitrotoluene beta-D-glucoside",2,25
6741,Cc1c(NO)cc([N+](=O)[O-])cc1[N+](=O)[O-],"2-hydroxylamino-4,6-dinitrotoluene",6,15
6742,Cc1c(NOC2OC(CO)C(O)C(O)C2O)cc([N+](=O)[O-])cc1[N+](=O)[O-],"2-hydroxylamino-4,6-dinitrotoluene-O-beta-D-glucoside",2,26
6743,Cc1c(O)cc(O)c(C(=O)O)c1C,5-methylorsellinate,2,13
6744,Cc1c(O)cc(O)c(C(=O)O)c1CO,"4,6-dihydroxy-2-(hydroxymethyl)-3-methylbenzoate",2,14
6745,Cc1c(O)cc(O)c(C=O)c1C,"2,4-dihydroxy 5,6-dimethylbenzaldehyde",2,12
6746,Cc1c(O)cc(O)c2c1COC2=O,"5,7-dihydroxy-4-methylphthalide",4,13
6747,Cc1c(O)cc2c(c1C)OC(C)(CCCC(C)CCCC(C)CCCC(C)C)CC2,gamma-tocopherol,6,30
6748,Cc1c(O)cc2c(c1C)OC(C)(CCCC(C)CCCC(C)CCCC(C)CO)CC2,13-hydroxy-gamma-tocopherol,2,31
6749,Cc1c(SCC(NC(=O)CCC(N)C(=O)O)C(=O)NCC(=O)O)cc([N+](=O)[O-])cc1[N+](=O)[O-],"S-(4,6-dinitrotoluyl)glutathione",2,33
6750,Cc1c([N+](=O)[O-])cc(N)cc1[N+](=O)[O-],"4-amino-2,6-dinitrotoluene",4,14
6751,Cc1c([N+](=O)[O-])cc(NC2OC(CO)C(O)C(O)C2O)cc1[N+](=O)[O-],"4-amino-2,6-dinitrotoluene beta-D-glucoside",2,25
6752,Cc1c([N+](=O)[O-])cc(NO)c(C2OC(CO)C(O)C(O)C2O)c1[N+](=O)[O-],"4-hydroxylamino-2,6-dinitrotoluene-3C-beta-D-glucoside",2,26
6753,Cc1c([N+](=O)[O-])cc(NO)cc1[N+](=O)[O-],"4-hydroxylamino-2,6-dinitrotoluene",6,15
6754,Cc1c([N+](=O)[O-])cc(NOC2OC(CO)C(O)C(O)C2O)cc1[N+](=O)[O-],"4-hydroxylamino-2,6-dinitrotoluene-O-beta-D-glucoside",2,26
6755,Cc1c([N+](=O)[O-])cc([N+](=O)[O-])c(C2OC(CO)C(O)C(O)C2O)c1NO,"2-hydroxylamino-4,6-dinitrotoluene-3C-beta-D-glucoside",2,26
6756,Cc1c([N+](=O)[O-])cc([N+](=O)[O-])cc1[N+](=O)[O-],"2,4,6-trinitrotoluene",2,16
6757,Cc1c([N+](=O)[O-])ccc(O)c1O,3-methyl-4-nitrocatechol,2,12
6758,Cc1c([N+](=O)[O-])cccc1[N+](=O)[O-],"2,6-dinitrotoluene",2,13
6759,Cc1c2[nH]c(c1CCC(=O)O)Cc1[nH]c(c(CCC(=O)O)c1C)Cc1[nH]c(c(CCC(=O)O)c1C)Cc1[nH]c(c(C)c1CCC(=O)O)C2,coproporphyrinogen III,2,48
6760,Cc1c2c(c(O)c3c(O)cccc13)C(=O)C1(O)C(=O)C(C(N)=O)=C(O)C(N(C)C)C1C2,anhydrotetracycline,4,31
6761,Cc1c2c(c(O)c3c(O)cccc13)C(=O)C1(O)C(=O)C(C(N)=O)=C(O)C(N)C1C2,4-amino-4-dedimethylamino-anhydrotetracycline,2,29
6762,Cc1c2cccc(O)c2c(O)c2c(O)c3c(O)c(C(N)=O)c(O)c(O)c3cc12,4-hydroxy-6-methylpretetramide,2,28
6763,Cc1c2cccc(O)c2c(O)c2c(O)c3c(O)c(C(N)=O)c(O)cc3cc12,6-methylpretetramide,2,27
6764,Cc1c[nH]c(=O)[nH]c1=O,thymine,10,9
6765,Cc1c[nH]c(=O)nc1N,5-methylcytosine,2,9
6766,Cc1c[nH]c2ccccc12,skatole,2,10
6767,Cc1cc(=O)c2c(O)c3c(O)cc(O)cc3cc2o1,norrubrofusarin,3,19
6768,Cc1cc(=O)oc2cc(O)ccc12,4-methylumbelliferone,6,13
6769,Cc1cc(=O)oc2cc(OC3OC(C(=O)O)C(O)C(O)C3O)ccc12,4-methylumbelliferone beta-D-glucuronate,4,25
6770,Cc1cc(=O)oc2cc(OS(=O)(=O)O)ccc12,4-methylumbelliferone sulfate,2,17
6771,Cc1cc(C)cc(C=O)c1,"3,5-dimethylbenzaldehyde",2,10
6772,Cc1cc(C)cc(CO)c1,"3,5-dimethylbenzyl alcohol",2,10
6773,Cc1cc(CC(N)C(=O)O)cc(O)c1O,5-hydroxy-3-methyl-L-tyrosine,4,15
6774,Cc1cc(CC(N)C(=O)O)ccc1O,3-methyl-L-tyrosine,4,14
6775,Cc1cc(Cl)ccc1O,2-methyl-4-chlorophenol,2,9
6776,Cc1cc(Cl)ccc1OC(C)C(=O)O,(R)-2-(4-chloro-2-methylphenoxy)propanoate,2,14
6777,Cc1cc(O)c(C)c(O)c1C(=O)Oc1cc(C)c(C(=O)O)c(O)c1C,4-O-demethylbarbatate,2,25
6778,Cc1cc(O)c(C)c2c1OC(C)(CCCC(C)CCCC(C)CCCC(C)C)CC2,beta-tocopherol,2,30
6779,Cc1cc(O)c(O)c([N+](=O)[O-])c1,4-methyl-6-nitrocatechol,2,12
6780,Cc1cc(O)c(O)cc1[N+](=O)[O-],4-methyl-5-nitrocatechol,2,12
6781,Cc1cc(O)c2c(O)c3c(c(O)c2c1)CC(O)=CC3=O,"3,8,9,10-tetrahydroxy-6-methyl-1,4-dihydroanthracen-1-one",2,20
6782,Cc1cc(O)c2c(O)c3c(c(O)c2c1)CC(O)CC3=O,"(3R)-3,8,9,10-tetrahydroxy-6-methyl-1,2,3,4-tetrahydroanthracen-1-one",2,20
6783,Cc1cc(O)c2c(c1)C(=O)c1cc(O)cc(O)c1C2=O,emodin,6,20
6784,Cc1cc(O)c2c(c1)C(=O)c1cccc(O)c1C2=O,chrysophanol,2,19
6785,Cc1cc(O)c2c(c1)Cc1cc(O)cc(O)c1C2=O,emodin anthrone,2,19
6786,Cc1cc(O)c2c(c1)Cc1cccc(O)c1C2=O,chrysophanol-9-anthrone,2,18
6787,Cc1cc(O)c2c3c(c(O)c4c(c13)OC(C)C4(C)C)C(=O)C(O)=C2O,(2'R)-atrovenetin,4,25
6788,Cc1cc(O)c2c3c(c(O)cc(O)c13)C(=O)C(O)=C2O,"2,3,4,7,9-pentahydroxy-6-methyl-1H-phenalen-1-one",2,20
6789,Cc1cc(O)c2ccccc2c1O,menadiol,6,13
6790,Cc1cc(O)cc(=O)o1,triacetate lactone,2,9
6791,Cc1cc(O)cc(O)c1,orcinol,6,9
6792,Cc1cc(O)cc(O)c1C(=O)O,orsellinate,6,12
6793,Cc1cc(O)cc(O)c1C(=O)c1c(O)cc(O)cc1O,"2-(2,4-dihydroxy-6-oxidobenzoyl)-5-hydroxy-3-methylbenzenolate",2,20
6794,Cc1cc(O)cc(O)c1O,"2,3,5-trihydroxytoluene",2,10
6795,Cc1cc(O)cc2c(C(=O)O)c(O)ccc12,"2,7-dihydroxy-5-methyl-1-naphthoate",2,16
6796,Cc1cc(O)cc2c1OC(C)(CCCC(C)CCCC(C)CCCC(C)C)CC2,delta-tocopherol,4,29
6797,Cc1cc(OC(=O)c2c(C)cc(O)c(C=O)c2O)c(C)c(O)c1C(=O)O,proatranorin III,2,26
6798,Cc1cc(OC(=O)c2c(C)cc(O)cc2O)cc(O)c1C(=O)O,o-orsellinate depside,2,23
6799,Cc1cc2c(O)c(O)ccc2[nH]c1=O,"5,6-dihydroxy-3-methyl-2-oxo-1,2-dihydroquinoline",1,14
6800,Cc1cc2c([nH]c1=O)C=CC(O)C2O,"5,6-dihydroxy-3-methyl-5,6-dihydroquinolin-2(1H)-one",1,14
6801,Cc1cc2c(cc1C)N(CC(O)C(O)C(O)COP(=O)(O)OP(=O)(O)OCC1OC(n3cnc4c(N)ncnc43)C(O)C1O)c1[nH]c(=O)[nH]c(=O)c1N2,FADH2,2,53
6802,Cc1cc2cc3cc(O)cc(O)c3c(O)c2c(=O)o1,nor-toralactone,2,19
6803,Cc1cc2nc3c(=O)[nH]c(=O)nc-3[nH]c2cc1C,,1,18
6804,Cc1cc2nc3c(=O)[nH]c(=O)nc-3n(CC(O)C(O)C(O)CO)c2cc1C,riboflavin,13,27
6805,Cc1cc2nc3c(=O)[nH]c(=O)nc-3n(CC(O)C(O)C(O)CO)c2cc1N,8-amino-8-demethylriboflavin,4,27
6806,Cc1cc2nc3c(=O)[nH]c(=O)nc-3n(CC(O)C(O)C(O)CO)c2cc1N(C)C,roseoflavin,4,29
6807,Cc1cc2nc3c(=O)[nH]c(=O)nc-3n(CC(O)C(O)C(O)COP(=O)(O)O)c2cc1C,FMN,16,31
6808,Cc1cc2nc3c(=O)[nH]c(=O)nc-3n(CC(O)C(O)C(O)COP(=O)(O)O)c2cc1C=O,8-demethyl-8-formylriboflavin 5'-phosphate,2,32
6809,Cc1cc2nc3c(=O)[nH]c(=O)nc-3n(CC(O)C(O)C(O)COP(=O)(O)OP(=O)(O)OCC3OC(n4cnc5c(N)ncnc54)C(O)C3O)c2cc1C,FAD,12,53
6810,Cc1cc2nc3c(=O)[nH]c(=O)nc-3n(CC(O)C(O)C3COP(=O)(O)O3)c2cc1C,"riboflavin cyclic-4',5'-phosphate",2,30
6811,Cc1cc2nc[nH]c2cc1C,"5,6-dimethylbenzimidazole",2,11
6812,Cc1cc2ncn(C3OC(CO)C(O)C3O)c2cc1C,alpha-ribazole,4,20
6813,Cc1cc2ncn(C3OC(COP(=O)(O)O)C(O)C3O)c2cc1C,alpha-ribazole 5'-phosphate,6,24
6814,Cc1ccc(C(=O)CC(N)C(=O)O)c(N)c1O,3-hydroxy-4-methyl-L-kynurenine,4,17
6815,Cc1ccc(C(=O)O)c(N)c1O,3-hydroxy-4-methylanthranilate,6,12
6816,Cc1ccc(C(=O)O)cc1,4-methylbenzoate,2,10
6817,Cc1ccc(C(=O)OP(=O)(O)OCC2OC(n3cnc4c(N)ncnc43)C(O)C2O)c(N)c1O,3-hydroxy-4-methylanthranilyl-5'-AMP,2,34
6818,Cc1ccc(C=O)c(C)c1,"2,4-dimethylbenzaldehyde",2,10
6819,Cc1ccc(C=O)cc1,4-methylbenzaldehyde,4,9
6820,Cc1ccc(C=O)cc1C,"3,4-dimethylbenzaldehyde",2,10
6821,Cc1ccc(CO)c(C)c1,"2,4-dimethylbenzyl alcohol",2,10
6822,Cc1ccc(CO)cc1,4-methylbenzyl alcohol,2,9
6823,Cc1ccc(CO)cc1C,"3,4-dimethylbenzyl alcohol",2,10
6824,Cc1ccc(O)c(O)c1,4-methylcatechol,8,9
6825,Cc1ccc(O)c(O)c1CCC1C(=O)CCC2(C)C(=O)CCC12,"3,4-dihydroxy-9,10-secoandrosta-1,3,5(10)-triene-9,17-dione",2,23
6826,Cc1ccc(O)c(O)c1Cl,3-chloro-4-methylcatechol,2,10
6827,Cc1ccc(O)c(O)c1[N+](=O)[O-],4-methyl-3-nitrocatechol,2,12
6828,Cc1ccc(O)cc1,4-methylphenol,4,8
6829,Cc1ccc(O)cc1CCC1C(=O)CCC2(C)C(C(C)C(=O)O)CCC12,"3-hydroxy-9-oxo-9,10-seco-chola-1,3,5-trien-22-oate",2,26
6830,Cc1ccc(O)cc1CCC1C(=O)CCC2(C)C(C(C)C(=O)SCCNC(=O)CCNC(=O)C(O)C(C)(C)COP(=O)(O)OP(=O)(O)OCC3OC(n4cnc5c(N)ncnc54)C(O)C3OP(=O)(O)O)CCC12,"3-hydroxy-9-oxo-9,10-seco-chola-1,3,5-trien-22-oyl-CoA",2,73
6831,Cc1ccc(S(=O)(=O)O)cc1,toluene-4-sulfonate,2,11
6832,Cc1ccc([N+](=O)[O-])c([N+](=O)[O-])c1,"3,4-dinitrotoluene",2,13
6833,Cc1ccc([N+](=O)[O-])cc1,4-nitrotoluene,2,10
6834,Cc1ccc([N+](=O)[O-])cc1Cl,2-chloro-4-nitrotoluene,2,11
6835,Cc1ccc([N+](=O)[O-])cc1[N+](=O)[O-],"2,4-dinitrotoluene",2,13
6836,Cc1cccc(C(=O)O)c1,3-methylbenzoate,2,10
6837,Cc1cccc(C=O)c1,3-methylbenzaldehyde,4,9
6838,Cc1cccc(CO)c1,3-methylbenzyl alcohol,2,9
6839,Cc1cccc(O)c1,3-methylphenol,2,8
6840,Cc1cccc(O)c1C(=O)O,6-methylsalicylate,2,11
6841,Cc1cccc(O)c1O,3-methylcatechol,7,9
6842,Cc1cccc([N+](=O)[O-])c1,3-nitrotoluene,2,10
6843,Cc1cccc([N+](=O)[O-])c1[N+](=O)[O-],"2,3-dinitrotoluene",2,13
6844,Cc1cccc2c(C(=O)O)cc(O)cc12,3-hydroxy-5-methyl-1-naphthoate,4,15
6845,Cc1cccc2c(C(=O)O)cccc12,5-methyl-1-naphthoate,2,14
6846,Cc1ccccc1,toluene,9,7
6847,Cc1ccccc1C=O,2-methylbenzaldehyde,2,9
6848,Cc1ccccc1CO,2-methylbenzyl alcohol,2,9
6849,Cc1ccccc1O,2-hydroxytoluene,4,8
6850,Cc1ccccc1[N+](=O)[O-],2-nitrotoluene,2,10
6851,Cc1cn(C2CC(O)C(CO)O2)c(=O)[nH]c1=O,thymidine,14,17
6852,Cc1cn(C2CC(O)C(COP(=O)(O)O)O2)c(=O)[nH]c1=O,dTMP,30,21
6853,Cc1cn(C2CC(O)C(COP(=O)(O)O)O2)c(=O)nc1N,5-methyldeoxycytidine 5'-phosphate,4,21
6854,Cc1cn(C2CC(O)C(COP(=O)(O)OP(=O)(O)O)O2)c(=O)[nH]c1=O,dTDP,66,25
6855,Cc1cn(C2CC(O)C(COP(=O)(O)OP(=O)(O)O)O2)c(=O)nc1N,5-methyldeoxycytidine diphosphate,2,25
6856,Cc1cn(C2CC(O)C(COP(=O)(O)OP(=O)(O)OC3C=C(O)C(=O)C(C)O3)O2)c(=O)[nH]c1=O,"dTDP-2,6-dideoxy-D-glycero-hex-2-enos-4-ulose",4,34
6857,Cc1cn(C2CC(O)C(COP(=O)(O)OP(=O)(O)OC3CC(=O)C(=O)C(C)O3)O2)c(=O)[nH]c1=O,"dTDP-3,4-didehydro-2,6-dideoxy-alpha-D-glucose",6,34
6858,Cc1cn(C2CC(O)C(COP(=O)(O)OP(=O)(O)OC3CC(C)(N)C(O)C(C)O3)O2)c(=O)[nH]c1=O,dTDP-beta-L-4-epi-vancosamine,6,35
6859,Cc1cn(C2CC(O)C(COP(=O)(O)OP(=O)(O)OC3CC(C)(O)C(O)C(C)O3)O2)c(=O)[nH]c1=O,dTDP-beta-L-mycarose,4,35
6860,Cc1cn(C2CC(O)C(COP(=O)(O)OP(=O)(O)OC3CC(N(C)C)C(O)C(C)O3)O2)c(=O)[nH]c1=O,dTDP-beta-L-rhodosamine,2,36
6861,Cc1cn(C2CC(O)C(COP(=O)(O)OP(=O)(O)OC3CC(N)C(O)C(C)O3)O2)c(=O)[nH]c1=O,dTDP-beta-L-daunosamine,2,34
6862,Cc1cn(C2CC(O)C(COP(=O)(O)OP(=O)(O)OC3CC(O)C(=O)C(C)O3)O2)c(=O)[nH]c1=O,"dTDP-4-dehydro-2,6-dideoxy-alpha-D-glucose",2,34
6863,Cc1cn(C2CC(O)C(COP(=O)(O)OP(=O)(O)OC3CC(O)C(O)C(C)O3)O2)c(=O)[nH]c1=O,dTDP-2-deoxy-beta-L-fucose,4,34
6864,Cc1cn(C2CC(O)C(COP(=O)(O)OP(=O)(O)OC3CCC(=O)C(C)O3)O2)c(=O)[nH]c1=O,"dTDP-4-dehydro-2,3,6-trideoxy-alpha-D-hexopyranose",2,33
6865,Cc1cn(C2CC(O)C(COP(=O)(O)OP(=O)(O)OC3CCC(N(C)C)C(C)O3)O2)c(=O)[nH]c1=O,dTDP-alpha-D-forosamine,4,35
6866,Cc1cn(C2CC(O)C(COP(=O)(O)OP(=O)(O)OC3CCC(N)C(C)O3)O2)c(=O)[nH]c1=O,"dTDP-4-amino-2,3,4,6-tetradeoxy-alpha-D-erythro-hexopyranose",6,33
6867,Cc1cn(C2CC(O)C(COP(=O)(O)OP(=O)(O)OC3OC(C(=O)O)C(O)C(O)C3O)O2)c(=O)[nH]c1=O,dTDP-D-galacturonate,2,37
6868,Cc1cn(C2CC(O)C(COP(=O)(O)OP(=O)(O)OC3OC(C(C)O)C(O)C3O)O2)c(=O)[nH]c1=O,dTDP-alpha-D-fucofuranose,2,35
6869,Cc1cn(C2CC(O)C(COP(=O)(O)OP(=O)(O)OC3OC(C)(C)C(O)C(O)C3O)O2)c(=O)[nH]c1=O,dTDP-4-O-demethyl-beta-L-noviose,2,36
6870,Cc1cn(C2CC(O)C(COP(=O)(O)OP(=O)(O)OC3OC(C)C(=O)C(O)C3O)O2)c(=O)[nH]c1=O,dTDP-4-dehydro-6-deoxy-alpha-D-glucose,14,35
6871,Cc1cn(C2CC(O)C(COP(=O)(O)OP(=O)(O)OC3OC(C)C(N)C(O)C3O)O2)c(=O)[nH]c1=O,"dTDP-4-amino-4,6-dideoxy-D-glucose",6,35
6872,Cc1cn(C2CC(O)C(COP(=O)(O)OP(=O)(O)OC3OC(C)C(NC=O)C(O)C3O)O2)c(=O)[nH]c1=O,"dTDP-4-formamido-4,6-dideoxy-alpha-D-glucose",2,37
6873,Cc1cn(C2CC(O)C(COP(=O)(O)OP(=O)(O)OC3OC(C)C(O)(CO)C3O)O2)c(=O)[nH]c1=O,dTDP-L-dihydrostreptose,2,35
6874,Cc1cn(C2CC(O)C(COP(=O)(O)OP(=O)(O)OC3OC(C)C(O)C(=O)C3O)O2)c(=O)[nH]c1=O,dTDP-3-dehydro-6-deoxy-alpha-D-glucose,4,35
6875,Cc1cn(C2CC(O)C(COP(=O)(O)OP(=O)(O)OC3OC(C)C(O)C(N(C)C)C3O)O2)c(=O)[nH]c1=O,dTDP-alpha-D-mycaminose,4,37
6876,Cc1cn(C2CC(O)C(COP(=O)(O)OP(=O)(O)OC3OC(C)C(O)C(N)C3O)O2)c(=O)[nH]c1=O,"dTDP-3-amino-3,6-dideoxy-alpha-D-glucose",6,35
6877,Cc1cn(C2CC(O)C(COP(=O)(O)OP(=O)(O)OC3OC(C)C(O)C(O)C3O)O2)c(=O)[nH]c1=O,dTDP-beta-L-rhamnose,18,35
6878,Cc1cn(C2CC(O)C(COP(=O)(O)OP(=O)(O)OC3OC(C)CC(=O)C3O)O2)c(=O)[nH]c1=O,"dTDP-3-dehydro-4,6-dideoxy-alpha-D-glucose",2,34
6879,Cc1cn(C2CC(O)C(COP(=O)(O)OP(=O)(O)OC3OC(C)CC(N(C)C)C3O)O2)c(=O)[nH]c1=O,dTDP-alpha-D-desosamine,6,36
6880,Cc1cn(C2CC(O)C(COP(=O)(O)OP(=O)(O)OC3OC(C)CC(N)C3O)O2)c(=O)[nH]c1=O,"dTDP-3-amino-3,4,6-trideoxy-alpha-D-glucose",4,34
6881,Cc1cn(C2CC(O)C(COP(=O)(O)OP(=O)(O)OC3OC(CO)C(O)C(O)C3O)O2)c(=O)[nH]c1=O,dTDP-D-galactose,6,36
6882,Cc1cn(C2CC(O)C(COP(=O)(O)OP(=O)(O)OP(=O)(O)O)O2)c(=O)[nH]c1=O,dTTP,18,29
6883,Cc1cn(C2CC(OP(=O)(O)O)C(CO)O2)c(=O)[nH]c1=O,thymidine 3'-phosphate,2,21
6884,Cc1cn(C2OC(COP(=O)(O)O)C(O)C2O)c(=O)[nH]c1=O,5-methyl-UMP,2,22
6885,Cc1cn(C2OC(COP(=O)(O)O)C(O)C2O)c(=O)nc1N,5-methyl-CMP,2,22
6886,Cc1cn(C2OC(COP(=O)(O)OP(=O)(O)O)C(O)C2O)c(=O)[nH]c1=O,5-methyl-UDP,6,26
6887,Cc1cn(C2OC(COP(=O)(O)OP(=O)(O)OC3OC(CO)C(O)C(O)C3O)C(O)C2O)c(=O)[nH]c1=O,TDP-alpha-D-glucose,2,37
6888,Cc1cn(C2OC(COP(=O)(O)OP(=O)(O)OP(=O)(O)O)C(O)C2O)c(=O)[nH]c1=O,5-methyl-UTP,6,30
6889,Cc1cn(C2OC(COP(=O)(O)OP(=O)(O)OP(=O)(O)O)C(O)C2O)c(=O)nc1N,5-methyl-CTP,2,30
6890,Cc1nc(C(=O)O)sc1CCOP(=O)(O)O,2-(2-carboxy-4-methylthiazol-5-yl)ethyl phosphate,2,16
6891,Cc1nc2c(=O)[nH]c(=O)nc-2n(CC(O)C(O)C(O)CO)c1C,"6,7-dimethyl-8-(1-D-ribityl)lumazine",2,23
6892,Cc1ncc(C(=O)O)c(C(=O)O)c1O,"5-hydroxy-6-methylpyridine-3,4-dicarboxylate",4,14
6893,Cc1ncc(C(=O)O)c(CO)c1O,5-pyridoxate,4,13
6894,Cc1ncc(C(=O)O)cc1O,3-hydroxy-2-methylpyridine-5-carboxylate,6,11
6895,Cc1ncc(C=O)c(C(=O)O)c1O,5-formyl-3-hydroxy-2-methylpyridine-4-carboxylate,4,13
6896,Cc1ncc(C=O)c(CO)c1O,isopyridoxal,4,12
6897,Cc1ncc(CN)c(N)n1,4-amino-5-aminomethyl-2-methylpyrimidine,4,10
6898,Cc1ncc(CNC=O)c(N)n1,N-formyl-4-amino-5-aminomethyl-2-methylpyrimidine,2,12
6899,Cc1ncc(CO)c(C(=O)O)c1O,4-pyridoxate,6,13
6900,Cc1ncc(CO)c(C=O)c1O,pyridoxal,20,12
6901,Cc1ncc(CO)c(CN)c1O,pyridoxamine,10,12
6902,Cc1ncc(CO)c(CO)c1O,pyridoxine,12,12
6903,Cc1ncc(CO)c(N)n1,4-amino-5-hydroxymethyl-2-methylpyrimidine,6,10
6904,Cc1ncc(COC2OC(CO)C(O)C(O)C2O)c(CO)c1O,5'-O-beta-D-glucosylpyridoxine,2,23
6905,Cc1ncc(COP(=O)(O)O)c(C=O)c1O,pyridoxal 5'-phosphate,12,16
6906,Cc1ncc(COP(=O)(O)O)c(CN)c1O,pyridoxamine 5'-phosphate,10,16
6907,Cc1ncc(COP(=O)(O)O)c(CO)c1O,pyridoxine 5'-phosphate,6,16
6908,Cc1ncc(COP(=O)(O)O)c(N)n1,4-amino-2-methyl-5-(phosphooxymethyl)pyrimidine,6,14
6909,Cc1ncc(COP(=O)(O)OP(=O)(O)O)c(N)n1,4-amino-2-methyl-5-(diphosphooxymethyl)pyrimidine,8,18
6910,Cc1ncc(C[n+]2c(C(C)O)sc(CCOP(=O)(O)OP(=O)(O)O)c2C)c(N)n1,2-(1-hydroxyethyl)thiamine diphosphate,4,29
6911,Cc1ncc(C[n+]2cccc(CCO)c2C)c(N)n1,1-(4-amino-2-methylpyrimid-5-ylmethyl)-3-(2-hydroxyethyl)-2-methylpyridinium,2,19
6912,Cc1ncc(C[n+]2cccc(CCO)c2C)c(O)n1,1-(4-hydroxy-2-methylpyrimid-5-ylmethyl)-3-(2-hydroxyethyl)-2-methylpyridinium,2,19
6913,Cc1ncc(C[n+]2ccccc2)c(N)n1,heteropyrithiamine,2,15
6914,Cc1ncc(C[n+]2csc(CCO)c2C)c(N)n1,thiamine,14,18
6915,Cc1ncc(C[n+]2csc(CCOP(=O)(O)O)c2C)c(N)n1,thiamine phosphate,12,22
6916,Cc1ncc(C[n+]2csc(CCOP(=O)(O)OP(=O)(O)O)c2C)c(N)n1,thiamine diphosphate,20,26
6917,Cc1ncc(C[n+]2csc(CCOP(=O)(O)OP(=O)(O)OP(=O)(O)O)c2C)c(N)n1,thiamine triphosphate,6,30
6918,Cc1ncc(C[n+]2csc(CCOP(=O)(O)OP(=O)(O)OP(=O)(O)OCC3OC(n4cnc5c(N)ncnc54)C(O)C3O)c2C)c(N)n1,adenosine thiamine triphosphate,2,48
6919,Cc1ncc2c(c1O)C(=O)OC2,4-pyridoxolactone,4,12
6920,Cc1ncc2c(c1O)COC2=O,5-pyridoxolactone,2,12
6921,Cc1nccc2c1[nH]c1cc(O)ccc12,harmol,2,15
6922,Cc1ncsc1CCO,5-(2-hydroxyethyl)-4-methylthiazole,6,9
6923,Cc1ncsc1CCOP(=O)(O)O,4-methyl-5-(2-phosphooxyethyl)-thiazole,4,13
6924,ClCC1CO1,(R)-epichlorohydrin,2,5
6925,Clc1ccccc1,chlorobenzene,1,7
6926,Cn1c(=O)[nH]c(=O)c2[nH]cnc21,3-methylxanthine,2,12
6927,Cn1c(=O)[nH]c(=O)c2nc[nH]c21,,2,12
6928,Cn1c(=O)[nH]c2ncn(C)c2c1=O,"1,7-dimethylxanthine",4,13
6929,Cn1c(=O)[nH]c2nncnc2c1=O,reumycin,2,13
6930,Cn1c(=O)c2[nH]cnc2n(C)c1=O,theophylline,2,13
6931,Cn1c(=O)c2c([nH]c(=O)n2C)n(C)c1=O,"1,3,7-trimethylurate",2,15
6932,Cn1c(=O)c2c(n(C)c1=O)n(C)c(=O)n2C,theacrine,2,16
6933,Cn1c(=O)c2c(ncn2C)n(C)c1=O,caffeine,6,14
6934,Cn1c(=O)nc2[nH]ncnc-2c1=O,,1,13
6935,Cn1c(CCCNC(=N)N)cn2ccc(O)c2c1=O,8-hydroxyperamine,2,19
6936,Cn1c(CCCNC(=N)N)cn2cccc2c1=O,peramine,2,18
6937,Cn1cnc(CC(N)C(=O)O)c1,N(tele)-methyl-L-histidine,2,12
6938,Cn1cnc(CC(NC(=O)CCN)C(=O)O)c1,balenine,2,17
6939,Cn1cnc(CC=O)c1,1-methylimidazole-4-acetaldehyde,2,9
6940,Cn1cnc(CCN)c1,N(tau)-methylhistamine,4,9
6941,Cn1cnc2[nH]c(=O)[nH]c(=O)c21,7-methylxanthine,8,12
6942,Cn1cnc2c1c(=O)[nH]c(=O)n2C,theobromine,8,13
6943,Cn1cncc1CC(N)C(=O)O,N(pros)-methyl-L-histidine,2,12
6944,Cn1cncc1CC(NC(=O)CCN)C(=O)O,anserine,4,17
6945,Cn1ncnc2c(=O)n(C)c(=O)nc1-2,toxoflavin,1,14
6946,N,NH4(+),687,1
6947,N#C*C1CS1,an epithionitrile,2,6
6948,N#CC(=O)c1ccccc1,benzoyl cyanide,2,10
6949,N#CC(N)c1ccccc1,2-amino-2-phenylacetonitrile,2,10
6950,N#CC(O)C1CCCCC1,(2S)-2-cyclohexyl-2-hydroxyacetonitrile,2,10
6951,N#CC(O)C=Cc1ccccc1,"(2S,3E)-2-hydroxy-4-phenylbut-3-enenitrile",2,12
6952,N#CC(O)CCc1ccccc1,(2S)-2-hydroxy-4-phenylbutanenitrile,2,12
6953,N#CC(O)Cc1ccccc1,(2S)-2-hydroxy-3-phenylpropanenitrile,2,11
6954,N#CC(O)c1ccc(O)cc1,(S)-4-hydroxymandelonitrile,4,11
6955,N#CC(O)c1ccc2c(c1)OCO2,"(2S)-2-(2H-1,3-benzodioxol-5-yl)-2-hydroxyacetonitrile",2,13
6956,N#CC(O)c1ccccc1,mandelonitrile,10,10
6957,N#CC(O)c1ccco1,(2R)-2-(furan-2-yl)-2-hydroxyacetonitrile,2,9
6958,N#CC(O)c1cccs1,(2R)-2-hydroxy-2-(thiophen-2-yl)acetonitrile,2,9
6959,N#CC(O)c1ccoc1,(2S)-2-(furan-3-yl)-2-hydroxyacetonitrile,2,9
6960,N#CC(O)c1ccsc1,(2S)-2-hydroxy-2-(thiophen-3-yl)acetonitrile,2,9
6961,N#CC(OC1OC(CO)C(O)C(O)C1O)c1ccc(O)cc1,taxiphyllin,2,22
6962,N#CC(OC1OC(CO)C(O)C(O)C1O)c1ccccc1,(R)-prunasin,6,21
6963,N#CC(OC1OC(COC2OC(CO)C(O)C(O)C2O)C(O)C(O)C1O)c1ccccc1,(R)-amygdalin,2,32
6964,N#CC(OC1OC(COC2OCC(O)C(O)C2O)C(O)C(O)C1O)c1ccccc1,(R)-vicianin,2,30
6965,N#CC(SCC(N)C(=O)NCC(=O)O)c1c[nH]c2ccccc12,2-(glycyl-L-cystein-S-yl)-2-(1H-indol-3-yl)acetonitrile,2,23
6966,N#CC(SCC(NC(=O)CCC(N)C(=O)O)C(=O)NCC(=O)O)c1c[nH]c2ccccc12,2-(glutathion-S-yl)-2-(1H-indol-3-yl)acetonitrile,2,32
6967,N#CC1CCC(=O)C1,3-oxocyclopentanecarbonitrile,2,8
6968,N#CCC(N)C(=O)O,3-cyano-L-alanine,6,8
6969,N#CCC(O)C1CS1,(3R)-3-hydroxy-3-(thiiran-2-yl)propanenitrile,2,8
6970,N#CCC1CS1,2-(thiiran-2-yl)acetonitrile,2,6
6971,N#CCCc1ccccc1,phenylpropanonitrile,2,10
6972,N#CCNCC#N,iminodiacetonitrile,2,7
6973,N#CCNCC(=O)O,N-(cyanomethyl)glycine,2,8
6974,N#CCc1c[nH]c2ccccc12,(indol-3-yl)acetonitrile,4,12
6975,N#CCc1ccc(Cl)cc1,4-chlorophenylacetonitrile,2,10
6976,N#CCc1ccc(O)cc1,4-hydroxyphenylacetonitrile,2,10
6977,N#CCc1ccccc1,phenylacetonitrile,2,9
6978,N#CN,cyanamide,2,3
6979,N#CS,thiocyanate,6,3
6980,N#CSO,hypothiocyanous acid,2,4
6981,N#Cc1c[nH]c2nc(N)[nH]c(=O)c12,7-cyano-7-deazaguanine,2,13
6982,N#Cc1cc(Br)c(O)c(Br)c1,"3,5-dibromo-4-hydroxybenzonitrile",2,11
6983,N#Cc1ccc(C=O)cc1,4-cyanobenzaldehyde,2,10
6984,N#Cc1ccc(CO)cc1,4-cyanobenzyl alcohol,2,10
6985,N=C(C(=O)O)C(c1c[nH]c2c(Cl)cccc12)C(C(=N)C(=O)O)c1c[nH]c2c(Cl)cccc12,7-chloroindole-3-pyruvate imine dimer,1,32
6986,N=C(C(=O)O)C(c1c[nH]c2ccccc12)C(C(=N)C(=O)O)c1c[nH]c2ccccc12,indole-3-pyruvate imine dimer,1,30
6987,N=C(CC(=O)O)C(=O)O,iminosuccinate,12,9
6988,N=C(CC(O)C(O)CO)C(=O)O,"(4S,5R)-4,5,6-trihydroxy-2-iminohexanoate",4,12
6989,N=C(Cc1c[nH]c2c(Cl)cccc12)C(=O)O,3-(7-chloroindol-3-yl)-2-iminopropanoate,2,16
6990,N=C(Cc1c[nH]c2ccccc12)C(=O)O,2-iminio-3-(indol-3-yl)propanoate,2,15
6991,N=C(N)N,guanidine,8,4
6992,N=C(N)NC(CC(=O)O)C(=O)O,N-amidino-L-aspartate,2,12
6993,N=C(N)NC(CS)C(=O)O,N-amidino-L-cysteine,2,10
6994,N=C(N)NC(Cc1ccc(O)cc1)C(=O)O,N-amidino-L-tyrosine,2,16
6995,N=C(N)NC(O)CCC(N)C(=O)O,5-hydroxy-L-arginine,4,13
6996,N=C(N)NC(O)CCCC(N)C(=O)O,6-hydroxy-L-homoarginine,4,14
6997,N=C(N)NC1C(O)C(=O)C(O)C(O)C1O,1D-1-guanidino-1-deoxy-3-dehydro-scyllo-inositol,2,15
6998,N=C(N)NC1C(O)C(N)C(O)C(O)C1O,"1D-1-guanidino-3-amino-1,3-dideoxy-scyllo-inositol",2,15
6999,N=C(N)NC1C(O)C(O)C(O)C(NC(=N)N)C1O,streptidine,2,18
7000,N=C(N)NC1C(O)C(O)C(O)C(O)C1O,1-guanidino-1-deoxy-scyllo-inositol,2,15
7001,N=C(N)NC1C(O)C(O)C(OP(=O)(O)O)C(NC(=N)N)C1O,streptidine 6-phosphate,2,22
7002,N=C(N)NC1C(O)C(O)C(OP(=O)(O)O)C(O)C1O,1-guanidino-1-deoxy-scyllo-inositol 4-phosphate,4,19
7003,N=C(N)NC1C(O)C(O)C(OP(=O)(O)OCC2OC(n3cnc4c(N)ncnc43)C(O)C2O)C(NC(=N)N)C1O,6-O-adenylylstreptidine,2,40
7004,N=C(N)NCC(=O)O,guanidinoacetate,8,8
7005,N=C(N)NCC(O)CC(N)C(=O)O,(4S)-4-hydroxy-L-arginine,2,13
7006,N=C(N)NCCC(=O)O,3-guanidinopropanoate,4,9
7007,N=C(N)NCCC(O)C(C(=O)O)N1CCC1=O,amidinoproclavaminate,4,17
7008,N=C(N)NCCC(O)C(N)C(=O)O,"(2S,3S)-hydroxyarginine",4,13
7009,N=C(N)NCCCC(=N)C(=O)O,iminoarginine,2,12
7010,N=C(N)NCCCC(=O)C(=O)O,5-guanidino-2-oxopentanoate,16,12
7011,N=C(N)NCCCC(=O)O,4-guanidinobutanoate,8,10
7012,N=C(N)NCCCC(C(=O)O)N1CCC1=O,deoxyamidinoproclavaminate,4,16
7013,N=C(N)NCCCC(N)=O,4-guanidinobutanamide,4,10
7014,N=C(N)NCCCC(N)C(=O)N1CCCC1C(=O)N1CCCC1C(=O)NCC(=O)NC(Cc1ccccc1)C(=O)NC(CO)C(=O)N1CCCC1C(=O)NC(Cc1ccccc1)C(=O)NC(CCCNC(=N)N)C(=O)O,bradykinin,2,76
7015,N=C(N)NCCCC(N)C(=O)N1CCCC1C(=O)N1CCCC1C(=O)NCC(=O)NC(Cc1ccccc1)C(=O)NC(CO)C(=O)N1CCCC1C(=O)NC(Cc1ccccc1)C(=O)O,bradykinin(1-8),2,65
7016,N=C(N)NCCCC(N)C(=O)N1CCCC1C(=O)N1CCCC1C(=O)NCC(=O)NC(Cc1ccccc1)C(=O)NC(CO)C(=O)N1CCCC1C(=O)O,bradykinin(1-7),4,54
7017,N=C(N)NCCCC(N)C(=O)N1CCCC1C(=O)NC(CCCCN)C(=O)N1CCCC1C(=O)NC(CCC(N)=O)C(=O)NC(CCC(N)=O)C(=O)NC(Cc1ccccc1)C(=O)NC(Cc1ccccc1)C(=O)NCC(=O)O,substance P(1-9),2,79
7018,N=C(N)NCCCC(N)C(=O)N1CCCC1C(=O)NC(CCCCN)C(=O)N1CCCC1C(=O)NC(CCC(N)=O)C(=O)NC(CCC(N)=O)C(=O)NC(Cc1ccccc1)C(=O)NC(Cc1ccccc1)C(=O)O,substance P(1-8),2,75
7019,N=C(N)NCCCC(N)C(=O)N1CCCC1C(=O)NC(CCCCN)C(=O)N1CCCC1C(=O)NC(CCC(N)=O)C(=O)NC(CCC(N)=O)C(=O)NC(Cc1ccccc1)C(=O)O,substance P(1-7),2,64
7020,N=C(N)NCCCC(N)C(=O)N1CCCC1C(=O)NC(CCCCN)C(=O)N1CCCC1C(=O)NC(CCC(N)=O)C(=O)NC(CCC(N)=O)C(=O)O,substance P(1-6),2,53
7021,N=C(N)NCCCC(N)C(=O)NC(Cc1ccccc1)C(=O)O,L-arginyl-L-phenylalanine,2,23
7022,N=C(N)NCCCC(N)C(=O)O,L-arginine,102,12
7023,N=C(N)NCCCC(N)C(=O)OP(=O)(O)OCC1OC(n2cnc3c(N)ncnc32)C(O)C1O,L-arginyl-AMP,4,34
7024,N=C(N)NCCCC(NC(=N)N)C(=O)O,N-amidino-L-arginine,2,15
7025,N=C(N)NCCCC(NC(=O)C(N)Cc1ccc(O)cc1)C(=O)O,L-tyrosyl-L-arginine,2,24
7026,N=C(N)NCCCC(NC(=O)C(N)Cc1ccccc1)C(=O)O,L-Phe-L-Arg,2,23
7027,N=C(N)NCCCC(NC(=O)CCC(=O)O)C(=O)O,N(2)-succinyl-L-arginine,2,19
7028,N=C(N)NCCCC(NC(=O)CCCN)C(=O)O,N(2)-(4-aminobutanoyl)-L-arginine,2,18
7029,N=C(N)NCCCC(NC(=O)CCN)C(=O)O,beta-alanyl-L-arginine,4,17
7030,N=C(N)NCCCC(NC(=O)c1ccccc1)C(=O)Nc1ccc([N+](=O)[O-])cc1,N(2)-benzoyl-D-arginine-4-nitroanilide,2,29
7031,N=C(N)NCCCC(NC(=O)c1ccccc1)C(=O)O,N(2)-benzoyl-D-arginine,2,20
7032,N=C(N)NCCCC(NC(CCC(=O)O)C(=O)O)C(=O)O,D-nopaline,2,21
7033,N=C(N)NCCCC(NCCC(=O)O)C(=O)O,N(2)-(2-carboxyethyl)-L-arginine,4,17
7034,N=C(N)NCCCC1NC(=O)C(=Cc2ccc(O)c(O)c2)NC1=O,"cyclo(L-arginyl-(Z)-dehydro-3,4-dihydroxytyrosyl)",2,24
7035,N=C(N)NCCCC1NC(=O)C(=Cc2ccc(O)c(OCCC(N)C(=O)O)c2)NC1=O,cyclo(L-arginyl-(Z)-dehydro-4-O-homoseryl-tyrosyl),4,31
7036,N=C(N)NCCCC1NC(=O)C(=Cc2ccc(O)c(OCCC(NC(=O)CC(O)(CC(=O)NC(CC(=O)O)C(=O)O)C(=O)O)C(=O)O)c2)NC1=O,NK13650 A,2,51
7037,N=C(N)NCCCC1NC(=O)C(=Cc2ccc(O)c(OCCC(NC(=O)CC(O)(CC(=O)O)C(=O)O)C(=O)O)c2)NC1=O,NK13650 B,6,43
7038,N=C(N)NCCCC=O,4-guanidinobutanal,6,9
7039,N=C(N)NCCCCC(N)C(=O)O,L-homoarginine,4,13
7040,N=C(N)NCCCCN,agmatine,20,9
7041,N=C(N)NCCCCNC(=N)N,"1,4-diguanidinobutane",2,12
7042,N=C(N)NCCCCNC(=O)C=Cc1ccc(O)cc1,N-(4-guanidinobutyl)-4-hydroxycinnamamide,2,20
7043,N=C(N)NCCCCNC(=O)c1ccccc1,N(4)-benzoylagmatine,2,17
7044,N=C(N)NCCCCNCCC(N)C(=O)O,N(1)-[(S)-3-amino-3-carboxypropyl]agmatine,4,16
7045,N=C(N)NCCCCNCCCN,N(1)-(3-aminopropyl)agmatine,6,13
7046,N=C(N)NCCCCNP(=O)(O)O,N(4)-phosphoagmatine,2,13
7047,N=C(N)NCCOP(=O)(O)OCC(N)C(=O)O,L-lombricine,2,17
7048,N=C(N)NCCS(=O)(=O)O,taurocyamine,6,10
7049,N=C(N)NCCS(=O)O,hypotaurocyamine,2,9
7050,N=C(N)NO,N-hydroxyguanidine,2,5
7051,N=C(N)NOCCC(N)C(=O)O,L-canavanine,4,12
7052,N=C(NCC(=O)O)NP(=O)(O)O,phosphoguanidinoacetate,2,12
7053,N=C(NCCCC(N)C(=O)O)NC(CC(=O)O)C(=O)O,2-(N(omega)-L-arginino)succinate,4,20
7054,N=C(NCCCC(N)C(=O)O)NC1OC(COP(=O)(O)OP(=O)(O)OCC2OC(n3cnc4c(N)ncnc43)C(O)C2O)C(O)C1O,N(omega)-(ADP-D-ribosyl)-L-arginine,2,47
7055,N=C(NCCCC(N)C(=O)O)NP(=O)(O)O,N(omega)-phospho-L-arginine,2,16
7056,N=C(NCCOP(=O)(O)OCC(N)C(=O)O)NP(=O)(O)O,N-phospho-L-lombricine,2,21
7057,N=C(NCCS(=O)(=O)O)NP(=O)(O)O,N-phosphotaurocyamine,2,14
7058,N=C(NCCS(=O)O)NP(=O)(O)O,N(omega)-phosphohypotaurocyamine,2,13
7059,N=C(NO)NCCCC(N)C(=O)O,N(omega)-hydroxy-L-arginine,6,13
7060,N=C1NC(O)CC(C2NC(=O)C(=CNC(N)=O)NC(=O)C(CO)NC(=O)C(CO)NC(=O)C(NC(=O)CC(N)CCCN)CNC2=O)N1,viomycin,2,48
7061,N=C1NC(O)CC(C2NC(=O)C(=CNC(N)=O)NC(=O)C(CO)NC(=O)C(COP(=O)(O)O)NC(=O)C(NC(=O)CC(N)CCCN)CNC2=O)N1,O-phosphoviomycin,2,52
7062,N=C1NCC(C(O)C(N)C(=O)O)N1,(3S)-3-hydroxy-L-enduracididine,2,13
7063,N=C1NCC(CC(N)C(=O)O)N1,L-enduracididine,4,12
7064,N=C1NCCC(C(N)C(=O)O)N1,"(2S,3R)-capreomycidine",2,12
7065,N=CC(=O)O,2-iminoacetate,4,5
7066,N=CN1c2c(nc(N)[nH]c2=O)NCC1CNc1ccc(C(=O)NC(CCC(=O)O)C(=O)O)cc1,5-formimidoyltetrahydrofolate,4,34
7067,N=CNC(CC(=O)O)C(=O)O,N-formimidoyl-L-aspartate,2,11
7068,N=CNC(CCC(=O)O)C(=O)O,N-formimidoyl-L-glutamate,6,12
7069,N=CNCC(=O)O,N-formimidoylglycine,2,7
7070,N=c1c2ncn(C3OC(COP(=O)(O)O)C(O)C3O)c2ncn1C1OC(COP(=O)(O)O)C(O)C1O,1-(5-phospho-beta-D-ribosyl)-5'-AMP,2,36
7071,N=c1c2ncn(C3OC(COP(=O)(O)OP(=O)(O)OP(=O)(O)O)C(O)C3O)c2ncn1C1OC(COP(=O)(O)O)C(O)C1O,1-(5-phospho-beta-D-ribosyl)-ATP,4,44
7072,NC(=CC(O)C(O)CO)C(=O)O,"(2Z,4S,5R)-2-amino-4,5,6-trihydroxyhex-2-enoate",4,12
7073,NC(=CC=C(Cl)C=O)C(=O)O,2-amino-5-chloromuconate 6-semialdehyde,2,11
7074,NC(=CC=CC(=O)O)C(=O)O,"(2Z,4E)-2-aminomuconate",6,11
7075,NC(=CC=CC=O)C(=O)O,2-aminomuconate 6-semialdehyde,6,10
7076,NC(=Cc1c[nH]c2ccccc12)C(=O)O,"alpha,beta-didehydrotryptophan",2,15
7077,NC(=Cc1ccccc1)C(=O)O,"2,3-didehydrophenylalanine",2,12
7078,NC(=O)*C(=O)O,a monoamide of a dicarboxylate,2,7
7079,NC(=O)C(=O)O,oxamate,4,6
7080,NC(=O)C(N)Cc1c[nH]c2ccccc12,L-tryptophanamide,2,15
7081,NC(=O)C(O)C(N)C(=O)O,"(2S,3S)-3-hydroxyasparagine",2,10
7082,NC(=O)C(O)C1OC(n2ccc(=O)[nH]c2=O)C(O)C1O,uridine-5'-carboxamide,2,20
7083,NC(=O)C(O)c1ccccc1,(R)-mandelamide,2,11
7084,NC(=O)C1=CC=CN(C2OC(COP(=O)(O)OP(=O)(O)OCC3OC(n4cnc5c(N)ncnc54)C(O)C3O)C(O)C2O)C1,"1,2-dihydro-beta-NAD",2,44
7085,NC(=O)C1=CC=CN(C2OC(COP(=O)(O)OP(=O)(O)OCC3OC(n4cnc5c(N)ncnc54)C(OP(=O)(O)O)C3O)C(O)C2O)C1,"1,2-dihydro-beta-NADP",2,48
7086,NC(=O)C1=CN(C2OC(CO)C(O)C2O)C=CC1,"1-(beta-D-ribofuranosyl)-1,4-dihydronicotinamide",1,18
7087,NC(=O)C1=CN(C2OC(COP(=O)(O)O)C(O)C2O)C=CC1,reduced beta-nicotinamide D-ribonucleotide,4,22
7088,NC(=O)C1=CN(C2OC(COP(=O)(O)OP(=O)(O)OCC3OC(n4cnc5c(N)ncnc54)C(O)C3O)C(O)C2O)C(O)CC1,(6S)-NADHX,6,45
7089,NC(=O)C1=CN(C2OC(COP(=O)(O)OP(=O)(O)OCC3OC(n4cnc5c(N)ncnc54)C(O)C3O)C(O)C2O)C=C2C1CC(O)C2(N)C(=O)O,"(4aR,6S,7R)-2-(adenosyl(5')diphospho(5)ribosyl)-6-hydroxy-7-amino-4-carbamoyl-4a,5,6,7-tetrahydro-2H-cyclopenta[c]pyridine-7-carboxylate",4,52
7090,NC(=O)C1=CN(C2OC(COP(=O)(O)OP(=O)(O)OCC3OC(n4cnc5c(N)ncnc54)C(O)C3O)C(O)C2O)C=C2C1CC(O)C2(NC(=O)CS(N)(=O)=O)C(=O)O,"(4aR,6S,7R)-2-(adenosyl(5')diphospho(5)ribosyl)-6-hydroxy-7-acetamidosulfomoyl-4-carbamoyl-4a,5,6,7-tetrahydro-2H-cyclopenta[c]pyridine-7-carboxylate",2,59
7091,NC(=O)C1=CN(C2OC(COP(=O)(O)OP(=O)(O)OCC3OC(n4cnc5c(N)ncnc54)C(O)C3O)C(O)C2O)C=C2C1CCC2(N)C(=O)O,"(4aR,7S)-2-(adenosyl(5')diphospho(5)ribosyl)-7-amino-4-carbamoyl-4a,5,6,7-tetrahydro-2H-cyclopenta[c]pyridine-7-carboxylate",2,51
7092,NC(=O)C1=CN(C2OC(COP(=O)(O)OP(=O)(O)OCC3OC(n4cnc5c(N)ncnc54)C(O)C3O)C(O)C2O)C=CC1,NADH,1578,44
7093,NC(=O)C1=CN(C2OC(COP(=O)(O)OP(=O)(O)OCC3OC(n4cnc5c(N)ncnc54)C(O)C3O)C(O)C2O)CC=C1,"1,6-dihydro-beta-NAD",2,44
7094,NC(=O)C1=CN(C2OC(COP(=O)(O)OP(=O)(O)OCC3OC(n4cnc5c(N)ncnc54)C(OP(=O)(O)O)C3O)C(O)C2O)C(O)CC1,(6S)-NADPHX,6,49
7095,NC(=O)C1=CN(C2OC(COP(=O)(O)OP(=O)(O)OCC3OC(n4cnc5c(N)ncnc54)C(OP(=O)(O)O)C3O)C(O)C2O)C=CC1,NADPH,1850,48
7096,NC(=O)C1=CN(C2OC(COP(=O)(O)OP(=O)(O)OCC3OC(n4cnc5c(N)ncnc54)C(OP(=O)(O)O)C3O)C(O)C2O)CC=C1,"1,6-dihydro-beta-NADP",2,48
7097,NC(=O)C1=CNCC2C1CC(O)C2(NC(=O)CS(N)(=O)=O)C(=O)O,demethylaltemicidin,2,24
7098,NC(=O)C1CCCN1,L-prolinamide,2,8
7099,NC(=O)C1CCCNC1,(3R)-piperidine-3-carboxamide,2,9
7100,NC(=O)C1CNCCN1,(R)-piperazine-2-carboxamide,2,9
7101,NC(=O)C=CC(=O)NCC(N)C(=O)O,"N(3)-fumaramoyl-(S)-2,3-diaminopropanoate",6,14
7102,NC(=O)C=CC(=O)O,maleamate,6,8
7103,NC(=O)CC(=O)C(=O)O,2-oxosuccinamate,12,9
7104,NC(=O)CC(N)C(=O)O,L-asparagine,32,9
7105,NC(=O)CCC(=O)C(=O)O,2-oxoglutaramate,24,10
7106,NC(=O)CCC(N)C(=O)O,D-glutamine,60,10
7107,NC(=O)CCC(NC(=O)CCCOc1ccc(Cl)cc1Cl)C(=O)O,"4-(2,4-dichlorophenoxy)butanoyl-L-glutamine",2,24
7108,NC(=O)CCC(NC(=O)CCCc1c[nH]c2ccccc12)C(=O)O,(indol-3-yl)butanoyl-L-glutamine,2,24
7109,NC(=O)CCC(NC(=O)Cc1ccccc1)C(=O)O,N(2)-phenylacetyl-L-glutamine,2,19
7110,NC(=O)CCCCC(S)CCS,(R)-dihydrolipoamide,4,12
7111,NC(=O)CCCCC1CCSS1,(R)-lipoamide,2,12
7112,NC(=O)CCCCC1SCC2NC(=O)NC21,biotin amide,2,16
7113,NC(=O)CNC(=O)C(CS)NC(=O)CCC(N)C(=O)O,glutathione amide,4,20
7114,NC(=O)CNC(=O)C(CSSCC(NC(=O)CCC(N)C(=O)O)C(=O)NCC(N)=O)NC(=O)CCC(N)C(=O)O,glutathione amide disulfide,4,40
7115,NC(=O)Cc1c[nH]c2ccccc12,indole-3-acetamide,4,13
7116,NC(=O)Cc1cccc2ccccc12,1-naphthaleneacetamide,2,14
7117,NC(=O)Cc1ccccc1,2-phenylacetamide,4,10
7118,NC(=O)NC(=O)C(=O)O,N-carbamoyl-2-oxoglycine,8,9
7119,NC(=O)NC(=O)CC(=O)O,3-oxo-3-ureidopropanoate,2,10
7120,NC(=O)NC(=O)NC(=O)O,1-carboxybiuret,6,10
7121,NC(=O)NC(=O)NC(N)=O,triuret,2,10
7122,NC(=O)NC(=O)O,urea-1-carboxylate,4,7
7123,NC(=O)NC(C(=O)O)c1ccccc1,N-carbamoyl-D-phenylglycine,2,14
7124,NC(=O)NC(CC(=O)O)C(=O)O,N-carbamoyl-L-aspartate,8,12
7125,NC(=O)NC(N)=O,biuret,4,7
7126,NC(=O)NC(N)C(=O)O,(S)-2-ureidoglycine,10,9
7127,NC(=O)NC(NC(N)=O)C(=O)O,allantoate,8,12
7128,NC(=O)NC(O)C(=O)O,(S)-ureidoglycolate,10,9
7129,NC(=O)NC1=NC(=O)NC1(O)C(=O)O,"5-hydroxy-2-oxo-4-ureido-2,5-dihydro-1H-imidazole-5-carboxylate",2,14
7130,NC(=O)NC1NC(=O)NC1=O,allantoin,4,11
7131,NC(=O)NC=CC(=O)O,(Z)-3-ureidoacrylate,4,9
7132,NC(=O)NCCC(=O)O,3-(carbamoylamino)propanoate,4,9
7133,NC(=O)NCCCC(N)C(=O)O,L-citrulline,16,12
7134,NC(=O)NCCCC(NC(=O)CCC(=O)O)C(=O)O,N(2)-succinyl-L-citrulline,2,19
7135,NC(=O)NCCCCC(N)C(=O)O,L-homocitrulline,2,13
7136,NC(=O)NCNC(=O)O,N-(carboxyaminomethyl)urea,4,9
7137,NC(=O)NCNC(N)=O,methylenediurea,2,9
7138,NC(=O)NCO,N-(hydroxymethyl)urea,2,6
7139,NC(=O)NO,hydroxyurea,4,5
7140,NC(=O)NOCC(N)C(=O)O,O-ureido-L-serine,2,11
7141,NC(=O)O,carbamate,14,4
7142,NC(=O)OP(=O)(O)O,carbamoyl phosphate,22,8
7143,NC(=O)OP(=O)(O)OCC1OC(n2cnc3c(N)ncnc32)C(O)C1O,carbamoyl adenylate,8,26
7144,NC(=O)c1ccc[n+](C2OC(CO)C(O)C2O)c1,beta-nicotinamide D-riboside,7,18
7145,NC(=O)c1ccc[n+](C2OC(COP(=O)(O)O)C(O)C2O)c1,beta-nicotinamide D-ribonucleotide,16,22
7146,NC(=O)c1ccc[n+](C2OC(COP(=O)(O)OP(=O)(O)OCC3OC(n4cnc5c(N)ncnc54)C(O)C3O)C(O)C2O)c1,NAD(+),1672,44
7147,NC(=O)c1ccc[n+](C2OC(COP(=O)(O)OP(=O)(O)OCC3OC(n4cnc5c(N)ncnc54)C(O)C3OP(=O)(O)O)C(O)C2O)c1,3'-NADP(+),2,48
7148,NC(=O)c1ccc[n+](C2OC(COP(=O)(O)OP(=O)(O)OCC3OC(n4cnc5c(N)ncnc54)C(OP(=O)(O)O)C3O)C(O)C2O)c1,NADP(+),1862,48
7149,NC(=O)c1cccnc1,nicotinamide,94,9
7150,NC(=O)c1cnccn1,pyrazinamide,2,9
7151,NC(=O)c1nc[nH]c1N,5-amino-4-imidazolecarboxyamide,2,9
7152,NC(=O)c1ncn(C2OC(COP(=O)(O)O)C(O)C2O)c1N,5-amino-1-(5-phospho-beta-D-ribosyl)imidazole-4-carboxamide,10,22
7153,NC(=O)c1ncn(C2OC(COP(=O)(O)O)C(O)C2O)c1NC=O,5-formamido-1-(5-phospho-D-ribosyl)imidazole-4-carboxamide,6,24
7154,NC(C(=O)NC1CN(C(C(=O)O)c2ccc(O)cc2)C1=O)c1ccc(O)cc1,nocardicin G,2,28
7155,NC(C(=O)O)=C(C=CC=O)C(=O)O,"(2Z,4Z)-2-amino-3-carboxymuconate 6-semialdehyde",5,13
7156,NC(C(=O)O)C(=O)O,aminomalonate,4,8
7157,NC(C(=O)O)C(O)C(=O)O,(3S)-3-hydroxy-L-aspartate,6,10
7158,NC(C(=O)O)C(O)C(O)C(O)CO,2-amino-2-deoxy-D-gluconate,5,13
7159,NC(C(=O)O)C(O)C(O)C(O)COP(=O)(O)O,2-amino-2-deoxy-D-gluconate 6-phosphate,3,17
7160,NC(C(=O)O)C(O)C1OC(n2ccc(=O)[nH]c2=O)C(O)C1O,"(5'S,6'R)-C-glycyluridine",4,22
7161,NC(C(=O)O)C(O)CC(=O)O,3-hydroxy-L-glutamate,4,11
7162,NC(C(=O)O)C(O)CF,4-fluoro-L-threonine,2,9
7163,NC(C(=O)O)C(O)CO,4-hydroxy-L-threonine,6,9
7164,NC(C(=O)O)C(O)COP(=O)(O)O,4-(phosphooxy)-L-threonine,8,13
7165,NC(C(=O)O)C(O)c1ccccc1,L-threo-3-phenylserine,4,13
7166,NC(C(=O)O)c1cc(O)cc(O)c1,"(S)-3,5-dihydroxyphenylglycine",2,13
7167,NC(C(=O)O)c1ccc(O)cc1,D-4-hydroxyphenylglycine,2,12
7168,NC(C(=O)O)c1ccccc1,D-alpha-phenylglycine,4,11
7169,NC(C=CC(=O)O)=CC(=O)C(=O)O,"(2Z,4E)-4-amino-6-oxohepta-2,4-dienedioate",2,13
7170,NC(C=O)C(=O)O,2-aminomalonate semialdehyde,6,7
7171,NC(C=O)CCC(=O)O,(S)-4-amino-5-oxopentanoate,4,9
7172,NC(C=O)Cc1c[nH]cn1,L-histidinal,4,10
7173,NC(C=O)Cc1ccc(O)cc1,L-tyrosinal,2,12
7174,NC(CC(=CC=O)C=C(O)C(=O)O)C(=O)O,"4-(L-alanin-3-yl)-2-hydroxy-cis,cis-muconate 6-semialdehyde",2,16
7175,NC(CC(=O)NO)C(=O)O,beta-L-aspartylhydroxamate,2,10
7176,NC(CC(=O)O)C(=O)O,D-aspartate,98,9
7177,NC(CC(=O)O)CC(=O)O,3-aminopentanedioate,2,10
7178,NC(CC(=O)O)c1ccc(O)cc1,3-amino-3-(4-hydroxyphenyl)propanoate,2,13
7179,NC(CC(=O)O)c1ccccc1,L-beta-phenylalanine,6,12
7180,NC(CC(=O)OP(=O)(O)O)C(=O)O,4-phospho-L-aspartate,4,13
7181,NC(CC(=O)c1ccccc1NC=O)C(=O)O,N-formyl-L-kynurenine,3,17
7182,NC(CC(C=O)=CC=C(O)C(=O)O)C(=O)O,"5-(L-alanin-3-yl)-2-hydroxy-cis,cis-muconate 6-semialdehyde",2,16
7183,NC(CC(O)C(=O)O)C(=O)O,(4S)-4-hydroxy-L-glutamate,8,11
7184,NC(CC(O)C(O)C(=O)COP(=O)(O)O)C(=O)O,"2-amino-4,5-dihydroxy-6-oxo-7-(phosphooxy)heptanoate",2,18
7185,NC(CC(O)C=O)C(=O)O,L-4-hydroxyglutamate semialdehyde,2,10
7186,NC(CC1(C(=O)O)C=CC(O)C=C1)C(=O)O,L-arogenate,10,16
7187,NC(CC1=CC(=O)C(=O)C=C1)C(=O)O,L-dopaquinone,2,14
7188,NC(CC1C=CC(O)CC1)C(=O)O,tetrahydrotyrosine,2,13
7189,NC(CC1CCC(=O)C2OC12)C(=O)O,L-anticapsin,4,14
7190,NC(CC1CCC(O)C2OC12)C(=O)O,L-dihydroanticapsin,2,14
7191,NC(CC=O)C(=O)O,L-aspartate 4-semialdehyde,22,8
7192,NC(CCC(=O)NC(CCC(=O)O)C(=O)O)C(=O)O,gamma-D-glutamyl-D-glutamate,2,19
7193,NC(CCC(=O)NC(CS)C(=O)NCC(=O)NCCCCNCCCNC(=O)CNC(=O)C(CS)NC(=O)CCC(N)C(=O)O)C(=O)O,trypanothione,4,48
7194,NC(CCC(=O)NC(CS)C(=O)NCC(=O)O)C(=O)O,glutathione,104,20
7195,NC(CCC(=O)NC(CS)C(=O)NCCC(=O)O)C(=O)O,gamma-L-glutamyl-L-cysteinyl-beta-alanine,2,21
7196,NC(CCC(=O)NC(CS)C(=O)O)C(=O)O,gamma-L-glutamyl-L-cysteine,8,16
7197,NC(CCC(=O)NC(CSC(=O)CCC(=O)O)C(=O)NCC(=O)O)C(=O)O,S-succinylglutathione,2,27
7198,NC(CCC(=O)NC(CSC(Cc1c[nH]c2ccccc12)=NO)C(=O)NCC(=O)O)C(=O)O,(E)-1-(glutathione-S-yl)-2-(1H-indol-3-yl)acetohydroximate,2,33
7199,NC(CCC(=O)NC(CSC(Cc1ccccc1)=NO)C(=O)NCC(=O)O)C(=O)O,(Z)-1-(glutathione-S-yl)-2-phenylacetohydroximate,2,30
7200,NC(CCC(=O)NC(CSC=O)C(=O)NCC(=O)O)C(=O)O,S-formylglutathione,6,22
7201,NC(CCC(=O)NC(CSCO)C(=O)NCC(=O)O)C(=O)O,S-(hydroxymethyl)glutathione,6,22
7202,NC(CCC(=O)NC(CSN=O)C(=O)NCC(=O)O)C(=O)O,S-nitrosoglutathione,4,22
7203,NC(CCC(=O)NC(CSNO)C(=O)NCC(=O)O)C(=O)O,S-(hydroxysulfenamide)glutathione,4,22
7204,NC(CCC(=O)NC(CSS(=O)O)C(=O)NCC(=O)O)C(=O)O,"glutathione S,S-dioxide",4,23
7205,NC(CCC(=O)NC(CSS)C(=O)NCC(=O)O)C(=O)O,S-sulfanylglutathione,4,21
7206,NC(CCC(=O)NC(CSSCC(NC(=O)CCC(N)C(=O)O)C(=O)NCC(=O)O)C(=O)NCC(=O)O)C(=O)O,glutathione disulfide,58,40
7207,NC(CCC(=O)NC(CSSCC(NC(=O)CCC(N)C(=O)O)C(=O)O)C(=O)O)C(=O)O,bis-gamma-glutamylcystine,2,32
7208,NC(CCC(=O)NC(CS[SeH])C(=O)NCC(=O)O)C(=O)O,glutathioselenol,2,21
7209,NC(CCC(=O)NC(CS[Se]SCC(NC(=O)CCC(N)C(=O)O)C(=O)NCC(=O)O)C(=O)NCC(=O)O)C(=O)O,selenodiglutathione,2,41
7210,NC(CCC(=O)NC(CSc1cc(O)ccc1O)C(=O)NCC(=O)O)C(=O)O,2-(glutathione-S-yl)-hydroquinone,2,28
7211,NC(CCC(=O)NC(CSc1ccc([N+](=O)[O-])cc1[N+](=O)[O-])C(=O)NCC(=O)O)C(=O)O,"2,4-dinitrophenyl-S-glutathione",2,32
7212,NC(CCC(=O)NC1CSSCC(NC(=O)CCC(N)C(=O)O)C(=O)NCC(=O)NCCCNCCCCNC(=O)CNC1=O)C(=O)O,trypanothione disulfide,2,48
7213,NC(CCC(=O)NCCCC(=O)O)C(=O)O,4-(gamma-L-glutamylamino)butanoate,6,16
7214,NC(CCC(=O)NCCCC=O)C(=O)O,4-(gamma-L-glutamylamino)butanal,6,15
7215,NC(CCC(=O)NCCO)C(=O)O,gamma-L-glutamylethanolamide,2,13
7216,NC(CCC(=O)NCCc1c[nH]cn1)C(=O)O,N(alpha)-gamma-L-glutamylhistamine,2,17
7217,NC(CCC(=O)NCCc1ccc(O)cc1)C(=O)O,gamma-L-glutamyltyramine,4,19
7218,NC(CCC(=O)NO)C(=O)O,L-glutamine hydroxamate,2,11
7219,NC(CCC(=O)NP(=O)(O)O)C(=O)O,N(5)-phospho-L-glutamine,2,14
7220,NC(CCC(=O)Nc1ccccc1)C(=O)O,N(5)-phenyl-L-glutamine,4,16
7221,NC(CCC(=O)O)C(=O)O,L-glutamate,338,10
7222,NC(CCC(=O)OP(=O)(O)O)C(=O)O,L-glutamyl 5-phosphate,4,14
7223,NC(CCC=O)C(=O)O,L-glutamate 5-semialdehyde,20,9
7224,NC(CCCC(=O)C(=O)O)C(=O)O,(S)-2-amino-6-oxoheptanedioate,4,13
7225,NC(CCCC(=O)NC1C(=O)N2C(C(=O)O)=C(CO)CSC12)C(=O)O,deacetylcephalosporin C,6,25
7226,NC(CCCC(=O)O)C(=O)O,L-2-aminoadipate,22,11
7227,NC(CCCC(N)C(=O)O)C(=O)O,"(2S,6S)-2,6-diaminopimelate",12,13
7228,NC(CCCC(NC(=O)CCC(=O)O)C(=O)O)C(=O)O,"N-succinyl-(2S,6S)-2,6-diaminopimelate",4,20
7229,NC(CCCC=O)C(=O)O,(S)-2-amino-6-oxohexanoate,32,10
7230,NC(CCCCNC(=O)CCC(N)C(=O)O)C(=O)O,epsilon-(gamma-L-glutamyl)-L-lysine,2,19
7231,NC(CCCCNC(=O)CCCCC1SCC2NC(=O)NC21)C(=O)O,biocytin,2,25
7232,NC(CCCCNC(=O)Cc1c[nH]c2ccccc12)C(=O)O,N(6)-[(indole-3-yl)acetyl]-L-lysine,2,22
7233,NC(CCCCNC(CCC(=O)O)C(=O)O)C(=O)O,L-saccharopine,10,19
7234,NC(CCCCNCC(=O)C(CO)OP(=O)(O)O)C(=O)O,N(6)-(3-O-phospho-D-erythrulosyl)-L-lysine,2,21
7235,NC(CCCCNCC(=O)C(O)C(O)C(O)CO)C(=O)O,N(6)-(D-fructosyl)-L-lysine,2,21
7236,NC(CCCCNCC(=O)C(O)C(O)C(O)COP(=O)(O)O)C(=O)O,N(6)-(6-phospho-D-fructosyl)-L-lysine,2,25
7237,NC(CCCCNCC(=O)C(O)C(O)CO)C(=O)O,N(6)-(D-ribulosyl)-L-lysine,2,19
7238,NC(CCCCNCC(=O)C(O)CO)C(=O)O,N(6)-(D-erythrulosyl)-L-lysine,2,17
7239,NC(CCCCNCC(=O)C(OP(=O)(O)O)C(O)CO)C(=O)O,N(6)-(3-O-phospho-D-ribulosyl)-L-lysine,2,23
7240,NC(CCCCNO)C(=O)O,N(6)-hydroxy-L-lysine,4,11
7241,NC(CCCNC(=O)CC(O)(CC(=O)O)C(=O)O)C(=O)O,N(5)-[(S)-citryl]-D-ornithine,4,21
7242,NC(CCCNO)C(=O)O,N(5)-hydroxy-L-ornithine,4,10
7243,NC(CCNC(CCN1CCC1C(=O)O)C(=O)O)C(=O)O,nicotianamine,2,21
7244,NC(CCNC(Cc1c[nH]cn1)C(=O)O)C(=O)O,(2S)-2-amino-4-{[(1R)-1-carboxy-2-(1H-imidazol-4-yl)ethyl]amino}butanoate,8,18
7245,NC(CCO)C(=O)O,L-homoserine,16,8
7246,NC(CCOC(=O)CCC(=O)O)C(=O)O,O-succinyl-L-homoserine,6,15
7247,NC(CCOP(=O)(O)O)C(=O)O,O-phospho-L-homoserine,6,12
7248,NC(CCOc1ccc(C(=N[O-])C(=O)NC2CN(C(C(=O)O)c3ccc(O)cc3)C2=O)cc1)C(=O)O,isonocardicin A,2,36
7249,NC(CCOc1ccc(C(N)C(=O)NC2CN(C(C(=O)O)c3ccc(O)cc3)C2=O)cc1)C(=O)O,isonocardicin C,2,35
7250,NC(CCP(=O)(O)O)C(=O)O,2-amino-4-phosphonobutanoate,2,11
7251,NC(CCS)C(=O)O,L-homocysteine,34,8
7252,NC(CCSCC(N)C(=O)O)C(=O)O,"L,L-cystathionine",14,14
7253,NC(CCSCC1OC(O)C(O)C1O)C(=O)O,S-(5-deoxy-D-ribos-5-yl)-L-homocysteine,4,17
7254,NC(CCSCC1OC(n2cnc3c(O)ncnc32)C(O)C1O)C(=O)O,S-inosyl-L-homocysteine,4,26
7255,NC(CCSCCC(N)C(=O)O)C(=O)O,L-homolanthionine,2,15
7256,NC(CCSSCCC(N)C(=O)O)C(=O)O,"L,L-homocystine",2,16
7257,NC(CNC(=O)C(=O)O)C(=O)O,"N(3)-oxalyl-L-2,3-diaminopropanoate",2,12
7258,NC(CNC(=O)C=CC(=O)O)C(=O)O,"N(3)-fumaroyl-(S)-2,3-diaminopropanoate",2,14
7259,NC(CNC(=O)CC(O)(CC(=O)NCCNC(=O)CCC(=O)C(=O)O)C(=O)O)C(=O)O,staphyloferrin B,2,31
7260,NC(CNC(=O)CC(O)(CC(=O)O)C(=O)O)C(=O)O,2-[(L-alanin-3-ylcarbamoyl)methyl]-2-hydroxybutanedioate,4,19
7261,NC(CNC(CCC(=O)O)C(=O)O)C(=O)O,N-[(2S)-2-amino-2-carboxyethyl]-L-glutamate,4,16
7262,NC(CO)(CO)C(=O)O,alpha-(hydroxymethyl)serine,2,9
7263,NC(CO)C(=O)O,L-serine,121,7
7264,NC(CO)CO,serinol,4,6
7265,NC(CO)COP(=O)(O)O,(S)-serinol phosphate,2,10
7266,NC(CO)Cc1c[nH]cn1,L-histidinol,4,10
7267,NC(CO)Cc1cnc[nH]1,,2,10
7268,NC(CO)c1ccccc1,2-hydroxy-1-phenylethan-1-amine,2,10
7269,NC(COC(=O)CCC(=O)O)C(=O)O,O-succinyl-L-serine,4,14
7270,NC(COP(=O)(O)O)C(=O)O,O-phospho-L-serine,24,11
7271,NC(COP(=O)(O)O)Cc1c[nH]cn1,L-histidinol phosphate,4,14
7272,NC(COP(=O)(O)OCC(O)CO)C(=O)O,sn-glycero-3-phospho-L-serine,10,16
7273,NC(COS(=O)(=O)O)C(=O)O,L-serine O-sulfate,2,11
7274,NC(CS(=O)(=O)O)C(=O)O,L-cysteate,12,10
7275,NC(CS(=O)O)C(=O)O,3-sulfino-L-alanine,8,9
7276,NC(CS)C(=O)NC1C(OC(CC(=O)O)C(=O)O)OC(CO)C(O)C1O,bacillithiol,2,26
7277,NC(CS)C(=O)NC1C(OC2C(O)C(O)C(O)C(O)C2O)OC(CO)C(O)C1O,1D-myo-inositol 2-(L-cysteinylamino)-2-deoxy-alpha-D-glucopyranoside,4,29
7278,NC(CS)C(=O)NCC(=O)O,L-cysteinylglycine,8,11
7279,NC(CS)C(=O)O,L-cysteine,84,7
7280,NC(CSC(C=CC=CC=CCC=CCCCCCO)C(O)CCCC(=O)O)C(=O)O,20-hydroxy-leukotriene E4,2,31
7281,NC(CSC(CC(=O)O)C(=O)O)C(=O)O,S-(2-succino)-L-cysteine,4,15
7282,NC(CSC(Cc1c[nH]c2ccccc12)=NO)C(=O)NCC(=O)O,(E)-1-(glycyl-L-cystein-S-yl)-2-(1H-indol-3-yl)acetohydroximate,2,24
7283,NC(CSC(Cc1ccccc1)=NO)C(=O)NCC(=O)O,(Z)-1-(glycyl-L-cystein-S-yl)-2-phenylacetohydroximate,2,21
7284,NC(CSC1=CC(CC(N)C(=O)O)=CC(=O)C1=O)C(=O)O,5-S-cysteinyldopaquinone,2,21
7285,NC(CSCC(N)C(=O)O)C(=O)O,L-lanthionine,2,13
7286,NC(CSCC=O)C(=O)O,S-(acetaldehyde)-L-cysteine,2,10
7287,NC(CSCc1ccccc1)C(=O)NCC(=O)O,S-benzyl-L-cysteinylglycine,2,18
7288,NC(CSCc1ccccc1)C(=O)O,S-benzyl-L-cysteine,6,14
7289,NC(CSS(=O)(=O)O)C(=O)O,S-sulfo-L-cysteine,4,11
7290,NC(CSS)C(=O)O,S-sulfanyl-L-cysteine,8,8
7291,NC(CSSCC(=O)C(=O)O)C(=O)O,(2R)-2-amino-2-carboxylatoethyl-disulfanyl-oxopropanoate,2,14
7292,NC(CSSCC(N)C(=O)O)C(=O)O,L-cystine,10,14
7293,NC(CSSS)C(=O)O,S-disulfanyl-L-cysteine,4,9
7294,NC(CSc1cc(CC(N)C(=O)O)cc(O)c1O)C(=O)O,5-S-cysteinyldopa,2,21
7295,NC(CSc1ccc(Br)cc1)C(=O)O,S-(4-bromophenyl)-L-cysteine,2,14
7296,NC(C[SeH])C(=O)O,L-selenocysteine,2,7
7297,NC(C[n+]1ccc(O)c(O)c1)C(=O)O,"3-(3,4-dihydroxypyridin-1-yl)-L-alanine",2,14
7298,NC(Cc1c[nH]c2c(Cl)cccc12)C(=O)O,7-chloro-L-tryptophan,2,16
7299,NC(Cc1c[nH]c2ccc(O)cc12)C(=O)O,5-hydroxy-L-tryptophan,2,16
7300,NC(Cc1c[nH]c2ccccc12)C(=O)O,D-tryptophan,67,15
7301,NC(Cc1c[nH]cn1)C(=O)N1CCCC1C(=O)O,L-histidyl-L-proline,1,18
7302,NC(Cc1c[nH]cn1)C(=O)O,L-histidine,37,11
7303,NC(Cc1c[nH]oc1=O)C(=O)O,3-(5-oxoisoxazolin-4-yl)-L-alanine,2,12
7304,NC(Cc1cc(I)c(O)c(I)c1)C(=O)O,"3,5-diiodo-L-tyrosine",2,15
7305,NC(Cc1cc(I)c(Oc2cc(I)c(O)c(I)c2)c(I)c1)C(=O)O,L-thyroxine,2,24
7306,NC(Cc1cc(I)c(Oc2cc(I)c(OS(=O)(=O)O)c(I)c2)c(I)c1)C(=O)O,thyroxine sulfate,2,28
7307,NC(Cc1cc(I)c(Oc2ccc(O)c(I)c2)c(I)c1)C(=O)O,"3,3',5-triiodo-L-thyronine",4,23
7308,NC(Cc1cc(I)c(Oc2ccc(OS(=O)(=O)O)c(I)c2)c(I)c1)C(=O)O,"3,3',5-triiodo-L-thyronine sulfate",2,27
7309,NC(Cc1ccc(O)c(O)c1)C(=O)O,L-dopa,26,14
7310,NC(Cc1ccc(O)cc1)C(=O)NCC(=O)NCC(=O)O,L-tyrosylglycylglycine,4,21
7311,NC(Cc1ccc(O)cc1)C(=O)O,L-tyrosine,62,13
7312,NC(Cc1ccc(OP(=O)(O)O)cc1)C(=O)O,4-O-phospho-L-tyrosine,2,17
7313,NC(Cc1ccc(Oc2cc(I)c(O)c(I)c2)c(I)c1)C(=O)O,"3,3',5'-triiodo-L-thyronine",2,23
7314,NC(Cc1ccc(Oc2cc(I)c(OS(=O)(=O)O)c(I)c2)c(I)c1)C(=O)O,"3,3',5'-triiodo-L-thyronine sulfate",2,27
7315,NC(Cc1ccc(Oc2ccc(O)c(I)c2)c(I)c1)C(=O)O,"3,3'-diiodo-L-thyronine",2,22
7316,NC(Cc1ccc(Oc2ccc(OS(=O)(=O)O)c(I)c2)c(I)c1)C(=O)O,"3,3'-diiodo-L-thyronine sulfate",2,26
7317,NC(Cc1cccc(O)c1)C(=O)O,3-hydroxy-L-phenylalanine,2,13
7318,NC(Cc1ccccc1)C(=O)NC(Cc1c[nH]cn1)C(=O)O,,1,22
7319,NC(Cc1ccccc1)C(=O)NC(Cc1cnc[nH]1)C(=O)O,L-phenylalanyl-L-histidine,1,22
7320,NC(Cc1ccccc1)C(=O)O,D-phenylalanine,80,12
7321,NC(Cc1cnc[nH]1)C(=O)N1CCCC1C(=O)O,,1,18
7322,NC(Cc1cnc[nH]1)C(=O)O,,7,11
7323,NC(Cn1ccc(=O)[nH]c1=O)C(=O)O,3-(uracil-1-yl)-L-alanine,1,14
7324,NC(Cn1ccc(=O)c(O)c1)C(=O)O,L-mimosine,2,14
7325,NC(Cn1ccc(=O)o1)C(=O)O,3-(5-oxoisoxazolin-2-yl)-L-alanine,1,12
7326,NC(Cn1cccn1)C(=O)O,3-(pyrazol-1-yl)-L-alanine,2,11
7327,NC(N)=O,urea,40,4
7328,NC1(C(=O)O)CC1,1-aminocyclopropane-1-carboxylate,6,7
7329,NC1C(=O)NC2Cc3ccc(c(Cl)c3)Oc3cc4cc(c3O)Oc3ccc(cc3Cl)C(O)C3NC(=O)C(NC(=O)C4NC(=O)C(NC2=O)c2cc(O)cc(c2)Oc2cc1ccc2O)c1cc(Cl)c(O)c(c1)-c1c(O)cc(O)cc1C(C(=O)O)NC3=O,desulfo-A47934,2,86
7330,NC1C(=O)NC2Cc3ccc(c(Cl)c3)Oc3cc4cc(c3O)Oc3ccc(cc3Cl)C(O)C3NC(=O)C(NC(=O)C4NC(=O)C(NC2=O)c2cc(O)cc(c2)Oc2cc1ccc2OS(=O)(=O)O)c1cc(Cl)c(O)c(c1)-c1c(O)cc(O)cc1C(C(=O)O)NC3=O,A47934,2,90
7331,NC1C(=O)OC(COP(=O)(O)O)C(O)C1O,"2-amino-2-deoxy-6-phospho-D-glucono-1,5-lactone",2,16
7332,NC1C(C(=O)O)=CC=CC1O,"(5S,6S)-6-amino-5-hydroxycyclohexa-1,3-diene-1-carboxyate",2,11
7333,NC1C(O)C(CO)OC(OP(=O)(O)OP(=O)(O)OCC2OC(n3ccc(=O)[nH]c3=O)C(O)C2O)C1O,UDP-alpha-D-kanosamine,10,36
7334,NC1C(O)C(O)C(O)C(O)C1O,1-amino-1-deoxy-scyllo-inositol,4,12
7335,NC1C(O)C(O)C(OP(=O)(O)O)C(O)C1O,1-amino-1-deoxy-scyllo-inositol 4-phosphate,4,16
7336,NC1C(O)C(O)OC(CO)C1O,kanosamine,4,12
7337,NC1C(O)C(O)OC(COP(=O)(O)O)C1O,D-kanosamine 6-phosphate,6,16
7338,NC1C(O)OC(CO)C(O)C1O,D-glucosamine,17,12
7339,NC1C(O)OC(COP(=O)(O)O)C(O)C1O,D-glucosamine 6-phosphate,15,16
7340,NC1C(OC(CC(=O)O)C(=O)O)OC(CO)C(O)C1O,(S)-malyl alpha-D-glucosaminide,4,20
7341,NC1C(OC2C(O)C(O)C(O)C(O)C2O)OC(CO)C(O)C1O,6-(alpha-D-glucosaminyl)-1D-myo-inositol,6,23
7342,NC1C(OP(=O)(O)O)OC(CO)C(O)C1O,alpha-D-glucosamine 1-phosphate,4,16
7343,NC1C=CC(CC(=O)C(=O)O)(C(=O)O)C=C1,4-amino-4-deoxyprephenate,4,16
7344,NC1CC(=O)C(O)C(O)C1O,"3-amino-2,3-dideoxy-scyllo-inosose",8,11
7345,NC1CC(COP(=O)(O)O)C(O)C(O)C1O,validamine 7-phosphate,2,16
7346,NC1CC(N)C(O)C(O)C1O,2-deoxystreptamine,6,11
7347,NC1CC(N)C(OC2OC(C=O)C(O)C(O)C2N)C(O)C1O,6'-oxoparomamine,4,22
7348,NC1CC(N)C(OC2OC(C=O)C(O)C(O)C2O)C(O)C1O,2'-deamino-2'-hydroxy-6'-dehydroparomamine,2,22
7349,NC1CC(N)C(OC2OC(CO)C(O)C(N)C2O)C(O)C1OC1OC(CO)C(O)C(O)C1N,kanamycin C,2,33
7350,NC1CC(N)C(OC2OC(CO)C(O)C(O)C2N)C(O)C1O,paromamine,8,22
7351,NC1CC(N)C(OC2OC(CO)C(O)C(O)C2O)C(O)C1O,2'-deamino-2'-hydroxyparomamine,6,22
7352,NC1CC(N)C(OC2OC(CO)C(O)C(O)C2O)C(O)C1OC1OC(CO)C(O)C(N)C1O,kanamycin X,2,33
7353,NC1CC(N)C(OC2OC(CO)C(O)C(O)C2O)C(O)C1OC1OC(CO)C(O)C(O)C1N,3''-deamino-3''-hydroxykanamycin C,2,33
7354,NC1CC(N)C(OC2OC(CO)C(O)C(O)C2O)C(O)C1OC1OC(CO)C(O)C(O)C1O,3''-deamino-3''-hydroxykanamycin X,2,33
7355,NC1CC(O)C(O)C(O)C1O,2-deoxy-scyllo-inosamine,8,11
7356,NC1CCCC1,cyclopentylamine,2,6
7357,NC1CCCCC1,cyclohexylamine,8,7
7358,NC1CCCCC1O,2-aminocyclohexanol,2,8
7359,NC1CCCCNC1=O,L-2-aminohexano-6-lactam,2,9
7360,NC1COC(OP(=O)(O)OP(=O)(O)OCC2OC(n3ccc(=O)[nH]c3=O)C(O)C2O)C(O)C1O,UDP-4-amino-4-deoxy-beta-L-arabinose,6,34
7361,NC1OC(COP(=O)(O)O)C(O)C1O,5-phospho-beta-D-ribosylamine,4,14
7362,NC=CC(=O)O,(Z)-3-aminoacrylate,6,6
7363,NC=O,formamide,6,3
7364,NCC(=O)CCC(=O)O,5-aminolevulinate,8,9
7365,NCC(=O)COP(=O)(O)O,3-amino-2-oxopropyl phosphate,2,10
7366,NCC(=O)N1CCCC1C(=O)O,glycyl-L-proline,4,12
7367,NCC(=O)NC(=Cc1ccccc1)C(=O)O,glycyldehydrophenylalanine,2,16
7368,NCC(=O)NC(CC(N)=O)C(=O)O,glycyl-L-asparagine,4,13
7369,NCC(=O)NC(CCC(=O)O)C(=O)O,glycyl-L-glutamate,4,14
7370,NCC(=O)NC(CCC(N)=O)C(=O)O,glycyl-L-glutamine,4,14
7371,NCC(=O)NC(Cc1c[nH]cn1)C(=O)O,glycyl-L-histidine,2,15
7372,NCC(=O)NC1OC(COP(=O)(O)O)C(O)C1O,N(1)-(5-phospho-beta-D-ribosyl)glycinamide,6,18
7373,NCC(=O)NCC(=O)O,glycylglycine,2,9
7374,NCC(=O)O,glycine,222,5
7375,NCC(=O)OP(=O)(O)OCC1OC(n2cnc3c(N)ncnc32)C(O)C1O,glycyl-5'-AMP,4,27
7376,NCC(CCC(N)C(=O)O)OP(=O)(O)O,(5R)-5-phosphooxy-L-lysine,4,15
7377,NCC(N)C(=O)O,"(S)-2,3-diaminopropanoate",12,7
7378,NCC(NC(=O)C1OC1C(N)=O)C(=O)O,"3-[[[(2R,3R)-3-carboxyoxiran-2-yl]carbonyl]amino]-L-alanine",2,15
7379,NCC(O)C1OC(O)(C(=O)O)CC(O)C1O,"8-amino-3,8-dideoxy-alpha-D-manno-octulosonate",4,16
7380,NCC(O)C1OC(OP(=O)(O)OCC2OC(n3ccc(N)nc3=O)C(O)C2O)(C(=O)O)CC(O)C1O,"CMP-8-amino-3,8-dideoxy-alpha-D-manno-oct-2-ulosonate",2,36
7381,NCC(O)CC(=O)O,4-amino-3-hydroxybutanoate,2,8
7382,NCC(O)CCC(N)C(=O)O,(5R)-5-hydroxy-L-lysine,2,11
7383,NCC(O)P(=O)(O)O,(1R)-(2-amino-1-hydroxyethyl)phosphonate,4,8
7384,NCC(O)c1ccc(O)c(O)c1,(R)-noradrenaline,10,12
7385,NCC(O)c1ccc(O)cc1,octopamine,8,11
7386,NCC(O)c1ccccc1,phenylethanolamine,2,10
7387,NCC1CCC(C(=O)Oc2ccc(CCC(=O)O)cc2)CC1,cetraxate,2,22
7388,NCC1CCC(C(=O)Oc2ccc(CCC(=O)OCc3ccccc3)cc2)CC1,benzyl cetraxate,2,29
7389,NCC1OC(OC2C(CO)OC(OC3C(O)C(N)CC(N)C3OC3OC(CN)C(O)C(O)C3N)C2O)C(N)C(O)C1O,neomycin C,2,42
7390,NCC1OC(OC2C(N)CC(N)C(O)C2O)C(N)C(O)C1O,neamine,8,22
7391,NCC1OC(OC2C(N)CC(N)C(O)C2O)C(O)C(O)C1O,2'-deamino-2'-hydroxyneamine,6,22
7392,NCC1OC(OC2C(N)CC(N)C(O)C2OC2OC(CO)C(O)C2O)C(N)C(O)C1O,ribostamycin,6,31
7393,NCC1OC(OC2C(N)CC(N)C(O)C2OC2OC(CO)C(OC3OC(C=O)C(O)C(O)C3N)C2O)C(N)C(O)C1O,6'''-deamino-6'''-oxoneomycin C,4,42
7394,NCC1OC(OC2C(N)CC(N)C(O)C2OC2OC(CO)C(OC3OC(CO)C(O)C(O)C3N)C2O)C(N)C(O)C1O,6'''-deamino-6'''-hydroxyneomycin C,4,42
7395,NCC1OC(OC2C(N)CC(N)C(O)C2OC2OC(COP(=O)(O)O)C(O)C2O)C(N)C(O)C1O,5''-phosphoribostamycin,4,35
7396,NCC1OC(OC2C(N)CC(N)C(OC3OC(CO)C(O)C(N)C3O)C2O)C(=O)C(O)C1O,2'-dehydrokanamycin A,4,33
7397,NCC1OC(OC2C(N)CC(N)C(OC3OC(CO)C(O)C(N)C3O)C2O)C(N)C(O)C1O,kanamycin B,6,33
7398,NCC1OC(OC2C(N)CC(N)C(OC3OC(CO)C(O)C(N)C3O)C2O)C(N)CC1O,tobramycin,2,32
7399,NCC1OC(OC2C(N)CC(N)C(OC3OC(CO)C(O)C(N)C3O)C2O)C(O)C(O)C1O,kanamycin A,8,33
7400,NCC1OC(OC2C(N)CC(N)C(OC3OC(CO)C(O)C(N)C3O)C2O)C(O)C(OP(=O)(O)O)C1O,kanamycin 3'-phosphate,2,37
7401,NCC1OC(OC2C(N)CC(N)C(OC3OC(CO)C(O)C(O)C3O)C2O)C(N)C(O)C1O,3''-deamino-3''-hydroxykanamycin B,2,33
7402,NCC1OC(OC2C(N)CC(N)C(OC3OC(CO)C(O)C(O)C3O)C2O)C(O)C(O)C1O,kanamycin D,2,33
7403,NCC1OC(OC2C(N)CC(N)C(OC3OC(COC(N)=O)C(O)C(N)C3O)C2O)C(N)CC1O,nebramycin 5',2,35
7404,NCC1OC(OC2C(N)CC(N)C(OC3OC(COC(N)=O)C(O)C(N)C3O)C2O)C(O)C(O)C1O,6''-O-carbamoylkanamycin A,2,36
7405,NCC1OC(OC2C(N)CC(NC(=O)C(O)CCNC(=O)CCC(N)C(=O)O)C(O)C2OC2OC(CO)C(O)C2O)C(N)C(O)C1O,gamma-L-glutamyl-butirosin B,4,47
7406,NCC=C1OC2CC(=O)N2C1C(=O)O,clavaminate,2,14
7407,NCC=O,aminoacetaldehyde,10,4
7408,NCCC(=O)NC(Cc1c[nH]cn1)C(=O)O,carnosine,4,16
7409,NCCC(=O)NC(Cc1cnc[nH]1)C(=O)O,,2,16
7410,NCCC(=O)NCCc1c[nH]c2ccccc12,beta-alanyl-tryptamine,4,17
7411,NCCC(=O)NCCc1c[nH]cn1,carcinine,6,13
7412,NCCC(=O)NCCc1ccc(O)c(O)c1,beta-alanyl-dopamine,6,16
7413,NCCC(=O)O,beta-alanine,62,6
7414,NCCC(=O)OP(=O)(O)OCC1OC(n2cnc3c(N)ncnc32)C(O)C1O,beta-alanyl-5'-AMP,4,28
7415,NCCC(=O)c1cc(O)ccc1N,5-hydroxykynurenamine,2,13
7416,NCCC(=O)c1ccccc1N,kynuramine,2,12
7417,NCCC(N)=O,beta-alaninamide,2,6
7418,NCCC(N)C(=O)O,"L-2,4-diaminobutanoate",10,8
7419,NCCC(O)C(=O)NC1CC(N)C(OC2OC(CN)C(O)C(O)C2N)C(OC2OC(CO)C(O)C2O)C1O,butirosin B,2,38
7420,NCCC(O)C(=O)O,2-hydroxy-4-aminobutanoate,2,8
7421,NCCC(O)C(C(=O)O)N1CCC1=O,proclavaminate,4,14
7422,NCCC(O)C(N)C(=O)O,(3S)-3-hydroxy-L-ornithine,2,10
7423,NCCC(O)CC(N)C(=O)O,(4R)-4-hydroxy-L-lysine,2,11
7424,NCCC1OC2CC(=O)N2C1C(=O)O,dihydroclavaminate,4,14
7425,NCCC=O,3-aminopropanal,16,5
7426,NCCCC(=O)C(=O)O,5-amino-2-oxopentanoate,6,9
7427,NCCCC(=O)NC(CCCN)C(=O)O,N(2)-(4-aminobutanoyl)-L-ornithine,2,15
7428,NCCCC(=O)NC(Cc1c[nH]cn1)C(=O)O,L-homocarnosine,4,17
7429,NCCCC(=O)O,4-aminobutanoate,34,7
7430,NCCCC(N)C(=O)O,L-ornithine,76,9
7431,NCCCC(N)CC(=O)NC1C(N=C2NC(C(=O)O)C(C(O)CN)N2)OC(CO)C(OC(N)=O)C1O,streptothricin F acid,2,36
7432,NCCCC(N)CC(=O)NC1C(N=C2NC3C(=O)NCC(O)C3N2)OC(CO)C(OC(N)=O)C1O,streptothricin F,4,35
7433,NCCCC(N)CC(=O)NCCCC(N)CC(=O)NCCCC(N)CC(=O)NC1C(N=C2NC(C(=O)O)C(C(O)CN)N2)OC(CO)C(OC(N)=O)C1O,streptothricin D acid,2,54
7434,NCCCC(N)CC(=O)NCCCC(N)CC(=O)NCCCC(N)CC(=O)NC1C(N=C2NC3C(=O)NCC(O)C3N2)OC(CO)C(OC(N)=O)C1O,streptothricin D,4,53
7435,NCCCC(N)CC(=O)O,"(3S)-3,6-diaminohexanoate",6,10
7436,NCCCC(NC(=O)CCC(=O)O)C(=O)O,N(2)-succinyl-L-ornithine,6,16
7437,NCCCC(NC(=O)CCN)C(=O)O,beta-alanyl-L-ornithine,4,14
7438,NCCCC(O)C(N)C(=O)O,(3S)-3-hydroxy-L-lysine,2,11
7439,NCCCC=NCCCN,dehydrospermidine,2,10
7440,NCCCC=O,4-aminobutanal,14,6
7441,NCCCCC(=O)C(=O)O,6-amino-2-oxohexanoate,8,10
7442,NCCCCC(=O)O,5-aminopentanoate,8,8
7443,NCCCCC(N)=O,5-aminopentanamide,4,8
7444,NCCCCC(N)C(=O)N1CCCC1C(=O)O,L-lysyl-L-proline,2,17
7445,NCCCCC(N)C(=O)O,L-lysine,98,10
7446,NCCCCC(N)C(=O)OP(=O)(O)OCC1OC(n2cnc3c(N)ncnc32)C(O)C1O,L-lysyl-5'-AMP,8,32
7447,NCCCCC(NC(=O)CCCN)C(=O)O,N(2)-(4-aminobutanoyl)-L-lysine,2,16
7448,NCCCCC(NC(=O)CCN)C(=O)O,beta-alanyl-L-lysine,4,15
7449,NCCCCC=O,5-aminopentanal,8,7
7450,NCCCCCC(=O)NCCCCCC(=O)O,N-(6-aminohexanoyl)-6-aminohexanoate,4,17
7451,NCCCCCC(=O)O,6-aminohexanoate,4,9
7452,NCCCCCN,cadaverine,14,7
7453,NCCCCCN(O)C(=O)CCC(=O)NCCCCCN(O)C(=O)CCC(=O)O,bisucaberin B,4,29
7454,NCCCCCN(O)C(=O)CCC(=O)O,N-(3-carboxypropanoyl)-N-hydroxycadaverine,2,15
7455,NCCCCCNC(=O)CCC(N)C(=O)O,gamma-L-glutamylcadaverine,2,16
7456,NCCCCCNCC(=O)C(CO)OP(=O)(O)O,N-(3-O-phospho-D-erythrulosyl)-cadaverine,2,18
7457,NCCCCCNCC(=O)C(O)C(O)CO,N-(D-ribulosyl)-cadaverine,2,16
7458,NCCCCCNCC(=O)C(O)CO,N-(D-erythrulosyl)-cadaverine,2,14
7459,NCCCCCNCC(=O)C(OP(=O)(O)O)C(O)CO,N-(3-O-phospho-D-ribulosyl)-cadaverine,2,20
7460,NCCCCCNCCCN,aminopropylcadaverine,2,11
7461,NCCCCN,putrescine,42,6
7462,NCCCCN(CCCN)CCCN,N(4)-aminopropylspermidine,4,14
7463,NCCCCN(O)C(=O)CCC(=O)NCCCCN(O)C(=O)CCC(=O)O,pre-putrebactin,4,27
7464,NCCCCN(O)C(=O)CCC(=O)O,N-(3-carboxypropanoyl)-N-hydroxyputrescine,2,14
7465,NCCCCNC(=O)C=Cc1ccc(O)c(O)c1,N-caffeoylputrescine,2,18
7466,NCCCCNC(=O)CCC(N)C(=O)O,gamma-L-glutamylputrescine,4,15
7467,NCCCCNC(N)=O,N-carbamoylputrescine,6,9
7468,NCCCCNCCC(=O)O,N-(2-carboxyethyl)putrescine,2,11
7469,NCCCCNCCC(N)C(=O)O,carboxyspermidine,4,13
7470,NCCCCNCCC=O,N-(4-aminobutyl)-3-aminopropanal,8,10
7471,NCCCCNCCCCN,sym-homospermidine,6,11
7472,NCCCCNCCCN,spermidine,52,10
7473,NCCCCNCCCNC(=O)CNC(=O)C(CS)NC(=O)CCC(N)C(=O)O,glutathionylspermidine,6,29
7474,NCCCCNCCCNCCCN,thermospermine,4,14
7475,NCCCCNO,N-hydroxyputrescine,4,7
7476,NCCCC[N+](CCCN)(CCCN)CCCN,N(4)-bis(aminopropyl)spermidine,2,18
7477,NCCCC[N+]1=CCCC1,N-(4-aminobutylpyrrolinium) ion,2,10
7478,NCCCN,"propane-1,3-diamine",22,5
7479,NCCCNCCC(N)C(=O)O,carboxynorspermidine,4,12
7480,NCCCNCCCC=O,N-(3-aminopropyl)-4-aminobutanal,2,10
7481,NCCCNCCCCN(CCCN)CCCN,N(4)-aminopropylspermine,2,18
7482,NCCCNCCCCNC(=O)CC(O)(CC(=O)NCCCCNCCCN)C(=O)O,"N(8),N'(8)-citryl-bis(spermidine)",4,31
7483,NCCCNCCCCNC(=O)CC(O)(CC(=O)NCCCCNCCCNC(=O)c1ccc(O)c(O)c1)C(=O)O,"N(1)-(3,4-dihydroxybenzoyl)-N(8),N'(8)-citryl-bis(spermidine)",4,41
7484,NCCCNCCCCNC(=O)CC(O)(CC(=O)O)C(=O)O,N(8)-citryl-spermidine,6,22
7485,NCCCNCCCCNC(=O)CCC(N)C(=O)O,gamma-L-glutamylspermidine,2,19
7486,NCCCNCCCCNCCC(=O)O,N-(2-carboxyethyl)spermidine,2,15
7487,NCCCNCCCCNCCC=O,spermine monoaldehyde,6,14
7488,NCCCNCCCCNCCCN,spermine,16,14
7489,NCCCNCCCCNCCCNC(=O)CCC(N)C(=O)O,gamma-L-glutamylspermine,2,23
7490,NCCCNCCCN,norspermidine,8,9
7491,NCCCNCCCNCCCN,norspermine,6,13
7492,NCCCNCCCNCCCNCCCN,caldopentamine,2,17
7493,NCCCP(=O)(O)OP(=O)(O)OCC1OC(n2ccc(N)nc2=O)C(O)C1O,CMP-5'-(3-aminopropyl)phosphonate,4,28
7494,NCCCc1ccccc1,3-phenylpropylamine,2,10
7495,NCCNC(=O)CC(O)(CC(=O)NCC(N)C(=O)O)C(=O)O,2-[(L-alanin-3-ylcarbamoyl)methyl]-3-(2-aminoethylcarbamoyl)-2-hydroxypropanoate,4,22
7496,NCCNC(=O)CC(O)(CC(=O)O)C(=O)O,2-[(2-aminoethylcarbamoyl)methyl]-2-hydroxybutanedioate,4,16
7497,NCCO,ethanolamine,72,4
7498,NCCOCC(N)C(=O)O,O-(2-aminoethyl)-L-serine,2,10
7499,NCCOP(=O)(O)O,phosphoethanolamine,42,8
7500,NCCOP(=O)(O)OCC(N)C(=O)O,L-serine-phosphoethanolamine,4,14
7501,NCCOP(=O)(O)OCC(O)CO,sn-glycero-3-phosphoethanolamine,22,13
7502,NCCOP(=O)(O)OP(=O)(O)OCC1OC(n2ccc(N)nc2=O)C(O)C1O,CDP-ethanolamine,20,28
7503,NCCP(=O)(O)O,(2-aminoethyl)phosphonate,10,7
7504,NCCP(=O)(O)OP(=O)(O)OCC1OC(n2ccc(N)nc2=O)C(O)C1O,CMP-(2-aminoethyl)phosphonate,2,27
7505,NCCS,cysteamine,8,4
7506,NCCS(=O)(=O)O,taurine,70,7
7507,NCCS(=O)O,hypotaurine,10,6
7508,NCCSCC(N)C(=O)O,S-(2-aminoethyl)-L-cysteine,4,10
7509,NCCSCCC(N)C(=O)O,S-(2-aminoethyl)-homocysteine,2,11
7510,NCCc1c[nH]c2ccc(O)cc12,serotonin,22,13
7511,NCCc1c[nH]c2cccc(O)c12,4-hydroxytryptamine,2,13
7512,NCCc1c[nH]c2cccc(OP(=O)(O)O)c12,norbaeocystin,6,17
7513,NCCc1c[nH]c2ccccc12,tryptamine,14,12
7514,NCCc1c[nH]cn1,histamine,16,8
7515,NCCc1ccc(O)c(O)c1,dopamine,40,11
7516,NCCc1ccc(O)c(OS(=O)(=O)O)c1,dopamine 3-O-sulfate,2,15
7517,NCCc1ccc(O)c([N+](=O)[O-])c1,3-nitrotyramine,2,13
7518,NCCc1ccc(O)cc1,tyramine,22,10
7519,NCCc1ccc(OS(=O)(=O)O)c(O)c1,dopamine 4-O-sulfate,2,15
7520,NCCc1ccccc1,2-phenylethylamine,10,9
7521,NCNC(N)=O,N-(aminomethyl)urea,4,6
7522,NCP(=O)(O)O,aminomethylphosphonate,6,6
7523,NCc1[nH]cc(CCC(=O)O)c1CC(=O)O,porphobilinogen,4,16
7524,NCc1c[nH]c2ccccc12,3-(aminomethyl)indole,4,11
7525,NCc1c[nH]c2nc(N)[nH]c(=O)c12,7-aminomethyl-7-carbaguanine,2,13
7526,NCc1cc(COP(=O)(O)O)co1,[5-(aminomethyl)-3-furyl]methyl phosphate,4,13
7527,NCc1cc(COP(=O)(O)OP(=O)(O)O)co1,[5-(aminomethyl)furan-3-yl]methyl diphosphate,4,17
7528,NCc1cc(COc2ccc(CCNC(=O)CCC(N)C(=O)O)cc2)co1,(4-{4-[2-(gamma-L-glutamylamino)ethyl]phenoxymethyl}furan-2-yl)methanamine,2,27
7529,NCc1cc(COc2ccc(CCNC(=O)CCC(NC(=O)CCC(NC(=O)CCC(C(=O)O)C(CCC(=O)O)C(=O)O)C(=O)O)C(=O)O)cc2)co1,methanofuran,4,53
7530,NCc1ccccc1,benzylamine,8,8
7531,NO,hydroxylamine,8,2
7532,NOCCC(N)C(=O)O,L-canaline,2,9
7533,NP(=O)(O)O,phosphoramidate,2,5
7534,NS(=O)(=O)CC(=O)O,2-sulfamoylacetate,2,8
7535,Nc1[nH]c(=O)[nH]c(=O)c1N,"5,6-diaminouracil",2,10
7536,Nc1c(C(=O)NC(CC(=O)O)C(=O)O)ncn1C1OC(CO)C(O)C1O,(2S)-2-[5-amino-1-(beta-D-ribosyl)imidazole-4-carboxamido]succinate,2,26
7537,Nc1c(C(=O)NC(CC(=O)O)C(=O)O)ncn1C1OC(COP(=O)(O)O)C(O)C1O,(2S)-2-[5-amino-1-(5-phospho-beta-D-ribosyl)imidazole-4-carboxamido]succinate,4,30
7538,Nc1c(C(=O)O)ncn1C1OC(COP(=O)(O)O)C(O)C1O,5-amino-1-(5-phospho-D-ribosyl)imidazole-4-carboxylate,6,22
7539,Nc1c(NC2OC(COP(=O)(O)O)C(O)C2O)[nH]c(=O)[nH]c1=O,5-amino-6-(5-phospho-D-ribosylamino)uracil,4,23
7540,Nc1c(NCC(O)C(O)C(O)CO)[nH]c(=O)[nH]c1=O,5-amino-6-(D-ribitylamino)uracil,8,19
7541,Nc1c(NCC(O)C(O)C(O)COP(=O)(O)O)[nH]c(=O)[nH]c1=O,5-amino-6-(5-phospho-D-ribitylamino)uracil,4,23
7542,Nc1c(O)c2ccc(O)cc2oc1=O,"3-amino-4,7-dihydroxycoumarin",2,14
7543,Nc1c(O)ccc(C(=O)O)c1O,"3-amino-2,4-dihydroxybenzoate",4,12
7544,Nc1c(O)cccc1C(=O)CC(=O)C(=O)O,"4-(2-amino-3-hydroxyphenyl)-2,4-dioxobutanoate",16,16
7545,Nc1c(O)cccc1C(=O)CC(N)C(=O)O,3-hydroxy-L-kynurenine,20,16
7546,Nc1c(O)cccc1C(=O)O,3-hydroxyanthranilate,6,11
7547,Nc1c2ncn3c2nc[n+]1C1OC(COP(=O)(O)OP(=O)(O)OCC2OC3C(OP(=O)(O)O)C2O)C(O)C1O,2'-phospho-cyclic ADP-ribose,4,39
7548,Nc1c2sscc-2[nH]c1=O,holothin,4,10
7549,Nc1cc(C(=O)O)ccc1O,3-amino-4-hydroxybenzoate,4,11
7550,Nc1cc(C=O)ccc1O,3-amino-4-hydroxybenzaldehyde,2,10
7551,Nc1cc(O)cc(C(=O)O)c1,3-amino-5-hydroxybenzoate,2,11
7552,Nc1cc(O)ccc1O,aminohydroquinone,2,9
7553,Nc1cc[nH]c(=O)n1,cytosine,12,8
7554,Nc1ccc(C(=O)NC(CCC(=O)O)C(=O)O)cc1,N-(4-aminobenzoyl)-L-glutamate,2,19
7555,Nc1ccc(C(=O)O)c(O)c1,4-aminosalicylate,2,11
7556,Nc1ccc(C(=O)O)cc1,4-aminobenzoate,18,10
7557,Nc1ccc(C2OC(COP(=O)(O)O)C(O)C2O)cc1,4-(beta-D-ribofuranosyl)aminobenzene 5'-phosphate,4,20
7558,Nc1ccc(CC(=O)C(=O)O)cc1,3-(4-aminophenyl)pyruvate,4,13
7559,Nc1ccc(CC(N)C(=O)O)cc1,4-amino-L-phenylalanine,6,13
7560,Nc1ccc(Cl)c(Cl)c1,"3,4-dichloroaniline",2,9
7561,Nc1ccc(Cl)cc1O,2-amino-5-chlorophenol,2,9
7562,Nc1ccc(O)c(C(=O)O)c1,5-amino-2-hydroxybenzoate,2,11
7563,Nc1ccc(O)cc1,4-aminophenol,4,8
7564,Nc1ccc(O)cc1C(=O)CC(N)C(=O)O,5-hydroxy-L-kynurenine,2,16
7565,Nc1ccc(O)cc1C(=O)O,5-hydroxyanthranilate,4,11
7566,Nc1ccc([N+](=O)[O-])cc1,4-nitroaniline,4,10
7567,Nc1ccc([N+](=O)[O-])cc1C(=O)O,5-nitroanthranilate,2,13
7568,Nc1ccccc1,aniline,12,7
7569,Nc1ccccc1-c1cccc(O)c1O,"2'-aminobiphenyl-2,3-diol",2,15
7570,Nc1ccccc1C(=O)C(=O)O,isatinate,2,12
7571,Nc1ccccc1C(=O)C=CC=C(O)C(=O)O,"(2E,4E)-6-(2-aminophenyl)-2-hydroxy-6-oxohexa-2,4-dienoate",2,17
7572,Nc1ccccc1C(=O)CC(=O)C(=O)O,"4-(2-aminophenyl)-2,4-dioxobutanoate",30,15
7573,Nc1ccccc1C(=O)CC(=O)O,(2-aminobenzoyl)acetate,4,13
7574,Nc1ccccc1C(=O)CC(N)C(=O)O,L-kynurenine,36,15
7575,Nc1ccccc1C(=O)CC=O,3-(2-aminophenyl)-3-oxopropanal,4,12
7576,Nc1ccccc1C(=O)O,anthranilate,33,10
7577,Nc1ccccc1C(=O)OP(=O)(O)OCC1OC(n2cnc3c(N)ncnc32)C(O)C1O,2-aminobenzoyl-AMP,4,32
7578,Nc1ccccc1C(CC(=O)O)C(=O)O,(2-aminophenyl)succinate,4,15
7579,Nc1ccccc1O,2-aminophenol,4,8
7580,Nc1ccccc1S(=O)(=O)O,2-aminobenzenesulfonate,2,11
7581,Nc1ccn(C2CC(O)C(CO)O2)c(=O)n1,2'-deoxycytidine,14,16
7582,Nc1ccn(C2CC(O)C(COP(=O)(O)O)O2)c(=O)n1,dCMP,22,20
7583,Nc1ccn(C2CC(O)C(COP(=O)(O)OP(=O)(O)O)O2)c(=O)n1,dCDP,14,24
7584,Nc1ccn(C2CC(O)C(COP(=O)(O)OP(=O)(O)OP(=O)(O)O)O2)c(=O)n1,dCTP,20,28
7585,Nc1ccn(C2OC(CO)C(O)C2O)c(=O)n1,cytidine,18,17
7586,Nc1ccn(C2OC(CO)C(O)C2O)c(=S)n1,2-thiocytidine,2,17
7587,Nc1ccn(C2OC(CO)C(O)C2OP(=O)(O)O)c(=O)n1,cytidine 2'-phosphate,4,21
7588,Nc1ccn(C2OC(CO)C(OP(=O)(O)O)C2O)c(=O)n1,3'-CMP,4,21
7589,Nc1ccn(C2OC(CO)C3OP(=O)(O)OC32)c(=O)n1,"2',3'-cyclophospho-CMP",4,20
7590,Nc1ccn(C2OC(COP(=O)(O)O)C(O)C2O)c(=O)n1,CMP,266,21
7591,Nc1ccn(C2OC(COP(=O)(O)O)C(O)C2O)c(=S)n1,2-thiocytidine 5'-phosphate,2,21
7592,Nc1ccn(C2OC(COP(=O)(O)OC3(C(=O)O)CC(O)C(O)C(C(O)C(O)CO)O3)C(O)C2O)c(=O)n1,CMP-beta-3-deoxy-D-glycero-beta-D-galacto-non-2-ulopyranosonate,2,38
7593,Nc1ccn(C2OC(COP(=O)(O)OC3(C(=O)O)CC(O)C(O)C(C(O)CO)O3)C(O)C2O)c(=O)n1,CMP-3-deoxy-beta-D-manno-octulosonate,22,36
7594,Nc1ccn(C2OC(COP(=O)(O)OC3C(COP(=O)(O)OC4C(CO)OC(n5cnc6c(=O)[nH]c(N)nc65)C4O)OC(n4ccc(N)nc4=O)C3O)C(OP(=O)(O)OCC3OC(n4cnc5c(N)ncnc54)C(O)C3O)C2O)c(=O)n1,GpCpCpA,2,82
7595,Nc1ccn(C2OC(COP(=O)(O)OP(=O)(O)C(=O)O)C(O)C2O)c(=O)n1,CMP-5'-phosphonoformate,2,27
7596,Nc1ccn(C2OC(COP(=O)(O)OP(=O)(O)CCC(N)C(=O)O)C(O)C2O)c(=O)n1,CMP-5'-(3-amino-3-carboxypropyl)phosphonate,4,31
7597,Nc1ccn(C2OC(COP(=O)(O)OP(=O)(O)CCCNO)C(O)C2O)c(=O)n1,CMP-5'-(N-hydroxy-3-aminopropyl)phosphonate,4,29
7598,Nc1ccn(C2OC(COP(=O)(O)OP(=O)(O)CCO)C(O)C2O)c(=O)n1,cytidine 5'-{[hydroxy(2-hydroxyethyl)phosphonoyl]phosphate},2,27
7599,Nc1ccn(C2OC(COP(=O)(O)OP(=O)(O)NC(=O)CCC(N)C(=O)O)C(O)C2O)c(=O)n1,N(5)-(cytidine 5'-diphosphoramidyl)-L-glutamine,4,34
7600,Nc1ccn(C2OC(COP(=O)(O)OP(=O)(O)O)C(O)C2O)c(=O)n1,CDP,42,25
7601,Nc1ccn(C2OC(COP(=O)(O)OP(=O)(O)OC3C(O)C(O)C(O)C(O)C3O)C(O)C2O)c(=O)n1,CDP-1L-myo-inositol,4,36
7602,Nc1ccn(C2OC(COP(=O)(O)OP(=O)(O)OC3OC(CO)C(O)C(O)C3O)C(O)C2O)c(=O)n1,CDP-D-glucose,6,36
7603,Nc1ccn(C2OC(COP(=O)(O)OP(=O)(O)OCC(O)C(O)C(=O)CO)C(O)C2O)c(=O)n1,CDP-D-ribulose,2,34
7604,Nc1ccn(C2OC(COP(=O)(O)OP(=O)(O)OCC(O)C(O)C(O)C(=O)CO)C(O)C2O)c(=O)n1,CDP-6-keto-D-fructose,4,36
7605,Nc1ccn(C2OC(COP(=O)(O)OP(=O)(O)OCC(O)C(O)C(O)C(O)CO)C(O)C2O)c(=O)n1,CDP-6-D-glucitol,2,36
7606,Nc1ccn(C2OC(COP(=O)(O)OP(=O)(O)OCC(O)C(O)C(O)C=O)C(O)C2O)c(=O)n1,CDP-D-ribose,2,34
7607,Nc1ccn(C2OC(COP(=O)(O)OP(=O)(O)OCC(O)C(O)C(O)CO)C(O)C2O)c(=O)n1,CDP-L-ribitol,8,34
7608,Nc1ccn(C2OC(COP(=O)(O)OP(=O)(O)OCC(O)CO)C(O)C2O)c(=O)n1,CDP-glycerol,8,30
7609,Nc1ccn(C2OC(COP(=O)(O)OP(=O)(O)OCC3OC4Nc5nc(N)[nH]c(=O)c5NC4C(S)=C3S)C(O)C2O)c(=O)n1,Mo-molybdopterin cytosine dinucleotide,2,44
7610,Nc1ccn(C2OC(COP(=O)(O)OP(=O)(O)OP(=O)(O)O)C(O)C2O)c(=O)n1,CTP,108,29
7611,Nc1ccn(C2OC(COP(=O)(O)OP(N)(=O)O)C(O)C2O)c(=O)n1,cytidine 5'-diphosphoramidate,4,25
7612,Nc1ccn(C2OC(COP(=O)(O)OP(N)(=O)O)C(OP(=O)(O)O)C2O)c(=O)n1,cytidine 3'-phospho-5'-diphosphoramidate,2,29
7613,Nc1ccn(C2OC3COP(=O)(O)OC3C2O)c(=O)n1,"3',5'-cyclic CMP",4,20
7614,Nc1cncn1C1OC(CO)C(O)C1O,5-amino-1-(beta-D-ribosyl)imidazole,2,15
7615,Nc1cncn1C1OC(COP(=O)(O)O)C(O)C1O,5-amino-1-(5-phospho-beta-D-ribosyl)imidazole,6,19
7616,Nc1nc(=O)[nH]c2[nH]cnc12,,1,11
7617,Nc1nc(=O)[nH]c2c1ncn2C1CC(O)C(COP(=O)(O)O)O1,2-oxo-dAMP,4,23
7618,Nc1nc(=O)[nH]c2c1ncn2C1CC(O)C(COP(=O)(O)OP(=O)(O)O)O1,2-oxo-dADP,2,27
7619,Nc1nc(=O)[nH]c2c1ncn2C1CC(O)C(COP(=O)(O)OP(=O)(O)OP(=O)(O)O)O1,2-oxo-dATP,2,31
7620,Nc1nc(=O)[nH]c2c1ncn2C1OC(COP(=O)(O)O)C(O)C1O,2-oxo-AMP,2,24
7621,Nc1nc(=O)[nH]c2c1ncn2C1OC(COP(=O)(O)OP(=O)(O)OP(=O)(O)O)C(O)C1O,2-oxo-ATP,2,32
7622,Nc1nc(=O)[nH]c2nc[nH]c12,isoguanine,1,11
7623,Nc1nc(=O)c2[nH]c(=O)n(C3CC(O)C(COP(=O)(O)O)O3)c2[nH]1,,1,24
7624,Nc1nc(=O)n(C2CC(O)C(COP(=O)(O)O)O2)cc1CO,5-hydroxymethyl-dCMP,4,22
7625,Nc1nc(=O)n(C2OC(CO)C(O)C2O)cc1F,5-fluorocytidine,2,18
7626,Nc1nc(=O)n(C2OC(COP(=O)(O)O)C(O)C2O)cc1F,5-fluorocytidine 5'-phosphate,2,22
7627,Nc1nc(N)c(N)c(O)n1,"2,5,6-triamino-4-hydroxypyrimidine",2,10
7628,Nc1nc(N)c2ncn(C3CC(O)C(COP(=O)(O)O)O3)c2n1,dZMP,4,23
7629,Nc1nc(N)c2ncn(C3CC(O)C(COP(=O)(O)OP(=O)(O)O)O3)c2n1,dZDP,4,27
7630,Nc1nc(N)c2ncn(C3CC(O)C(COP(=O)(O)OP(=O)(O)OP(=O)(O)O)O3)c2n1,dZTP,2,31
7631,Nc1nc(N)nc(N)n1,melamine,2,9
7632,Nc1nc(N)nc(O)n1,ammeline,4,9
7633,Nc1nc(NC(CC(=O)O)C(=O)O)c2ncn(C3CC(O)C(COP(=O)(O)O)O3)c2n1,(2S)-2-amino-2'-deoxyadenylo-succinate,4,31
7634,Nc1nc(NC2OC(COP(=O)(O)O)C(O)C2O)c(N)c(=O)[nH]1,"2,5-diamino-6-(1-D-ribosylamino)pyrimidin-4(3H)-one 5'-phosphate",6,23
7635,Nc1nc(NC2OC(COP(=O)(O)O)C(O)C2O)c(NC=O)c(=O)[nH]1,2-amino-5-formylamino-6-(5-phospho-D-ribosylamino)pyrimidin-4(3H)-one,2,25
7636,Nc1nc(NCC(O)C(O)C(O)COP(=O)(O)O)c(N)c(=O)[nH]1,"2,5-diamino-6-(1-D-ribitylamino)pyrimidin-4(3H)-one 5'-phosphate",4,23
7637,Nc1nc(O)c(N)c(NC2OC(COP(=O)(O)O)C(O)C2O)n1,"2,5-diamino-6-hydroxy-4-(5-phosphoribosylamino)-pyrimidine",2,23
7638,Nc1nc(O)c2nccnc2n1,2-amino-4-hydroxypteridine,2,12
7639,Nc1nc(O)nc(O)n1,ammelide,2,9
7640,Nc1nc2[nH]cc(CNC3C=CC(O)C3O)c2c(=O)[nH]1,queuine,2,20
7641,Nc1nc2[nH]cnc2c(=O)[nH]1,guanine,8,11
7642,Nc1nc2c([nH]c(=O)n2C2CC(O)C(COP(=O)(O)O)O2)c(=O)[nH]1,8-oxo-dGMP,7,24
7643,Nc1nc2c([nH]c(=O)n2C2CC(O)C(COP(=O)(O)OP(=O)(O)O)O2)c(=O)[nH]1,8-oxo-dGDP,4,28
7644,Nc1nc2c([nH]c(=O)n2C2CC(O)C(COP(=O)(O)OP(=O)(O)OP(=O)(O)O)O2)c(=O)[nH]1,8-oxo-dGTP,6,32
7645,Nc1nc2c([nH]c(=O)n2C2OC(COP(=O)(O)O)C(O)C2O)c(=O)[nH]1,8-oxo-GMP,4,25
7646,Nc1nc2c([nH]c(=O)n2C2OC(COP(=O)(O)OP(=O)(O)O)C(O)C2O)c(=O)[nH]1,8-oxo-GDP,4,29
7647,Nc1nc2c([nH]c(=O)n2C2OC(COP(=O)(O)OP(=O)(O)OP(=O)(O)O)C(O)C2O)c(=O)[nH]1,8-oxo-GTP,4,33
7648,Nc1nc2c(c(=O)[nH]1)N(C=O)C(CNc1ccc(C(=O)NC(CCC(=O)O)C(=O)O)cc1)CN2,"(6S)-5-formyl-5,6,7,8-tetrahydrofolate",6,34
7649,Nc1nc2c(c(=O)[nH]1)N1CN(c3ccc(C(=O)NC(CCC(=O)O)C(=O)O)cc3)CC1CN2,"5,10-methylenetetrahydrofolate",26,33
7650,Nc1nc2c(c(=O)[nH]1)N1CN(c3ccc(CC(O)C(O)C(O)CO)cc3)CC1CN2,"5,10-methylenetetrahydrosulfopterin",2,30
7651,Nc1nc2c(c(=O)[nH]1)N=C(C(O)C(CO)OP(=O)(O)O)CN2,"7,8-dihydroneopterin 2'-phosphate",2,22
7652,Nc1nc2c(c(=O)[nH]1)N=C(C(O)C(O)CO)CN2,"7,8-dihydroneopterin",6,18
7653,Nc1nc2c(c(=O)[nH]1)N=C(C(O)C(O)COP(=O)(O)O)CN2,"7,8-dihydroneopterin 3'-phosphate",8,22
7654,Nc1nc2c(c(=O)[nH]1)N=C(C(O)C(O)COP(=O)(O)OP(=O)(O)OP(=O)(O)O)CN2,"7,8-dihydroneopterin 3'-triphosphate",8,30
7655,Nc1nc2c(c(=O)[nH]1)N=C(C(O)C1COP(=O)(O)O1)CN2,"7,8-dihydroneopterin 2',3'-cyclic phosphate",6,21
7656,Nc1nc2c(c(=O)[nH]1)N=C(CN(C=O)c1ccc(C(=O)NC(CCC(=O)O)C(=O)O)cc1)CN2,10-formyldihydrofolate,4,34
7657,Nc1nc2c(c(=O)[nH]1)N=C(CNc1ccc(C(=O)NC(CCC(=O)O)C(=O)O)cc1)CN2,"7,8-dihydrofolate",13,32
7658,Nc1nc2c(c(=O)[nH]1)N=C(CNc1ccc(C(=O)O)c(O)c1)CN2,"2-hydroxy-7,8-dihydropteroate",2,24
7659,Nc1nc2c(c(=O)[nH]1)N=C(CNc1ccc(C(=O)O)cc1)CN2,"7,8-dihydropteroate",8,23
7660,Nc1nc2c(c(=O)[nH]1)N=C(CNc1ccc(C3OC(COP(=O)(O)O)C(O)C3O)cc1)CN2,"N-[(7,8-dihydropterin-6-yl)methyl]-4-(beta-D-ribofuranosyl)aniline 5'-phosphate",2,33
7661,Nc1nc2c(c(=O)[nH]1)N=C(CO)CN2,"6-hydroxymethyl-7,8-dihydropterin",10,14
7662,Nc1nc2c(c(=O)[nH]1)N=C(COP(=O)(O)OP(=O)(O)O)CN2,"(7,8-dihydropterin-6-yl)methyl diphosphate",8,22
7663,Nc1nc2c(c(=O)[nH]1)NC(C(O)C(O)CO)CN2,"5,6,7,8-tetrahydromonapterin",2,18
7664,Nc1nc2c(c(=O)[nH]1)NC(CN(C=O)c1ccc(C(=O)NC(CCC(=O)O)C(=O)O)cc1)CN2,(6R)-10-formyltetrahydrofolate,20,34
7665,Nc1nc2c(c(=O)[nH]1)NC(CNc1ccc(C(=O)NC(CCC(=O)NC(CCC(=O)NC(CCC(=O)O)C(=O)O)C(=O)O)C(=O)O)cc1)CN2,tetrahydropteroyltri-L-glutamate,2,50
7666,Nc1nc2c(c(=O)[nH]1)NC(CNc1ccc(C(=O)NC(CCC(=O)O)C(=O)O)cc1)CN2,"(6S)-5,6,7,8-tetrahydrofolate",54,32
7667,Nc1nc2c(c(=O)[nH]1)NC(CNc1ccc(C(=O)O)cc1)CN2,"(6S)-5,6,7,8-tetrahydropteroate",2,23
7668,Nc1nc2c(c(=O)[nH]1)NC(CNc1ccc(CC(O)C(O)C(O)CO)cc1)CN2,tetrahydrosulfopterin,2,29
7669,Nc1nc2c(c(=O)[nH]1)NC1C(S)=C(S)C(COP(=O)(O)O)OC1N2,molybdopterin,8,24
7670,Nc1nc2c(c(=O)[nH]1)NC1C(S)=C(S)C(COP(=O)(O)OP(=O)(O)OCC3OC(n4cnc5c(=O)[nH]c(N)nc54)C(O)C3O)OC1N2,Mo-molybdopterin guanine dinucleotide,2,47
7671,Nc1nc2c(c(=O)[nH]1)NC1C(S)=C(S)C(COP(=O)(O)OP(=O)(O)OCC3OC(n4cnc5c(N)ncnc54)C(O)C3O)OC1N2,adenylyl-molybdopterin,4,46
7672,Nc1nc2c(c(=O)[nH]1)[N+]1=CN(c3ccc(C(=O)NC(CCC(=O)O)C(=O)O)cc3)CC1CN2,"(6R)-5,10-methenyltetrahydrofolate",10,33
7673,Nc1nc2c(c(CNC3C=CC(O)C3O)cn2C2OC(COP(=O)(O)O)C(O)C2O)c(=O)[nH]1,queuosine 5'-phosphate,2,33
7674,Nc1nc2c(nc([N+](=O)[O-])n2C2OC3COP(=O)(O)OC3C2O)c(=O)[nH]1,8-nitro-cGMP,2,26
7675,Nc1nc2c(ncn2C2CC(O)C(CO)O2)c(=O)[nH]1,2'-deoxyguanosine,10,19
7676,Nc1nc2c(ncn2C2CC(O)C(COP(=O)(O)O)O2)c(=O)[nH]1,dGMP,24,23
7677,Nc1nc2c(ncn2C2CC(O)C(COP(=O)(O)OP(=O)(O)O)O2)c(=O)[nH]1,dGDP,22,27
7678,Nc1nc2c(ncn2C2CC(O)C(COP(=O)(O)OP(=O)(O)OP(=O)(O)O)O2)c(=O)[nH]1,dGTP,32,31
7679,Nc1nc2c(ncn2C2OC(CO)C(O)C2O)c(=O)[nH]1,guanosine,14,20
7680,Nc1nc2c(ncn2C2OC(CO)C(O)C2OP(=O)(O)O)c(=O)[nH]1,guanosine 2'-phosphate,2,24
7681,Nc1nc2c(ncn2C2OC(CO)C(O)C2OP(=O)(O)OCC2OC(n3cnc4c(N)ncnc43)C(O)C2O)c(=O)[nH]1,5'-GpA(2'-5'),2,42
7682,Nc1nc2c(ncn2C2OC(CO)C(O)C2OP(=O)(O)OCC2OC(n3cnc4c(N)ncnc43)C(O)C2OP(=O)(O)O)c(=O)[nH]1,Gp(2'-5')Ap(3'),2,46
7683,Nc1nc2c(ncn2C2OC(CO)C(OP(=O)(O)O)C2O)c(=O)[nH]1,3'-GMP,4,24
7684,Nc1nc2c(ncn2C2OC(CO)C(OP(=O)(O)OCC3OC(n4cnc5c(N)ncnc54)C(O)C3OP(=O)(O)O)C2O)c(=O)[nH]1,G[3'-5']pAp[3'],2,46
7685,Nc1nc2c(ncn2C2OC(CO)C(OP(=O)(O)OCC3OC(n4cnc5c(N)ncnc54)C(O)C3OP(=O)(O)OCC3OC(n4cnc5c(N)ncnc54)C(O)C3OP(=O)(O)O)C2O)c(=O)[nH]1,G[3'-5']pA[3'-5']pAp[3'],2,68
7686,Nc1nc2c(ncn2C2OC(CO)C3OP(=O)(O)OC32)c(=O)[nH]1,"2',3'-cyclophospho-GMP",4,23
7687,Nc1nc2c(ncn2C2OC(COP(=O)(O)O)C(O)C2O)c(=O)[nH]1,GMP,54,24
7688,Nc1nc2c(ncn2C2OC(COP(=O)(O)O)C(O)C2OP(=O)(O)OCC2OC(n3cnc4c(N)ncnc43)C(O)C2O)c(=O)[nH]1,5'-pGpA(2'-5'),4,46
7689,Nc1nc2c(ncn2C2OC(COP(=O)(O)OC(=O)CCCCC3CCSS3)C(O)C2O)c(=O)[nH]1,(R)-lipoyl-GMP,2,35
7690,Nc1nc2c(ncn2C2OC(COP(=O)(O)OC3C(CO)OC(n4cnc5c(N)ncnc54)C3O)C(O)C2O)c(=O)[nH]1,5'-ApG-3',2,42
7691,Nc1nc2c(ncn2C2OC(COP(=O)(O)OC3C(CO)OC(n4cnc5c(N)ncnc54)C3O)C(OP(=O)(O)OCC3OC(n4cnc5c(N)ncnc54)C(O)C3OP(=O)(O)O)C2O)c(=O)[nH]1,A[3'-5']pG[3'-5']pAp[3'],2,68
7692,Nc1nc2c(ncn2C2OC(COP(=O)(O)OC3C(COP(=O)(O)O)OC(n4cnc5c(=O)[nH]c(N)nc54)C3O)C(O)C2O)c(=O)[nH]1,5'-phosphoguanylyl(3'->5')guanosine,2,47
7693,Nc1nc2c(ncn2C2OC(COP(=O)(O)OC3C(COP(=O)(O)O)OC(n4cnc5c(N)ncnc54)C3O)C(O)C2O)c(=O)[nH]1,5'-pApG-3',4,46
7694,Nc1nc2c(ncn2C2OC(COP(=O)(O)OC3C(O)C(COP(=O)(O)OP(=O)(O)OP(=O)(O)O)OC3n3cnc4c(N)ncnc43)C(O)C2O)c(=O)[nH]1,pppA(2'-5')pG,4,54
7695,Nc1nc2c(ncn2C2OC(COP(=O)(O)OP(=O)(O)O)C(O)C2O)c(=O)[nH]1,GDP,280,28
7696,Nc1nc2c(ncn2C2OC(COP(=O)(O)OP(=O)(O)O)C(OP(=O)(O)OP(=O)(O)O)C2O)c(=O)[nH]1,"guanosine 3',5'-bis(diphosphate)",6,36
7697,Nc1nc2c(ncn2C2OC(COP(=O)(O)OP(=O)(O)OC3C=C(CO)C(O)C(O)C3O)C(O)C2O)c(=O)[nH]1,GDP-valienol,4,39
7698,Nc1nc2c(ncn2C2OC(COP(=O)(O)OP(=O)(O)OC3OC(C(=O)O)C(O)C(O)C3O)C(O)C2O)c(=O)[nH]1,GDP-alpha-D-mannuronate,2,40
7699,Nc1nc2c(ncn2C2OC(COP(=O)(O)OP(=O)(O)OC3OC(C(O)CO)C(=O)C(O)C3O)C(O)C2O)c(=O)[nH]1,GDP-D-glycero-4-keto-alpha-D-lyxo-heptose,2,41
7700,Nc1nc2c(ncn2C2OC(COP(=O)(O)OP(=O)(O)OC3OC(C(O)CO)C(O)C(O)C3O)C(O)C2O)c(=O)[nH]1,GDP-D-glycero-alpha-D-manno-heptose,4,41
7701,Nc1nc2c(ncn2C2OC(COP(=O)(O)OP(=O)(O)OC3OC(CO)C(O)C(O)C3O)C(O)C2O)c(=O)[nH]1,GDP-alpha-D-mannose,60,39
7702,Nc1nc2c(ncn2C2OC(COP(=O)(O)OP(=O)(O)OCC(O)C(=O)O)C(O)C2O)c(=O)[nH]1,3-[(R)-glyceryl]-diphospho-5'-guanosine,4,34
7703,Nc1nc2c(ncn2C2OC(COP(=O)(O)OP(=O)(O)OP(=O)(O)O)C(O)C2O)c(=O)[nH]1,GTP,143,32
7704,Nc1nc2c(ncn2C2OC(COP(=O)(O)OP(=O)(O)OP(=O)(O)O)C(O)C2OP(=O)(O)OCC2OC(n3cnc4c(N)ncnc43)C(O)C2O)c(=O)[nH]1,pppGp(2'-5')A,4,54
7705,Nc1nc2c(ncn2C2OC(COP(=O)(O)OP(=O)(O)OP(=O)(O)O)C(OP(=O)(O)OP(=O)(O)O)C2O)c(=O)[nH]1,guanosine 3'-diphosphate 5'-triphosphate,6,40
7706,Nc1nc2c(ncn2C2OC(COP(=O)(O)OP(=O)(O)OP(=O)(O)OP(=O)(O)OCC3OC(n4cnc5c(=O)[nH]c(N)nc54)C(O)C3O)C(O)C2O)c(=O)[nH]1,"P(1),P(4)-bis(5'-guanosyl) tetraphosphate",6,55
7707,Nc1nc2c(ncn2C2OC3COP(=O)(O)OC3C2O)c(=O)[nH]1,"3',5'-cyclic GMP",8,23
7708,Nc1nc2c(ncn2C2OC3COP(=O)(O)OC4C(COP(=O)(O)OC2C3O)OC(n2cnc3c(N)ncnc32)C4O)c(=O)[nH]1,"2',3'-cGAMP",8,45
7709,Nc1nc2c(ncn2C2OC3COP(=O)(O)OC4C(COP(=O)(O)OC3C2O)OC(n2cnc3c(=O)[nH]c(N)nc32)C4O)c(=O)[nH]1,"3',3'-c-di-GMP",2,46
7710,Nc1nc2c(ncn2C2OC3COP(=O)(O)OC4C(COP(=O)(O)OC3C2O)OC(n2cnc3c(N)ncnc32)C4O)c(=O)[nH]1,"3',3'-cGAMP",4,45
7711,Nc1nc2c(ncn2C2OC3COP(=O)(O)OC4C(COP(=O)(O)OC5C(COP(=O)(O)OC3C2O)OC(n2cnc3c(N)ncnc32)C5O)OC(n2cnc3c(N)ncnc32)C4O)c(=O)[nH]1,"3',3',3'-cAAG",4,67
7712,Nc1nc2c(ncn2C2OC3COP(=O)(O)OC4C(O)C(COP(=O)(O)OC3C2O)OC4n2cnc3c(N)ncnc32)c(=O)[nH]1,"3',2'-cGAMP",2,45
7713,Nc1nc2ccccc2[nH]1,2-aminobenzimidazole,4,10
7714,Nc1nc2nc[nH]c2c(=O)[nH]1,,6,11
7715,Nc1nc2ncc(CNc3ccc(C(=O)NC(CCC(=O)O)C(=O)O)cc3)nc2c(=O)[nH]1,folate,3,32
7716,Nc1nc[nH]c2ncnc1-2,,2,10
7717,Nc1ncnc2[nH]cnc12,adenine,15,10
7718,Nc1ncnc2c1[nH]c(=O)n2C1CC(O)C(COP(=O)(O)O)O1,8-oxo-dAMP,4,23
7719,Nc1ncnc2c1[nH]c(=O)n2C1CC(O)C(COP(=O)(O)OP(=O)(O)O)O1,8-oxo-dADP,2,27
7720,Nc1ncnc2c1[nH]c(=O)n2C1CC(O)C(COP(=O)(O)OP(=O)(O)OP(=O)(O)O)O1,8-oxo-dATP,2,31
7721,Nc1ncnc2c1ncn2C1CC(O)C(CO)O1,2'-deoxyadenosine,12,18
7722,Nc1ncnc2c1ncn2C1CC(O)C(COP(=O)(O)O)O1,dAMP,16,22
7723,Nc1ncnc2c1ncn2C1CC(O)C(COP(=O)(O)OP(=O)(O)O)O1,dADP,22,26
7724,Nc1ncnc2c1ncn2C1CC(O)C(COP(=O)(O)OP(=O)(O)OP(=O)(O)O)O1,dATP,26,30
7725,Nc1ncnc2c1ncn2C1OC(C(=O)O)C(O)C1O,9-riburonosyladenine,2,20
7726,Nc1ncnc2c1ncn2C1OC(C=O)C(O)C1O,5'-dehydroadenosine,4,19
7727,Nc1ncnc2c1ncn2C1OC(CCC(=O)c2cccc(C(=O)O)c2)C(O)C1O,6-amino-6-deoxyfutalosine,4,30
7728,Nc1ncnc2c1ncn2C1OC(CO)C(O)C1O,adenosine,30,19
7729,Nc1ncnc2c1ncn2C1OC(CO)C(O)C1OP(=O)(O)O,adenosine 2'-phosphate,4,23
7730,Nc1ncnc2c1ncn2C1OC(CO)C(OP(=O)(O)O)C1O,3'-AMP,4,23
7731,Nc1ncnc2c1ncn2C1OC(CO)C1CO,oxetanocin A,2,18
7732,Nc1ncnc2c1ncn2C1OC(CO)C2OP(=O)(O)OC21,"2',3'-cyclophospho-AMP",4,22
7733,Nc1ncnc2c1ncn2C1OC(CO)CC1O,cordycepin,2,18
7734,Nc1ncnc2c1ncn2C1OC(COP(=O)(O)O)C(O)C1O,AMP,758,23
7735,Nc1ncnc2c1ncn2C1OC(COP(=O)(O)O)C(O)C1OP(=O)(O)O,"adenosine 2',5'-bisphosphate",4,27
7736,Nc1ncnc2c1ncn2C1OC(COP(=O)(O)O)C(OC(=O)C2CCCN2)C1O,3'-L-prolyl-AMP,4,30
7737,Nc1ncnc2c1ncn2C1OC(COP(=O)(O)O)C(OP(=O)(O)O)C1O,"adenosine 3',5'-bisphosphate",224,27
7738,Nc1ncnc2c1ncn2C1OC(COP(=O)(O)O)C(OP(=O)(O)OP(=O)(O)O)C1O,"adenosine 3'-diphosphate,5'-phosphate",2,31
7739,Nc1ncnc2c1ncn2C1OC(COP(=O)(O)O)C1CO,4'-phosphooxetanocin A,2,22
7740,Nc1ncnc2c1ncn2C1OC(COP(=O)(O)OC(=O)C(N)CCC(=O)O)C(O)C1O,L-glutamyl-5'-AMP,4,32
7741,Nc1ncnc2c1ncn2C1OC(COP(=O)(O)OC(=O)C(N)CO)C(O)C1O,L-seryl-5'-AMP,4,29
7742,Nc1ncnc2c1ncn2C1OC(COP(=O)(O)OC(=O)C(N)CS)C(O)C1O,L-cysteinyl-5'-AMP,4,29
7743,Nc1ncnc2c1ncn2C1OC(COP(=O)(O)OC(=O)C(N)Cc2c[nH]c3ccccc23)C(O)C1O,L-tryptophyl-5'-AMP,4,37
7744,Nc1ncnc2c1ncn2C1OC(COP(=O)(O)OC(=O)C=CC=Cc2ccc3c(c2)OCO3)C(O)C1O,"(E,E)-piperoyl-AMP",4,38
7745,Nc1ncnc2c1ncn2C1OC(COP(=O)(O)OC(=O)C=Cc2ccc(O)c(O)c2)C(O)C1O,(E)-caffeoyl-AMP,4,35
7746,Nc1ncnc2c1ncn2C1OC(COP(=O)(O)OC(=O)C=Cc2ccc(O)cc2)C(O)C1O,(E)-4-coumaroyl-AMP,4,34
7747,Nc1ncnc2c1ncn2C1OC(COP(=O)(O)OC(=O)CCCCC(S)CCS)C(O)C1O,N(6)-[(R)-dihydrolipoyl]-5'-AMP,4,34
7748,Nc1ncnc2c1ncn2C1OC(COP(=O)(O)OC(=O)CCCCC2CCSS2)C(O)C1O,(R)-lipoyl-5'-AMP,4,34
7749,Nc1ncnc2c1ncn2C1OC(COP(=O)(O)OC(=O)CCCCC2SCC3NC(=O)NC32)C(O)C1O,biotinyl-5'-AMP,4,38
7750,Nc1ncnc2c1ncn2C1OC(COP(=O)(O)OC(=O)CCCCCCCCCCCCCCCCCCc2ccc(O)cc2)C(O)C1O,19-(4-hydroxyphenyl)nonadecanoyl-5'-AMP,4,50
7751,Nc1ncnc2c1ncn2C1OC(COP(=O)(O)OC(=O)CCCCCCCCCCCCCCCCc2ccc(O)cc2)C(O)C1O,17-(4-hydroxyphenyl)heptadecanoyl-5'-AMP,4,48
7752,Nc1ncnc2c1ncn2C1OC(COP(=O)(O)OC(=O)Cc2c[nH]c3ccccc23)C(O)C1O,(indol-3-yl)acetyl-AMP,4,35
7753,Nc1ncnc2c1ncn2C1OC(COP(=O)(O)OC(=O)Cc2ccccc2)C(O)C1O,phenylacetyl-AMP,4,32
7754,Nc1ncnc2c1ncn2C1OC(COP(=O)(O)OC(=O)c2cc(C(=O)O)c[n+](C3OC(COP(=O)(O)O)C(O)C3O)c2)C(O)C1O,5-carboxy-1-(5-O-phospho-beta-D-ribofuranosyl)pyridinium-3-carbonyl adenylate,4,47
7755,Nc1ncnc2c1ncn2C1OC(COP(=O)(O)OC(=O)c2cc(C(=O)S)c[n+](C3OC(COP(=O)(O)O)C(O)C3O)c2)C(O)C1O,1-(5-O-phospho-beta-D-ribofuranosyl)-5-(sulfanylcarbonyl)pyridinium-3-carbonyl adenylate,4,47
7756,Nc1ncnc2c1ncn2C1OC(COP(=O)(O)OC(=O)c2ccc(O)c(O)c2)C(O)C1O,"3,4-dihydroxybenzoyl-5'-AMP",4,33
7757,Nc1ncnc2c1ncn2C1OC(COP(=O)(O)OC(=O)c2ccc(O)cc2)C(O)C1O,4-hydroxybenzoyl-5'-AMP,4,32
7758,Nc1ncnc2c1ncn2C1OC(COP(=O)(O)OC(=O)c2cccc(O)c2O)C(O)C1O,"2,3-dihydroxybenzoyl-5'-AMP",4,33
7759,Nc1ncnc2c1ncn2C1OC(COP(=O)(O)OC(=O)c2ccccc2)C(O)C1O,benzoyl-AMP,4,31
7760,Nc1ncnc2c1ncn2C1OC(COP(=O)(O)OC(=O)c2ccccc2O)C(O)C1O,2-hydroxybenzoyl-5'-AMP,6,32
7761,Nc1ncnc2c1ncn2C1OC(COP(=O)(O)OC2C(CO)OC(n3ccc(=O)[nH]c3=O)C2O)C(OP(=O)(O)O)C1O,U[3'-5']pAp[3'],2,43
7762,Nc1ncnc2c1ncn2C1OC(COP(=O)(O)OC2C(COP(=O)(O)O)OC(n3cnc4c(N)ncnc43)C2O)C(O)C1O,5'-O-phosphonoadenylyl-(3'->5')-adenosine,4,45
7763,Nc1ncnc2c1ncn2C1OC(COP(=O)(O)OC2C(COP(=O)(O)OC3C(CO)OC(n4cnc5c(N)ncnc54)C3O)OC(n3cnc4c(N)ncnc43)C2O)C(OP(=O)(O)O)C1O,A[3'-5']pA[3'-5']pAp[3'],2,67
7764,Nc1ncnc2c1ncn2C1OC(COP(=O)(O)OC2C(O)C(COP(=O)(O)OC3C(O)C(COP(=O)(O)OP(=O)(O)OP(=O)(O)O)OC3n3cnc4c(N)ncnc43)OC2n2cnc3c(N)ncnc32)C(O)C1O,5'-triphosphoadenylyl-(2'->5')-adenylyl-(2'->5')-adenosine,2,75
7765,Nc1ncnc2c1ncn2C1OC(COP(=O)(O)OC2C(O)C(COP(=O)(O)OP(=O)(O)OP(=O)(O)O)OC2n2cnc3c(N)ncnc32)C(O)C1O,5'-triphosphoadenylyl-(2'->5')-adenosine,4,53
7766,Nc1ncnc2c1ncn2C1OC(COP(=O)(O)OP(=O)(O)O)C(O)C1O,ADP,1192,27
7767,Nc1ncnc2c1ncn2C1OC(COP(=O)(O)OP(=O)(O)O)C(OP(=O)(O)OP(=O)(O)O)C1O,"adenosine 3'-diphosphate,5'-diphosphate",2,35
7768,Nc1ncnc2c1ncn2C1OC(COP(=O)(O)OP(=O)(O)OC2OC(C(O)CO)C(O)C(O)C2O)C(O)C1O,ADP-D-glycero-beta-D-manno-heptose,20,40
7769,Nc1ncnc2c1ncn2C1OC(COP(=O)(O)OP(=O)(O)OC2OC(CO)C(O)C(O)C2O)C(O)C1O,ADP-alpha-D-glucose,18,38
7770,Nc1ncnc2c1ncn2C1OC(COP(=O)(O)OP(=O)(O)OCC(O)C(=O)O)C(O)C1O,3-ADP-glycerate,2,33
7771,Nc1ncnc2c1ncn2C1OC(COP(=O)(O)OP(=O)(O)OCC(OP(=O)(O)O)C(=O)O)C(O)C1O,3-ADP-2-phosphoglycerate,2,37
7772,Nc1ncnc2c1ncn2C1OC(COP(=O)(O)OP(=O)(O)OCC2OC(Nc3nc4[nH]cnc4c(=O)[nH]3)C(O)C2O)C(O)C1O,N(2)-(ADP-D-ribosyl)-guanine,2,46
7773,Nc1ncnc2c1ncn2C1OC(COP(=O)(O)OP(=O)(O)OCC2OC(Nc3nc4c(ncn4C4CC(O)C(CO)O4)c(=O)[nH]3)C(O)C2O)C(O)C1O,N(2)-(ADP-D-ribosyl)-2'-deoxyguanosine,2,54
7774,Nc1ncnc2c1ncn2C1OC(COP(=O)(O)OP(=O)(O)OCC2OC(Nc3nc4c(ncn4C4CC(O)C(COP(=O)(O)O)O4)c(=O)[nH]3)C(O)C2O)C(O)C1O,N(2)-(ADP-D-ribosyl)-dGMP,2,58
7775,Nc1ncnc2c1ncn2C1OC(COP(=O)(O)OP(=O)(O)OCC2OC(Nc3nc4c(ncn4C4CC(O)C(COP(=O)(O)OP(=O)(O)OP(=O)(O)O)O4)c(=O)[nH]3)C(O)C2O)C(O)C1O,N(2)-(ADP-D-ribosyl)-dGTP,2,66
7776,Nc1ncnc2c1ncn2C1OC(COP(=O)(O)OP(=O)(O)OCC2OC(Nc3nc4c(ncn4C4OC(CO)C(O)C4O)c(=O)[nH]3)C(O)C2O)C(O)C1O,N(2)-(ADP-D-ribosyl)-guanosine,2,55
7777,Nc1ncnc2c1ncn2C1OC(COP(=O)(O)OP(=O)(O)OCC2OC(Nc3nc4c(ncn4C4OC(COP(=O)(O)O)C(O)C4O)c(=O)[nH]3)C(O)C2O)C(O)C1O,N(2)-(ADP-D-ribosyl)-GMP,2,59
7778,Nc1ncnc2c1ncn2C1OC(COP(=O)(O)OP(=O)(O)OCC2OC(Nc3nc4c(ncn4C4OC(COP(=O)(O)OP(=O)(O)O)C(O)C4O)c(=O)[nH]3)C(O)C2O)C(O)C1O,N(2)-(ADP-D-ribosyl)-GDP,2,63
7779,Nc1ncnc2c1ncn2C1OC(COP(=O)(O)OP(=O)(O)OCC2OC(Nc3nc4c(ncn4C4OC(COP(=O)(O)OP(=O)(O)OP(=O)(O)O)C(O)C4O)c(=O)[nH]3)C(O)C2O)C(O)C1O,N(2)-(ADP-D-ribosyl)-GTP,2,67
7780,Nc1ncnc2c1ncn2C1OC(COP(=O)(O)OP(=O)(O)OCC2OC(Nc3nc4c(ncn4C4OC5COP(=O)(O)OC5C4O)c(=O)[nH]3)C(O)C2O)C(O)C1O,"N(2)-(ADP-D-ribosyl)-3',5'-cyclic GMP",2,58
7781,Nc1ncnc2c1ncn2C1OC(COP(=O)(O)OP(=O)(O)OCC2OC(O)C(O)C2O)C(O)C1O,ADP-D-ribose,36,36
7782,Nc1ncnc2c1ncn2C1OC(COP(=O)(O)OP(=O)(O)OCC2OC(O)C(OC(=O)CC(=O)O)C2O)C(O)C1O,2''-O-malonyl-ADP-D-ribose,2,42
7783,Nc1ncnc2c1ncn2C1OC(COP(=O)(O)OP(=O)(O)OCC2OC(O)C(OC(=O)CCC(=O)O)C2O)C(O)C1O,2''-O-succinyl-ADP-D-ribose,2,43
7784,Nc1ncnc2c1ncn2C1OC(COP(=O)(O)OP(=O)(O)OCC2OC(O)C(OC(=O)CCCC(=O)O)C2O)C(O)C1O,2''-O-glutaryl-ADP-D-ribose,2,44
7785,Nc1ncnc2c1ncn2C1OC(COP(=O)(O)OP(=O)(O)OCC2OC(O)C(OC(=O)CCCCC3CCSS3)C2O)C(O)C1O,2''-O-lipoyl-ADP-D-ribose,2,47
7786,Nc1ncnc2c1ncn2C1OC(COP(=O)(O)OP(=O)(O)OCC2OC(O)C(OC(=O)CCCCC3SCC4NC(=O)NC43)C2O)C(O)C1O,2''-O-biotinyl-ADP-D-ribose,2,51
7787,Nc1ncnc2c1ncn2C1OC(COP(=O)(O)OP(=O)(O)OCC2OC(OP(=O)(O)O)C(O)C2O)C(O)C1O,ADP-alpha-D-ribose 1''-phosphate,6,40
7788,Nc1ncnc2c1ncn2C1OC(COP(=O)(O)OP(=O)(O)OCC2OC([n+]3cccc(C(=O)O)c3)C(O)C2O)C(O)C1O,deamido-NAD(+),6,44
7789,Nc1ncnc2c1ncn2C1OC(COP(=O)(O)OP(=O)(O)OCC2OC([n+]3cccc(C(=O)O)c3)C(O)C2O)C(O)C1OP(=O)(O)O,nicotinate-adenine dinucleotide phosphate,4,48
7790,Nc1ncnc2c1ncn2C1OC(COP(=O)(O)OP(=O)(O)OCC2OC([n+]3cccc(C(=O)O)c3)C(O)C2O)C(OP(=O)(O)O)C1O,nicotinate-adenine dinucleotide 3'-phosphate,2,48
7791,Nc1ncnc2c1ncn2C1OC(COP(=O)(O)OP(=O)(O)OCC2OC(n3cnc4c(N)ncnc43)C(O)C2O)C(O)C1O,"P(1),P(2)-bis(5'-adenosyl) diphosphate",2,45
7792,Nc1ncnc2c1ncn2C1OC(COP(=O)(O)OP(=O)(O)OCC2OC3OP(=O)(O)OC3C2O)C(O)C1O,"ADP-alpha-D-ribose 1'',2''-cyclic phosphate",2,39
7793,Nc1ncnc2c1ncn2C1OC(COP(=O)(O)OP(=O)(O)OP(=O)(O)O)C(O)C1O,ATP,1822,31
7794,Nc1ncnc2c1ncn2C1OC(COP(=O)(O)OP(=O)(O)OP(=O)(O)O)C(OP(=O)(O)OP(=O)(O)O)C1O,"adenosine 3'-diphosphate,5'-triphosphate",2,39
7795,Nc1ncnc2c1ncn2C1OC(COP(=O)(O)OP(=O)(O)OP(=O)(O)OCC2OC(n3cnc4c(N)ncnc43)C(O)C2O)C(O)C1O,"P(1),P(3)-bis(5'-adenosyl) triphosphate",2,49
7796,Nc1ncnc2c1ncn2C1OC(COP(=O)(O)OP(=O)(O)OP(=O)(O)OP(=O)(O)O)C(O)C1O,adenosine 5'-tetraphosphate,8,35
7797,Nc1ncnc2c1ncn2C1OC(COP(=O)(O)OP(=O)(O)OP(=O)(O)OP(=O)(O)OCC2OC(n3cnc4c(N)ncnc43)C(O)C2O)C(O)C1O,"P(1),P(4)-bis(5'-adenosyl) tetraphosphate",10,53
7798,Nc1ncnc2c1ncn2C1OC(COP(=O)(O)OP(=O)(O)OP(=O)(O)OP(=O)(O)OP(=O)(O)O)C(O)C1O,adenosine 5'-pentaphosphate,2,39
7799,Nc1ncnc2c1ncn2C1OC(COP(=O)(O)OP(=O)(O)OP(=O)(O)OP(=O)(O)OP(=O)(O)OCC2OC(n3cnc4c(N)ncnc43)C(O)C2O)C(O)C1O,"P(1),P(5)-bis(5'-adenosyl) pentaphosphate",4,57
7800,Nc1ncnc2c1ncn2C1OC(COP(=O)(O)OP(=O)(O)OP(=O)(O)OP(=O)(O)OP(=O)(O)OP(=O)(O)OCC2OC(n3cnc4c(N)ncnc43)C(O)C2O)C(O)C1O,"P(1),P(6)-bis(5'-adenosyl) hexaphosphate",6,61
7801,Nc1ncnc2c1ncn2C1OC(COP(=O)(O)OS(=O)(=O)O)C(O)C1O,adenosine 5'-phosphosulfate,16,27
7802,Nc1ncnc2c1ncn2C1OC(COP(=O)(O)OS(=O)(=O)O)C(OP(=O)(O)O)C1O,3'-phosphoadenylyl sulfate,176,31
7803,Nc1ncnc2c1ncn2C1OC(COP(N)(=O)O)C(O)C1O,adenosine 5'-phosphoramidate,4,23
7804,Nc1ncnc2c1ncn2C1OC(CSCCC(N)C(=O)O)C(O)C1O,S-adenosyl-L-homocysteine,1107,26
7805,Nc1ncnc2c1ncn2C1OC(C[S+](CCC(N)C(=O)O)CC(=O)O)C(O)C1O,carboxy-S-adenosyl-L-methionine,2,30
7806,Nc1ncnc2c1ncn2C1OC2COP(=O)(O)OC2C1O,"3',5'-cyclic AMP",8,22
7807,Nc1ncnc2c1ncn2C1OC2COP(=O)(O)OC3C(COP(=O)(O)OC2C1O)OC(n1ccc(=O)[nH]c1=O)C3O,"3',3'-cUAMP",2,42
7808,Nc1ncnc2c1ncn2C1OC2COP(=O)(O)OC3C(COP(=O)(O)OC2C1O)OC(n1cnc2c(N)ncnc21)C3O,"3',3'-c-di-AMP",2,44
7809,Nc1ncnc2c1ncn2C1OC2COP(=O)(O)OC3C(COP(=O)(O)OC4C(COP(=O)(O)OC2C1O)OC(n1cnc2c(N)ncnc21)C4O)OC(n1cnc2c(N)ncnc21)C3O,"3',3',3'-c-tri-AMP",2,66
7810,Nc1ncnc2nc[nH]c12,,19,10
7811,O,H2O,6514,1
7812,O=C(C(=O)c1ccccc1)c1ccccc1,benzil,2,16
7813,O=C(C(O)CO)C(O)C(O)CO,L-xylo-3-hexulose,2,12
7814,O=C(C(O)CO)C(O)C(O)COP(=O)(O)O,D-arabino-hex-3-ulose 6-phosphate,4,16
7815,O=C(C=CC=C(O)C(=O)O)Oc1ccccc1O,"2-hydroxy-6-(2-hydroxyphenoxy)-6-oxo-cis,cis-hexa-2,4-dienoate",4,18
7816,O=C(C=CC=CC=CC1CCCCC1)NC1=CC(O)(C=CC=CC=CC(=O)NC2=C(O)CCC2=O)C2OC2C1=O,asukamycin,2,40
7817,O=C(C=CC=CC=CC1CCCCC1)NC1=CC(O)(C=CC=CC=CC(=O)NC2=C(O)CCC2=O)C=CC1=O,4-hydroxyprotoasukamycin,3,39
7818,O=C(C=CC=CC=Cc1ccc(O)c(NC(=O)C=CC=CC=CC2CCCCC2)c1)NC1=C(O)CCC1=O,protoasukamycin,1,38
7819,O=C(C=CC=Cc1ccc2c(c1)OCO2)N1CCCC1,piperyline,2,20
7820,O=C(C=CC=Cc1ccc2c(c1)OCO2)N1CCCCC1,piperine,2,21
7821,O=C(C=Cc1ccc(O)c(O)c1)Nc1ccc(O)cc1C(=O)O,avenanthramide C,4,23
7822,O=C(C=Cc1ccc(O)c(O)c1)OC(C(=O)O)C(O)(Cc1ccc(O)cc1)C(=O)O,cimicifugate D,2,30
7823,O=C(C=Cc1ccc(O)c(O)c1)OC(C(=O)O)C(O)C(O)C(O)C(=O)O,2-O-caffeoylglucarate,2,26
7824,O=C(C=Cc1ccc(O)c(O)c1)OC(Cc1ccc(O)c(O)c1)C(=O)O,(R)-rosmarinate,2,26
7825,O=C(C=Cc1ccc(O)c(O)c1)OC1CC(C(=O)O)=CC(O)C1O,5-O-[(E)-caffeoyl]-shikimate,2,24
7826,O=C(C=Cc1ccc(O)c(O)c1)OC1CC(O)(C(=O)O)CC(O)C1O,chlorogenate,8,25
7827,O=C(C=Cc1ccc(O)c(O)c1)OC1CC(O)(C(=O)O)CC(OC(=O)C=Cc2ccc(O)c(O)c2)C1O,"3,5-di-O-caffeoyl quinate",2,37
7828,O=C(C=Cc1ccc(O)c(O)c1)OC1OC(CO)C(O)C(O)C1O,1-O-[(E)-caffeoyl]-beta-D-glucose,2,24
7829,O=C(C=Cc1ccc(O)c(O)c1)OCC1OC(OC2C(Oc3c(-c4ccc(O)c(O)c4)oc4cc(O)cc(O)c4c3=O)OC(CO)C(O)C2O)C(O)C(O)C1O,quercetin 3-O-[(6-O-[(E)-caffeoyl]-beta-D-glucosyl)-(1->2)-beta-D-glucoside],2,56
7830,O=C(C=Cc1ccc(O)c(O)c1)OCC1OC(Oc2cc3c(OC4OC(CO)C(O)C(O)C4O)cc(=O)cc-3oc2-c2ccc(O)cc2)C(O)C(O)C1O,pelargonidin 3-O-(6-O-[(E)-caffeoyl]-beta-D-glucoside) 5-O-beta-D-glucoside,2,54
7831,O=C(C=Cc1ccc(O)c(O)c1)c1c(O)cc(O)cc1O,"2',3,4,4',6'-pentahydroxychalcone",2,21
7832,O=C(C=Cc1ccc(O)c(O)c1)c1c(O)cc(OC2OC(CO)C(O)C(O)C2O)cc1O,"2',3,4,4',6'-pentahydroxychalcone 4'-O-beta-D-glucoside",6,32
7833,O=C(C=Cc1ccc(O)c(O)c1)c1ccccc1O,"2',3,4-trihydroxy-trans-chalcone",2,19
7834,O=C(C=Cc1ccc(O)cc1)Nc1ccc(O)cc1C(=O)O,avenanthramide A,2,22
7835,O=C(C=Cc1ccc(O)cc1)OC(C(=O)O)C(O)(Cc1ccc(O)cc1)C(=O)O,cimicifugate K,2,29
7836,O=C(C=Cc1ccc(O)cc1)OC1CC(C(=O)O)=CC(O)C1O,trans-4-coumaroylshikimate,2,23
7837,O=C(C=Cc1ccc(O)cc1)OC1OC(CO)C(O)C(O)C1O,1-O-(trans-4-coumaroyl)-beta-D-glucose,4,23
7838,O=C(C=Cc1ccc(O)cc1)OCC1OC(OCC2OC(Oc3cc4c(=O)cc(O)cc-4oc3-c3ccc(O)c(O)c3)C(OC3OCC(O)C(O)C3O)C(O)C2O)C(O)C(O)C1O,cyanidin 3-O-[6-O-(6-O-4-hydroxycinnamoyl-beta-D-glucosyl)-2-O-beta-D-xylosyl-beta-D-galactoside],2,63
7839,O=C(C=Cc1ccc(O)cc1)OCC1OC(Oc2cc3c(OC4OC(CO)C(O)C(O)C4O)cc(=O)cc-3oc2-c2ccc(O)c(O)c2)C(OC2OCC(O)C(O)C2O)C(O)C1O,anthocyanin A3,2,63
7840,O=C(C=Cc1ccc(O)cc1)c1c(O)cc(O)cc1O,"2',4,4',6'-tetrahydroxychalcone",6,20
7841,O=C(C=Cc1ccc(O)cc1)c1c(O)cc(OC2OC(CO)C(O)C(O)C2O)cc1O,"2',4,4',6'-tetrahydroxychalcone 4'-O-beta-D-glucoside",4,31
7842,O=C(C=Cc1ccc(O)cc1)c1ccc(O)cc1O,isoliquiritigenin,4,19
7843,O=C(C=Cc1ccc(OC2OC(CO)C(O)C(O)C2O)cc1)OCC1OC(Oc2cc3c(OC4OC(CO)C(O)C(O)C4O)cc(=O)cc-3oc2-c2ccc(O)c(O)c2)C(OC2OCC(O)C(O)C2O)C(O)C1O,anthocyanin A6,2,74
7844,O=C(C=Cc1ccccc1)OC1OC(CO)C(O)C(O)C1O,1-O-(trans-cinnamoyl)-beta-D-glucose,4,22
7845,O=C(C=Cc1ccccc1)c1ccc(O)cc1O,"2',4'-dihydroxychalcone",2,18
7846,O=C(CC(=O)c1ccc(O)cc1O)c1ccc(O)cc1,licodione,2,20
7847,O=C(CC(O)(CC(=O)NCCCCNCCCNC(=O)c1ccc(O)c(O)c1)C(=O)O)NCCCCNCCCNC(=O)c1ccc(O)c(O)c1,Fe(III)-petrobactin,2,51
7848,O=C(CCC(=O)C(=O)O)NC1COC(OP(=O)(O)OP(=O)(O)OCC2OC(n3ccc(=O)[nH]c3=O)C(O)C2O)C(O)C1O,UDP-aravonose,2,43
7849,O=C(CCCc1c[nH]c2ccccc12)NC(CS)C(=O)O,(indol-3-yl)butanoyl-L-cysteine,2,21
7850,O=C(CCCc1c[nH]c2ccccc12)OC1OC(CO)C(O)C(O)C1O,4-(indol-3-yl)butanoyl-beta-D-glucose,2,26
7851,O=C(CCCl)c1ccccc1,3-chloro-1-phenyl-1-propanone,2,11
7852,O=C(CCc1ccc(O)cc1)c1c(O)cc(O)cc1O,phloretin,8,20
7853,O=C(CCc1ccc(O)cc1)c1c(O)cc(O)cc1OC1OC(CO)C(O)C(O)C1O,phlorizin,4,31
7854,O=C(CCc1ccc(O)cc1)c1c(O)cc(OC2OC(CO)C(O)C(O)C2O)cc1O,trilobatin,2,31
7855,O=C(CO)C(O)(CO)CO,apulose,4,10
7856,O=C(CO)C(O)(CO)COP(=O)(O)O,apulose 4-phosphate,4,14
7857,O=C(CO)C(O)C(O)C(=O)CO,5-dehydro-D-fructose,4,12
7858,O=C(CO)C(O)C(O)C(O)C(O)CO,sedoheptulose,2,14
7859,O=C(CO)C(O)C(O)C(O)C(O)COP(=O)(O)O,D-sedoheptulose 7-phosphate,14,18
7860,O=C(CO)C(O)C(O)C(O)CO,keto-D-sorbose,11,12
7861,O=C(CO)C(O)C(O)C(O)COP(=O)(O)O,keto-D-fructose 6-phosphate,10,16
7862,O=C(CO)C(O)C(O)CO,L-ribulose,14,10
7863,O=C(CO)C(O)C(O)COP(=O)(O)O,D-xylulose 5-phosphate,38,14
7864,O=C(CO)C(O)CO,D-erythrulose,14,8
7865,O=C(CO)C(O)COP(=O)(O)O,D-erythrulose 4-phosphate,6,12
7866,O=C(CO)C(O)CS(=O)(=O)O,4-deoxy-4-sulfo-D-erythrulose,4,11
7867,O=C(CO)CC(=O)C(=O)O,"5-hydroxy-2,4-dioxopentanoate",2,10
7868,O=C(CO)CC(O)C(O)CO,3-deoxyfructose,2,11
7869,O=C(CO)CO,dihydroxyacetone,18,6
7870,O=C(CO)COP(=O)(O)O,dihydroxyacetone phosphate,55,10
7871,O=C(CO)c1ccc(O)cc1,"2,4'-dihydroxyacetophenone",2,11
7872,O=C(CO)c1ccccc1,2-hydroxyacetophenone,2,10
7873,O=C(COP(=O)(O)O)C(O)C(O)C(O)C(O)COP(=O)(O)O,"D-sedoheptulose 1,7-bisphosphate",6,22
7874,O=C(COP(=O)(O)O)C(O)C(O)C(O)CO,L-sorbose 1-phosphate,1,16
7875,O=C(COP(=O)(O)O)C(O)C(O)CO,D-ribulose 1-phosphate,4,14
7876,O=C(COP(=O)(O)O)C(O)C(O)COP(=O)(O)O,"D-ribulose 1,5-bisphosphate",10,18
7877,O=C(COP(=O)(O)O)C(O)CO,L-erythrulose 1-phosphate,10,12
7878,O=C(COP(=O)(O)O)Cc1c[nH]cn1,3-(imidazol-4-yl)-2-oxopropyl phosphate,4,14
7879,O=C(Cc1c[nH]c2ccccc12)OC1C(O)C(O)C(O)C(O)C1O,indole-3-acetyl-1D-myo-inositol,6,24
7880,O=C(Cc1c[nH]c2ccccc12)OC1C(O)C(O)C(O)C(OC2OC(CO)C(O)C(O)C2O)C1O,5-O-(indol-3-ylacetyl)-myo-inositol D-galactoside,2,35
7881,O=C(Cc1c[nH]c2ccccc12)OC1C(O)C(O)C(OC2OCC(O)C(O)C2O)C(O)C1O,(indol-3-yl)acetyl-myo-inositol 3-L-arabinoside,2,33
7882,O=C(Cc1c[nH]c2ccccc12)OC1OC(CO)C(O)C(O)C1O,1-O-(indol-3-ylacetyl)-beta-D-glucose,4,24
7883,O=C(NC(CO)C(=O)O)c1cc(C2OC(CO)C(O)C(O)C2O)cc(O)c1O,"Fe(III)-[N-(C-5-[deoxy-beta-D-glucosyl]-2,3-dihydroxybenzoyl)-L-serine]",4,28
7884,O=C(NC(CO)C(=O)O)c1cccc(O)c1O,"N-(2,3-dihydroxybenzoyl)-L-serine",8,17
7885,O=C(NC(CO)C(O)c1ccc([N+](=O)[O-])cc1)C(Cl)Cl,chloramphenicol,4,20
7886,O=C(NC(COC(=O)C(CO)NC(=O)c1cc(C2OC(CO)C(O)C(O)C2O)cc(O)c1O)C(=O)O)c1cc(C2OC(CO)C(O)C(O)C2O)cc(O)c1O,"Fe(III)-[N-(C-5-[deoxy-beta-D-glucosyl]-2,3-dihydroxybenzoyl)-L-serine]2",4,55
7887,O=C(NC(COC(=O)C(CO)NC(=O)c1cccc(O)c1O)C(=O)O)c1cc(C2OC(CO)C(O)C(O)C2O)cc(O)c1O,"Fe(III)-{N-(2,3-dihydroxybenzoyl)-L-seryl-N-(C-5-[deoxy-beta-D-glucosyl]-2,3-dihydroxybenzoyl)-L-serine}",4,44
7888,O=C(NC(COC(=O)C(CO)NC(=O)c1cccc(O)c1O)C(=O)O)c1cccc(O)c1O,"Fe(III)-[N-(2,3-dihydroxybenzoyl)-L-serine]2",4,33
7889,O=C(NC(COC(=O)C(COC(=O)C(CO)NC(=O)c1cc(C2OC(CO)C(O)C(O)C2O)cc(O)c1O)NC(=O)c1cc(C2OC(CO)C(O)C(O)C2O)cc(O)c1O)C(=O)O)c1cc(C2OC(CO)C(O)C(O)C2O)cc(O)c1O,"[N-(C-5-[deoxy-beta-D-glucosyl]-2,3-dihydroxybenzoyl)-L-serine]3",2,82
7890,O=C(NC(COC(=O)C(COC(=O)C(CO)NC(=O)c1cccc(O)c1O)NC(=O)c1cc(C2OC(CO)C(O)C(O)C2O)cc(O)c1O)C(=O)O)c1cc(C2OC(CO)C(O)C(O)C2O)cc(O)c1O,"N-(2,3-dihydroxybenzoyl)-L-seryl-[N-(C-5-[deoxy-beta-D-glucosyl]-2,3-dihydroxybenzoyl)-L-serine]2",6,71
7891,O=C(NC(COC(=O)C(COC(=O)C(CO)NC(=O)c1cccc(O)c1O)NC(=O)c1cccc(O)c1O)C(=O)O)c1cc(C2OC(CO)C(O)C(O)C2O)cc(O)c1O,"[N-(2,3-dihydroxybenzoyl)-L-seryl]2-N-(C-5-[deoxy-beta-D-glucosyl]-2,3-dihydroxybenzoyl)-L-serine",4,60
7892,O=C(NC(COC(=O)C(COC(=O)C(CO)NC(=O)c1cccc(O)c1O)NC(=O)c1cccc(O)c1O)C(=O)O)c1cccc(O)c1O,"Fe(III)-[N-(2,3-dihydroxybenzoyl)-L-serine]3",4,49
7893,O=C(NC1CN(C(C(=O)O)c2ccc(O)cc2)C1=O)C(=N[O-])c1ccc(O)cc1,nocardicin E,2,29
7894,O=C(NC1COC(=O)C(NC(=O)c2cc(C3OC(CO)C(O)C(O)C3O)cc(O)c2O)COC(=O)C(NC(=O)c2cc(C3OC(CO)C(O)C(O)C3O)cc(O)c2O)COC1=O)c1cc(C2OC(CO)C(O)C(O)C2O)cc(O)c1O,triglucosyl-enterobactin,4,81
7895,O=C(NC1COC(=O)C(NC(=O)c2cc(C3OC(CO)C(O)C(O)C3O)cc(O)c2O)COC(=O)C(NC(=O)c2cc(C3OC(CO)C(O)C(O)C3O)cc(O)c2O)COC1=O)c1cccc(O)c1O,diglucosyl-enterobactin,6,70
7896,O=C(NC1COC(=O)C(NC(=O)c2cccc(O)c2O)COC(=O)C(NC(=O)c2cc(C3OC(CO)C(O)C(O)C3O)cc(O)c2O)COC1=O)c1cccc(O)c1O,monoglucosyl-enterobactin,6,59
7897,O=C(NC1COC(=O)C(NC(=O)c2cccc(O)c2O)COC(=O)C(NC(=O)c2cccc(O)c2O)COC1=O)c1cccc(O)c1O,Fe(III)-enterobactin,6,48
7898,O=C(Nc1cc(O)ccc1C(=O)O)c1ccccc1,N-benzoyl-4-hydroxyanthranilate,2,19
7899,O=C(Nc1ccccc1C(=O)O)c1ccccc1,N-benzoylanthranilate,2,18
7900,O=C(O)*C(=O)O,a dicarboxylate,8,7
7901,O=C(O)*CO,an omega-hydroxy fatty acid,2,6
7902,O=C(O)C(=O)C(=O)C(O)C(O)CO,"2,3-dioxo-L-gulonate",6,13
7903,O=C(O)C(=O)C(=O)O,oxomalonate,4,8
7904,O=C(O)C(=O)C(C(=O)O)C(O)C(=O)O,3-oxalomalate,2,14
7905,O=C(O)C(=O)C(O)C(=O)O,2-hydroxy-3-oxosuccinate,6,10
7906,O=C(O)C(=O)C(O)C(O)C(=O)CO,"2,5-didehydro-D-gluconate",6,13
7907,O=C(O)C(=O)C(O)C(O)C(O)C(O)CO,"(3S,4S,5R,6R)-3,4,5,6,7-pentahydroxy-2-oxoheptanoate",2,15
7908,O=C(O)C(=O)C(O)C(O)C(O)CO,2-dehydro-D-gluconate,10,13
7909,O=C(O)C(=O)C(O)C(O)C(O)COP(=O)(O)O,6-phospho-2-dehydro-D-gluconate,6,17
7910,O=C(O)C(=O)C(O)CO,2-dehydro-D-erythronate,4,9
7911,O=C(O)C(=O)C(O)COP(=O)(O)O,(R)-3-hydroxy-2-oxo-4-phosphooxybutanoate,4,13
7912,O=C(O)C(=O)C=C1C=CC(O)CC1,3-(4-hydroxycyclohex-2-en-1-ylidene)pyruvate,4,13
7913,O=C(O)C(=O)C=CCC(=O)c1ccccc1,"2,6-dioxo-6-phenylhexa-3-enoate",4,16
7914,O=C(O)C(=O)C=Cc1c(O)cc(C(=O)O)nc1O,"5-(3-carboxy-3-oxoprop-1-en-1-yl)-4,6-dihydroxypyridine-2-carboxylate",2,18
7915,O=C(O)C(=O)C=Cc1ccccc1C(=O)O,(3Z)-4-(2-carboxyphenyl)-2-oxobut-3-enoate,3,16
7916,O=C(O)C(=O)C=Cc1ccccc1O,(3E)-4-(2-hydroxyphenyl)-2-oxobut-3-enoate,4,14
7917,O=C(O)C(=O)CC(O)C(=O)CO,"3-deoxy-D-glycero-2,5-hexodiulosonate",4,12
7918,O=C(O)C(=O)CC(O)C(=O)O,4-hydroxy-2-oxoglutarate,4,11
7919,O=C(O)C(=O)CC(O)C(O)C(=O)O,5-dehydro-4-deoxy-D-glucarate,6,13
7920,O=C(O)C(=O)CC(O)C(O)C(O)COP(=O)(O)O,7-phospho-2-dehydro-3-deoxy-D-arabino-heptonate,4,18
7921,O=C(O)C(=O)CC(O)C(O)CO,2-dehydro-3-deoxy-D-galactonate,18,12
7922,O=C(O)C(=O)CC(O)C(O)COP(=O)(O)O,2-dehydro-3-deoxy-6-phospho-D-gluconate,8,16
7923,O=C(O)C(=O)CC(O)C(O)CS(=O)(=O)O,"2-dehydro-3,6-dideoxy-6-sulfo-D-gluconate",4,15
7924,O=C(O)C(=O)CC(O)CO,2-dehydro-3-deoxy-D-arabinonate,8,10
7925,O=C(O)C(=O)CC1(C(=O)O)C=CC(O)C=C1,prephenate,14,16
7926,O=C(O)C(=O)CC1=CCC(O)C=C1,"3-[(4R)-4-hydroxycyclohexa-1,5-dien-1-yl]-2-oxopropanoate",4,13
7927,O=C(O)C(=O)CC1C=CC(O)CC1,tetrahydro-4-hydroxyphenylpyruvate,4,13
7928,O=C(O)C(=O)CCNC(CCN1CCC1C(=O)O)C(=O)O,3''-deamino-3''-oxonicotianamine,6,21
7929,O=C(O)C(=O)CO,3-hydroxypyruvate,26,7
7930,O=C(O)C(=O)COP(=O)(O)O,3-phosphooxypyruvate,6,11
7931,O=C(O)C(=O)CP(=O)(O)O,3-phosphonopyruvate,8,10
7932,O=C(O)C(=O)CS,2-oxo-3-sulfanylpropanoate,14,7
7933,O=C(O)C(=O)CS(=O)(=O)O,3-sulfopyruvate,6,10
7934,O=C(O)C(=O)CS(=O)O,3-sulfinopyruvate,4,9
7935,O=C(O)C(=O)CSc1ccc(Br)cc1,3-((4-bromophenyl)sulfanyl)-2-oxopropanoate,2,14
7936,O=C(O)C(=O)C[PH](=O)O,3-(hydrohydroxyphosphoryl)pyruvate,2,9
7937,O=C(O)C(=O)Cc1c[nH]c2ccccc12,indole-3-pyruvate,24,15
7938,O=C(O)C(=O)Cc1c[nH]cn1,,3,11
7939,O=C(O)C(=O)Cc1cc(I)c(O)c(I)c1,"3-(3,5-diiodo-4-hydroxyphenyl)pyruvate",4,15
7940,O=C(O)C(=O)Cc1cc(I)c(Oc2ccc(O)c(I)c2)c(I)c1,"3,5,3'-triiodothyropyruvate",2,23
7941,O=C(O)C(=O)Cc1ccc(O)c(O)c1,"3-(3,4-dihydroxyphenyl)pyruvate",10,14
7942,O=C(O)C(=O)Cc1ccc(O)cc1,3-(4-hydroxyphenyl)pyruvate,26,13
7943,O=C(O)C(=O)Cc1cccc(O)c1,3-(3-hydroxyphenyl)pyruvate,2,13
7944,O=C(O)C(=O)Cc1ccccc1,3-phenylpyruvate,40,12
7945,O=C(O)C(=O)Cc1cnc[nH]1,3-(imidazol-5-yl)pyruvate,7,11
7946,O=C(O)C(=O)O,oxalate,16,6
7947,O=C(O)C(=O)c1cc(O)cc(O)c1,"2-(3,5-dihydroxyphenyl)-2-oxoacetate",2,13
7948,O=C(O)C(=O)c1ccc(O)cc1,4-hydroxyphenylglyoxylate,4,12
7949,O=C(O)C(=O)c1ccccc1,phenylglyoxylate,10,11
7950,O=C(O)C(CO)OC1OC(CO)C(O)C(O)C1O,(2R)-2-O-(alpha-D-mannosyl)-glycerate,13,18
7951,O=C(O)C(CO)OC1OC(CO)C(O)C(O)C1OC1OC(CO)C(O)C(O)C1O,(2R)-2-O-[alpha-D-mannopyranosyl-(1->2)-alpha-D-glucopyranosyl]-glycerate,4,29
7952,O=C(O)C(CO)OC1OC(COC2OC(CO)C(O)C(O)C2O)C(O)C(O)C1O,(2R)-2-O-[alpha-D-glucopyranosyl-(1->6)-alpha-D-glucopyranosyl-(1->2)]-glycerate,2,29
7953,O=C(O)C(CO)OC1OC(COP(=O)(O)O)C(O)C(O)C1O,(2R)-2-O-(6-phospho-alpha-D-mannosyl)-glycerate,3,22
7954,O=C(O)C(CO)OP(=O)(O)O,(2R)-2-phosphoglycerate,12,11
7955,O=C(O)C(CO)c1ccccc1,tropate,2,12
7956,O=C(O)C(COP(=O)(O)O)OC1OC(CO)C(O)C(O)C1O,2-O-(alpha-D-mannosyl)-3-phosphoglycerate,12,22
7957,O=C(O)C(COP(=O)(O)O)OC1OC(CO)C(O)C(O)C1OC1OC(CO)C(O)C(O)C1O,(2R)-2-O-[alpha-D-mannopyranosyl-(1->2)-alpha-D-glucopyranosyl]-3-phospho-glycerate,4,33
7958,O=C(O)C(COP(=O)(O)O)OP(=O)(O)O,"(2R)-2,3-bisphosphoglycerate",8,15
7959,O=C(O)C(CS(=O)(=O)O)OP(=O)(O)O,(2R)-O-phospho-3-sulfolactate,4,14
7960,O=C(O)C(CS)CS,3-sulfanyl-2-(sulfanylmethyl)propanoate,2,8
7961,O=C(O)C(Cc1c[nH]c2ccccc12)N(O)O,"N,N-dihydroxy-L-tryptophan",2,17
7962,O=C(O)C(Cc1ccc(O)cc1)N(O)O,"N,N-dihydroxy-L-tyrosine",2,15
7963,O=C(O)C(Cc1ccc(O)cc1)N=CC1(O)OCC(O)C(O)C1O,"(2S)-3-(4-hydroxyphenyl)-2-[(E)-{[(2R,3S,4R,5R)-2,3,4,5-tetrahydroxyoxan-2-yl]methylidene}amino]propanoate",2,24
7964,O=C(O)C(Cc1ccc(O)cc1)NCC1(O)OCC(O)C(O)C1O,N-(1-deoxy-beta-D-fructopyranos-1-yl)-L-tyrosine,2,24
7965,O=C(O)C(Cc1ccccc1)N(O)O,"N,N-dihydroxy-L-phenylalanine",2,14
7966,O=C(O)C(Cc1ccccc1)N=CC1(O)OCC(O)C(O)C1O,"(2S)-3-phenyl-2-[(E)-{[(2R,3S,4R,5R)-2,3,4,5-tetrahydroxyoxan-2-yl]methylidene}amino]propanoate",2,23
7967,O=C(O)C(Cc1ccccc1)NCC1(O)OCC(O)C(O)C1O,N-(1-deoxy-beta-D-fructopyranos-1-yl)-L-phenylalanine,2,23
7968,O=C(O)C(Cl)=CC(Cl)=C(Cl)C(=O)O,"(2Z,4E)-2,3,5-trichloromuconate",2,13
7969,O=C(O)C(Cl)=CC=C(Cl)C(=O)O,"(2E,4E)-2,5-dichloromuconate",2,12
7970,O=C(O)C(O)(C(=O)O)C(O)C(O)CO,2-carboxy-L-lyxonate,4,14
7971,O=C(O)C(O)(CO)C(=O)CO,3-oxoisoapionate,6,11
7972,O=C(O)C(O)(CO)C(=O)COP(=O)(O)O,3-oxoisoapionate 4-phosphate,4,15
7973,O=C(O)C(O)(CO)C(O)C(O)CO,2-carboxy-D-arabinitol,2,13
7974,O=C(O)C(O)(COP(=O)(O)O)C(O)C(O)CO,2-carboxy-D-arabinitol 1-phosphate,2,17
7975,O=C(O)C(O)=C(O)C(=O)O,dihydroxyfumarate,2,10
7976,O=C(O)C(O)=CC=CC(=O)c1ccccc1,"2-hydroxy-6-oxo-6-phenylhexa-2,4-dienoate",4,16
7977,O=C(O)C(O)=CC=CC(=O)c1ccccc1O,"2-hydroxy-6-(2-hydroxyphenyl)-6-oxo-cis,cis-hexa-2,4-dienoate",2,17
7978,O=C(O)C(O)=Cc1ccccc1,enol-phenylpyruvate,2,12
7979,O=C(O)C(O)C(=O)C(O)C(O)CO,3-dehydro-L-gulonate,10,13
7980,O=C(O)C(O)C(=O)C(O)C(O)COP(=O)(O)O,3-dehydro-L-gulonate 6-phosphate,5,17
7981,O=C(O)C(O)C(=O)CO,3-dehydro-D-erythronate,6,9
7982,O=C(O)C(O)C(=O)COP(=O)(O)O,3-dehydro-4-O-phospho-L-erythronate,6,13
7983,O=C(O)C(O)C(=O)O,hydroxymalonate,4,8
7984,O=C(O)C(O)C(C[PH](=O)O)C(=O)O,phosphinomethylisomalate,4,13
7985,O=C(O)C(O)C(O)(CO)CO,D-apionate,4,11
7986,O=C(O)C(O)C(O)(Cc1ccc(O)cc1)C(=O)O,"(2R,3S)-piscidate",8,18
7987,O=C(O)C(O)C(O)C(=O)O,"(2R,3R)-tartrate",10,10
7988,O=C(O)C(O)C(O)C(CO)OC1OCC(O)C(O)C1O,D-xylobionate,2,20
7989,O=C(O)C(O)C(O)C(CO)OC1OCC(OC2OCC(O)C(O)C2O)C(O)C1O,D-xylotrionate,2,29
7990,O=C(O)C(O)C(O)C(CO)OC1OCC(OC2OCC(OC3OCC(O)C(O)C3O)C(O)C2O)C(O)C1O,D-xylotetraonate,2,38
7991,O=C(O)C(O)C(O)C(O)C(=O)CO,keto-D-tagaturonate,12,13
7992,O=C(O)C(O)C(O)C(O)C(O)C(=O)O,galactarate,10,14
7993,O=C(O)C(O)C(O)C(O)C(O)CO,D-galactonate,24,13
7994,O=C(O)C(O)C(O)C(O)C(O)COP(=O)(O)O,6-phospho-D-gluconate,14,17
7995,O=C(O)C(O)C(O)C(O)C(O)CS(=O)(=O)O,6-deoxy-6-sulfo-D-gluconate,4,16
7996,O=C(O)C(O)C(O)C(O)CO,D-arabinonate,10,11
7997,O=C(O)C(O)C(O)C(O)COP(=O)(O)O,5-phospho-D-xylonate,2,15
7998,O=C(O)C(O)C(O)C(OC1OC(CO)C(O)C(O)C1O)C(O)CO,4-O-beta-D-glucopyranosyl-D-gluconate,4,24
7999,O=C(O)C(O)C(O)C(OC1OC(CO)C(OC2OC(CO)C(O)C(O)C2O)C(O)C1O)C(O)CO,D-cellotrionate,2,35
8000,O=C(O)C(O)C(O)C(OC1OC(CO)C(OC2OC(CO)C(OC3OC(CO)C(O)C(O)C3O)C(O)C2O)C(O)C1O)C(O)CO,D-cellotetraonate,2,46
8001,O=C(O)C(O)C(O)C(OC1OC(CO)C(OC2OC(CO)C(OC3OC(CO)C(OC4OC(CO)C(O)C(O)C4O)C(O)C3O)C(O)C2O)C(O)C1O)C(O)CO,D-cellopentaonate,2,57
8002,O=C(O)C(O)C(O)C(OC1OC(CO)C(OC2OC(CO)C(OC3OC(CO)C(OC4OC(CO)C(OC5OC(CO)C(O)C(O)C5O)C(O)C4O)C(O)C3O)C(O)C2O)C(O)C1O)C(O)CO,D-cellohexaonate,2,68
8003,O=C(O)C(O)C(O)C(OC1OC(CO)C(OC2OC(CO)C(OC3OC(CO)C(OC4OC(CO)C(OC5OC(CO)C(OC6OC(CO)C(O)C(O)C6O)C(O)C5O)C(O)C4O)C(O)C3O)C(O)C2O)C(O)C1O)C(O)CO,D-maltoheptaonate,2,79
8004,O=C(O)C(O)C(O)CO,D-threonate,6,9
8005,O=C(O)C(O)C(O)COP(=O)(O)O,4-phospho-D-erythronate,10,13
8006,O=C(O)C(O)C1OCC(O)C1O,"3,6-anhydro-L-galactonate",6,12
8007,O=C(O)C(O)CCNC(C(=O)O)C(O)CN1CC(O)C1C(=O)O,3-epihydroxymugineate,2,23
8008,O=C(O)C(O)CCNC(C(=O)O)C(O)CN1CCC1C(=O)O,mugineate,4,22
8009,O=C(O)C(O)CCNC(CCN1CC(O)C1C(=O)O)C(=O)O,3-epihydroxy-2'-deoxymugineate,2,22
8010,O=C(O)C(O)CCNC(CCN1CCC1C(=O)O)C(=O)O,2'-deoxymugineate,8,21
8011,O=C(O)C(O)CO,(R)-glycerate,36,7
8012,O=C(O)C(O)COP(=O)(O)O,(2R)-3-phosphoglycerate,36,11
8013,O=C(O)C(O)COP(=O)(O)OCC(O)C(O)C(O)Cn1c2nc(=O)[nH]c(=O)c-2cc2ccc(O)cc21,oxidized 3PG-factor420-0,2,36
8014,O=C(O)C(O)CS(=O)(=O)O,(2R)-3-sulfolactate,14,10
8015,O=C(O)C(O)Cc1c[nH]c2ccccc12,3-(indol-3-yl)lactate,4,15
8016,O=C(O)C(O)Cc1cc(I)c(O)c(I)c1,"3-(3,5-diiodo-4-hydroxyphenyl)lactate",2,15
8017,O=C(O)C(O)Cc1ccc(O)c(O)c1,"(2R)-3-(3,4-dihydroxyphenyl)lactate",6,14
8018,O=C(O)C(O)Cc1ccc(O)cc1,(2R)-2-hydroxy-3-(4-hydroxyphenyl)propanoate,6,13
8019,O=C(O)C(O)Cc1ccccc1,3-phenyllactate,6,12
8020,O=C(O)C(O)Cc1cnc[nH]1,(S)-3-(imidazol-5-yl)lactate,4,11
8021,O=C(O)C(O)c1ccc(O)cc1,(S)-4-hydroxymandelate,6,12
8022,O=C(O)C(O)c1ccccc1,(S)-mandelate,6,11
8023,O=C(O)C1(O)C(=O)OC(CO)C1O,2-carboxy-L-lyxonolactone,2,13
8024,O=C(O)C1(O)C=CC=CC1O,"(1R,6S)-1,6-dihydroxycyclohexa-2,4-diene-1-carboxylate",2,11
8025,O=C(O)C1(O)C=Cc2ccccc2O1,2-hydroxychromene-2-carboxylate,4,14
8026,O=C(O)C1(O)CC(O)C(O)C(C(O)C(O)CO)O1,3-deoxy-D-glycero-beta-D-galacto-non-2-ulopyranosonate,4,18
8027,O=C(O)C1(O)CC(O)C(O)C(C(O)C(O)COP(=O)(O)O)O1,3-deoxy-D-glycero-beta-D-galacto-non-2-ulopyranosonate 9-phosphate,4,22
8028,O=C(O)C1(O)CC(O)C(O)C(C(O)CO)O1,3-deoxy-alpha-D-manno-oct-2-ulosonate,8,16
8029,O=C(O)C1(O)CC(O)C(O)C(C(O)COP(=O)(O)O)O1,3-deoxy-alpha-D-manno-2-octulosonate-8-phosphate,4,20
8030,O=C(O)C1(O)CC(O)C(O)C(O)C1,L-quinate,15,13
8031,O=C(O)C1=CC(=O)C(O)C(O)C1,3-dehydroshikimate,8,12
8032,O=C(O)C1=CC(=O)c2ccccc2C1=O,"2-carboxy-1,4-naphthoquinone",2,15
8033,O=C(O)C1=CC(O)C(O)(C(=O)O)C=C1,"(3S,4R)-3,4-dihydroxycyclohexa-1,5-diene-1,4-dicarboxylate",2,14
8034,O=C(O)C1=CC(O)C(O)C(O)C1,shikimate,11,12
8035,O=C(O)C1=CC(O)C(O)C(O)O1,4-deoxy-L-erythro-hex-4-enopyranuronate,2,12
8036,O=C(O)C1=CC(O)C(O)C=C1,"(3R,4R)-3,4-dihydroxy-3,4-dihydrobenzoate",2,11
8037,O=C(O)C1=CC(O)C(O)C=C1C(=O)O,"cis-4,5-dihydroxycyclohexa-2,6-diene-1,2-dicarboxylate",1,14
8038,O=C(O)C1=CC(O)OC(C(=O)O)=C1,4-carboxy-2-hydroxymuconate semialdehyde hemiacetal,1,13
8039,O=C(O)C1=CC(OP(=O)(O)O)C(O)C(O)C1,3-phosphoshikimate,4,16
8040,O=C(O)C1=CC=CC(O)C1O,"(2S,3S)-2,3-dihydroxy-2,3-dihydrobenzoate",2,11
8041,O=C(O)C1=CC=CC2=Nc3c(cccc3C(=O)O)NC12,"(5aS)-5,5a-dihydrophenazine-1,6-dicarboxylate",3,20
8042,O=C(O)C1=CC=CC2=Nc3ccccc3NC12,"(10aS)-10,10a-dihydrophenazine-1-carboxylate",3,17
8043,O=C(O)C1=CCC2CC(=O)N12,(5R)-carbapenem-3-carboxylate,2,11
8044,O=C(O)C1=NC(C(=O)O)CC(O)C1,"(2S,4S)-4-hydroxy-2,3,4,5-tetrahydrodipicolinate",4,13
8045,O=C(O)C1=NC(C(=O)O)CCC1,"(S)-2,3,4,5-tetrahydrodipicolinate",6,12
8046,O=C(O)C1=NC(C(=O)O)CCSC1,(S)-cystathionine ketimine,4,13
8047,O=C(O)C1=NC(C(=O)O)CSC1,(R)-lanthionine ketimine,2,12
8048,O=C(O)C1=NCC(O)C1,4-hydroxy-1-pyrroline-2-carboxylate,2,9
8049,O=C(O)C1=NCCC1,1-pyrroline-2-carboxylate,8,8
8050,O=C(O)C1=NCCCC1,Delta(1)-piperideine-2-carboxylate,6,9
8051,O=C(O)C1=NCCS1,Delta(2)-thiazoline-2-carboxylate,2,8
8052,O=C(O)C1=NCCSC1,"3,4-dehydrothiomorpholine-3-carboxylate",4,9
8053,O=C(O)C1C(=CCO)OC2CC(=O)N21,clavulanate,2,14
8054,O=C(O)C1C=CCC2=C1N=C1CC=CC(C(=O)O)C1N2,"(1R,6R)-1,4,5,5a,6,9-hexahydrophenazine-1,6-dicarboxylate",2,20
8055,O=C(O)C1C=CCC2=C1Nc1ccccc1N2,"(1R)-1,4,5,10-tetrahydrophenazine-1-carboxylate",4,17
8056,O=C(O)C1C=CCC2=Nc3ccccc3NC21,"(1R,10aS)-1,4,10,10a-tetrahydrophenazine-1-carboxylate",6,17
8057,O=C(O)C1CC(O)C=N1,"(3R,5S)-1-pyrroline-3-hydroxy-5-carboxylate",8,9
8058,O=C(O)C1CC(O)CN1,cis-4-hydroxy-D-proline,12,9
8059,O=C(O)C1CC(OC2OC(CO)C(O)C2O)CN1,"4-O-(beta-L-arabinofuranosyl)-(2S,4S)-4-hydroxyproline",2,18
8060,O=C(O)C1CC(OC2OC(CO)C(O)C2OC2OC(CO)C(O)C2OC2OC(CO)C(O)C2O)CN1,"4-O-(beta-L-arabinofuranosyl-(1->2)-beta-L-arabinofuranosyl-(1->2)-beta-L-arabinofuranosyl)-(2S,4S)-4-hydroxyproline",2,36
8061,O=C(O)C1CCC(O)C(O)C1,"(1S,3R,4S)-3,4-dihydroxycyclohexane-1-carboxylate",2,11
8062,O=C(O)C1CCC(O)CC1,trans-4-hydroxycyclohexane-1-carboxylate,2,10
8063,O=C(O)C1CCC2CC(=O)N21,"(3S,5S)-carbapenam-3-caboxylate",4,11
8064,O=C(O)C1CCC=N1,(S)-1-pyrroline-5-carboxylate,14,8
8065,O=C(O)C1CCCC=N1,L-1-piperideine-6-carboxylate,8,9
8066,O=C(O)C1CCCCC1,cyclohexane-1-carboxylate,4,9
8067,O=C(O)C1CCCCN1,L-pipecolate,8,9
8068,O=C(O)C1CCCN1,D-proline,34,8
8069,O=C(O)C1CCCNC1,(3R)-piperidine-3-carboxylate,2,9
8070,O=C(O)C1CCN1,(S)-azetidine-2-carboxylate,4,7
8071,O=C(O)C1CCSCC(C(=O)O)N1,"(3R,5S)-2,3,5,6,7-pentahydro-1,4-thiazepine-3,5-dicarboxylate",4,13
8072,O=C(O)C1CNCCN1,(R)-piperazine-2-carboxylate,4,9
8073,O=C(O)C1COP(=O)(O)OP(=O)(O)O1,"cyclic (2R)-2,3-bisphosphoglycerate",2,14
8074,O=C(O)C1CSC(c2nc3ccc(O)cc3s2)=N1,firefly D-luciferin,6,18
8075,O=C(O)C1CSC(c2nc3ccc(OS(=O)(=O)O)cc3s2)=N1,firefly D-sulfoluciferin,2,22
8076,O=C(O)C1CSCC(C(=O)O)N1,"(3R,5R)-1,4-thiomorpholine-3,5-dicarboxylate",2,12
8077,O=C(O)C1CSCCN1,"(3R)-1,4-thiomorpholine-3-carboxylate",4,9
8078,O=C(O)C1CSSC1,asparagusate,2,8
8079,O=C(O)C1NCCC1O,trans-3-hydroxy-L-proline,4,9
8080,O=C(O)C1NCCS1,L-thiazolidine-2-carboxylate,2,8
8081,O=C(O)C1OC(O)(CO)C(O)C1O,D-fructuronate,2,13
8082,O=C(O)C1OC(O)C(O)C(O)C1O,alpha-D-galacturonate,36,13
8083,O=C(O)C1OC(OC2C(O)OC(C(=O)O)C(O)C2O)C(O)C(O)C1O,2-(beta-D-glucuronosyl)-D-glucuronate,2,25
8084,O=C(O)C1OC(OC2C(Oc3cc(O)c4c(=O)cc(-c5ccc(O)c(O)c5)oc4c3)OC(C(=O)O)C(O)C2O)C(O)C(O)C1O,luteolin 7-O-[(beta-D-glucuronosyl)-(1->2)-(beta-D-glucuronide)],4,45
8085,O=C(O)C1OC(OP(=O)(O)O)C(O)C(O)C1O,1-phospho-alpha-D-glucuronate,6,17
8086,O=C(O)C1OC(OP(=O)(O)OP(=O)(O)OCC2OC(n3ccc(=O)[nH]c3=O)C(O)C2O)C(O)C(O)C1O,UDP-alpha-D-galacturonate,166,37
8087,O=C(O)C1OC(Oc2cc(O)c3c(=O)cc(-c4ccc(O)c(O)c4)oc3c2)C(O)C(O)C1O,luteolin 7-O-beta-D-glucuronide,4,33
8088,O=C(O)C1OC(Oc2cc3oc(-c4ccc(O)cc4)cc(=O)c3c(O)c2O)C(O)C(O)C1O,scutellarin,2,33
8089,O=C(O)C1OC(Oc2cc3oc(-c4ccccc4)cc(=O)c3c(O)c2O)C(O)C(O)C1O,baicalin,4,32
8090,O=C(O)C1OC(Oc2ccc(-c3cc(=O)c4c(O)cc(OC5OC(C(=O)O)C(O)C(O)C5OC5OC(C(=O)O)C(O)C(O)C5O)cc4o3)cc2O)C(O)C(O)C1O,luteolin 7-O-[(beta-D-glucuronosyl)-(1->2)-(beta-D-glucuronide)] 4'-O-beta-D-glucuronide,2,57
8091,O=C(O)C1OC1C(=O)O,"trans-2,3-epoxysuccinate",2,9
8092,O=C(O)C=C(C=C(O)C(=O)O)C(=O)O,"4-carboxy-2-hydroxy-cis,cis-muconate",4,14
8093,O=C(O)C=C(CC(=O)C(=O)O)C(=O)O,"(1E)-4-oxobut-1-ene-1,2,4-tricarboxylate",6,14
8094,O=C(O)C=C(CC(=O)O)C(=O)O,trans-aconitate,10,12
8095,O=C(O)C=C(CCC(=O)O)C(=O)O,cis-homoaconitate,4,13
8096,O=C(O)C=C(CCCC(=O)O)C(=O)O,cis-(homo)2aconitate,2,14
8097,O=C(O)C=C(CCCCC(=O)O)C(=O)O,cis-(homo)3aconitate,2,15
8098,O=C(O)C=C(Cl)C=C(Cl)C(=O)O,"(2E,4E)-2,4-dichloromuconate",4,12
8099,O=C(O)C=C(O)C(=O)O,enol-oxaloacetate,4,9
8100,O=C(O)C=C1C=CC(=O)O1,"2-(5-oxo-2,5-dihydrofuran-2-ylidene)acetate",2,10
8101,O=C(O)C=CC(=CC(=O)C(=O)O)[N+](=O)[O-],"4-nitro-6-oxohepta-2,4-dienedioate",2,15
8102,O=C(O)C=CC(=CC(=O)O)C(=O)O,"3-carboxy-cis,cis-muconate",4,13
8103,O=C(O)C=CC(=O)C=CC=C(O)C(=O)O,"(2E,4Z,7E)-2-hydroxy-6-oxonona-2,4,7-trienedioate",4,15
8104,O=C(O)C=CC(=O)CC(=O)C(=O)O,3-maleylpyruvate,6,13
8105,O=C(O)C=CC(=O)CC(=O)CC(=O)O,4-maleylacetoacetate,4,14
8106,O=C(O)C=CC(=O)CC(=O)O,4-oxohex-2-enedioate,10,11
8107,O=C(O)C=CC(=O)O,fumarate,43,8
8108,O=C(O)C=CC(C=CC(=O)O)=CC(=O)O,"3-(2-carboxyethenyl)-cis,cis-muconate",2,15
8109,O=C(O)C=CC(Cl)=C(Cl)C(=O)O,"(2Z,4Z)-2,3-dichloromuconate",2,12
8110,O=C(O)C=CC(Cl)=CC(=O)O,"3-chloro-cis,cis-muconate",4,11
8111,O=C(O)C=CC(O)=CC(=O)Cl,"5-chlorocarbonyl-4-hydroxy-penta-2,4-dienoate",2,11
8112,O=C(O)C=CC(O)=CC(=O)O,"3-hydroxy-cis,cis-muconate",4,11
8113,O=C(O)C=CC1=CC=CC(O)C1O,"(2E)-3-(cis-5,6-dihydroxycyclohexa-1,3-dien-1-yl)prop-2-enoate",1,13
8114,O=C(O)C=CC=C(C(=O)O)C(=O)O,"2-carboxy-cis,cis-muconate",2,13
8115,O=C(O)C=CC=C(Cl)C(=O)O,"(2E,4Z)-2-chloromuconate",2,11
8116,O=C(O)C=CC=C(O)C(=O)O,"(2Z,4E)-2-hydroxyhexa-2,4-dienedioate",12,11
8117,O=C(O)C=CC=CC(=O)O,"cis,cis-muconate",4,10
8118,O=C(O)C=CC=Cc1ccc2c(c1)OCO2,"(E,E)-piperate",4,16
8119,O=C(O)C=CCC(=O)C(=O)O,(Z)-5-oxohex-2-enedioate,2,11
8120,O=C(O)C=CCC(=O)O,trans-glutaconate,2,9
8121,O=C(O)C=C[N+](=O)[O-],3-nitroacrylate,2,8
8122,O=C(O)C=Cc1c[nH]c2ccccc12,(E)-3-(indol-3-yl)acrylate,4,14
8123,O=C(O)C=Cc1c[nH]cn1,trans-urocanate,2,10
8124,O=C(O)C=Cc1ccc(O)c(O)c1,(E)-caffeate,20,13
8125,O=C(O)C=Cc1ccc(O)cc1,(E)-4-coumarate,22,12
8126,O=C(O)C=Cc1ccc(OC2OC(CO)C(O)C(O)C2O)cc1,4'-O-beta-D-glucosyl-cis-4-coumarate,2,23
8127,O=C(O)C=Cc1cccc(O)c1,(2E)-3-(3-hydroxyphenyl)prop-2-enoate,2,12
8128,O=C(O)C=Cc1cccc(O)c1O,"(2E)-3-(2,3-dihydroxyphenyl)prop-2-enoate",4,13
8129,O=C(O)C=Cc1ccccc1,(E)-cinnamate,25,11
8130,O=C(O)C=Cc1ccccc1O,trans-2-coumarate,8,12
8131,O=C(O)C=Cc1ccccc1OC1OC(CO)C(O)C(O)C1O,trans-beta-D-glucosyl-2-hydroxycinnamate,4,23
8132,O=C(O)CC(=CC(=O)C(=O)O)C(=O)O,(3Z)-2-oxo-4-carboxy-3-hexenedioate,4,14
8133,O=C(O)CC(=CC=C(O)C(=O)O)C(=O)O,"(2E,4Z)-5-hydroxypenta-2,4-diene-1,2,5-tricarboxylate",4,15
8134,O=C(O)CC(=C[PH](=O)O)C(=O)O,2-(phosphinatomethylidene)butanedioate,4,12
8135,O=C(O)CC(=O)C(=O)O,oxaloacetate,83,9
8136,O=C(O)CC(=O)C(O)C(O)CO,3-dehydro-2-deoxy-D-gluconate,2,12
8137,O=C(O)CC(=O)N1c2ccccc2C23CCN4CC5=CCOC(O)C(C5CC42)C13,prestrychnine,2,29
8138,O=C(O)CC(=O)NC(Cc1c[nH]c2ccccc12)C(=O)O,N(2)-malonyl-D-tryptophan,2,21
8139,O=C(O)CC(=O)Nc1ccc(Cl)c(Cl)c1,"N-(3,4-dichlorophenyl)malonamate",2,15
8140,O=C(O)CC(=O)Nc1ccccc1C(=O)O,N-malonylanthranilate,2,16
8141,O=C(O)CC(=O)O,malonate,18,7
8142,O=C(O)CC(=O)OCC1OC(Oc2c(-c3ccc(O)c(O)c3)oc3cc(O)cc(O)c3c2=O)C(O)C(O)C1O,quercetin 3-O-(6-O-malonyl-beta-D-glucoside),2,39
8143,O=C(O)CC(=O)OCC1OC(Oc2c(-c3ccc(O)cc3)oc3cc(O)cc(O)c3c2=O)C(O)C(O)C1O,kaempferol 3-O-(6-O-malonyl-beta-D-glucoside),2,38
8144,O=C(O)CC(=O)OCC1OC(Oc2cc(=O)cc3oc(-c4ccc(O)c(O)c4)c(OC4OC(COC(=O)C=Cc5ccc(O)cc5)C(O)C(O)C4OC4OCC(O)C(O)C4O)cc2-3)C(O)C(O)C1O,anthocyanin A5,2,69
8145,O=C(O)CC(=O)OCC1OC(Oc2cc(=O)cc3oc(-c4ccc(O)c(O)c4)c(OC4OC(COC(=O)C=Cc5ccc(OC6OC(CO)C(O)C(O)C6O)cc5)C(O)C(O)C4OC4OCC(O)C(O)C4O)cc2-3)C(O)C(O)C1O,anthocyanin A8,4,80
8146,O=C(O)CC(=O)OCC1OC(Oc2cc(=O)cc3oc(-c4ccc(O)cc4)c(OC4OC(COC(=O)C=Cc5ccc(O)c(O)c5)C(O)C(O)C4O)cc2-3)C(O)C(O)C1O,4'''-demalonylsalvianin,4,60
8147,O=C(O)CC(=O)OCC1OC(Oc2cc(=O)cc3oc(-c4ccc(O)cc4)c(OC4OC(COC(=O)C=Cc5ccc(O)c(O)c5)C(O)C(O)C4O)cc2-3)C(O)C(O)C1OC(=O)CC(=O)O,salvianin,2,66
8148,O=C(O)CC(=O)OCC1OC(Oc2cc(O)c3c(=O)c(O)c(-c4ccc(O)cc4)oc3c2)C(O)C(O)C1O,kaempferol 7-O-(6-O-malonyl-beta-D-glucoside),2,38
8149,O=C(O)CC(=O)OCC1OC(Oc2cc(O)c3c(=O)cc(-c4ccc(O)cc4)oc3c2)C(O)C(O)C1O,apigenin 7-O-(6-O-malonyl-beta-D-glucoside),2,37
8150,O=C(O)CC(=O)OCC1OC(Oc2cc(O)c3c(c2)OC(c2ccc(O)cc2)CC3=O)C(O)C(O)C1O,(2S)-naringenin 7-O-(6-O-malonyl-beta-D-glucoside),2,37
8151,O=C(O)CC(=O)OCC1OC(Oc2cc3c(=O)cc(O)cc-3oc2-c2cc(O)c(O)c(O)c2)C(O)C(O)C1O,delphinidin 3-O-(6''-O-malonyl)-beta-D-glucoside,2,39
8152,O=C(O)CC(=O)OCC1OC(Oc2cc3c(=O)cc(O)cc-3oc2-c2cc(O)c(O)c(OC3OC(CO)C(O)C(O)C3O)c2)C(O)C(O)C1O,delphinidin 3-O-(6''-O-malonyl)-beta-D-glucoside-3'-O-beta-D-glucoside,4,50
8153,O=C(O)CC(=O)OCC1OC(Oc2cc3c(=O)cc(O)cc-3oc2-c2cc(OC3OC(CO)C(O)C(O)C3O)c(O)c(OC3OC(CO)C(O)C(O)C3O)c2)C(O)C(O)C1O,ternatin C5,2,61
8154,O=C(O)CC(=O)c1ccccc1,3-oxo-3-phenylpropanoate,4,12
8155,O=C(O)CC(C(=O)O)C(=O)C(=O)O,(S)-oxalosuccinate,6,13
8156,O=C(O)CC(C(=O)O)C(O)C(=O)O,D-threo-isocitrate,14,13
8157,O=C(O)CC(C(=O)O)C(OC(=O)C=Cc1ccc(O)c(O)c1)C(=O)O,2-[(E)-caffeoyl]-D-threo-isocitrate(3-),2,25
8158,O=C(O)CC(C(=O)O)N(O)O,"N,N-dihydroxy-L-aspartate",2,11
8159,O=C(O)CC(C(=O)O)[N+](=O)[O-],2-nitrobutanedioate,2,11
8160,O=C(O)CC(C(=O)O)c1ccccc1,phenylsuccinate,4,14
8161,O=C(O)CC(C=CC(=O)C(=O)O)C(=O)O,"(3E,5R)-5-carboxy-2-oxohept-3-enedioate",6,15
8162,O=C(O)CC(Cc1ccccc1)C(=O)O,2-benzylsuccinate,4,15
8163,O=C(O)CC(NC(=O)Cc1c[nH]c2ccccc12)C(=O)O,(indol-3-yl)acetyl-L-aspartate,2,21
8164,O=C(O)CC(NO)C(=O)O,N-hydroxy-L-aspartate,4,10
8165,O=C(O)CC(Nc1ncnc2c1ncn2C1OC(COP(=O)(O)O)C(O)C1O)C(=O)O,"N(6)-(1,2-dicarboxyethyl)-AMP",4,31
8166,O=C(O)CC(O)(CC(=O)C(=O)O)C(=O)O,"2-hydroxy-4-oxobutane-1,2,4-tricarboxylate",6,15
8167,O=C(O)CC(O)(CC(=O)NCCCC(NC(=O)CC(O)(CC(=O)O)C(=O)O)C(=O)O)C(=O)O,staphyloferrin A,2,33
8168,O=C(O)CC(O)(CC(=O)NCCCCNCCCNC(=O)c1ccc(O)c(O)c1)C(=O)O,"N(1)-(3,4-dihydroxybenzoyl)-N(8)-citryl-spermidine",4,32
8169,O=C(O)CC(O)(CC(=O)O)C(=O)O,iron(III) dicitrate,30,13
8170,O=C(O)CC(O)(CP(=O)(O)O)C(=O)O,(R)-2-(phosphonomethyl)malate,2,14
8171,O=C(O)CC(O)(C[PH](=O)O)C(=O)O,phosphinomethylmalate,6,13
8172,O=C(O)CC(O)C(=O)O,(R)-malate,37,9
8173,O=C(O)CC(O)C(O)C(=O)CO,5-dehydro-2-deoxy-D-gluconate,4,12
8174,O=C(O)CC(O)C(O)C(=O)COP(=O)(O)O,6-phospho-5-dehydro-2-deoxy-D-gluconate,4,16
8175,O=C(O)CC(O)C(O)C(O)CO,2-deoxy-D-gluconate,2,12
8176,O=C(O)CC(O)CCCCCCCCCO,"3,12-dihydroxydodecanoate",2,16
8177,O=C(O)CC(O)c1ccc(O)cc1,3-hydroxy-3-(4-hydroxyphenyl)propanoate,4,13
8178,O=C(O)CC1(C(=O)O)C=CC(=O)O1,"2-(carboxymethyl)-5-oxo-2,5-dihydro-2-furoate",4,13
8179,O=C(O)CC1(Cl)C=C(Cl)C(=O)O1,"2-(2,4-dichloro-5-oxo-2,5-dihydrofuryl)acetate",2,12
8180,O=C(O)CC1(Cl)C=CC(=O)O1,"2-[(2R)-2-chloro-2,5-dihydro-5-oxofuryl]acetate",2,11
8181,O=C(O)CC1=CCC(=O)O1,"(4,5-dihydro-5-oxofuran-2-yl)-acetate",6,10
8182,O=C(O)CC1C(=O)Nc2ccccc21,2-oxindole-3-acetate,2,14
8183,O=C(O)CC1C=CC(=O)O1,(S)-muconolactone,4,10
8184,O=C(O)CC1CCC(=O)C1CC=CCCO,"(1R,2R)-12-hydroxyjasmonate",8,16
8185,O=C(O)CC1CCC(=O)C1CC=CCCOS(=O)(=O)O,a 12-sulfojasmonate,2,20
8186,O=C(O)CC1CCC(C(=O)O)N1,"(2S,5S)-5-carboxymethylproline",2,12
8187,O=C(O)CC1NC(=O)NC1=O,L-5-carboxymethylhydantoin,2,11
8188,O=C(O)CC=CC(=O)C(=O)O,(3Z)-2-oxohex-3-enedioate,6,11
8189,O=C(O)CC=CC=C(O)C(=O)O,"(2Z,4Z)-2-hydroxyhepta-2,4-diene-1,7-dioate",4,12
8190,O=C(O)CC=CCC(=O)C(=O)O,(4Z)-2-oxohept-4-enedioate,6,12
8191,O=C(O)CCC(=O)C(=O)O,2-oxoglutarate,558,10
8192,O=C(O)CCC(=O)C(O)C(=O)O,2-hydroxy-3-oxoadipate,2,12
8193,O=C(O)CCC(=O)C1=CC=CC(O)C1C(=O)O,"(1R,6R)-6-hydroxy-2-succinyl-cyclohexa-2,4-diene-1-carboxylate",2,17
8194,O=C(O)CCC(=O)C=CC=C(O)C(=O)O,"(2E,4Z)-2-hydroxy-6-oxononadienedioate",4,15
8195,O=C(O)CCC(=O)CC(=O)O,3-oxoadipate,10,11
8196,O=C(O)CCC(=O)NC(CCC(=O)O)C(=O)O,N-succinyl-L-glutamate,4,17
8197,O=C(O)CCC(=O)NC(CCCC(=O)C(=O)O)C(=O)O,(S)-2-succinylamino-6-oxoheptanedioate,2,20
8198,O=C(O)CCC(=O)O,succinate,402,8
8199,O=C(O)CCC(=O)c1ccccc1C(=O)O,2-succinylbenzoate,4,16
8200,O=C(O)CCC(=O)c1cccnc1,4-oxo-4-(pyridin-3-yl)butanoate,2,13
8201,O=C(O)CCC(C(=O)O)C(O)C(=O)O,"(2R,3S)-homoisocitrate",6,14
8202,O=C(O)CCC(CO)C(=O)O,(S)-2-hydroxymethylglutarate,4,11
8203,O=C(O)CCC(N=CC1(O)OCC(O)C(O)C1O)C(=O)O,"(2S)-2-[(E)-{[(2R,3S,4R,5R)-2,3,4,5-tetrahydroxyoxan-2-yl]methylidene}amino]pentanedioate",2,21
8204,O=C(O)CCC(NC(=O)C(O)(CC(=O)O)CC(=O)O)C(=O)O,beta-citrylglutamate,4,22
8205,O=C(O)CCC(NC(CCNC(Cc1c[nH]cn1)C(=O)O)C(=O)O)C(=O)O,pseudopaline,4,27
8206,O=C(O)CCC(NCC1(O)OCC(O)C(O)C1O)C(=O)O,N-(1-deoxy-beta-D-fructopyranos-1-yl)-L-glutamate,2,21
8207,O=C(O)CCC(O)(CC(=O)O)C(=O)O,(2R)-homocitrate,6,14
8208,O=C(O)CCC(O)C(=O)O,2-hydroxyglutarate,25,10
8209,O=C(O)CCC(O)CC(=O)C(=O)O,4-hydroxy-2-oxoheptanedioate,4,13
8210,O=C(O)CCC1=C(CC(=O)O)c2cc3[nH]c(cc4nc(cc5[nH]c(cc1n2)c(CC(=O)O)c5CCC(=O)O)C(CC(=O)O)=C4CCC(=O)O)c(CC(=O)O)c3CCC(=O)O,uroporphyrin I,2,60
8211,O=C(O)CCC1=C(CC(=O)O)c2cc3[nH]c(cc4nc(cc5[nH]c(cc1n2)c(CC(=O)O)c5CCC(=O)O)C(CCC(=O)O)=C4CC(=O)O)c(CC(=O)O)c3CCC(=O)O,uroporphyrin III,2,60
8212,O=C(O)CCC1=CC=CC(O)C1O,"3-(cis-5,6-dihydroxycyclohexa-1,3-dien-1-yl)propanoate",1,13
8213,O=C(O)CCCC(=O)C(=O)O,2-oxoadipate,18,11
8214,O=C(O)CCCC(=O)O,glutarate,22,9
8215,O=C(O)CCCC(C(=O)O)C(O)C(=O)O,"(2R,3S)-iso(homo)2citrate",4,15
8216,O=C(O)CCCC(O)(CC(=O)O)C(=O)O,(R)-dihomocitrate,2,15
8217,O=C(O)CCCC(O)C(=O)O,2-hydroxyadipate,2,11
8218,O=C(O)CCCC(O)C=CC=CC=CC(=O)CC=CCCCCCO,12-oxo-20-hydroxy-leukotriene B4,2,25
8219,O=C(O)CCCC(O)C=CC=CC=CC(O)CC=CCCCCCO,20-hydroxy-leukotriene B4,2,25
8220,O=C(O)CCCC=CCC=CCC=CCC=CCCCCC(=O)O,"(5Z,8Z,11Z,14Z)-eicosatetraenedioate",2,24
8221,O=C(O)CCCC=CCC=CCC=CCC=CCCCCCO,"20-hydroxy-(5Z,8Z,11Z,14Z)-eicosatetraenoate",4,23
8222,O=C(O)CCCC=CCC=CCC=CCC=CCCCCCOC1OC(C(=O)O)C(O)C(O)C1O,"20-O-(beta-D-glucuronosyl)-(5Z,8Z,11Z,14Z)-eicosatetraenoate",2,35
8223,O=C(O)CCCCC(=O)C(=O)O,2-oxoheptanedioate,4,12
8224,O=C(O)CCCCC(=O)O,hexanedioate,6,10
8225,O=C(O)CCCCC(C(=O)O)C(O)C(=O)O,"(2R,3S)-iso(homo)3citrate",4,16
8226,O=C(O)CCCCC(O)(CC(=O)O)C(=O)O,(R)-trihomocitrate,2,16
8227,O=C(O)CCCCC(S)CCS,(R)-dihydrolipoate,4,12
8228,O=C(O)CCCCC1CCSS1,(R)-lipoate,8,12
8229,O=C(O)CCCCC1SCC2NC(=O)NC21,biotin,12,16
8230,O=C(O)CCCCCC(=O)C(=O)O,2-oxosuberate,2,13
8231,O=C(O)CCCCCC(=O)O,heptanedioate,2,11
8232,O=C(O)CCCCCCC(=O)O,octanedioate,4,12
8233,O=C(O)CCCCCCCC(=O)O,nonanedioate,4,13
8234,O=C(O)CCCCCCCC=CCCCCCCCCO,18-hydroxy-(9Z)-octadecenoate,2,21
8235,O=C(O)CCCCCCCC=CCCCCCCCCOC1OC(CO)C(O)C(O)C1O,(9Z)-18-hydroxyoctadec-9-enoate 18-O-beta-D-glucoside,2,32
8236,O=C(O)CCCCCCCCC(=O)O,decanedioate,4,14
8237,O=C(O)CCCCCCCCCCC(=O)O,dodecanedioate,4,16
8238,O=C(O)CCCCCCCCCCCCC(=O)O,tetradecanedioate,2,18
8239,O=C(O)CCCCCCCCCCCCCCC(=O)O,hexadecanedioate,6,20
8240,O=C(O)CCCCCCCCCCCCCCCCCCCCC(=O)O,docosanedioate,2,26
8241,O=C(O)CCCCCCCCCCCCCCCCCCCCCCCCC(=O)O,hexacosanedioate,2,30
8242,O=C(O)CCCCCCCCCCCCCCCCCCCCCCCCCO,26-hydroxyhexacosanoate,2,29
8243,O=C(O)CCCCCCCCCCCCCCCCCCCCCO,22-hydroxydocosanoate,2,25
8244,O=C(O)CCCCCCCCCCCCCCCCCCc1ccc(O)cc1,19-(4-hydroxyphenyl)nonadecanoate,4,28
8245,O=C(O)CCCCCCCCCCCCCCCCc1ccc(O)cc1,17-(4-hydroxyphenyl)heptadecanoate,4,26
8246,O=C(O)CCCCCCCCCCCCCCCO,16-hydroxyhexadecanoate,6,19
8247,O=C(O)CCCCCCCCCCCCCCO,15-hydroxypentadecanoate,2,18
8248,O=C(O)CCCCCCCCCCCO,12-hydroxydodecanoate,2,15
8249,O=C(O)CCCCCCCCCO,10-hydroxydecanoate,2,13
8250,O=C(O)CCCCCO,6-hydroxyhexanoate,6,9
8251,O=C(O)CCCCO,5-hydroxypentanoate,2,8
8252,O=C(O)CCCO,4-hydroxybutanoate,10,7
8253,O=C(O)CCCOc1ccc(Cl)cc1Cl,"4-(2,4-dichlorophenoxy)butanoate",2,15
8254,O=C(O)CCCS,4-sulfanylbutanoate,2,7
8255,O=C(O)CCCSSCCCC(=O)O,"4,4'-disulfanyldibutanoate",2,14
8256,O=C(O)CCCc1c[nH]c2ccccc12,(indol-3-yl)butanoate,6,15
8257,O=C(O)CCO,3-hydroxypropanoate,12,6
8258,O=C(O)CCS,3-sulfanylpropanoate,2,6
8259,O=C(O)CCS(=O)O,3-sulfinopropanoate,2,8
8260,O=C(O)CC[N+](=O)[O-],3-nitropropanoate,4,8
8261,O=C(O)CCc1c2[nH]c(c1CC(=O)O)Cc1[nH]c(c(CC(=O)O)c1CCC(=O)O)Cc1[nH]c(c(CC(=O)O)c1CCC(=O)O)Cc1[nH]c(c(CCC(=O)O)c1CC(=O)O)C2,uroporphyrinogen III,2,60
8262,O=C(O)CCc1c[nH]c(Cc2[nH]c(Cc3[nH]c(Cc4[nH]c(CO)c(CC(=O)O)c4CCC(=O)O)c(CC(=O)O)c3CCC(=O)O)c(CC(=O)O)c2CCC(=O)O)c1CC(=O)O,hydroxymethylbilane,4,61
8263,O=C(O)CCc1ccc(O)c(O)c1,"3-(3,4-dihydroxyphenyl)propanoate",6,13
8264,O=C(O)CCc1ccc(O)cc1,phloretate,6,12
8265,O=C(O)CCc1cccc(O)c1,3-(3-hydroxyphenyl)propanoate,2,12
8266,O=C(O)CCc1cccc(O)c1O,"3-(2,3-dihydroxyphenyl)propanoate",6,13
8267,O=C(O)CCc1ccccc1,3-phenylpropanoate,9,11
8268,O=C(O)CCc1ccccc1O,3-(2-hydroxyphenyl)propanoate,6,12
8269,O=C(O)CCl,chloroacetate,4,5
8270,O=C(O)CF,fluoroacetate,4,5
8271,O=C(O)CN=CC1(O)OCC(O)C(O)C1O,"2-[(E)-{[(2R,3S,4R,5R)-2,3,4,5-tetrahydroxyoxan-2-yl]methylidene}amino]acetate",2,16
8272,O=C(O)CNC(=O)C(CS)NC(=O)CCC(=O)C(=O)O,N-(4-oxoglutaryl)-L-cysteinylglycine,2,20
8273,O=C(O)CNC(=O)C1CCCN1,L-prolinylglycine,2,12
8274,O=C(O)CNC(=O)Cc1ccccc1,phenylacetylglycine,2,14
8275,O=C(O)CNC(=O)OCc1ccccc1,N-benzyloxycarbonylglycine,2,15
8276,O=C(O)CNC(=O)c1ccccc1,N-benzoylglycine,4,13
8277,O=C(O)CNCC1(O)OCC(O)C(O)C1O,N-(1-deoxy-beta-D-fructopyranos-1-yl)glycine,2,16
8278,O=C(O)CNCP(=O)(O)O,glyphosate,4,10
8279,O=C(O)CO,glycolate,30,5
8280,O=C(O)COC(CC(=O)O)C(=O)O,carboxymethoxysuccinate,2,13
8281,O=C(O)COP(=O)(O)O,2-phosphoglycolate,6,9
8282,O=C(O)COc1ccc(Cl)cc1Cl,"(2,4-dichlorophenoxy)acetate",2,13
8283,O=C(O)CP(=O)(O)O,phosphonoacetate,4,8
8284,O=C(O)CS(=O)(=O)O,sulfoacetate,6,8
8285,O=C(O)Cc1c(O)[nH]c2ccccc12,2-hydroxy-(1H-indol-3-yl)acetate,2,14
8286,O=C(O)Cc1c[nH]c2ccc(O)cc12,(5-hydroxyindol-3-yl)acetate,2,14
8287,O=C(O)Cc1c[nH]c2ccccc12,(indol-3-yl)acetate,30,13
8288,O=C(O)Cc1c[nH]cn1,imidazole-4-acetate,4,9
8289,O=C(O)Cc1cc(O)c(O)cc1O,"2,4,5-trihydroxyphenylacetate",4,13
8290,O=C(O)Cc1cc(O)cc(O)c1,"(3,5-dihydroxyphenyl)acetate",2,12
8291,O=C(O)Cc1cc(O)ccc1O,homogentisate,10,12
8292,O=C(O)Cc1ccc(Cl)cc1,4-chlorophenylacetate,2,11
8293,O=C(O)Cc1ccc(O)c(O)c1,"3,4-dihydroxyphenylacetate",12,12
8294,O=C(O)Cc1ccc(O)c([N+](=O)[O-])c1,(3-nitro-4-oxidophenyl)acetate,2,14
8295,O=C(O)Cc1ccc(O)cc1,4-hydroxyphenylacetate,10,11
8296,O=C(O)Cc1cccc(O)c1,3-hydroxyphenylacetate,6,11
8297,O=C(O)Cc1cccc2ccccc12,1-naphthaleneacetate,2,14
8298,O=C(O)Cc1ccccc1,2-phenylacetate,12,10
8299,O=C(O)Cc1ccccc1O,(2-hydroxyphenyl)acetate,2,11
8300,O=C(O)Cc1nc[nH]c1O,5-hydroxyimidazole-4-acetate,2,10
8301,O=C(O)NC(=O)NC(=O)O,"urea-1,3-dicarboxylate",2,10
8302,O=C(O)Nc1cncn1C1OC(COP(=O)(O)O)C(O)C1O,5-carboxyamino-1-(5-phospho-D-ribosyl)imidazole,4,22
8303,O=C(O)Nc1nc2ccccc2[nH]1,"N-(1H-1,3-benzodiazol-2-yl)carbamate",4,13
8304,O=C(O)O,hydrogencarbonate,36,4
8305,O=C(O)OP(=O)(O)O,carboxyphosphate,4,8
8306,O=C(O)P(=O)(O)O,phosphonoformate,2,7
8307,O=C(O)[1*]O,a hydroxy polyunsaturated fatty acid,4,5
8308,O=C(O)[1*]OO,a hydroperoxy polyunsaturated fatty acid,4,6
8309,O=C(O)c1[nH]c(-c2c[nH]c3ccc(O)cc23)cc1-c1c(O)[nH]c2ccccc12,violaceinate,5,28
8310,O=C(O)c1[nH]c(-c2c[nH]c3ccc(O)cc23)cc1-c1c[nH]c2ccccc12,protoviolaceinate,8,27
8311,O=C(O)c1[nH]c(-c2c[nH]c3ccccc23)cc1-c1c(O)[nH]c2ccccc12,deoxyviolaceinate,5,27
8312,O=C(O)c1[nH]c(-c2c[nH]c3ccccc23)cc1-c1c[nH]c2ccccc12,protodeoxyviolaceinate,8,26
8313,O=C(O)c1[nH]c(C(=O)O)c(-c2c[nH]c3c(Cl)cccc23)c1-c1c[nH]c2c(Cl)cccc12,dichlorochromopyrrolate,1,31
8314,O=C(O)c1[nH]c(C(=O)O)c(-c2c[nH]c3ccccc23)c1-c1c[nH]c2ccccc12,chromopyrrolate,1,29
8315,O=C(O)c1c(O)cccc1O,"2,6-dihydroxybenzoate",2,11
8316,O=C(O)c1c[nH]c(=O)[nH]c1=O,uracil 5-carboxylate,2,11
8317,O=C(O)c1c[nH]c2ccccc12,indole-3-carboxylate,4,12
8318,O=C(O)c1cc(=O)[nH]c(=O)[nH]1,orotate,7,11
8319,O=C(O)c1cc(=O)[nH]c(=O)n1C1OC(COP(=O)(O)O)C(O)C1O,orotidine 5'-phosphate,4,24
8320,O=C(O)c1cc(Br)c(O)c(Br)c1,"3,5-dibromo-4-hydroxybenzoate",2,12
8321,O=C(O)c1cc(C(=O)O)c2c(n1)C(=O)C(=O)c1cc(C(=O)O)[nH]c1-2,pyrroloquinoline quinone,6,24
8322,O=C(O)c1cc(C(=O)O)c2c(n1)c(O)c(O)c1cc(C(=O)O)[nH]c12,pyrroloquinoline quinol,6,24
8323,O=C(O)c1cc(C(=O)O)c[n+](C2OC(COP(=O)(O)O)C(O)C2O)c1,"pyridinium-3,5-dicarboxylate mononucleotide",2,25
8324,O=C(O)c1cc(C(=O)O)oc(=O)c1,"2-oxo-2H-pyran-4,6-dicarboxylate",1,13
8325,O=C(O)c1cc(C(=O)S)c[n+](C2OC(COP(=O)(O)O)C(O)C2O)c1,pyridinium-3-carboxylate-5-thiocarboxylate mononucleotide,4,25
8326,O=C(O)c1cc(O)c(O)c(O)c1,"3,4,5-trihydroxybenzoate",10,12
8327,O=C(O)c1cc(O)c(O)c(OC(=O)c2cc(O)c(O)c(O)c2)c1,digallate,2,23
8328,O=C(O)c1cc(O)c(O)cc1C(=O)O,"4,5-dihydroxyphthalate",2,14
8329,O=C(O)c1cc(O)c2c(n1)C(O)C(O)C=C2,"7,8-dihydro-7,8-dihydroxykynurenate",1,16
8330,O=C(O)c1cc(O)c2ccc(O)c(O)c2n1,"7,8-dihydroxykynurenate",3,16
8331,O=C(O)c1cc(O)c2cccc(O)c2n1,xanthurenate,2,15
8332,O=C(O)c1cc(O)c2ccccc2c1O,"1,4-dihydroxy-2-naphthoate",18,15
8333,O=C(O)c1cc(O)c2ccccc2n1,kynurenate,2,14
8334,O=C(O)c1cc(O)cc(=O)c(O)c1,stipitatate,1,13
8335,O=C(O)c1cc(O)ccc1O,"2,5-dihydroxybenzoate",10,11
8336,O=C(O)c1cc([N+](=O)[O-])ccc1O,5-nitrosalicylate,4,13
8337,O=C(O)c1ccc(C(=O)O)cc1,terephthalate,3,12
8338,O=C(O)c1ccc(C(=O)O)o1,"2,5-dicarboxyfuran",2,11
8339,O=C(O)c1ccc(C(=O)OCCO)cc1,4-[(2-hydroxyethoxy)carbonyl]benzoate,4,15
8340,O=C(O)c1ccc(C(O)O)o1,2-carboxy-5-(dihydroxymethyl)furan,4,11
8341,O=C(O)c1ccc(Cl)cc1,4-chlorobenzoate,2,10
8342,O=C(O)c1ccc(O)[nH]1,5-hydroxypyrrole-2-carboxylate,2,9
8343,O=C(O)c1ccc(O)c(O)c1,"3,4-dihydroxybenzoate",40,11
8344,O=C(O)c1ccc(O)c(O)c1C(=O)O,"3,4-dihydroxyphthalate",2,14
8345,O=C(O)c1ccc(O)cc1,4-hydroxybenzoate,45,10
8346,O=C(O)c1ccc(O)cc1O,"2,4-dihydroxybenzoate",2,11
8347,O=C(O)c1ccc(O)nc1,6-hydroxynicotinate,6,10
8348,O=C(O)c1ccc(O)nc1O,"2,6-dihydroxynicotinate",2,11
8349,O=C(O)c1ccc(OC2OC(CO)C(O)C(O)C2O)cc1,4-(beta-D-glucosyloxy)benzoate,2,21
8350,O=C(O)c1ccc(S(=O)(=O)O)cc1,4-sulfobenzoate,4,13
8351,O=C(O)c1ccc([N+](=O)[O-])cc1,4-nitrobenzoate,2,12
8352,O=C(O)c1ccc2c(c1)C(=O)CCC21OC(O)C(O)C1O,cyclic dehypoxanthinylfutalosinate,2,21
8353,O=C(O)c1ccc2c(c1)OCO2,piperonylate,2,12
8354,O=C(O)c1ccc2ccccc2c1O,1-hydroxy-2-naphthoate,5,14
8355,O=C(O)c1ccc[n+](C2OC(CO)C(O)C(O)C2O)c1,N-(beta-D-glucosyl)nicotinate,2,20
8356,O=C(O)c1ccc[n+](C2OC(CO)C(O)C2O)c1,beta-D-ribosylnicotinate,4,18
8357,O=C(O)c1ccc[n+](C2OC(COP(=O)(O)O)C(O)C2O)c1,nicotinate beta-D-ribonucleotide,14,22
8358,O=C(O)c1ccc[nH]1,pyrrole-2-carboxylate,6,8
8359,O=C(O)c1cccc(C(=O)CCC2OC(O)C(O)C2O)c1,dehypoxanthine futalosine,6,21
8360,O=C(O)c1cccc(C(=O)CCC2OC(n3cnc4c(=O)[nH]cnc43)C(O)C2O)c1,futalosine,4,30
8361,O=C(O)c1cccc(C(=O)O)c1,isophthalate,2,12
8362,O=C(O)c1cccc(O)c1,3-hydroxybenzoate,8,10
8363,O=C(O)c1cccc(O)c1O,"2,3-dihydroxybenzoate",14,11
8364,O=C(O)c1cccc([N+](=O)[O-])c1,3-nitrobenzoate,2,12
8365,O=C(O)c1cccc2c1N=C1CC=CC(C(=O)O)C1N2,"(1R,10aS)-1,4,10,10a-tetrahydrophenazine-1,6-dicarboxylate",2,20
8366,O=C(O)c1cccc2c1Nc1cccc(C(=O)O)c1N2,"5,10-dihydrophenazine-1,6-dicarboxylate",3,20
8367,O=C(O)c1cccc2c1Nc1ccccc1N2,"5,10-dihydrophenazine 1-carboxylate",5,17
8368,O=C(O)c1cccc2ccccc12,1-naphthoate,2,13
8369,O=C(O)c1cccc2nc3c(C(=O)O)cccc3nc12,"phenazine-1,6-dicarboxylate",4,20
8370,O=C(O)c1cccc2nc3c(O)cccc3nc12,6-hydroxyphenazine-1-carboxylate,4,18
8371,O=C(O)c1cccc2nc3ccccc3nc12,phenazine-1-carboxylate,6,17
8372,O=C(O)c1ccccc1,benzoate,25,9
8373,O=C(O)c1ccccc1C(=O)O,phthalate,5,12
8374,O=C(O)c1ccccc1NC1OC(COP(=O)(O)O)C(O)C1O,N-(5-phospho-beta-D-ribosyl)anthranilate,4,23
8375,O=C(O)c1ccccc1NCC(=O)C(O)C(O)COP(=O)(O)O,1-(2-carboxyphenylamino)-1-deoxy-D-ribulose 5-phosphate,4,23
8376,O=C(O)c1ccccc1O,salicylate,36,10
8377,O=C(O)c1ccccc1OC1OC(CO)C(O)C(O)C1O,salicylate 2-O-beta-D-glucoside,2,21
8378,O=C(O)c1ccccn1,picolinate,2,9
8379,O=C(O)c1cccnc1,nicotinate,18,9
8380,O=C(O)c1cccnc1C(=O)O,quinolinate,3,12
8381,O=C(O)c1ccco1,2-furoate,6,8
8382,O=C(O)c1cccs1,thiophene-2-carboxylate,2,8
8383,O=C(O)c1cnccn1,pyrazine-2-carboxylate,2,9
8384,O=C(OC1OC(CO)C(O)C(O)C1O)c1cc(O)c(O)c(O)c1,1-O-galloyl-beta-D-glucose,6,23
8385,O=C(OC1OC(CO)C(O)C(O)C1O)c1ccc(O)c(O)c1,"1-O-(3,4-dihydroxy-benzoyl)-beta-D-glucose",2,22
8386,O=C(OC1OC(CO)C(O)C(O)C1O)c1ccccc1O,1-O-salicyl-beta-D-glucose,2,21
8387,O=C(OCC1OC(OC(=O)c2cc(O)c(O)c(O)c2)C(O)C(O)C1O)c1cc(O)c(O)c(O)c1,"1,6-bis-O-galloyl-beta-D-glucose",2,34
8388,O=C(OCC1OC(OC(=O)c2cc(O)c(O)c(O)c2)C(OC(=O)c2cc(O)c(O)c(O)c2)C(OC(=O)c2cc(O)c(O)c(O)c2)C1O)c1cc(O)c(O)c(O)c1,"1,2,3,6-tetrakis-O-galloyl-beta-D-glucose",2,56
8389,O=C(OCC1OC(OC(=O)c2cc(O)c(O)c(O)c2)C(OC(=O)c2cc(O)c(O)c(O)c2)C(OC(=O)c2cc(O)c(O)c(O)c2)C1OC(=O)c1cc(O)c(O)c(O)c1)c1cc(O)c(O)c(O)c1,"1,2,3,4,6-pentakis-O-galloyl-beta-D-glucose",2,67
8390,O=C(OCCO)c1ccc(C(=O)OCCO)cc1,bis(2-hydroxyethyl) terephthalate,2,18
8391,O=C(OCCc1ccccc1)c1ccccc1,phenethyl benzoate,2,17
8392,O=C(OCc1cccc(O)c1)c1ccccc1,3-hydroxy-benzyl benzoate,2,17
8393,O=C(OCc1ccccc1)c1ccccc1,benzyl benzoate,2,16
8394,O=C(OP(=O)(O)O)C(O)COP(=O)(O)O,(2R)-3-phospho-glyceroyl phosphate,18,15
8395,O=C(O[As](=O)(O)O)C(O)COP(=O)(O)O,1-arsono-3-phospho-D-glycerate,2,15
8396,O=C(S)c1cc(C(=O)S)c[n+](C2OC(COP(=O)(O)O)C(O)C2O)c1,"pyridinium-3,5-bisthiocarboxylate mononucleotide",2,25
8397,O=C(c1ccccc1)C(O)c1ccccc1,benzoin,4,16
8398,O=C(c1ccccc1)c1ccccc1,benzophenone,2,14
8399,O=C*C(=O)O,an omega-oxo fatty acid,4,6
8400,O=C1C(=Cc2cc(O)c(O)c(O)c2)Oc2cc(OC3OC(CO)C(O)C(O)C3O)cc(O)c21,bracteatin 6-O-beta-glucoside,2,33
8401,O=C1C(=Cc2ccc(O)c(O)c2)Oc2cc(OC3OC(CO)C(O)C(O)C3O)cc(O)c21,aureusidin 6-O-beta-glucoside,4,32
8402,O=C1C(=Cc2ccc(O)c(O)c2)Oc2ccccc21,"3',4'-dihydroxyaurone",2,19
8403,O=C1C(CO)=CC(O)C2OC12,isoepoxydon,2,11
8404,O=C1C(Cl)=C(Cl)C(=O)C(Cl)=C1Cl,"2,3,5,6-tetrachloro-1,4-benzoquinone",1,12
8405,O=C1C(O)=C(c2c[nH]c3ccccc23)C(=O)C(O)=C1c1c[nH]c2ccccc12,didemethylasterriquinone D,2,28
8406,O=C1C(O)=CC(=O)c2c(O)cc(O)cc21,flaviolin,2,15
8407,O=C1C(O)=CCC(CO)C1O,"5D-(5/6)-5-C-(hydroxymethyl)-2,6-dihydroxycyclohex-2-en-1-one",2,11
8408,O=C1C(O)=COC(CO)C1O,"1,5-anhydro-D-erythro-hex-1-en-3-ulose",10,11
8409,O=C1C(O)C(=O)C(O)C(O)C1O,3-dehydro-scyllo-inosose,4,12
8410,O=C1C(O)C(CO)CC(Nc2ccc([N+](=O)[O-])cc2)C1O,4-nitrophenyl-3-ketovalidamine,2,21
8411,O=C1C(O)C(CO)OC(OC2(CO)OC(CO)C(O)C2O)C1O,3-dehydro-alpha-D-glucosyl beta-D-fructofuranoside,2,23
8412,O=C1C(O)C(CO)OC(OC2C(CO)OC(O)C(O)C2O)C1O,3'-ketolactose,2,23
8413,O=C1C(O)C(CO)OC(OC2OC(CO)C(O)C(O)C2O)C1O,"3-dehydro-alpha,alpha-trehalose",2,23
8414,O=C1C(O)C(CO)OC(OP(=O)(O)OP(=O)(O)OCC2OC(n3ccc(=O)[nH]c3=O)C(O)C2O)C1O,UDP-3-oxo-alpha-D-glucose,4,36
8415,O=C1C(O)C(CO)OC(c2c(O)cc(O)c3c(=O)cc(-c4ccc(O)c(O)c4)oc23)C1O,3''-dehydroorientin,2,32
8416,O=C1C(O)C(CO)OC(c2c(O)cc3oc(-c4ccc(O)c(O)c4)cc(=O)c3c2O)C1O,3''-dehydroisoorientin,4,32
8417,O=C1C(O)C(CO)OC(c2c(O)cc3oc(-c4ccc(O)cc4)cc(=O)c3c2O)C1O,3''-dehydroisovitexin,4,31
8418,O=C1C(O)C(CO)OC(c2c(O)cc3oc4cc(O)c(O)cc4c(=O)c3c2O)C1O,3'-dehydromangiferin,2,30
8419,O=C1C(O)C(CO)OC(c2c(O)ccc3c(=O)c(-c4ccc(O)cc4)coc23)C1O,3''-dehydropuerarin,4,30
8420,O=C1C(O)C(O)C(O)C(O)C1O,scyllo-inosose,12,12
8421,O=C1C(O)C(O)OC(CO)C1O,3-keto-beta-D-galactose,8,12
8422,O=C1C(O)C(O)OC(COP(=O)(O)O)C1O,3-dehydro-D-glucose 6-phosphate,4,16
8423,O=C1C(O)C2COC(O2)C1O,3-dehydrolevoglucosan,2,11
8424,O=C1C(O)OC(CO)C(O)C1O,2-dehydro-D-glucose,6,12
8425,O=C1C(O)Oc2ccccc2N1O,DIBOA,4,13
8426,O=C1C(OC2OC(CO)C(O)C(O)C2O)Oc2cc(O)ccc2N1O,TRIBOA beta-D-glucoside,4,25
8427,O=C1C(OC2OC(CO)C(O)C(O)C2O)Oc2ccccc2N1O,DIBOA beta-D-glucoside,6,24
8428,O=C1C2(Cl)C3(Cl)C4(Cl)C(Cl)(Cl)C5(Cl)C3(Cl)C1(Cl)C5(Cl)C24Cl,chlordecone,2,21
8429,O=C1C=C(CO)C(=CCO)O1,(E)-ascladiol,2,11
8430,O=C1C=C(CO)C(=O)C2OC12,phyllostine,2,11
8431,O=C1C=C(CO)C(O)C(O)C1O,valienone,2,12
8432,O=C1C=C(COP(=O)(O)O)C(O)C(O)C1O,valienone 7-phosphate,2,16
8433,O=C1C=C(O)C(=O)c2c(O)cccc21,"3,5-dihydroxy-1,4-naphthoquinone",2,14
8434,O=C1C=C(O)CC(O)C1,dihydrophloroglucinol,1,9
8435,O=C1C=C(O)Cc2c1c(O)c1c(O)c3c(cc1c2O)OC1OC=CC31,"(4S,8R)-2,13,16,20-tetrahydroxy-7,9-dioxapentacyclo[10.8.0.0(3,10).0(4,8).0(14,19)]icosa-1(12),2,5,10,13,16,19-heptaen-18-one",2,25
8436,O=C1C=C2COC(O)C=C2O1,neopatulin,2,11
8437,O=C1C=CC(=CC(=O)C(=O)O)O1,2-oxo-3-(5-oxofuran-2-ylidene)propanoate,2,12
8438,O=C1C=CC(=O)C(O)=C1,"2-hydroxy-1,4-benzoquinone",1,9
8439,O=C1C=CC(=O)C=C1,"1,4-benzoquinone",4,8
8440,O=C1C=CC(=O)N1,maleimide,2,7
8441,O=C1C=CC(=O)c2c(O)cccc21,juglone,2,13
8442,O=C1C=CC(C(=O)O)C=C1,"4-oxocyclohexa-2,5-diene-1-carboxylate",2,10
8443,O=C1C=CC(C(=O)O)CC1,4-oxocyclohex-2-ene-1-carboxylate,4,10
8444,O=C1C=CCCC1,cyclohex-2-enone,2,7
8445,O=C1C=CCOC1(O)C(O)O,cortalcerone,2,11
8446,O=C1C=CCOC1(O)CO,microthecin,2,10
8447,O=C1CC(C(=O)O)CCC1O,"(1S,4S)-4-hydroxy-3-oxocyclohexane-1-carboxylate",2,11
8448,O=C1CC(C(=O)O)NC(=O)N1,(S)-dihydroorotate,7,11
8449,O=C1CC(CO)C(O)C(O)C1O,validone,2,12
8450,O=C1CC(CO)OC=C1O,ascopyrone P,2,10
8451,O=C1CC(COP(=O)(O)O)C(O)C(O)C1O,validone 7-phosphate,2,16
8452,O=C1CC(O)(C(=O)O)CC(O)C1O,3-dehydroquinate,11,13
8453,O=C1CC(O)(CO)C(O)C(O)=C1O,demethylgadusol,4,13
8454,O=C1CC(O)(CO)C(O)C(O)C1O,2-epi-5-epi-valiolone,6,13
8455,O=C1CC(O)(COP(=O)(O)O)C(O)C(O)C1O,2-epi-5-epi-valiolone 7-phosphate,2,17
8456,O=C1CC(O)C(CO)O1,"2-deoxy-D-ribono-1,4-lactone",1,9
8457,O=C1CC(O)C(O)C(COP(=O)(O)O)O1,"2-deoxy-6-phospho-D-glucono-1,5-lactone",4,15
8458,O=C1CC(O)C(O)C(O)C1=O,"3D-3,5/4-trihydroxycyclohexane-1,2-dione",4,11
8459,O=C1CC(O)C(O)C(O)C1O,2-deoxy-L-scyllo-inosose,4,11
8460,O=C1CC(O)Cc2c1c(O)c1c(O)c3c(cc1c2O)OC1OC=CC31,"(4S,8R,16R)-2,13,16,20-tetrahydroxy-7,9-dioxapentacyclo[10.8.0.0(3,10).0(4,8).0(14,19)]icosa-1(12),2,5,10,13,19-hexaen-18-one",2,25
8461,O=C1CC(O)Cc2cc(O)cc(O)c21,scytalone,1,14
8462,O=C1CC(c2ccc(O)c(O)c2)Oc2cc(O)cc(O)c21,(S)-eriodictyol,6,21
8463,O=C1CC(c2ccc(O)c(O)c2)Oc2cc(OC3OC(CO)C(O)C(O)C3O)cc(O)c21,eriodictyol-7-O-beta-D-glucoside,2,32
8464,O=C1CC(c2ccc(O)cc2)Oc2cc(O)cc(O)c21,(2S)-naringenin,15,20
8465,O=C1CC(c2ccc(O)cc2)Oc2cc(O)ccc21,(2S)-liquiritigenin,2,19
8466,O=C1CC(c2ccc(O)cc2)Oc2cc(OC3OC(CO)C(O)C(O)C3O)cc(O)c21,(2S)-naringenin 7-O-beta-D-glucoside,6,31
8467,O=C1CC(c2ccccc2)Oc2cc(O)ccc21,(2S)-7-hydroxyflavanone,2,18
8468,O=C1CC(c2ccccc2)Oc2cc(OC3OC(CO)C(O)C(O)C3O)ccc21,flavanone 7-O-beta-D-glucoside,2,29
8469,O=C1CC(c2ccccc2)Oc2ccccc21,(2S)-flavanone,2,17
8470,O=C1CC2OCC=C3CN4CCC56c7cc(O)ccc7N1C5C2C3CC46,10-hydroxystrychnine,2,26
8471,O=C1CC2OCC=C3CN4CCC56c7ccc(O)cc7N1C5C2C3CC46,11-hydroxystrychnine,2,26
8472,O=C1CCC(=O)N(O)CCCCCNC(=O)CCC(=O)N(O)CCCCCN1,bisucaberin,2,28
8473,O=C1CCC(=O)N(O)CCCCNC(=O)CCC(=O)N(O)CCCCN1,putrebactin,2,26
8474,O=C1CCC(C(=O)O)C1,3-oxocyclopentanecarboxylate,2,9
8475,O=C1CCC(C(=O)O)CC1,4-oxocyclohexane-1-carboxylate,4,10
8476,O=C1CCC(C(=O)O)N1,5-oxo-D-proline,12,9
8477,O=C1CCC(C(=O)O)O1,(S)-alpha-hydroxyglutarate-gamma-lactone,2,9
8478,O=C1CCC(O)(C(=O)O)N1,2-hydroxy-5-oxoproline,2,10
8479,O=C1CCCC(=O)C1,"cyclohexane-1,3-dione",2,8
8480,O=C1CCCC1,cyclopentanone,6,6
8481,O=C1CCCC2C3CC(CN12)C1CC(O)CCN1C3,13-hydroxylupanine,2,19
8482,O=C1CCCCC(O)O1,6-hydroxyhexan-6-olide,4,9
8483,O=C1CCCCC1,cyclohexanone,14,7
8484,O=C1CCCCC1=O,"cyclohexan-1,2-dione",2,8
8485,O=C1CCCCC1O,2-hydroxycyclohexan-1-one,6,8
8486,O=C1CCCCCNC(=O)CCCCCN1,"1,8-diazacyclotetradecane-2,9-dione",2,16
8487,O=C1CCCCCO1,hexano-6-lactone,4,8
8488,O=C1CCCCO1,5-valerolactone,2,7
8489,O=C1CCN(C2OC(COP(=O)(O)O)C(O)C2O)C(=O)N1,"5,6-dihydrouridine 5'-phosphate",2,21
8490,O=C1CCNC(=O)N1,"5,6-dihydrouracil",9,8
8491,O=C1CCc2ccccc21,indan-1-one,4,10
8492,O=C1CCc2ccccc2O1,"3,4-dihydrocoumarin",2,11
8493,O=C1CNC(=O)CN1,"2,5-dioxopiperazine",2,8
8494,O=C1CNC(C(=O)O)C1,4-oxo-L-proline,2,9
8495,O=C1CNC=Nc2c1ncn2C1OC(CO)C(O)C1O,8-oxocoformycin,2,20
8496,O=C1COC(CO)C(O)C1O,"1,5-anhydro-D-fructose",6,11
8497,O=C1COC(CO)C=C1O,ascopyrone M,4,10
8498,O=C1COC(OP(=O)(O)OP(=O)(O)OCC2OC(n3ccc(=O)[nH]c3=O)C(O)C2O)C(O)C1O,UDP-beta-L-threo-pentopyranos-4-ulose,4,34
8499,O=C1CSC(c2nc3ccc(O)cc3s2)=N1,firefly oxyluciferin,2,16
8500,O=C1NC(=O)C(c2ccccc2)N1,D-5-phenylhydantoin,2,13
8501,O=C1NC(=O)c2c1c1c3cccc(Cl)c3[nH]c1c1[nH]c3c(Cl)cccc3c21,dichloroarcyriaflavin A,2,27
8502,O=C1NC(=O)c2c1c1c3cccc(Cl)c3[nH]c1c1c2c2cccc(Cl)c2n1C1OC(CO)C(O)C(O)C1O,4'-demethylrebeccamycin,4,38
8503,O=C1NC(Cc2c[nH]c3ccccc23)=CN2CCCC12,"(S)-3-(indol-3-ylmethyl)-6,7,8,8a-tetrahydropyrrolo[1,2-a]pyrazin-1-one",2,20
8504,O=C1NC(Cc2c[nH]c3ccccc23)C(=O)N2CCCC12,brevianamide F,4,21
8505,O=C1NC(Cc2c[nH]c3ccccc23)C(=O)Nc2ccccc21,(R)-benzodiazepinedione,1,23
8506,O=C1NC(Cc2c[nH]c3ccccc23)c2nc3ccccc3c(=O)n2-c2ccccc21,asperlicin C,2,31
8507,O=C1NC(c2c[nH]c3ccc(O)cc23)=CC1=C1C(=O)Nc2ccccc21,violacein,1,26
8508,O=C1NC(c2c[nH]c3ccccc23)=CC1=C1C(=O)Nc2ccccc21,deoxyviolacein,1,25
8509,O=C1Nc2ccccc2C1=O,isatin,4,11
8510,O=C1Nc2ccccc2C1O,3-hydroxyindolin-2-one,2,11
8511,O=C1OC(=O)c2c(O)cc(=O)c(O)cc21,stipitatonate,1,15
8512,O=C1OC(C(=O)O)C(O)C(O)C1O,"D-galactaro-1,5-lactone",4,13
8513,O=C1OC(C(O)C(=O)O)C(O)C1O,"D-galactaro-1,4-lactone",4,13
8514,O=C1OC(C(O)CO)C(=O)C1=O,L-dehydroascorbate,8,12
8515,O=C1OC(C(O)CO)C(=O)C1O,L-xylo-hex-3-ulonolactone,4,12
8516,O=C1OC(C(O)CO)C(O)=C1O,L-ascorbate,11,12
8517,O=C1OC(C(O)CO)C(O)C1O,"D-galactono-1,4-lactone",10,12
8518,O=C1OC(C(O)COP(=O)(O)O)C(O)=C1O,L-ascorbate 6-phosphate,2,16
8519,O=C1OC(CO)C(O)=C1O,"dehydro-D-arabinono-1,4-lactone",2,10
8520,O=C1OC(CO)C(O)C(O)C1O,"D-galactono-1,5-lactone",11,12
8521,O=C1OC(CO)C(O)C1O,"D-arabinono-1,4-lactone",14,10
8522,O=C1OC(CO)C(OC2OC(CO)C(O)C(O)C2O)C(O)C1O,"D-cellobiono-1,5-lactone",4,23
8523,O=C1OC(CO)C(OC2OC(CO)C(OC3OC(CO)C(O)C(O)C3O)C(O)C2O)C(O)C1O,"D-cellotriono-1,5-lactone",4,34
8524,O=C1OC(CO)C(OC2OC(CO)C(OC3OC(CO)C(OC4OC(CO)C(O)C(O)C4O)C(O)C3O)C(O)C2O)C(O)C1O,"D-cellotetraono-1,5-lactone",4,45
8525,O=C1OC(CO)C(OC2OC(CO)C(OC3OC(CO)C(OC4OC(CO)C(OC5OC(CO)C(O)C(O)C5O)C(O)C4O)C(O)C3O)C(O)C2O)C(O)C1O,"D-cellopentaono-1,5-lactone",4,56
8526,O=C1OC(CO)C(OC2OC(CO)C(OC3OC(CO)C(OC4OC(CO)C(OC5OC(CO)C(OC6OC(CO)C(O)C(O)C6O)C(O)C5O)C(O)C4O)C(O)C3O)C(O)C2O)C(O)C1O,"D-cellohexaono-1,5-lactone",4,67
8527,O=C1OC(CO)C(OC2OC(CO)C(OC3OC(CO)C(OC4OC(CO)C(OC5OC(CO)C(OC6OC(CO)C(OC7OC(CO)C(O)C(O)C7O)C(O)C6O)C(O)C5O)C(O)C4O)C(O)C3O)C(O)C2O)C(O)C1O,"D-maltoheptaono-1,5-lactone",4,78
8528,O=C1OC(COP(=O)(O)O)C(O)C(O)C1O,"6-phospho-D-glucono-1,5-lactone",6,16
8529,O=C1OC(COP(=O)(O)O)C(O)C1O,"D-xylono-1,4-lactone 5-phosphate",2,14
8530,O=C1OC(COS(=O)(=O)O)C(O)C(O)C1O,"6-sulfo-D-glucono-1,5-lactone",2,16
8531,O=C1OC(CS(=O)(=O)O)C(O)C(O)C1O,"6-deoxy-6-sulfo-D-glucono-1,5-lactone",4,15
8532,O=C1OC2c3ccccc3CC2C1=CO,(-)-2'-epi-GR24 ABC-rings,2,15
8533,O=C1OCC(O)(CO)C1O,D-apionolactone,4,10
8534,O=C1OCC(O)C(O)C1O,"D-xylono-1,5-lactone",8,10
8535,O=C1OCC(OC2OCC(O)C(O)C2O)C(O)C1O,"D-xylobiono-1,5-lactone",4,19
8536,O=C1OCC(OC2OCC(OC3OCC(O)C(O)C3O)C(O)C2O)C(O)C1O,"D-xylotriono-1,5-lactone",4,28
8537,O=C1OCC(OC2OCC(OC3OCC(OC4OCC(O)C(O)C4O)C(O)C3O)C(O)C2O)C(O)C1O,"D-xylotetraono-1,5-lactone",4,37
8538,O=C1c2c(O)cc(O)c(O)c2OC(c2ccc(O)c(O)c2)C1O,"(2R,3R)-2,3-dihydrogossypetin",4,23
8539,O=C1c2c(O)cc(O)cc2OC(O)C1c1ccc(O)cc1,"2-hydroxy-2,3-dihydrogenistein",1,21
8540,O=C1c2c(O)cc(O)cc2OC(c2cc(O)c(O)c(O)c2)C1O,"(2R,3R)-dihydromyricetin",1,23
8541,O=C1c2c(O)cc(O)cc2OC(c2ccc(O)c(O)c2)C1O,"(2R,3R)-dihydroquercetin",11,22
8542,O=C1c2c(O)cc(O)cc2OC(c2ccc(O)cc2)C1O,"(2R,3R)-dihydrokaempferol",5,21
8543,O=C1c2cc(O)cc(O)c2C(=O)c2c1cc(O)c(C(CO)CCO)c2O,(S)-versiconol,4,26
8544,O=C1c2cc(O)cc(O)c2C(=O)c2c1cc1c(c2O)C(CCO)C(O)O1,(2S-3S)-versiconal hemiacetal,6,26
8545,O=C1c2cc(O)cc(O)c2C(=O)c2c1cc1c(c2O)C2C=COC2O1,versicolorin A,2,25
8546,O=C1c2cc(O)cc(O)c2C(=O)c2c1cc1c(c2O)C2CCOC2O1,versicolorin B,4,25
8547,O=C1c2ccc(O)cc2OC(O)C1c1ccc(O)cc1,"(2R,3S)-2,4',7-trihydroxyisoflavanone",3,20
8548,O=C1c2ccc(O)cc2OCC1c1ccc(O)cc1O,"2'-hydroxy-2,3-dihydrodaidzein",1,20
8549,O=C1c2ccccc2-c2ccccc21,9H-fluoren-9-one,4,14
8550,O=C1c2ccccc2-n2c(nc3ccccc3c2=O)C2CC3(O)c4ccccc4NC3N12,asperlicin E,2,32
8551,O=C1c2ccccc2C(=O)c2c1ccc(O)c2O,alizarin,2,18
8552,O=C1c2ccccc2C(=O)c2c1ccc(OC1OC(CO)C(O)C(O)C1O)c2O,"1-hydroxy-2-(beta-D-glucosyloxy)-9,10-anthraquinone",2,29
8553,O=C=O,CO2,1180,3
8554,O=C=S,carbonyl sulfide,4,3
8555,O=CC#CCO,4-hydroxy-2-butynal,2,6
8556,O=CC(=CC=C(O)C(=O)O)CC(=O)O,2-hydroxy-5-carboxymethylmuconate semialdehyde,4,14
8557,O=CC(=O)CC(O)C(O)CO,3-deoxyglucosone,4,11
8558,O=CC(=O)CCC(=O)O,"4,5-dioxopentanoate",2,9
8559,O=CC(=O)COP(=O)(O)O,"2,3-dioxopropyl phosphate",2,10
8560,O=CC(=O)O,glyoxylate,126,5
8561,O=CC(CCC(=O)O)C(=O)O,2-formylglutarate,2,11
8562,O=CC(O)(CO)C(O)C(O)CO,D-hamamelose,2,12
8563,O=CC(O)(COP(=O)(O)O)C(O)C(O)CO,D-hamamelose 2'-phosphate,2,16
8564,O=CC(O)C(=O)O,2-hydroxy-3-oxopropanoate,10,7
8565,O=CC(O)C(O)(CO)CO,aldehydo-D-apiose,6,10
8566,O=CC(O)C(O)C(O)C(O)C(=O)O,aldehydo-D-galacturonate,10,13
8567,O=CC(O)C(O)C(O)C(O)CO,D-allose,6,12
8568,O=CC(O)C(O)C(O)C(O)COP(=O)(O)O,aldehydo-D-glucose 6-phosphate,10,16
8569,O=CC(O)C(O)C(O)CC(=O)O,5-deoxy-D-glucuronate,4,12
8570,O=CC(O)C(O)C(O)CO,D-lyxose,4,10
8571,O=CC(O)C(O)C(O)COP(=O)(O)O,D-arabinose 5-phosphate,14,14
8572,O=CC(O)C(O)CC(=O)C(=O)O,5-dehydro-4-deoxy-D-glucuronate,14,12
8573,O=CC(O)C(O)CO,D-erythrose,8,8
8574,O=CC(O)C(O)COP(=O)(O)O,D-erythrose 4-phosphate,22,12
8575,O=CC(O)C(O)CS(=O)(=O)O,4-deoxy-4-sulfo-D-erythrose,4,11
8576,O=CC(O)C(OC1OC(CO)C(O)C(O)C1O)C(O)C(O)C(=O)O,3-O-beta-D-glucosyl-D-glucuronate,2,24
8577,O=CC(O)C1OC(=O)C(O)C1O,"D-glucurono-3,6-lactone",4,12
8578,O=CC(O)C1OC(O)(C(=O)O)CC(O)C1O,"3,8-dideoxy-8-oxo-alpha-D-manno-octulosonate",4,16
8579,O=CC(O)CC(=O)O,(3R)-3-hydroxy-4-oxobutanoate,8,8
8580,O=CC(O)CO,D-glyceraldehyde,18,6
8581,O=CC(O)COP(=O)(O)O,D-glyceraldehyde 3-phosphate,54,10
8582,O=CC(O)CS(=O)(=O)O,(2S)-3-sulfolactaldehyde,14,9
8583,O=CC(O)Nc1nc2c(ncn2C2CC(O)C(COP(=O)(O)OP(=O)(O)OP(=O)(O)O)O2)c(=O)[nH]1,N(2)-(1-hydroxy-2-oxoethyl)-dGTP,4,35
8584,O=CC(O)Nc1nc2c(ncn2C2OC(COP(=O)(O)O)C(O)C2O)c(=O)[nH]1,N(2)-(1-hydroxy-2-oxoethyl)-GMP,4,28
8585,O=CC(O)Nc1nc2c(ncn2C2OC(COP(=O)(O)OP(=O)(O)O)C(O)C2O)c(=O)[nH]1,N(2)-(1-hydroxy-2-oxoethyl)-GDP,4,32
8586,O=CC(O)Nc1nc2c(ncn2C2OC(COP(=O)(O)OP(=O)(O)OP(=O)(O)O)C(O)C2O)c(=O)[nH]1,N(2)-(1-hydroxy-2-oxoethyl)-GTP,4,36
8587,O=CC(O)c1ccc(O)c(O)c1,"3,4-dihydroxymandelaldehyde",6,12
8588,O=CC(OS(=O)(=O)O)C(O)CC(=O)C(=O)O,5-dehydro-4-deoxy-2-O-sulfo-D-glucuronate,2,16
8589,O=CC1CCCCC1,cyclohexanecarbaldehyde,2,8
8590,O=CC1OC(=O)C(O)C(O)C1O,"D-glucurono-6,2-lactone",2,12
8591,O=CC1OC(O)C(O)C(O)C1O,6-dehydro-D-glucose,4,12
8592,O=CC1OC(n2ccc(=O)[nH]c2=O)C(O)C1O,uridine-5'-aldehyde,4,17
8593,O=CC=C(C=C(O)C(=O)O)C(=O)O,"4-carboxy-2-hydroxy-cis,cis-muconate 6-semialdehyde",2,13
8594,O=CC=C(O)C=CC(=O)O,"cis,trans-4-hydroxymuconate semialdehyde",2,10
8595,O=CC=C1OC2CC(=O)N2C1C(=O)O,"(3R,5R)-clavulanate-9-aldehyde",2,14
8596,O=CC=CC(C(=O)O)=C(O)C(=O)O,2-hydroxy-3-(3-oxoprop-1-enyl)but-2-enedioate,2,13
8597,O=CC=CC(O)CO,"(2E,4S)-4,5-dihydroxypent-2-enal",2,8
8598,O=CC=CC=C(O)C(=O)O,"(2Z,4E)-2-hydroxy-6-oxohexa-2,4-dienoate",4,10
8599,O=CC=Cc1ccc(O)c(O)c1,(E)-caffeyl aldehyde,4,12
8600,O=CC=Cc1ccc(O)cc1,(E)-4-coumaraldehyde,4,11
8601,O=CC=Cc1ccccc1,(E)-cinnamaldehyde,10,10
8602,O=CC=Nc1c(NCC(O)C(O)C(O)CO)[nH]c(=O)[nH]c1=O,5-(2-oxoethylideneamino)-6-(D-ribitylamino)uracil,2,22
8603,O=CC=O,glyoxal,24,4
8604,O=CCC(=O)O,3-oxopropanoate,32,6
8605,O=CCC(CO)C(=O)O,2-(hydroxymethyl)-4-oxobutanoate,2,9
8606,O=CCC=O,malonaldehyde,4,5
8607,O=CCCC(=O)C(=O)O,"2,5-dioxopentanoate",6,9
8608,O=CCCC(=O)O,succinate semialdehyde,32,7
8609,O=CCCC(=O)c1cccnc1,4-oxo-4-(pyridin-3-yl)butanal,2,12
8610,O=CCCC(NC(=O)CCC(=O)O)C(=O)O,N-succinyl-L-glutamate 5-semialdehyde,4,16
8611,O=CCCCC(=O)O,5-oxopentanoate,6,8
8612,O=CCCCCC(=O)O,6-oxohexanoate,12,9
8613,O=CCCCCC=CCC=CCC=CCC=CCCCC(=O)O,"20-oxo-(5Z,8Z,11Z,14Z)-eicosatetraenoate",4,23
8614,O=CCCCCCCCC(=O)O,9-oxononanoate,2,12
8615,O=CCCCCCCCCC(=O)O,10-oxodecanoate,2,13
8616,O=CCCCCCCCCCCC(=O)O,12-oxododecanoate,2,15
8617,O=CCCCCCCCCCCCCCCC(=O)O,16-oxohexadecanoate,2,19
8618,O=CCCCCCCCCCCCCCCCCCCCCC(=O)O,22-oxodocosanoate,4,25
8619,O=CCCCCCCCCCCCCCCCCCCCCCCCCC(=O)O,26-oxohexacosanoate,4,29
8620,O=CCCCCCCCCCCCCCCCO,hydroxyhexadecanal,2,18
8621,O=CCCC[N+]1=CCCC1,N-(4-oxobutylpyrrolinium) ion,2,10
8622,O=CCCNCCCCNCCC=O,spermine dialdehyde,2,14
8623,O=CCCO,3-hydroxypropanal,12,5
8624,O=CCCS(=O)(=O)O,3-oxopropane-1-sulfonate,2,8
8625,O=CCCc1ccccc1,3-phenylpropanal,6,10
8626,O=CCCl,chloroacetaldehyde,4,4
8627,O=CCF,fluoroacetaldehyde,4,4
8628,O=CCO,glycolaldehyde,26,4
8629,O=CCOP(=O)(O)O,glycolaldehyde phosphate,2,8
8630,O=CCOP(=O)(O)OP(=O)(O)OP(=O)(O)O,glycolaldehyde triphosphate,2,16
8631,O=CCP(=O)(O)O,phosphonoacetaldehyde,18,7
8632,O=CCS(=O)(=O)O,sulfoacetaldehyde,18,7
8633,O=CCS(=O)O,2-sulfinoacetaldehyde,4,6
8634,O=CCc1c[nH]c2ccc(O)cc12,(5-hydroxyindol-3-yl)acetaldehyde,4,13
8635,O=CCc1c[nH]c2ccccc12,indole-3-acetaldehyde,12,12
8636,O=CCc1c[nH]cn1,imidazole-4-acetaldehyde,4,8
8637,O=CCc1ccc(O)c(O)c1,"3,4-dihydroxyphenylacetaldehyde",6,11
8638,O=CCc1ccc(O)c([N+](=O)[O-])c1,4-hydroxy-3-nitrophenylacetaldehyde,4,13
8639,O=CCc1ccc(O)cc1,(4-hydroxyphenyl)acetaldehyde,14,10
8640,O=CCc1ccccc1,2-phenylacetaldehyde,18,9
8641,O=CNC(=O)C=CC(=O)O,N-formylmaleamate,2,10
8642,O=CNC(CC(=O)O)C(=O)O,N-formyl-L-aspartate,4,11
8643,O=CNC(CCC(=O)O)C(=O)O,N-formyl-L-glutamate,6,12
8644,O=CNC1COC(OP(=O)(O)OP(=O)(O)OCC2OC(n3ccc(=O)[nH]c3=O)C(O)C2O)C(O)C1O,UDP-4-deoxy-4-formamido-beta-L-arabinose,4,36
8645,O=CNCC(=O)NC1OC(COP(=O)(O)O)C(O)C1O,N(2)-formyl-N(1)-(5-phospho-beta-D-ribosyl)glycinamide,4,20
8646,O=CNCc1cc(COc2ccc(CCNC(=O)CCC(NC(=O)CCC(NC(=O)CCC(C(=O)O)C(CCC(=O)O)C(=O)O)C(=O)O)C(=O)O)cc2)co1,N-formylmethanofuran,4,55
8647,O=CNCc1ccccc1,N-benzylformamide,2,10
8648,O=CNc1ccccc1C=O,2-formamidobenzaldehyde,1,11
8649,O=CO,formate,89,3
8650,O=COP(=O)(O)O,formyl phosphate,2,7
8651,O=Cc1c[nH]c2ccccc12,indole-3-carbaldehyde,2,11
8652,O=Cc1cc(COP(=O)(O)O)co1,4-(hydroxymethyl)-2-furancarboxaldehyde phosphate,2,13
8653,O=Cc1cc(O)cc(O)c1,"3,5-dihydroxybenzaldehyde",4,10
8654,O=Cc1ccc(C(=O)O)o1,2-carboxy-5-formylfuran,4,10
8655,O=Cc1ccc(C(F)(F)F)cc1,4-(trifluoromethyl)benzaldehyde,2,12
8656,O=Cc1ccc(C(O)O)o1,2-(dihydroxymethyl)-5-formylfuran,4,10
8657,O=Cc1ccc(C=O)o1,"2,5-diformylfuran",4,9
8658,O=Cc1ccc(CO)o1,5-hydroxymethylfurfural,2,9
8659,O=Cc1ccc(O)c(O)c1,"3,4-dihydroxybenzaldehyde",10,10
8660,O=Cc1ccc(O)cc1,4-hydroxybenzaldehyde,20,9
8661,O=Cc1ccc(S(=O)(=O)O)cc1,4-formylbenzenesulfonate,4,12
8662,O=Cc1ccc([N+](=O)[O-])cc1,4-nitrobenzaldehyde,6,11
8663,O=Cc1ccc2c(c1)OCO2,piperonal,4,11
8664,O=Cc1cccc(O)c1,3-hydroxybenzaldehyde,6,9
8665,O=Cc1cccc([N+](=O)[O-])c1,3-nitrobenzaldehyde,4,11
8666,O=Cc1cccc2ccccc12,1-naphthaldehyde,2,12
8667,O=Cc1ccccc1,benzaldehyde,26,8
8668,O=Cc1ccccc1C(=O)O,2-formylbenzoate,4,11
8669,O=Cc1ccccc1O,salicylaldehyde,10,9
8670,O=Cc1ccccn1,picolinal,2,8
8671,O=Cc1cccnc1,pyridine-3-carbaldehyde,2,8
8672,O=Cc1ccco1,furfural,6,7
8673,O=Cc1cccs1,formylthiophene,2,7
8674,O=Cc1ccoc1,furan-3-carbaldehyde,2,7
8675,O=Cc1ccsc1,3-formylthiophene,2,7
8676,O=N[O-],nitrite,56,3
8677,O=Nc1ccccc1,nitrosobenzene,2,8
8678,O=O,O2,1839,2
8679,O=P(O)(O)CCO,2-hydroxyethylphosphonate,6,7
8680,O=P(O)(O)CO,hydroxymethylphosphonate,4,6
8681,O=P(O)(O)O,phosphate,1324,5
8682,O=P(O)(O)OC(CO)CO,glycerol 2-phosphate,4,10
8683,O=P(O)(O)OC1(CO)OC(CO)C(O)C1O,beta-D-fructose 2-phosphate,2,16
8684,O=P(O)(O)OC1C(O)C(O)C(O)C(O)C1O,1D-myo-inositol 3-phosphate,28,16
8685,O=P(O)(O)OC1C(O)C(O)C(O)C(O)C1OC1OC(COP(=O)(O)OC2C(O)C(O)C(O)C(O)C2O)C(O)C(O)C1O,mannosyldiinositol-1-phosphate,2,42
8686,O=P(O)(O)OC1C(O)C(O)C(O)C(O)C1OP(=O)(O)O,"1D-myo-inositol 3,4-bisphosphate",6,20
8687,O=P(O)(O)OC1C(O)C(O)C(O)C(OP(=O)(O)O)C1O,"1D-myo-inositol 1,3-bisphosphate",4,20
8688,O=P(O)(O)OC1C(O)C(O)C(O)C(OP(=O)(O)O)C1OP(=O)(O)O,"1D-myo-inositol 1,2,3-trisphosphate",4,24
8689,O=P(O)(O)OC1C(O)C(O)C(O)C(OP(=O)(O)OC2C(O)C(O)C(O)C(O)C2O)C1O,"bis(1L-myo-inositol) 3,1'-phosphate 1-phosphate",2,31
8690,O=P(O)(O)OC1C(O)C(O)C(OP(=O)(O)O)C(O)C1O,"1D-myo-inositol 1,4-bisphosphate",4,20
8691,O=P(O)(O)OC1C(O)C(O)C(OP(=O)(O)O)C(OP(=O)(O)O)C1O,"1D-myo-inositol 1,3,4-trisphosphate",20,24
8692,O=P(O)(O)OC1C(O)C(O)C(OP(=O)(O)O)C(OP(=O)(O)O)C1OP(=O)(O)O,"1D-myo-inositol 3,4,5,6-tetrakisphosphate",14,28
8693,O=P(O)(O)OC1C(O)C(OP(=O)(O)O)C(OP(=O)(O)O)C(O)C1OP(=O)(O)O,"1D-myo-inositol 1,3,4,6-tetrakisphosphate",6,28
8694,O=P(O)(O)OC1C(O)C(OP(=O)(O)O)C(OP(=O)(O)O)C(OP(=O)(O)O)C1O,"1D-myo-inositol 1,3,4,5-tetrakisphosphate",6,28
8695,O=P(O)(O)OC1C(O)C(OP(=O)(O)O)C(OP(=O)(O)O)C(OP(=O)(O)O)C1OP(=O)(O)O,"1D-myo-inositol 1,2,3,4,6-pentakisphosphate",18,32
8696,O=P(O)(O)OC1C(O)C(OP(=O)(O)O)C(OP(=O)(O)O)C(OP(=O)(O)OP(=O)(O)O)C1OP(=O)(O)O,"5-diphospho-1D-myo-inositol 1,3,4,6-tetrakisphosphate",4,36
8697,O=P(O)(O)OC1C(OP(=O)(O)O)C(OP(=O)(O)O)C(OP(=O)(O)O)C(OP(=O)(O)O)C1OP(=O)(O)O,1D-myo-inositol hexakisphosphate,10,36
8698,O=P(O)(O)OC1C(OP(=O)(O)O)C(OP(=O)(O)O)C(OP(=O)(O)OP(=O)(O)O)C(OP(=O)(O)O)C1OP(=O)(O)O,"5-diphospho-1D-myo-inositol 1,2,3,4,6-pentakisphosphate",10,40
8699,O=P(O)(O)OC1C(OP(=O)(O)O)C(OP(=O)(O)OP(=O)(O)O)C(OP(=O)(O)O)C(OP(=O)(O)OP(=O)(O)O)C1OP(=O)(O)O,"1,5-bis(diphospho)-1D-myo-inositol 2,3,4,6-tetrakisphosphate",4,44
8700,O=P(O)(O)OC1C=C(CO)C(O)C(O)C1O,valienol 1-phosphate,2,16
8701,O=P(O)(O)OC1CC(O)C(CO)O1,2-deoxy-alpha-D-ribose 1-phosphate,16,13
8702,O=P(O)(O)OC1OC(C(O)CO)C(O)C(O)C1O,D-glycero-D-manno-heptose 1-phosphate,6,18
8703,O=P(O)(O)OC1OC(CO)C(O)C(O)C1O,D-glucopyranose 1-phosphate,76,16
8704,O=P(O)(O)OC1OC(CO)C(O)C1O,alpha-D-ribose 1-phosphate,22,14
8705,O=P(O)(O)OC1OC(CO)C(OC2OC(CO)C(O)C(O)C2O)C(O)C1O,alpha-maltose 1-phosphate,4,27
8706,O=P(O)(O)OC1OCC(O)C(O)C1O,beta-L-arabinose 1-phosphate,4,14
8707,O=P(O)(O)OCC(CO)OC1OC(CO)C(O)C(O)C1O,2-(alpha-D-galactosyl)-sn-glycerol 3-phosphate,6,21
8708,O=P(O)(O)OCC(O)C(O)C(O)C(O)CO,galactitol 1-phosphate,11,16
8709,O=P(O)(O)OCC(O)C(O)C(O)CO,D-ribitol 5-phosphate,10,14
8710,O=P(O)(O)OCC(O)C(O)CO,D-erythritol 4-phosphate,4,12
8711,O=P(O)(O)OCC(O)C(O)c1c[nH]c2ccccc12,"(1S,2R)-1-C-(indol-3-yl)glycerol 3-phosphate",6,19
8712,O=P(O)(O)OCC(O)C(O)c1c[nH]cn1,D-erythro-1-(imidazol-4-yl)glycerol 3-phosphate,2,15
8713,O=P(O)(O)OCC(O)C1OC(O)C(O)C(O)C1O,D-glycero-alpha-D-manno-heptose 7-phosphate,2,18
8714,O=P(O)(O)OCC(O)C1OC(OP(=O)(O)O)C(O)C(O)C1O,"D-glycero-D-manno-heptose 1,7-bisphosphate",4,22
8715,O=P(O)(O)OCC(O)CO,sn-glycerol 3-phosphate,93,10
8716,O=P(O)(O)OCC(O)COC1OC(CO)C(O)C(O)C1O,1-O-alpha-D-galactosyl-sn-glycerol 3-phosphate,2,21
8717,O=P(O)(O)OCC1(O)OC(CO)C(O)C1O,D-fructose 1-phosphate,11,16
8718,O=P(O)(O)OCC1(O)OC(CS(=O)(=O)O)C(O)C1O,6-deoxy-6-sulfo-D-fructose 1-phosphate,4,19
8719,O=P(O)(O)OCC1CC(NC2C=C(CO)C(O)C(O)C2O)C(O)C(O)C1O,validoxylamine A 7'-phosphate,4,27
8720,O=P(O)(O)OCC1OC(CO)(OC2OC(CO)C(O)C(O)C2O)C(O)C1O,sucrose 6(F)-phosphate,8,27
8721,O=P(O)(O)OCC1OC(CO)(OP(=O)(O)O)C(O)C1O,"beta-D-fructose 2,6-bisphosphate",6,20
8722,O=P(O)(O)OCC1OC(O)(CO)C(O)C1O,beta-D-fructose 6-phosphate,40,16
8723,O=P(O)(O)OCC1OC(O)(COP(=O)(O)O)C(O)C1O,"beta-D-fructose 1,6-bisphosphate",14,20
8724,O=P(O)(O)OCC1OC(O)C(O)C(O)C1O,alpha-D-glucose 6-phosphate,55,16
8725,O=P(O)(O)OCC1OC(O)C(O)C1O,D-ribose 5-phosphate,50,14
8726,O=P(O)(O)OCC1OC(O)C(OP(=O)(O)O)C1O,"D-ribose 2,5-bisphosphate",4,18
8727,O=P(O)(O)OCC1OC(O)CC(O)C1O,2-deoxy-D-glucose 6-phosphate,8,15
8728,O=P(O)(O)OCC1OC(O)CC1O,2-deoxy-D-ribose 5-phosphate,22,13
8729,O=P(O)(O)OCC1OC(OC2(CO)OC(CO)C(O)C2O)C(O)C(O)C1O,sucrose 6(G)-phosphate,1,27
8730,O=P(O)(O)OCC1OC(OC2C(CO)OC(O)C(O)C2O)C(O)C(O)C1O,alpha-maltose 6'-phosphate,7,27
8731,O=P(O)(O)OCC1OC(OC2OC(CO)C(O)C(O)C2O)C(O)C(O)C1O,"alpha,alpha-trehalose 6-phosphate",19,27
8732,O=P(O)(O)OCC1OC(OP(=O)(O)O)C(O)C(O)C1O,"alpha-D-glucose 1,6-bisphosphate",10,20
8733,O=P(O)(O)OCC1OC(OP(=O)(O)O)C(O)C1O,"alpha-D-ribose 1,5-bisphosphate",22,18
8734,O=P(O)(O)OCC1OC(OP(=O)(O)O)CC1O,"2-deoxy-alpha-D-ribose 1,5-bisphosphate",2,17
8735,O=P(O)(O)OCC1OC(OP(=O)(O)OP(=O)(O)O)C(O)C1O,5-phospho-alpha-D-ribose 1-diphosphate,38,22
8736,O=P(O)(O)OCC1OC(Oc2ccc(O)cc2)C(O)C(O)C1O,arbutin 6-phosphate,4,23
8737,O=P(O)(O)OCC1OC(Oc2ccccc2)C(O)C1O,phenyl 5-phospho-alpha-D-ribofuranoside,2,20
8738,O=P(O)(O)OCC1OC(Oc2ccccc2CO)C(O)C(O)C1O,salicin-6-phosphate,2,24
8739,O=P(O)(O)OCC1OC(c2ccc(O)cc2)C(O)C1O,4-(beta-D-ribofuranosyl)phenol 5'-phosphate,2,20
8740,O=P(O)(O)OCC1OC2OP(=O)(O)OC2C1O,"alpha-D-ribose 1,2-cyclic phosphate 5-phosphate",4,17
8741,O=P(O)(O)OP(=O)(O)O,diphosphate,1389,9
8742,O=P(O)(O)OP(=O)(O)OP(=O)(O)O,triphosphate,20,13
8743,O=P(O)(O)OP(=O)(O)OP(=O)(O)OCC1OC(O)C(O)C1O,D-ribose 5-triphosphate,2,22
8744,O=P(O)(O)OP(=O)(O)OP(=O)(O)OCC1OC(O)CC1O,2-deoxyribose 5-triphosphate,2,21
8745,O=P(O)(OC1C(O)C(O)C(O)C(O)C1O)OC1C(O)C(O)C(O)C(O)C1O,"bis(myo-inositol) 1,3'-phosphate",2,27
8746,O=P(O)(OC1C(O)C(O)C(O)C(O)C1O)OC1C(O)C(O)C(O)C(O)C1OC1OC(CO)C(O)C(O)C1O,"2-O-(beta-D-mannosyl)-bis(myo-inositol) 1,3'-phosphate",4,38
8747,O=P(O)(OC1C(O)C(O)C(O)C(O)C1O)OC1C(O)C(O)C(O)C(O)C1OC1OC(CO)C(O)C(O)C1OC1OC(CO)C(O)C(O)C1O,"2-O-(beta-D-mannosyl-(1->2)-beta-D-mannosyl)-bis(myo-inositol) 1,3'-phosphate",2,49
8748,O=P(O)(OCC(O)CO)OC1C(O)C(O)C(O)C(O)C1O,sn-glycero-3-phospho-1D-myo-inositol,10,21
8749,O=P(O)(OCC(O)CO)OCC(O)CO,sn-glycero-3-phospho-(1'-sn-glycerol),12,15
8750,O=P(O)(OCC1OC(OC2C(O)C(O)OC(CO)C2O)C(O)C(O)C1O)OC1OCC(O)C(O)C1O,3-O-(6-O-alpha-D-xylosylphospho-alpha-D-mannopyranosyl)-alpha-D-mannopyranose,2,36
8751,O=P1(O)OCC(CO)O1,"glycerol 1,2-cyclic phosphate",2,9
8752,O=P1(O)OP(=O)(O)OP(=O)(O)O1,trimetaphosphate,2,12
8753,O=S(=O)(O)CC(O)CO,(2R)-3-sulfopropanediol,8,9
8754,O=S(=O)(O)CC1OC(O)(CO)C(O)C1O,6-deoxy-6-sulfo-D-fructose,10,15
8755,O=S(=O)(O)CC1OC(O)C(O)C(O)C1O,6-sulfo-D-quinovose,8,15
8756,O=S(=O)(O)CC1OC(OCC(O)CO)C(O)C(O)C1O,3-(6-sulfo-alpha-D-quinovosyl)glycerol,2,20
8757,O=S(=O)(O)CCO,2-hydroxyethane-1-sulfonate,6,7
8758,O=S(=O)(O)CCS,coenzyme M,8,7
8759,O=S(=O)(O)NC1C(O)OC(CO)C(O)C1O,N-sulfo-D-glucosamine,2,16
8760,O=S(=O)(O)NC1CCCCC1,cyclohexylsulfamate,2,11
8761,O=S(=O)(O)O,sulfate,84,5
8762,O=S(=O)(O)OC1C(OC2OC(CO)C(O)C(O)C2O)OC(CO)C(O)C1O,"2-O-sulfo-alpha,alpha-trehalose",6,27
8763,O=S(=O)(O)OCC1OC(O)C(O)C(O)C1O,D-glucose 6-sulfate,4,16
8764,O=S(=O)(O)ON=C(CCCO)SC1OC(CO)C(O)C(O)C1O,(Z)-3-hydroxypropyl glucosinolate,2,23
8765,O=S(=O)(O)ON=C(Cc1c[nH]c2ccccc12)SC1OC(CO)C(O)C(O)C1O,(Z)-glucobrassicin,2,29
8766,O=S(=O)(O)ON=C(Cc1ccccc1)SC1OC(CO)C(O)C(O)C1O,(Z)-glucotropeolin,4,26
8767,O=S(=O)(O)ON=C(S)CCCO,(Z)-3-hydroxypropyl-N-(sulfonatooxy)methanimidothioate,4,12
8768,O=S(=O)(O)ON=C(S)Cc1ccccc1,(Z)-phenyl-N-(sulfonatooxy)methanimidothioate,4,15
8769,O=S(=O)(O)Oc1ccc2ccccc2c1,2-naphthyl sulfate,4,15
8770,O=S(=O)(O)Oc1ccccc1,phenyl sulfate,4,11
8771,O=S(=O)(O)S,thiosulfate,10,5
8772,O=S(=O)(O)SS(=O)(=O)O,trithionate,2,9
8773,O=S(=O)(O)c1ccc(CO)cc1,4-(hydroxymethyl)benzenesulfonate,4,12
8774,O=S(=O)(O)c1cccc(O)c1O,"2,3-dihydroxybenzenesulfonate",2,12
8775,O=S(O)O,sulfite,48,4
8776,O=S(O)c1ccccc1-c1ccccc1O,2'-hydroxybiphenyl-2-sulfinate,2,16
8777,O=[As](O)(O)O,arsenate,2,5
8778,O=[N+]([O-])C1=CCCCC1,1-nitrocyclohexene,2,9
8779,O=[N+]([O-])C1CCCCC1,1-nitrocyclohexan,2,9
8780,O=[N+]([O-])OC(CO)CO,2-nitroglycerol,2,9
8781,O=[N+]([O-])OCC(CO)(CO)CO[N+](=O)[O-],pentaerythritol dinitrate,2,15
8782,O=[N+]([O-])OCC(CO)(CO[N+](=O)[O-])CO[N+](=O)[O-],pentaerythritol trinitrate,4,18
8783,O=[N+]([O-])OCC(CO)O[N+](=O)[O-],"1,2-dinitroglycerol",8,12
8784,O=[N+]([O-])OCC(CO[N+](=O)[O-])(CO[N+](=O)[O-])CO[N+](=O)[O-],pentaerythritol tetranitrate,2,21
8785,O=[N+]([O-])OCC(CO[N+](=O)[O-])O[N+](=O)[O-],nitroglycerin,8,15
8786,O=[N+]([O-])OCC(O)CO,1-nitroglycerol,4,9
8787,O=[N+]([O-])OCC(O)CO[N+](=O)[O-],"1,3-dinitroglycerol",6,12
8788,O=[N+]([O-])c1ccc(CO)cc1,4-nitrobenzyl alcohol,4,11
8789,O=[N+]([O-])c1ccc(O)c(O)c1,4-nitrocatechol,8,11
8790,O=[N+]([O-])c1ccc(O)c([N+](=O)[O-])c1,"2,4-dinitrophenol",2,13
8791,O=[N+]([O-])c1ccc(O)cc1,4-nitrophenol,10,10
8792,O=[N+]([O-])c1ccc(OP(=O)(O)O)cc1,4-nitrophenyl phosphate,2,14
8793,O=[N+]([O-])c1ccc(OS(=O)(=O)O)cc1,4-nitrophenyl sulfate,2,14
8794,O=[N+]([O-])c1ccc([N+](=O)[O-])cc1,"1,4-dinitrobenzene",2,12
8795,O=[N+]([O-])c1cccc(CO)c1,3-nitrobenzyl alcohol,2,11
8796,O=[N+]([O-])c1cccc(Cl)c1,1-chloro-3-nitrobenzene,4,10
8797,O=[N+]([O-])c1cccc([N+](=O)[O-])c1,"1,3-dinitrobenzene",2,12
8798,O=[N+]([O-])c1ccccc1,nitrobenzene,2,9
8799,O=[N+]([O-])c1ccccc1Cl,1-chloro-2-nitrobenzene,2,10
8800,O=[PH](O)O,phosphonate,2,4
8801,O=c1[nH]c(=O)c2[nH]c(=O)[nH]c2[nH]1,urate,2,12
8802,O=c1[nH]c(=O)c2[nH]cnc2[nH]1,,5,11
8803,O=c1[nH]c(=O)c2nc[nH]c2[nH]1,xanthine,7,11
8804,O=c1[nH]c(=O)c2ncn(C3OC(CO)C(O)C3O)c2[nH]1,xanthosine,8,20
8805,O=c1[nH]c(=O)c2ncn(C3OC(COP(=O)(O)O)C(O)C3O)c2[nH]1,XMP,8,24
8806,O=c1[nH]c(=O)c2ncn(C3OC(COP(=O)(O)OP(=O)(O)O)C(O)C3O)c2[nH]1,XDP,4,28
8807,O=c1[nH]c(=O)c2ncn(C3OC(COP(=O)(O)OP(=O)(O)OP(=O)(O)O)C(O)C3O)c2[nH]1,XTP,4,32
8808,O=c1[nH]c(=O)c2ncnnc2[nH]1,"1,6-didemethyltoxoflavin",2,12
8809,O=c1[nH]c(=O)n(C2CC(O)C(COP(=O)(O)O)O2)cc1CO,5-hydroxymethyl-dUMP,6,22
8810,O=c1[nH]c(=O)n(C2OC(CO)C(O)C2O)cc1F,5-fluorouridine,2,18
8811,O=c1[nH]c(=O)n(C2OC(CO)C(O)C2O)cc1O,5-hydroxyuridine,2,18
8812,O=c1[nH]c(=O)n(C2OC(COP(=O)(O)O)C(O)C2O)cc1F,5-fluorouridine 5'-phosphate,2,22
8813,O=c1[nH]c(=O)n(C2OC(COP(=O)(O)O)C(O)C2O)cc1O,5-hydroxyuridine 5'-phosphate,2,22
8814,O=c1[nH]c(=S)ccn1C1OC(CO)C(O)C1O,4-thiouridine,2,17
8815,O=c1[nH]c(=S)ccn1C1OC(COP(=O)(O)O)C(O)C1O,4-thiouridine 5'-phosphate,2,21
8816,O=c1[nH]c2c(=O)[nH]c(=O)n(C3OC(CO)C(O)C3O)c2[nH]1,urate D-ribonucleoside,2,21
8817,O=c1[nH]c2ccccc2c(-c2ccccc2)c1O,viridicatin,1,18
8818,O=c1[nH]cc(C2OC(CO)C(O)C2O)c(=O)[nH]1,pseudouridine,4,17
8819,O=c1[nH]cc(C2OC(COP(=O)(O)O)C(O)C2O)c(=O)[nH]1,psi-UMP,8,21
8820,O=c1[nH]cc(C2OC(COP(=O)(O)OP(=O)(O)OP(=O)(O)O)C(O)C2O)c(=O)[nH]1,psi-UTP,2,29
8821,O=c1[nH]cc(CO)c(=O)[nH]1,5-hydroxymethyluracil,4,10
8822,O=c1[nH]cnc2[nH]cnc12,,5,10
8823,O=c1[nH]cnc2c1ncn2C1CC(O)C(CO)O1,2'-deoxyinosine,6,18
8824,O=c1[nH]cnc2c1ncn2C1CC(O)C(COP(=O)(O)O)O1,dIMP,8,22
8825,O=c1[nH]cnc2c1ncn2C1CC(O)C(COP(=O)(O)OP(=O)(O)O)O1,dIDP,6,26
8826,O=c1[nH]cnc2c1ncn2C1CC(O)C(COP(=O)(O)OP(=O)(O)OP(=O)(O)O)O1,dITP,6,30
8827,O=c1[nH]cnc2c1ncn2C1OC(CO)CC1O,3'-deoxyinosine,2,18
8828,O=c1[nH]cnc2c1ncn2C1OC(COP(=O)(O)O)C(O)C1O,IMP,16,23
8829,O=c1[nH]cnc2c1ncn2C1OC(COP(=O)(O)OP(=O)(O)O)C(O)C1O,IDP,16,27
8830,O=c1[nH]cnc2c1ncn2C1OC(COP(=O)(O)OP(=O)(O)OP(=O)(O)O)C(O)C1O,ITP,18,31
8831,O=c1[nH]cnc2c1ncn2C1OC2COP(=O)(O)OC2C1O,"3',5'-cyclic IMP",2,22
8832,O=c1[nH]cnc2nc[nH]c12,hypoxanthine,7,10
8833,O=c1c(-c2ccc(O)c(O)c2)coc2cc(O)ccc12,"3',4',7-trihydroxyisoflavone",2,20
8834,O=c1c(-c2ccc(O)cc2)coc2c(C3OC(CO)C(O)C(O)C3O)c(O)ccc12,puerarin,2,30
8835,O=c1c(-c2ccc(O)cc2)coc2cc(O)cc(O)c12,genistein,5,20
8836,O=c1c(-c2ccc(O)cc2)coc2cc(O)ccc12,daidzein,7,19
8837,O=c1c(-c2ccc(O)cc2)coc2cc(OC3OC(CO)C(O)C(O)C3O)cc(O)c12,genistein 7-O-beta-D-glucoside,4,31
8838,O=c1c(-c2ccc(O)cc2)coc2cc(OC3OC(CO)C(O)C(O)C3O)ccc12,daidzein 7-O-beta-D-glucoside,4,30
8839,O=c1c(-c2ccc(O)cc2O)coc2cc(O)ccc12,2'-hydroxydaidzein,1,20
8840,O=c1c(O)c(-c2cc(O)c(O)c(O)c2)oc2cc(O)cc(O)c12,myricetin,11,23
8841,O=c1c(O)c(-c2ccc(O)c(O)c2)oc2c(O)c(O)cc(O)c12,"3,3',4',5,7,8-hexahydroxyflavone",2,23
8842,O=c1c(O)c(-c2ccc(O)c(O)c2)oc2cc(O)cc(O)c12,quercetin,19,22
8843,O=c1c(O)c(-c2ccc(O)cc2)oc2cc(O)cc(O)c12,kaempferol,15,21
8844,O=c1c(O)c(-c2ccc(O)cc2)oc2cc(OC3OC(CO)C(O)C(O)C3O)cc(O)c12,kaempferol 7-O-beta-D-glucoside,2,32
8845,O=c1c(O)c(-c2ccc(OC3OC(CO)C(O)C(O)C3O)c(O)c2)oc2cc(O)cc(O)c12,quercetin 4'-O-beta-D-glucoside,2,33
8846,O=c1c(OC2OC(CO)C(O)C(O)C2O)c(-c2cc(O)c(O)c(O)c2)oc2cc(O)cc(O)c12,myricetin 3-O-beta-D-glucoside,4,34
8847,O=c1c(OC2OC(CO)C(O)C(O)C2O)c(-c2ccc(O)c(O)c2)oc2cc(O)cc(O)c12,quercetin 3-O-beta-D-glucoside,10,33
8848,O=c1c(OC2OC(CO)C(O)C(O)C2O)c(-c2ccc(O)cc2)oc2cc(O)cc(O)c12,kaempferol 3-O-beta-D-galactoside,6,32
8849,O=c1c(OC2OC(CO)C(O)C(O)C2OC2OC(CO)C(O)C(O)C2O)c(-c2cc(O)c(O)c(O)c2)oc2cc(O)cc(O)c12,myricetin 3-O-beta-D-glucosyl-(1->2)-beta-D-glucoside,2,45
8850,O=c1c(OC2OC(CO)C(O)C(O)C2OC2OC(CO)C(O)C(O)C2O)c(-c2ccc(O)c(O)c2)oc2cc(O)cc(O)c12,quercetin 3-O-beta-D-glucosyl-(1->2)-beta-D-glucoside,4,44
8851,O=c1c(OC2OCC(O)C(O)C2O)c(-c2ccc(O)cc2)oc2cc(O)cc(O)c12,kaempferol 3-O-beta-D-xyloside,2,30
8852,O=c1c(OS(=O)(=O)O)c(-c2ccc(O)c(O)c2)oc2cc(O)cc(O)c12,quercetin 3-sulfate,6,26
8853,O=c1c(OS(=O)(=O)O)c(-c2ccc(O)c(OS(=O)(=O)O)c2)oc2cc(O)cc(O)c12,"quercetin 3,3'-bissulfate",4,30
8854,O=c1c(OS(=O)(=O)O)c(-c2ccc(O)c(OS(=O)(=O)O)c2)oc2cc(OS(=O)(=O)O)cc(O)c12,"quercetin 3,3',7-trissulfate",2,34
8855,O=c1c(OS(=O)(=O)O)c(-c2ccc(OS(=O)(=O)O)c(O)c2)oc2cc(O)cc(O)c12,"quercetin 3,4'-bissulfate",2,30
8856,O=c1c2c(O)cccc2oc2c3c(cc(O)c12)OC1OC=CC31,6-demethylsterigmatocystin,2,23
8857,O=c1c2c(O)cccc2oc2c3c(cc(O)c12)OC1OCCC31,dihydro-6-demethylsterigmatocystin,2,23
8858,O=c1c2cc(O)c(O)cc2oc2cc(O)c(C3OC(CO)C(O)C(O)C3O)c(O)c12,mangiferin,2,30
8859,O=c1cc(-c2cc(O)c(O)c(O)c2)oc2cc(O)cc(O)c12,tricetin,2,22
8860,O=c1cc(-c2ccc(O)c(O)c2)oc2c(O)c(O)ccc12,"3',4',7,8-tetrahydroxyflavone",4,21
8861,O=c1cc(-c2ccc(O)c(O)c2)oc2cc(O)c(C3OC(CO)C(O)C(O)C3O)c(O)c12,isoorientin,6,32
8862,O=c1cc(-c2ccc(O)c(O)c2)oc2cc(O)cc(O)c12,luteolin,20,21
8863,O=c1cc(-c2ccc(O)c(O)c2)oc2cc(O)ccc12,"3',4',7-trihydroxyflavone",2,20
8864,O=c1cc(-c2ccc(O)c(O)c2)oc2cc(OC3OC(CO)C(O)C(O)C3O)cc(O)c12,luteolin 7-O-beta-D-glucoside,4,32
8865,O=c1cc(-c2ccc(O)cc2)oc2c(C3OC(CO)C(O)C(O)C3O)c(O)cc(O)c12,vitexin,2,31
8866,O=c1cc(-c2ccc(O)cc2)oc2c(C3OC(CO)C(O)C(O)C3OC3OC(CO)C(O)C(O)C3O)c(O)cc(O)c12,vitexin 2''-O-beta-D-glucoside,2,42
8867,O=c1cc(-c2ccc(O)cc2)oc2c(O)c(O)ccc12,"4',7,8-trihydroxyflavone",4,20
8868,O=c1cc(-c2ccc(O)cc2)oc2cc(O)c(C3OC(CO)C(O)C(O)C3O)c(O)c12,isovitexin,6,31
8869,O=c1cc(-c2ccc(O)cc2)oc2cc(O)c(C3OC(CO)C(O)C(O)C3OC3OC(CO)C(O)C(O)C3O)c(O)c12,isovitexin 2''-O-beta-D-glucoside,2,42
8870,O=c1cc(-c2ccc(O)cc2)oc2cc(O)c(O)c(O)c12,scutellarein,6,21
8871,O=c1cc(-c2ccc(O)cc2)oc2cc(O)cc(O)c12,apigenin,13,20
8872,O=c1cc(-c2ccc(O)cc2)oc2cc(OC3OC(CO)C(O)C(O)C3O)cc(O)c12,apigenin 7-O-beta-D-glucoside,6,31
8873,O=c1cc(-c2ccc(OC3OC(CO)C(O)C(O)C3O)c(O)c2)oc2cc(O)cc(O)c12,luteolin 4'-O-beta-D-glucoside,2,32
8874,O=c1cc(-c2ccccc2)oc2c(O)c(O)ccc12,"7,8-dihydroxyflavone",2,19
8875,O=c1cc(-c2ccccc2)oc2cc(O)c(O)c(O)c12,baicalein,4,20
8876,O=c1cc(O)cc(-c2cccnc2)o1,4-hydroxy-6-(pyridin-3-yl)-2H-pyran-2-one,2,14
8877,O=c1cc(O)cc(C=Cc2ccc(O)c(O)c2)o1,hispidin,4,18
8878,O=c1cc(O)cc2oc(-c3cc(O)c(O)c(O)c3)c(O)cc1-2,delphinidin,2,22
8879,O=c1cc(O)cc2oc(-c3cc(O)c(O)c(O)c3)c(OC3OC(CO)C(O)C(O)C3O)cc1-2,delphinidin 3-O-beta-D-glucoside,2,33
8880,O=c1cc(O)cc2oc(-c3ccc(O)c(O)c3)c(OC3OC(COC4OC(CO)C(O)C(O)C4O)C(O)C(O)C3OC3OCC(O)C(O)C3O)cc1-2,cyanidin 3-O-(6-O-glucosyl-2-O-xylosylgalactoside) betaine,2,52
8881,O=c1cc(O)cc2oc(-c3ccc(O)cc3)c(O)cc1-2,pelargonidin,2,20
8882,O=c1cc(O)cc2oc(-c3ccc(O)cc3)c(OC3OC(CO)C(O)C(O)C3O)cc1-2,pelargonidin 3-O-beta-D-glucoside,2,31
8883,O=c1cc2oc(-c3cc(O)c(O)c(O)c3)c(OC3OC(CO)C(O)C(O)C3O)cc-2c(OC2OC(CO)C(O)C(O)C2O)c1,"delphinidin 3,5-bis-O-beta-D-glucoside",2,44
8884,O=c1cc2oc(-c3cc(O)c(O)c(OC4OC(CO)C(O)C(O)C4O)c3)c(OC3OC(CO)C(O)C(O)C3O)cc-2c(OC2OC(CO)C(O)C(O)C2O)c1,"delphinidin 3,3',5-tri-O-beta-D-glucoside",2,55
8885,O=c1cc2oc(-c3ccc(O)c(O)c3)c(OC3OC(CO)C(O)C(O)C3O)cc-2c(O)c1,cyanidin 3-O-beta-D-glucoside,4,32
8886,O=c1cc2oc(-c3ccc(O)c(O)c3)c(OC3OC(CO)C(O)C(O)C3O)cc-2c(OC2OC(CO)C(O)C(O)C2O)c1,"cyanidin 3,5-di-O-beta-D-glucoside",2,43
8887,O=c1cc2oc(-c3ccc(O)c(O)c3)c(OC3OC(CO)C(O)C(O)C3OC3OCC(O)C(O)C3O)cc-2c(O)c1,cyanidin 3-O-[beta-D-xylosyl-(1->2)-beta-D-galactoside],2,41
8888,O=c1cc[nH]c(=O)[nH]1,uracil,27,8
8889,O=c1cc[nH]cc1O,3-hydroxy-4H-pyrid-4-one,2,8
8890,O=c1cc[nH]o1,isoxazolin-5-one,3,6
8891,O=c1ccc2c(O)c3ccoc3cc2o1,bergaptol,2,15
8892,O=c1ccc2cc(O)c(O)cc2o1,esculetin,6,13
8893,O=c1ccc2cc3ccoc3c(O)c2o1,xanthotoxol,2,15
8894,O=c1ccc2ccc(O)c(O)c2o1,"7,8-dihydroxycoumarin",4,13
8895,O=c1ccc2ccc(O)cc2o1,umbelliferone,8,12
8896,O=c1ccc2ccc(OC3OC(CO)C(O)C(O)C3O)c(O)c2o1,daphnin,2,24
8897,O=c1ccn(C2CC(O)C(CO)O2)c(=O)[nH]1,2'-deoxyuridine,11,16
8898,O=c1ccn(C2CC(O)C(COP(=O)(O)O)O2)c(=O)[nH]1,dUMP,18,20
8899,O=c1ccn(C2CC(O)C(COP(=O)(O)OP(=O)(O)O)O2)c(=O)[nH]1,dUDP,8,24
8900,O=c1ccn(C2CC(O)C(COP(=O)(O)OP(=O)(O)OP(=O)(O)O)O2)c(=O)[nH]1,dUTP,12,28
8901,O=c1ccn(C2OC(CO)C(O)C2O)c(=O)[nH]1,uridine,20,17
8902,O=c1ccn(C2OC(CO)C(O)C2OP(=O)(O)O)c(=O)[nH]1,uridine 2'-phosphate,4,21
8903,O=c1ccn(C2OC(CO)C(OP(=O)(O)O)C2O)c(=O)[nH]1,3'-UMP,4,21
8904,O=c1ccn(C2OC(CO)C3OP(=O)(O)OC32)c(=O)[nH]1,"2',3'-cyclophospho-UMP",4,20
8905,O=c1ccn(C2OC(COP(=O)(O)O)C(O)C2O)c(=O)[nH]1,UMP,64,21
8906,O=c1ccn(C2OC(COP(=O)(O)OP(=O)(O)O)C(O)C2O)c(=O)[nH]1,UDP,964,25
8907,O=c1ccn(C2OC(COP(=O)(O)OP(=O)(O)OC3OC(C(O)CO)C(O)C3O)C(O)C2O)c(=O)[nH]1,UDP-alpha-D-galactofuranose,6,36
8908,O=c1ccn(C2OC(COP(=O)(O)OP(=O)(O)OC3OC(CO)C(O)C(O)C3O)C(O)C2O)c(=O)[nH]1,UDP-alpha-D-glucose,570,36
8909,O=c1ccn(C2OC(COP(=O)(O)OP(=O)(O)OC3OC(CO)C(O)C3O)C(O)C2O)c(=O)[nH]1,UDP-beta-L-arabinofuranose,4,34
8910,O=c1ccn(C2OC(COP(=O)(O)OP(=O)(O)OC3OC(CS(=O)(=O)O)C(O)C(O)C3O)C(O)C2O)c(=O)[nH]1,UDP-alpha-D-6-sulfoquinovose,2,39
8911,O=c1ccn(C2OC(COP(=O)(O)OP(=O)(O)OC3OCC(O)C(O)C3O)C(O)C2O)c(=O)[nH]1,UDP-alpha-D-xylose,36,34
8912,O=c1ccn(C2OC(COP(=O)(O)OP(=O)(O)OP(=O)(O)O)C(O)C2O)c(=O)[nH]1,UTP,46,29
8913,O=c1ccn(C2OC3COP(=O)(O)OC3C2O)c(=O)[nH]1,"3',5'-cyclic UMP",4,20
8914,O=c1cnn(C2OC(CO)C(O)C2O)c(=O)[nH]1,6-azauridine,2,17
8915,O=c1cnn(C2OC(COP(=O)(O)O)C(O)C2O)c(=O)[nH]1,6-azauridine 5'-phosphate,2,21
8916,O=c1nc2n(CC(O)C(O)C(O)CO)c3cc(O)ccc3cc-2c(=O)[nH]1,"7,8-didemethyl-8-hydroxy-5-deazariboflavin",6,26
8917,O=c1oc(C=Cc2ccc(O)c(O)c2)cc(O)c1O,3-hydroxyhispidin,4,19
8918,OC(CCCl)c1ccccc1,(S)-3-chloro-1-phenyl-1-propanol,2,11
8919,OC(CS)C(O)CS,dithioerythritol,2,8
8920,OC(Cn1cncn1)(Cn1cncn1)c1ccc(F)cc1F,fluconazole,2,22
8921,OC(c1ccccc1)C(O)c1ccccc1,"(1R,2R)-hydrobenzoin",2,16
8922,OC(c1ccccc1)c1ccccc1,diphenylmethanol,2,14
8923,OC1=C(c2ccc(O)c(O)c2)Oc2cc(O)cc(O)c2C1O,"(4S)-2,3-dehydroleucocyanidin",2,22
8924,OC1=C(c2ccc(O)cc2)Oc2cc(O)cc(O)c2C1O,"(4S)-2,3-dehydroleucopelargonidin",2,21
8925,OC1C(O)C(O)C(O)C(O)C1O,scyllo-inositol,24,12
8926,OC1C2(Cl)C3(Cl)C4(Cl)C(Cl)(Cl)C5(Cl)C3(Cl)C1(Cl)C5(Cl)C24Cl,chlordecone alcohol,2,21
8927,OC1C2COC(O2)C(O)C1O,levoglucosan,4,11
8928,OC1C=CC=C(Cl)C1O,"(1R,2R)-3-chlorocyclohexa-3,5-diene-1,2-diol",1,9
8929,OC1C=CC=C(c2ccccc2)C1O,"(2R,3S)-3-phenylcyclohexa-3,5-diene-1,2-diol",1,14
8930,OC1C=CC=CC1O,"(1R,2R)-1,2-dihydrobenzene-1,2-diol",1,8
8931,OC1C=CCCC1O,"cyclohex-3-ene-1,2-diol",2,8
8932,OC1C=Cc2ccc3ccccc3c2C1O,"(3S,4R)-3,4-dihydrophenanthrene-3,4-diol",1,16
8933,OC1C=Cc2ccccc2C1O,"(1S,2S)-1,2-dihydronaphthalene-1,2-diol",4,12
8934,OC1C=Cc2sc3ccccc3c2C1O,"cis-1,2-dihydroxy-1,2-dihydrodibenzothiophene",1,15
8935,OC1CC(c2ccccc2)Oc2ccccc21,(2S)-flavan-4-ol,2,17
8936,OC1CCCC1,cyclopentanol,2,6
8937,OC1CCCCC1,cyclohexanol,2,7
8938,OC1CCCCC1O,"trans-cyclohexane-1,2-diol",2,8
8939,OC1CCc2ccccc21,(S)-indan-1-ol,4,10
8940,OC1COC(O)C(O)C1O,L-arabinose,30,10
8941,OC1COC(OC2COC(O)C(O)C2O)C(O)C1O,D-xylobiose,2,19
8942,OC1COC(OC2COC(OC3COC(O)C(O)C3O)C(O)C2O)C(O)C1O,D-xylotriose,2,28
8943,OC1COC(OC2COC(OC3COC(OC4COC(O)C(O)C4O)C(O)C3O)C(O)C2O)C(O)C1O,D-xylotetraose,2,37
8944,OC1COC(OCC2OC(O)C(O)C(O)C2O)C(O)C1O,vicianose,4,21
8945,OC1CSSCC1O,"cis-1,2-dithiane-4,5-diol",2,8
8946,OC1OC2COC(C1O)C2O,"3,6-anhydro-alpha-L-galactopyranose",4,11
8947,OC1OCC=C2CN3CCC45c6ccccc6NC4C1C2CC35,"17,18-epoxy-17-hydroxycur-19-ene",4,23
8948,OC1c2ccccc2-c2ccccc21,9H-fluoren-9-ol,4,14
8949,OCC#CCO,"2-butyne-1,4-diol",2,6
8950,OCC(CO)OC1OC(CO)C(O)C(O)C1O,2-O-(alpha-D-glucopyranosyl)glycerol,4,17
8951,OCC(O)C(O)(CO)CO,D-apiitol,2,10
8952,OCC(O)C(O)C(O)C(O)CO,galactitol,21,12
8953,OCC(O)C(O)C(O)CO,ribitol,15,10
8954,OCC(O)C(O)CO,erythritol,8,8
8955,OCC(O)C1OC(O)C(O)C1O,beta-D-allofuranose,4,12
8956,OCC(O)CCl,"(R)-3-chloro-1,2-propanediol",2,6
8957,OCC(O)CO,glycerol,104,6
8958,OCC(O)COC1OC(CO)C(O)C(O)C1O,3-beta-D-galactosyl-sn-glycerol,2,17
8959,OCC(O)c1ccc(O)c(O)c1,"3,4-dihydroxyphenylethyleneglycol",2,12
8960,OCC(O)c1ccccc1,(R)-styrene glycol,2,10
8961,OCC1(O)COC(O)C1O,D-apiofuranose,4,10
8962,OCC1(O)COC(OCC2OC(O)C(O)C(O)C2O)C1O,beta-D-apiofuranosyl-(1->6)-D-glucopyranose,4,21
8963,OCC1(O)OCC(O)C(O)C1O,D-fructopyranose,2,12
8964,OCC1(O)OCC(O)C1O,alpha-D-xylulofuranose,2,10
8965,OCC1=CC(NC2C(O)C(O)C(O)C(CO)C2O)C(O)C(O)C1O,validoxylamine B,2,24
8966,OCC1=CC(NC2C(O)C(O)C(OC3OC(CO)C(O)C(O)C3O)C(CO)C2O)C(O)C(O)C1O,validamycin B,2,35
8967,OCC1=CC(NC2CC(CO)C(O)C(O)C2O)C(O)C(O)C1O,validoxylamine A,6,23
8968,OCC1=CC(NC2CC(CO)C(OC3OC(CO)C(O)C(O)C3O)C(O)C2O)C(O)C(O)C1O,validamycin A,4,34
8969,OCC1OC(O)(CO)C(O)C1O,beta-D-fructose,31,12
8970,OCC1OC(O)(COC2(CO)OC(CO)C(O)C2O)C(O)C1O,inulobiose,4,23
8971,OCC1OC(O)C(O)C(O)C1O,D-galactose,294,12
8972,OCC1OC(O)C(O)C1O,L-arabinofuranose,34,10
8973,OCC1OC(O)CC(O)C1O,2-deoxy-D-glucose,6,11
8974,OCC1OC(O)CC1O,2-deoxy-D-ribose,2,9
8975,OCC1OC(OC2(CO)OC(CO)C(O)C2O)C(O)C(O)C1O,sucrose,35,23
8976,OCC1OC(OC2(CO)OC(COC3(CO)OC(CO)C(O)C3O)C(O)C2O)C(O)C(O)C1O,6-kestotriose,4,34
8977,OCC1OC(OC2(CO)OC(COC3(CO)OC(COC4(CO)OC(CO)C(O)C4O)C(O)C3O)C(O)C2O)C(O)C(O)C1O,"6,6-kestotetraose",2,45
8978,OCC1OC(OC2(COC3(CO)OC(CO)C(O)C3O)OC(CO)C(O)C2O)C(O)C(O)C1O,1(F)-beta-D-fructosylsucrose,4,34
8979,OCC1OC(OC2(COC3(CO)OC(CO)C(O)C3O)OC(COC3(CO)OC(CO)C(O)C3O)C(O)C2O)C(O)C(O)C1O,"1,6-kestotetraose",2,45
8980,OCC1OC(OC2C(CO)OC(O)C(O)C2O)C(O)C(O)C1O,D-cellobiose,37,23
8981,OCC1OC(OC2C(CO)OC(OC3C(CO)OC(O)C(O)C3O)C(O)C2O)C(O)C(O)C1O,D-cellotriose,17,34
8982,OCC1OC(OC2C(CO)OC(OC3C(CO)OC(OC4C(CO)OC(O)C(O)C4O)C(O)C3O)C(O)C2O)C(O)C(O)C1O,alpha-maltotetraose,18,45
8983,OCC1OC(OC2C(CO)OC(OC3C(CO)OC(OC4C(CO)OC(OC5C(CO)OC(O)C(O)C5O)C(O)C4O)C(O)C3O)C(O)C2O)C(O)C(O)C1O,alpha-maltopentaose,14,56
8984,OCC1OC(OC2C(CO)OC(OC3C(CO)OC(OC4C(CO)OC(OC5C(CO)OC(OC6C(CO)OC(O)C(O)C6O)C(O)C5O)C(O)C4O)C(O)C3O)C(O)C2O)C(O)C(O)C1O,alpha-maltohexaose,14,67
8985,OCC1OC(OC2C(CO)OC(OC3C(CO)OC(OC4C(CO)OC(OC5C(CO)OC(OC6C(CO)OC(OC7C(CO)OC(O)C(O)C7O)C(O)C6O)C(O)C5O)C(O)C4O)C(O)C3O)C(O)C2O)C(O)C(O)C1O,alpha-maltoheptaose,8,78
8986,OCC1OC(OC2C(O)C(CO)OC(OC3(CO)OC(CO)C(O)C3O)C2O)C(O)C(O)C1O,loliose,2,34
8987,OCC1OC(OC2C(O)C(CO)OC(OC3C(OC4C(O)OC(CO)C(O)C4O)OC(CO)C(O)C3O)C2O)C(O)C(O)C1O,alpha-D-Man-(1->3)-alpha-D-Man-(1->2)-alpha-D-Man-(1->2)-D-Man,2,45
8988,OCC1OC(OC2C(O)C(O)C(O)C(O)C2O)C(O)C(O)C1O,alpha-D-galactosyl-(1->3)-1D-myo-inositol,6,23
8989,OCC1OC(OC2C(O)C(O)OC(CO)C2O)C(O)C(O)C1O,nigerose,8,23
8990,OCC1OC(OC2C(O)OC(CO)C(O)C2O)C(O)C(O)C1O,sophorose,6,23
8991,OCC1OC(OC2C(O)OC(CO)C2O)C(O)C1O,beta-L-arabinofuranosyl-(1->2)-beta-L-arabinofuranose,4,19
8992,OCC1OC(OC2C(OC3C(O)OC(CO)C(O)C3O)OC(CO)C(O)C2O)C(O)C(O)C1O,beta-D-Manp-(1->2)-beta-D-Manp-(1->2)-D-Manp,2,34
8993,OCC1OC(OC2OC(CO)C(O)C(O)C2O)C(O)C(O)C1O,"alpha,alpha-trehalose",23,23
8994,OCC1OC(OCC2(O)OC(CO)C(O)C2O)C(O)C(O)C1O,trehalulose,2,23
8995,OCC1OC(OCC2OC(CO)(OC3OC(CO)C(O)C(O)C3O)C(O)C2O)C(O)C(O)C1O,6(F)-alpha-D-galactosylsucrose,2,34
8996,OCC1OC(OCC2OC(O)(CO)C(O)C2O)C(O)C(O)C1O,6-O-alpha-D-glucopyranosyl-D-fructose,4,23
8997,OCC1OC(OCC2OC(O)C(O)C(O)C2O)C(O)C(O)C1O,melibiose,4,23
8998,OCC1OC(OCC2OC(OC3(CO)OC(CO)C(O)C3O)C(O)C(O)C2O)C(O)C(O)C1O,raffinose,10,34
8999,OCC1OC(OCC2OC(OC3(COC4OC(CO)C(O)C(O)C4O)OC(CO)C(O)C3O)C(O)C(O)C2O)C(O)C(O)C1O,1(F)-alpha-D-galactosylraffinose,2,45
9000,OCC1OC(OCC2OC(OC3C(CO)OC(OC4C(CO)OC(O)C(O)C4O)C(O)C3O)C(O)C(O)C2O)C(O)C(O)C1O,alpha-D-Gal-(1->6)-beta-D-Man-(1->4)-beta-D-Man-(1->4)-D-Man,2,45
9001,OCC1OC(OCC2OC(OC3C(CO)OC(OC4C(CO)OC(O)C(O)C4O)C(O)C3O)C(O)C(O)C2OC2OC(CO)C(O)C(O)C2O)C(O)C(O)C1O,beta-D-Man-(1->4)-[alpha-D-Gal-(1->6)]-beta-D-Man-(1->4)-beta-D-Man-(1->4)-D-Man,2,56
9002,OCC1OC(OCC2OC(OC3C(CO)OC(OC4C(CO)OC(OC5C(CO)OC(O)C(O)C5O)C(O)C4O)C(O)C3O)C(O)C(O)C2O)C(O)C(O)C1O,alpha-isomaltosyl-(1->4)-D-maltotriose,4,56
9003,OCC1OC(OCC2OC(OC3C(O)C(CO)OC(OCC4OC(O)C(O)C(O)C4O)C3O)C(O)C(O)C2O)C(O)C(O)C1O,alpha-isomaltosyl-(1->3)-isomaltose,4,45
9004,OCC1OC(OCC2OC(OC3C(O)C(CO)OC(OCC4OC(OC5C(CO)OC(OC6C(CO)OC(OC7C(CO)OC(O)C(O)C7O)C(O)C6O)C(O)C5O)C(O)C(O)C4O)C3O)C(O)C(O)C2O)C(O)C(O)C1O,alpha-isomaltosyl-(1->3)-alpha-isomaltosyl-(1->4)-D-maltotriose,3,78
9005,OCC1OC(OCC2OC(OCC3OC(OC4(CO)OC(CO)C(O)C4O)C(O)C(O)C3O)C(O)C(O)C2O)C(O)C(O)C1O,stachyose,4,45
9006,OCC1OC(Oc2c[nH]c3ccccc23)C(O)C(O)C1O,indican,2,21
9007,OCC1OC(Oc2ccc(O)cc2)C(O)C(O)C1O,hydroquinone O-beta-D-glucopyranoside,4,19
9008,OCC1OC(SC(Cc2c[nH]c3ccccc23)=NO)C(O)C(O)C1O,(Z)-indolylmethyl desulfoglucosinolate,4,25
9009,OCC1OC(SC(Cc2ccccc2)=NO)C(O)C(O)C1O,(Z)-desulfoglucotropeolin,4,22
9010,OCC1OC(n2cnc3c(O)ncnc32)C(O)C1O,inosine,4,19
9011,OCC1OC(n2cnc3c2N=CNCC3O)C(O)C1O,coformycin,2,20
9012,OCC1OC2(COC3(CO)OC(CO)C(O)C3O2)C(O)C1O,"alpha-D-fructofuranose-beta-D-fructofuranose 2',1:2,3'-dianhydride",2,22
9013,OCC1OC2(COC3(CO2)OC(CO)C(O)C3O)C(O)C1O,"bis-D-fructose 2',1:2,1'-dianhydride",2,22
9014,OCC1OC2OCC3OC(OC4C(O)C(CO)OC(OCC5OC(OC(C1O)C2O)C(O)C(O)C5O)C4O)C(O)C(O)C3O,cyclobis-(1->3)-alpha-D-isomaltosyl,3,44
9015,OCC1OCC(O)C(O)C1O,"1,5-anhydro-D-glucitol",2,11
9016,OCC=Cc1ccc(O)c(O)c1,(E)-caffeyl alcohol,2,12
9017,OCC=Cc1ccc(O)cc1,(E)-4-coumaroyl alcohol,2,11
9018,OCC=Cc1ccccc1,cinnamyl alcohol,4,10
9019,OCCC#Cc1ccc(-c2cccs2)s1,"5-(4-hydroxy-but-1-ynyl)-2,2'-bithiophene",2,15
9020,OCCCCCCCCCCCCCCCCO,"hexadecane-1,16-diol",2,18
9021,OCCCN=C=S,3-hydroxypropyl isothiocyanate,2,7
9022,OCCCO,"propane-1,3-diol",4,5
9023,OCCO,ethylene glycol,6,4
9024,OCCc1c[nH]c2ccccc12,indole-3-ethanol,4,12
9025,OCCc1ccccc1,2-phenylethanol,8,9
9026,OCc1ccc(C(F)(F)F)cc1,4-(trifluoromethyl)benzyl alcohol,2,12
9027,OCc1ccc(O)cc1,4-hydroxybenzyl alcohol,2,9
9028,OCc1cccc(O)c1,3-hydroxybenzyl alcohol,8,9
9029,OCc1cccc(Oc2ccccc2)c1,(3-phenoxyphenyl)methanol,2,15
9030,OCc1ccccc1,benzyl alcohol,14,8
9031,OCc1ccccc1O,salicyl alcohol,6,9
9032,OCc1ccccc1OC1OC(CO)C(O)C(O)C1O,salicin,2,20
9033,OCc1cccnc1,pyridine 3-methanol,2,8
9034,ON=C(S)Cc1c[nH]c2ccccc12,(Z)-2-(indol-3-yl)-1-thioacetohydroximate,2,14
9035,ON=C(S)Cc1ccccc1,(Z)-2-phenyl-1-thioacetohydroximate,2,11
9036,ON=CCc1c[nH]c2ccccc12,(E)-(indol-3-yl)acetaldehyde oxime,4,13
9037,ON=CCc1ccc(O)cc1,(E)-4-hydroxyphenylacetaldehyde oxime,4,11
9038,ON=CCc1ccccc1,(E)-phenylacetaldehyde oxime,4,10
9039,ON=NO,hyponitrous acid,2,4
9040,ONC=S,thiohydroxamate,2,4
9041,ONCCc1c[nH]cn1,N-hydroxyhistamine,2,9
9042,ONc1cccc(O)c1,3-hydroxyaminophenol,2,9
9043,ONc1ccccc1,N-phenylhydroxylamine,4,8
9044,OO,H2O2,588,2
9045,Oc1c(Cl)c(Cl)c(O)c(Cl)c1Cl,"2,3,5,6-tetrachlorohydroquinone",3,12
9046,Oc1c(Cl)c(Cl)cc(Cl)c1Cl,"2,3,5,6-tetrachlorophenol",2,11
9047,Oc1c(Cl)cc(Cl)c(Cl)c1O,"3,4,6-trichlorocatechol",2,11
9048,Oc1c(Cl)cc(Cl)cc1Cl,"2,4,6-trichlorophenol",2,10
9049,Oc1c(Cl)ccc(Cl)c1O,"3,6-dichlorocatechol",2,10
9050,Oc1c[nH]c2ccccc12,indoxyl,4,10
9051,Oc1cc(Cl)cc(Cl)c1O,"3,5-dichlorocatechol",4,10
9052,Oc1cc(O)c(O)c(O)c1,"1,2,3,5-tetrahydroxybenzene",2,10
9053,Oc1cc(O)c2c(O)cc(O)cc2c1,"naphthalene-1,3,6,8-tetrol",1,14
9054,Oc1cc(O)c2c(c1)OC(c1ccc(O)c(O)c1)C(O)C2,"(2R,3S)-catechin",2,21
9055,Oc1cc(O)c2c(c1)OC(c1ccc(O)c(O)c1)C(O)C2O,"(2R,3S,4S)-leucocyanidin",4,22
9056,Oc1cc(O)cc(C=Cc2ccc(O)c(O)c2)c1,piceatannol,4,18
9057,Oc1cc(O)cc(O)c1,"1,3,5-trihydroxybenzene",8,9
9058,Oc1cc2c(cc1O)CNCC2,norsalsolinol,2,12
9059,Oc1ccc(C2COc3cc(O)ccc3C2O)c(O)c1,"(3R,4R)-7,2',4'-trihydroxyisoflavanol",2,20
9060,Oc1ccc(C2Oc3cc(O)cc(O)c3C(O)C2O)cc1,"(2R,3S,4S)-3,4-leucopelargonidin",4,21
9061,Oc1ccc(C=Cc2cc(O)cc(O)c2)cc1,trans-resveratrol,6,17
9062,Oc1ccc(CC2NCCc3cc(O)c(O)cc32)cc1,(S)-norcoclaurine,4,20
9063,Oc1ccc(CCNCc2ccc(O)c(O)c2)cc1,norbelladine,2,19
9064,Oc1ccc(Cl)c(Cl)c1O,"3,4-dichlorocatechol",2,10
9065,Oc1ccc(Cl)cc1Cl,"2,4-dichlorophenol",6,9
9066,Oc1ccc(Cl)cc1O,4-chlorocatechol,4,9
9067,Oc1ccc(O)c(Cl)c1,chlorohydroquinone,2,9
9068,Oc1ccc(O)c(O)c1,"benzene-1,2,4-triol",13,9
9069,Oc1ccc(O)c(O)n1,"2,3,6-trihydroxypyridine",2,9
9070,Oc1ccc(O)cc1,hydroquinone,22,8
9071,Oc1ccc(O)nc1,"2,5-dihydroxypyridine",2,8
9072,Oc1ccc2c(c1)OC1c3ccc(O)cc3OCC21,"(6aR,11aR)-3,9-dihydroxypterocarpan",2,19
9073,Oc1ccc2c(c1)OCC(c1cc3c(cc1O)OCO3)C2O,"(3R,4R)-3-(6-hydroxy-1,3-benzodioxol-5-yl)-3,4-dihydro-2H-chromene-4,7-diol",2,22
9074,Oc1ccc2c(c1)OCC1(O)c3cc4c(cc3OC21)OCO4,(+)-6a-hydroxymaackiain,2,22
9075,Oc1ccc2c(c1)OCC1(O)c3ccc(O)cc3OC21,"(6aS,11aS)-3,6a,9-trihydroxypterocarpan",4,20
9076,Oc1ccc2c(c1)OCC1c3cc4c(cc3OC21)OCO4,(-)-maackiain,2,21
9077,Oc1ccc2c(n1)C=CC(O)C2O,"5,6-dihydroquinoline-2,5,6-triol",2,13
9078,Oc1ccc2ccc3ccccc3c2c1O,"phenanthrene-3,4-diol",1,16
9079,Oc1ccc2cccc(O)c2n1,"quinoline-2,8-diol",2,12
9080,Oc1ccc2ccccc2c1,2-naphthol,4,11
9081,Oc1ccc2ccccc2c1O,"naphthalene-1,2-diol",8,12
9082,Oc1ccc2ccccc2n1,quinolin-2-ol,4,11
9083,Oc1ccc2sc3ccccc3c2c1O,"1,2-dihydroxydibenzothiophene",1,15
9084,Oc1cccc(-c2cccc(O)c2O)c1O,"biphenyl-2,2',3,3'-tetraol",2,16
9085,Oc1cccc(-c2ccccc2)c1O,"biphenyl-2,3-diol",4,14
9086,Oc1cccc(Cl)c1O,3-chlorocatechol,6,9
9087,Oc1cccc(O)c1,resorcinol,10,8
9088,Oc1cccc(O)c1O,"1,2,3-trihydroxybenzene",6,9
9089,Oc1cccc(O)n1,"2,6-dihydroxypyridine",4,8
9090,Oc1cccc2ccccc12,1-naphthol,2,11
9091,Oc1cccc2nc3c(O)cccc3nc12,"1,6-dihydroxyphenazine",4,16
9092,Oc1cccc2nc3ccccc3nc12,1-hydroxyphenazine,2,15
9093,Oc1ccccc1,phenol,22,7
9094,Oc1ccccc1-c1cccc(O)c1O,"biphenyl-2,2',3-triol",6,15
9095,Oc1ccccc1-c1ccccc1,biphenyl-2-ol,4,13
9096,Oc1ccccc1-c1ccccc1O,"biphenyl-2,2'-diol",2,14
9097,Oc1ccccc1I,2-iodophenol,2,8
9098,Oc1ccccc1O,catechol,25,8
9099,Oc1ccccc1Oc1cccc(O)c1O,"2,2',3-trihydroxydiphenyl ether",2,16
9100,Oc1ccnc2ccccc12,quinolin-4-ol,4,11
9101,Oc1ccncc1O,"3,4-dihydroxypyridine",2,8
9102,Oc1cnc2ccccc2c1O,"quinoline-3,4-diol",2,12
9103,Oc1nc(Cc2c[nH]c3ccccc23)c[n+]2c1CCC2,"1-hydroxy-3-(indol-3-ylmethyl)-6H,7H,8H-5lambda(5)-pyrrolo[1,2-a]pyrazine",2,20
9104,Oc1nc(O)c2nccnc2n1,"2,4-dihydroxypteridine",2,12
9105,Oc1nc(O)nc(O)n1,cyanurate,2,9
9106,S,hydrogen sulfide,40,1
9107,S=C=NCc1ccccc1,benzyl isothiocyanate,2,10
9108,S=C=S,carbon disulfide,2,3
9109,SCc1ccccc1,benzylthiol,2,8
9110,[1*]C(=O)C(=O)O,a 2-oxocarboxylate,7,6
9111,[1*]C(=O)CC(=O)C(=O)O,a 3-acylpyruvate,2,9
9112,[1*]C(=O)CO,a 2-hydroxycarbonyl,4,5
9113,[1*]C(=O)NC(CC(=O)O)C(=O)O,an N-acyl-D-aspartate,2,12
9114,[1*]C(=O)NC(CCC(=O)O)C(=O)O,an N-acyl-D-glutamate,2,13
9115,[1*]C(=O)NC(CO)C(O)C=CCCCCCCCCCCCCC,an N-acylsphing-4-enine,6,24
9116,[1*]C(=O)NC(COC1OC(CO)C(O)C(O)C1O)C(O)C=CCCCCCCCCCCCCC,N-acyl-D-galactosylsphing-4-enine,2,35
9117,[1*]C(=O)NC(COC1OC(CO)C(OC2OC(CO)C(OC3OC(CO)C(O)C(OC4OC(CO)C(O)C(OC5OC(CO)C(O)C(O)C5O)C4NC(C)=O)C3O)C(O)C2O)C(O)C1O)C(O)C=CCCCCCCCCCCCCC,a globoside GalGb4Cer (d18:1(4E)),2,82
9118,[1*]C(=O)NCC(=O)O,an N-acylglycine,2,8
9119,[1*]C(=O)NCCCCC(N)C(=O)O,an N(6)-acyl-L-lysine,2,13
9120,[1*]C(=O)Nc1ccccc1,an anilide,2,10
9121,[1*]C(=O)O,a carboxylate,24,4
9122,[1*]C(=O)OC(CO)CO,a 2-acylglycerol,4,9
9123,[1*]C(=O)OC(CO)COP(=O)(O)OCC[N+](C)(C)C,a 2-acyl-sn-glycero-3-phosphocholine,8,19
9124,[1*]C(=O)OC1CC2CCC(C1)N2C,an O-acyltropine,2,13
9125,[1*]C(=O)OC1CCC2(C)C(=CC=C3C2CCC2(C)C3CCC2C(C)C=CC(C)C(C)C)C1,ergosteryl ester,4,32
9126,[1*]C(=O)OC1CCC2(C)C(CC=C3C2CCC2(C)C3CCC2C(C)CCC(=C)C(C)C)C1,an episterol ester,2,32
9127,[1*]C(=O)OC1CCC2(C)C3=C(CCC2C1(C)C)C1(C)CCC(C(C)CCC=C(C)C)C1(C)CC3,lanosteryl ester,4,34
9128,[1*]C(=O)OC1CCC2(C)C3=C(CCC2C1)C1CCC(C(C)CCC=C(C)C)C1(C)CC3,zymosterol ester,2,31
9129,[1*]C(=O)OCC(CO)OC([2*])=O,"a 1,2-diacyl-sn-glycerol",60,12
9130,[1*]C(=O)OCC(COC(=O)CCCCCCCC=CCC=CCCCCC)OC([2*])=O,"a 1,2-diacyl-3-(9Z,12Z-octadecadienoyl)-glycerol",4,31
9131,[1*]C(=O)OCC(COC([2*])=O)OC(=O)CCCCCCCC=CCC=CCCCCC,"a 1,3-diacyl-2-(9Z,12Z-octadecadienoyl)-glycerol",4,31
9132,[1*]C(=O)OCC(COC1OC(CO)C(O)C(O)C1O)OC([2*])=O,"a 1,2-diacyl-3-O-(beta-D-galactosyl)-sn-glycerol",4,23
9133,[1*]C(=O)OCC(COC1OC(COC2OC(CO)C(O)C(O)C2O)C(O)C(O)C1O)OC([2*])=O,"a 1,2-diacyl-3-O-[alpha-D-galactosyl-(1->6)-beta-D-galactosyl]-sn-glycerol",2,34
9134,[1*]C(=O)OCC(COP(=O)(O)O)OC([2*])=O,"a 1,2-diacyl-sn-glycero-3-phosphate",16,16
9135,[1*]C(=O)OCC(COP(=O)(O)OC1C(O)C(O)C(O)C(O)C1O)OC(=O)CCCCCCC=CCC=CC=CC(CCCCC)OO,"a 1-acyl-2-(15-hydroperoxy-8Z,11Z,13E-eicosatrienoyl)-sn-glycero-3-phospho-(1D-myo-inositol)",2,47
9136,[1*]C(=O)OCC(COP(=O)(O)OC1C(O)C(O)C(O)C(O)C1O)OC(=O)CCCCCCC=CCC=CCC=CCCCCC,"a 1-acyl-2-(8Z,11Z,14Z-eicosatrienoyl)-sn-glycero-3-phospho-(1D-myo-inositol)",2,45
9137,[1*]C(=O)OCC(COP(=O)(O)OCC(=O)COP(=O)(O)OCC(COC([3*])=O)OC([4*])=O)OC([2*])=O,a diphosphatidylglycerone,2,36
9138,[1*]C(=O)OCC(COP(=O)(O)OCC(O)CO)OC([2*])=O,a phosphatidylglycerol,4,21
9139,[1*]C(=O)OCC(COP(=O)(O)OCC(O)COP(=O)(O)O)OC([2*])=O,a phosphatidylglycerol phosphate,2,25
9140,[1*]C(=O)OCC(COP(=O)(O)OCC(O)COP(=O)(O)OCC(COC([3*])=O)OC([4*])=O)OC([2*])=O,a cardiolipin,2,36
9141,[1*]C(=O)OCC(COP(=O)(O)OCCN(C)C)OC([2*])=O,"a 1,2-diacyl-sn-glycero-3-phospho-N,N-dimethylethanolamine",6,21
9142,[1*]C(=O)OCC(COP(=O)(O)OCCN)OC([2*])=O,"a 1,2-diacyl-sn-glycero-3-phosphoethanolamine",30,19
9143,[1*]C(=O)OCC(COP(=O)(O)OCCNC(=O)CCCC=CCC=CCC=CCC=CCCCCC)OC([2*])=O,"N-(5Z,8Z,11Z,14Z-eicosatetraenoyl)-1,2-diacyl-sn-glycero-3-phosphoethanolamine",2,40
9144,[1*]C(=O)OCC(COP(=O)(O)OCCNC(=O)CN)OC([2*])=O,"a 1,2-diacyl-sn-glycero-3-phosphoethanolamine-N-glycine",2,23
9145,[1*]C(=O)OCC(COP(=O)(O)OCCNC)OC([2*])=O,"a 1,2-diacyl-sn-glycero-3-phospho-N-methylethanolamine",6,20
9146,[1*]C(=O)OCC(COP(=O)(O)OCC[N+](C)(C)C)OC([2*])=O,"a 1,2-diacyl-sn-glycero-3-phosphocholine",26,22
9147,[1*]C(=O)OCC(COP(=O)(O)OP(=O)(O)OCC1OC(n2ccc(N)nc2=O)C(O)C1O)OC([2*])=O,"a CDP-1,2-diacyl-sn-glycerol",6,36
9148,[1*]C(=O)OCC(O)COC([2*])=O,"a 1,3-diacylglycerol",4,12
9149,[1*]C(=O)OCC(O)COP(=O)(O)OCCN,a 1-acyl-sn-glycero-3-phosphoethanolamine,8,16
9150,[1*]C(=O)OCC(O)COP(=O)(O)OCC[N+](C)(C)C,a 1-acyl-sn-glycero-3-phosphocholine,8,19
9151,[1*]C(=O)SCCNC(=O)CCNC(=O)C(O)C(C)(C)COP(=O)(O)OP(=O)(O)OCC1OC(n2cnc3c(N)ncnc32)C(O)C1OP(=O)(O)O,an acyl-CoA,28,51
9152,[1*]C(C)(C(=O)O)C(=O)O,2-aryl-2-methylmalonate,2,9
9153,[1*]C(C)=CC=CC(C)=CC=CC=C(C)C=CC=C(C)C=CC12OC1(C)CC(O)CC2(C)C,a 9-cis-epoxycarotenoid,2,32
9154,[1*]C(C)=CC=CC(C)=CC=CC=C(C)C=O,a 12'-apo-carotenal,2,16
9155,[1*]C(C)C(=O)O,2-arylpropionate,2,6
9156,[1*]C(O)C(=O)NC(CO)C(O)C=CCCCCCCCCCCCCC,a N-(2-hydroxyacyl)sphing-4-enine,2,26
9157,[1*]C(O)C(=O)NC(COC1OC(CO)C(O)C(O)C1O)C(O)C=CCCCCCCCCCCCCC,a 1-(beta-D-galactosyl)-2-(2-hydroxyacyl)sphing-4-enine,2,37
9158,[1*]C(O)C(=O)O,a (2R)-2-hydroxycarboxylate,7,6
9159,[1*]C(O)C(CO)NC(=O)[2*]CO,an N-(omega-hydroxy-ultra-long chain fatty acyl)-sphingoid base,4,12
9160,[1*]C(O)C(CO)NC(=O)[2*]COC(=O)CCCCCCCC=CCC=CCCCCC,"an N-[omega-(9Z,12Z-octadecadienoyloxy)-O-ultra-long chain fatty acyl]-sphingoid base",4,31
9161,[1*]C(O)C(CO)NC([2*])=O,an N-acyl-sphingoid base,10,10
9162,[1*]C(O)C(COC1OC(CO)C(OC2OC(CO)C(O)C(OC3(C(=O)O)CC(O)C(NC(C)=O)C(C(O)C(CO)OC4(C(=O)O)CC(O)C(NC(C)=O)C(C(O)C(CO)OC(C)=O)O4)O3)C2O)C(O)C1O)NC([2*])=O,a ganglioside Ac-O-8-GD3,4,75
9163,[1*]C(O)C(COC1OC(CO)C(OC2OC(CO)C(O)C(OC3(C(=O)O)CC(O)C(NC(C)=O)C(C(O)C(CO)OC4(C(=O)O)CC(O)C(NC(C)=O)C(C(O)C(O)COC(C)=O)O4)O3)C2O)C(O)C1O)NC([2*])=O,a ganglioside Ac-O-9-GD3,4,75
9164,[1*]C(O)C(COC1OC(CO)C(OC2OC(CO)C(O)C(OC3(C(=O)O)CC(O)C(NC(C)=O)C(C(O)C(CO)OC4(C(=O)O)CC(O)C(NC(C)=O)C(C(OC(C)=O)C(O)CO)O4)O3)C2O)C(O)C1O)NC([2*])=O,a ganglioside Ac-O-7-GD3,2,75
9165,[1*]C(O)C(COC1OC(CO)C(OC2OC(CO)C(OC3OC(CO)C(O)C(O)C3NC(C)=O)C(OC3(C(=O)O)CC(O)C(NC(C)=O)C(C(O)C(CO)OC4(C(=O)O)CC(O)C(NC(C)=O)C(C(O)C(CO)OC(C)=O)O4)O3)C2O)C(O)C1O)NC([2*])=O,a ganglioside Ac-O-8-GD2,2,89
9166,[1*]C(O)C(COC1OC(CO)C(OC2OC(CO)C(OC3OC(CO)C(O)C(O)C3NC(C)=O)C(OC3(C(=O)O)CC(O)C(NC(C)=O)C(C(O)C(CO)OC4(C(=O)O)CC(O)C(NC(C)=O)C(C(O)C(CO)OC5(C(=O)O)CC(O)C(NC(C)=O)C(C(O)C(O)CO)O5)O4)O3)C2O)C(O)C1O)NC([2*])=O,a ganglioside GT2,2,106
9167,[1*]C(O)C(COC1OC(CO)C(OC2OC(CO)C(OC3OC(CO)C(O)C(O)C3NC(C)=O)C(OC3(C(=O)O)CC(O)C(NC(C)=O)C(C(O)C(CO)OC4(C(=O)O)CC(O)C(NC(C)=O)C(C(O)C(O)COC(C)=O)O4)O3)C2O)C(O)C1O)NC([2*])=O,a ganglioside Ac-O-9-GD2,2,89
9168,[1*]C(O)C(COC1OC(CO)C(OC2OC(CO)C(OC3OC(CO)C(O)C(O)C3NC(C)=O)C(OC3(C(=O)O)CC(O)C(NC(C)=O)C(C(O)C(CO)OC4(C(=O)O)CC(O)C(NC(C)=O)C(C(OC(C)=O)C(O)CO)O4)O3)C2O)C(O)C1O)NC([2*])=O,a ganglioside Ac-O-7-GD2,2,89
9169,[1*]C(O)C(COC1OC(CO)C(OC2OC(CO)C(OC3OC(CO)C(O)C(OC4OC(CO)C(O)C(O)C4O)C3NC(C)=O)C(OC3(C(=O)O)CC(O)C(NC(C)=O)C(C(O)C(CO)OC4(C(=O)O)CC(O)C(NC(C)=O)C(C(O)C(CO)OC(C)=O)O4)O3)C2O)C(O)C1O)NC([2*])=O,a ganglioside Ac-O-8-GD1b,2,100
9170,[1*]C(O)C(COC1OC(CO)C(OC2OC(CO)C(OC3OC(CO)C(O)C(OC4OC(CO)C(O)C(O)C4O)C3NC(C)=O)C(OC3(C(=O)O)CC(O)C(NC(C)=O)C(C(O)C(CO)OC4(C(=O)O)CC(O)C(NC(C)=O)C(C(O)C(CO)OC5(C(=O)O)CC(O)C(NC(C)=O)C(C(O)C(O)CO)O5)O4)O3)C2O)C(O)C1O)NC([2*])=O,a ganglioside GT1c,2,117
9171,[1*]C(O)C(COC1OC(CO)C(OC2OC(CO)C(OC3OC(CO)C(O)C(OC4OC(CO)C(O)C(O)C4O)C3NC(C)=O)C(OC3(C(=O)O)CC(O)C(NC(C)=O)C(C(O)C(CO)OC4(C(=O)O)CC(O)C(NC(C)=O)C(C(OC(C)=O)C(O)CO)O4)O3)C2O)C(O)C1O)NC([2*])=O,a ganglioside Ac-O-7-GD1b,2,100
9172,[1*]C(O)C(COC1OC(CO)C(OC2OC(CO)C(OC3OC(CO)C(O)C(OC4OC(CO)C(O)C(OC5(C(=O)O)CC(O)C(NC(C)=O)C(C(O)C(CO)OC(C)=O)O5)C4O)C3NC(C)=O)C(OC3(C(=O)O)CC(O)C(NC(C)=O)C(C(O)C(O)CO)O3)C2O)C(O)C1O)NC([2*])=O,a ganglioside Ac-O-8-GD1a,4,100
9173,[1*]C(O)C(COC1OC(CO)C(OC2OC(CO)C(OC3OC(CO)C(O)C(OC4OC(CO)C(O)C(OC5(C(=O)O)CC(O)C(NC(C)=O)C(C(O)C(CO)OC6(C(=O)O)CC(O)C(NC(C)=O)C(C(O)C(O)CO)O6)O5)C4O)C3NC(C)=O)C(O)C2O)C(O)C1O)NC([2*])=O,a ganglioside GD1c,2,97
9174,[1*]C(O)C(COC1OC(CO)C(OC2OC(CO)C(OC3OC(CO)C(O)C(OC4OC(CO)C(O)C(OC5(C(=O)O)CC(O)C(NC(C)=O)C(C(O)C(CO)OS(=O)(=O)O)O5)C4O)C3NC(C)=O)C(O)C2O)C(O)C1O)NC([2*])=O,an 8-O-sulfo-ganglioside GM1b,2,81
9175,[1*]C(O)C(COC1OC(CO)C(OC2OC(CO)C(OC3OC(CO)C(O)C(OC4OC(CO)C(O)C(OC5(C(=O)O)CC(O)C(NC(C)=O)C(C(O)C(O)CO)O5)C4O)C3NC(C)=O)C(O)C2O)C(O)C1O)NC([2*])=O,a ganglioside GM1b,8,77
9176,[1*]C(O)C(COC1OC(CO)C(OC2OC(CO)C(OC3OC(CO)C(O)C(OC4OC(CO)C(O)C(OC5(C(=O)O)CC(O)C(NC(C)=O)C(C(O)C(O)COC(C)=O)O5)C4O)C3NC(C)=O)C(OC3(C(=O)O)CC(O)C(NC(C)=O)C(C(O)C(O)CO)O3)C2O)C(O)C1O)NC([2*])=O,a ganglioside Ac-O-9-GD1a,2,100
9177,[1*]C(O)C(COC1OC(CO)C(OC2OC(CO)C(OC3OC(CO)C(O)C(OC4OC(CO)C(O)C(OC5(C(=O)O)CC(O)C(NC(C)=O)C(C(OC(C)=O)C(O)CO)O5)C4O)C3NC(C)=O)C(OC3(C(=O)O)CC(O)C(NC(C)=O)C(C(O)C(O)CO)O3)C2O)C(O)C1O)NC([2*])=O,a ganglioside Ac-O-7-GD1a,2,100
9178,[1*]C(O)C(COC1OC(CO)C(OC2OC(CO)C(OC3OC(CO)C(O)C(OC4OC(CO)C(O)C(OC5OC(CO)C(O)C(O)C5O)C4NC(C)=O)C3O)C(O)C2O)C(O)C1O)NC([2*])=O,a globoside GalGb4Cer,6,68
9179,[1*]C(O)C(COC1OC(CO)C(OC2OC(CO)C(OC3OC(CO)C(O)C(OC4OC(CO)C(O)C(OC5OC(CO)C(O)C(O)C5O)C4O)C3NC(C)=O)C(OC3(C(=O)O)CC(O)C(NC(C)=O)C(C(O)C(CO)OC4(C(=O)O)CC(O)C(NC(C)=O)C(C(O)C(O)CO)O4)O3)C2O)C(O)C1O)NC([2*])=O,a ganglioside Gal-GD1b,4,108
9180,[1*]C(O)C(COC1OC(CO)C(OC2OC(CO)C(OC3OC(CO)C(O)C(OC4OC(CO)C(O)C(OC5OC(CO)C(O)C(O)C5O)C4OC4OC(C)C(O)C(O)C4O)C3NC(C)=O)C(O)C2O)C(O)C1O)NC([2*])=O,a ganglioside Gal-(Fuc)-GA1,2,78
9181,[1*]C(O)C(COC1OC(CO)C(OC2OC(CO)C(OC3OC(CO)C(O)C(OC4OC(CO)C(O)C(OC5OC(CO)C(O)C(O)C5O)C4OC4OC(C)C(O)C(O)C4O)C3NC(C)=O)C(OC3(C(=O)O)CC(O)C(NC(C)=O)C(C(O)C(CO)OC4(C(=O)O)CC(O)C(NC(C)=O)C(C(O)C(O)CO)O4)O3)C2O)C(O)C1O)NC([2*])=O,a ganglioside Gal(Fuc)-GD1b,2,118
9182,[1*]C(O)C(COC1OC(CO)C(OC2OC(CO)C(OC3OC(CO)C(O)C(OC4OC(CO)C(O)C(OC5OC(CO)C(O)C(OC6(C(=O)O)CC(O)C(NC(C)=O)C(C(O)C(O)CO)O6)C5O)C4NC(C)=O)C3O)C(O)C2O)C(O)C1O)NC([2*])=O,a globoside MSGG,2,88
9183,[1*]C(O)C(COC1OC(CO)C(OC2OC(CO)C(OC3OC(CO)C(O)C(OC4OC(CO)C(O)C(OC5OC(CO)C(O)C(OC6OC(CO)C(O)C(O)C6NC(C)=O)C5O)C4OC4OC(C)C(O)C(O)C4O)C3NC(C)=O)C(O)C2O)C(O)C1O)NC([2*])=O,a ganglioside GalNAcGal-(Fuc)-GA1,2,92
9184,[1*]C(O)C(COC1OC(CO)C(OC2OC(CO)C(OC3OC(CO)C(O)C(OC4OC(CO)C(O)C(OC5OC(CO)C(O)C(OC6OC(CO)C(O)C(O)C6O)C5O)C4O)C3NC(C)=O)C(OC3(C(=O)O)CC(O)C(NC(C)=O)C(C(O)C(CO)OC4(C(=O)O)CC(O)C(NC(C)=O)C(C(O)C(O)CO)O4)O3)C2O)C(O)C1O)NC([2*])=O,a ganglioside GalGal-GD1b,2,119
9185,[1*]C(O)C(COC1OC(CO)C(OC2OC(CO)C(OC3OC(CO)C(O)C(OC4OC(CO)C(OC5OC(CO)C(O)C(O)C5NC(C)=O)C(OC5(C(=O)O)CC(O)C(NC(C)=O)C(C(O)C(O)CO)O5)C4O)C3NC(C)=O)C(O)C2O)C(O)C1O)NC([2*])=O,a ganglioside GalNAc-GM1b,2,91
9186,[1*]C(O)C(COC1OC(CO)C(OC2OC(CO)C(OC3OC(CO)C(O)C(OC4OC(CO)C(OC5OC(CO)C(O)C(O)C5O)C(O)C4NC(C)=O)C3O)C(O)C2O)C(O)C1O)NC([2*])=O,a globoside NOR1,2,68
9187,[1*]C(O)C(COC1OC(CO)C(OC2OC(CO)C(OC3OC(CO)C(O)C(OC4OC(CO)C(OC5OC(CO)C(O)C(OC6OC(CO)C(O)C(O)C6NC(C)=O)C5O)C(O)C4NC(C)=O)C3O)C(O)C2O)C(O)C1O)NC([2*])=O,a globoside NORint,4,82
9188,[1*]C(O)C(COC1OC(CO)C(OC2OC(CO)C(OC3OC(CO)C(O)C(OC4OC(CO)C(OC5OC(CO)C(O)C(OC6OC(CO)C(O)C(OC7OC(CO)C(O)C(O)C7O)C6NC(C)=O)C5O)C(O)C4NC(C)=O)C3O)C(O)C2O)C(O)C1O)NC([2*])=O,a globoside NOR2,2,93
9189,[1*]C(O)C(COC1OC(CO)C(OC2OC(CO)C(OC3OC(CO)C(O)C(OC4OC(COC5OC(CO)C(O)C(O)C5NC(C)=O)C(O)C(OC5OC(CO)C(O)C(O)C5O)C4NC(C)=O)C3O)C(O)C2O)C(O)C1O)NC([2*])=O,a globoside GlcNAc-(beta1->6)-GalGb4Cer,2,82
9190,[1*]C(O)C(COC1OC(CO)C(OC2OC(CO)C(OC3OC(COC4(C(=O)O)CC(O)C(NC(C)=O)C(C(O)C(O)CO)O4)C(O)C(OC4OC(CO)C(O)C(O)C4O)C3NC(C)=O)C(OC3(C(=O)O)CC(O)C(NC(C)=O)C(C(O)C(CO)OC4(C(=O)O)CC(O)C(NC(C)=O)C(C(O)C(O)CO)O4)O3)C2O)C(O)C1O)NC([2*])=O,a ganglioside GT1balpha,2,117
9191,[1*]C(O)C(COC1OC(CO)C(OC2OC(CO)C(OC3OC(COC4(C(=O)O)CC(O)C(NC(C)=O)C(C(O)C(O)CO)O4)C(O)C(OC4OC(CO)C(O)C(OC5(C(=O)O)CC(O)C(NC(C)=O)C(C(O)C(O)CO)O5)C4O)C3NC(C)=O)C(O)C2O)C(O)C1O)NC([2*])=O,a ganglioside GD1alpha,4,97
9192,[1*]C(O)C(COC1OC(CO)C(OC2OC(CO)C(OC3OC(COC4(C(=O)O)CC(O)C(NC(C)=O)C(C(O)C(O)CO)O4)C(O)C(OC4OC(CO)C(O)C(OC5(C(=O)O)CC(O)C(NC(C)=O)C(C(O)C(O)CO)O5)C4O)C3NC(C)=O)C(OC3(C(=O)O)CC(O)C(NC(C)=O)C(C(O)C(CO)OC4(C(=O)O)CC(O)C(NC(C)=O)C(C(O)C(O)CO)O4)O3)C2O)C(O)C1O)NC([2*])=O,a ganglioside GQ1b alpha,4,137
9193,[1*]C(O)C(COC1OC(CO)C(OC2OC(CO)C(OC3OC(COC4(C(=O)O)CC(O)C(NC(C)=O)C(C(O)C(O)CO)O4)C(O)C(OC4OC(CO)C(O)C(OC5(C(=O)O)CC(O)C(NC(C)=O)C(C(O)C(O)CO)O5)C4O)C3NC(C)=O)C(OC3(C(=O)O)CC(O)C(NC(C)=O)C(C(O)C(O)CO)O3)C2O)C(O)C1O)NC([2*])=O,a ganglioside GT1a alpha,4,117
9194,[1*]C(O)C(COP(=O)(O)O)NC([2*])=O,an N-acylsphingoid base 1-phosphate,4,14
9195,[1*]C(O)C(COP(=O)(O)OCCN)NC([2*])=O,an N-(acyl)-sphingosylphosphoethanolamine,2,17
9196,[1*]C(O)C(COP(=O)(O)OCC[N+](C)(C)C)NC([2*])=O,an N-(acyl)-sphingosylphosphocholine,8,20
9197,[1*]C(O)C(O)C(COP(=O)(O)OC1C(O)C(O)C(O)C(O)C1O)NC(=O)C([2*])O,an inositol-1-phospho-N-(2-hydroxyacyl)-4R-hydroxysphingoid base,2,29
9198,[1*]C(O)C(O)C(COP(=O)(O)OC1C(O)C(O)C(O)C(O)C1OC1OC(CO)C(O)C(O)C1O)NC(=O)C([2*])O,an alpha-D-mannosylinositol-1-phospho-N-(2-hydroxyacyl)-4R-hydroxysphingoid base,2,40
9199,[1*]C(O)CC(=O)SCCNC(=O)CCNC(=O)C(O)C(C)(C)COP(=O)(O)OP(=O)(O)OCC1OC(n2cnc3c(N)ncnc32)C(O)C1OP(=O)(O)O,a (3S)-3-hydroxyacyl-CoA,2,54
9200,[1*]C(O)CO,an L-glycol,4,5
9201,[1*]C([2*])(O)C#N,a disubstituted aliphatic (S)-hydroxynitrile,2,6
9202,[1*]C([2*])=O,a ketone,2,4
9203,[1*]C1=C([2*])C(=O)C([3*])=C([4*])C1=O,a quinone,26,12
9204,[1*]C1OC(COP(=O)(O)O)C(O)C1[2*],a nucleoside 5'-phosphate,2,14
9205,[1*]C1OC2COP(=O)(O)OC2C1[2*],"a nucleoside 3',5'-cyclic phosphate",2,13
9206,[1*]C1OP(=O)(O)OCC1NC([2*])=O,"an N-(acyl)-sphingosyl-1,3-cyclic phosphate",4,13
9207,[1*]C=CC(=O)SCCNC(=O)CCNC(=O)C(O)C(C)(C)COP(=O)(O)OP(=O)(O)OCC1OC(n2cnc3c(N)ncnc32)C(O)C1OP(=O)(O)O,a (2E)-enoyl-CoA,8,53
9208,[1*]CC(NC([3*])=O)C([2*])O,a ceramide,2,10
9209,[1*]CCC(=O)SCCNC(=O)CCNC(=O)C(O)C(C)(C)COP(=O)(O)OP(=O)(O)OCC1OC(n2cnc3c(N)ncnc32)C(O)C1OP(=O)(O)O,"a 2,3-saturated acyl-CoA",6,53
9210,[1*]OC1OC(CO)C(O)C(O)C1O,a beta-D-galactoside,2,13
9211,[1*]OC1OC(COC(C)=O)C(O)C(O)C1O,a 6-acetyl-beta-D-galactoside,2,16
9212,[1*]OCC(COP(=O)(O)O)OC(C)=O,a 1-O-alkyl-2-acetyl-sn-glycerol 3-phosphate,2,14
9213,[1*]OCC(COP(=O)(O)O[2*])OC(C)=O,a 1-organyl-2-acetyl-sn-glycero-3-phospholipid,2,15
9214,[1*]OCC(O)COP(=O)(O)O,a 1-O-alkyl-sn-glycero-3-phosphate,2,11
9215,[1*]OCC(O)COP(=O)(O)O[2*],a 1-organyl-2-lyso-sn-glycero-3-phospholipid,2,12
9216,[1*]SCC(NC(C)=O)C(=O)NC1C(OC2C(O)C(O)C(O)C(O)C2O)OC(CO)C(O)C1O,mycothiol S-conjugate,2,33
9217,[1*]SCC(NC(C)=O)C(=O)O,an N-acetyl-L-cysteine-S-conjugate,2,11
9218,[1*]c1c([2*])c(O)c([3*])c([4*])c1O,a quinol,26,12
9219,[1*]c1c([2*])c([3*])c([4*])c(O)c1O,a catechol,2,12
9220,[1*]c1c([2*])c([3*])c([4*])c(O)c1OC,a guaiacol,2,13
9221,[1*]c1cc(-c2oc3cc([5*])cc([4*])c3c(=O)c2OC2OC(CO)C(O)C(O)C2O)cc([3*])c1[2*],a flavonol 3-O-glycoside,2,34
9222,[1*]c1cc(-c2oc3cc([5*])cc([4*])c3c(=O)c2OC2OC(CO)C(O)C(O)C2OC2OCC(O)C(O)C2O)cc([3*])c1[2*],a flavonol 3-O-[beta-D-xylosyl-(1->2)-beta-D-glycoside],2,43
9223,[1*]c1oc2c(O)c3oc(=O)c([5*])c([4*])c3c([3*])c2c1[2*],an 8-hydroxyfurocoumarin,2,20
9224,[1*]c1oc2c(OC)c3oc(=O)c([5*])c([4*])c3c([3*])c2c1[2*],an 8-methoxyfurocoumarin,2,21
9225,[2*]C(=O)NC(COC1OC(CO)C(OC2OC(CO)C(OC3OC(CO)C(O)C(O)C3NC(C)=O)C(OC3(C(=O)O)CC(O)C(NC(C)=O)C(C(O)C(CO)OC4(C(=O)O)CC(O)C(NC(C)=O)C(C(O)C(CO)OC(C)=O)O4)O3)C2O)C(O)C1O)C(O)C=CCCCCCCCCCCCCC,a ganglioside Ac-O-8-GD2(d18:1(4E)),2,103
9226,[2*]C(=O)NC(COC1OC(CO)C(OC2OC(CO)C(OC3OC(CO)C(O)C(O)C3NC(C)=O)C(OC3(C(=O)O)CC(O)C(NC(C)=O)C(C(O)C(CO)OC4(C(=O)O)CC(O)C(NC(C)=O)C(C(OC(C)=O)C(O)CO)O4)O3)C2O)C(O)C1O)C(O)C=CCCCCCCCCCCCCC,a ganglioside Ac-O-7-GD2(d18:1(4E)),2,103
9227,[2*]C(=O)OC(COC(=O)[1*]O)COP(=O)(O)OCC[N+](C)(C)C,"a hydroxy-1,2-diacyl-glycero-3-phosphocholine",2,23
9228,[2*]C(=O)OC(COC(=O)[1*]OO)COP(=O)(O)OCC[N+](C)(C)C,"a hydroperoxy-1,2-diacyl-glycero-3-phosphocholine",2,24
9229,[C-]#[N+]C(=Cc1ccc(O)cc1)C(=O)O,(2E)-3-(4-hydroxyphenyl)-2-isocyanoprop-2-enoate,2,14
9230,[C-]#[N+]C(C)CC(=O)O,(3R)-3-isocyanylbutanoate,4,8
9231,[C-]#[N+]C(C)CC(=O)OP(=O)(O)OCC1OC(n2cnc3c(N)ncnc32)C(O)C1O,(3R)-3-isocyanylbutanoyl-AMP,4,30
9232,[C-]#[N+]C(Cc1ccc(O)cc1)C(=O)O,(2S)-3-(4-hydroxyphenyl)-2-isocyanopropanoate,2,14
9233,[C-]#[N+]C1C2c3c(C(C)(C)C=C)[nH]c4cccc(c34)C(C)(C)C2CC(Cl)C1(C)C=C,ambiguine A,2,29
9234,[C-]#[N+]C1C2c3c[nH]c4cccc(c34)C(C)(C)C2CC(Cl)C1(C)C=C,hapalindole G,2,24
9235,[N-]=[N+]=CC(=O)CCC(N)C(=O)O,6-diazo-5-oxo-L-norleucine,2,12
9236,c1c[nH]cn1,1H-imidazole,1,5
9237,c1cc2c(c3c1CC1c4cc5c(cc4CCN1C3)OCO5)OCO2,(S)-stylopine,2,24
9238,c1cc[nH]c1,1H-pyrrole,4,5
9239,c1ccc(-c2ccccc2)cc1,biphenyl,1,12
9240,c1ccc(C2CO2)cc1,styrene oxide,4,9
9241,c1ccc(C2OC2c2ccccc2)cc1,cis-stilbene oxide,2,15
9242,c1ccc(CC2NCCc3ccccc32)cc1,"(RS)-1-benzyl-1,2,3,4-tetrahydroisoquinoline",2,17
9243,c1ccc2[nH]ccc2c1,indole,11,9
9244,c1ccc2c(c1)Nc1ccccc1N2,"5,10-dihydrophenazine",4,14
9245,c1ccc2c(c1)[nH]c1ccccc12,9H-carbazole,2,13
9246,c1ccc2ccccc2c1,naphthalene,2,10
9247,c1ccc2nc3ccccc3nc2c1,phenazine,2,14
9248,c1ccccc1,benzene,1,6
9249,c1ccncc1,pyridine,4,6
9250,c1cn[nH]c1,pyrazole,2,5
9251,c1ncc2c(n1)=NCCN=2,"6,7-dihydropteridine",4,10
9252,c1ncc2c(n1)NCCN2,"5,6,7,8-tetrahydropteridine",4,10
